[0.816s] DEBUG:colcon:Command line arguments: ['/usr/bin/colcon', 'build']
[0.817s] DEBUG:colcon:Parsed command line arguments: Namespace(allow_overriding=[], ament_cmake_args=None, base_paths=['.'], build_base='build', catkin_cmake_args=None, catkin_skip_building_tests=False, cmake_args=None, cmake_clean_cache=False, cmake_clean_first=False, cmake_force_configure=False, cmake_target=None, cmake_target_skip_unavailable=False, continue_on_error=False, event_handlers=None, executor='parallel', ignore_user_meta=False, install_base='install', log_base=None, log_level=None, main=<bound method BuildVerb.main of <colcon_core.verb.build.BuildVerb object at 0xffffb6dc1250>>, merge_install=False, metas=['./colcon.meta'], packages_above=None, packages_above_and_dependencies=None, packages_above_depth=None, packages_end=None, packages_ignore=None, packages_ignore_regex=None, packages_select=None, packages_select_build_failed=False, packages_select_by_dep=None, packages_select_regex=None, packages_select_test_failures=False, packages_skip=None, packages_skip_build_finished=False, packages_skip_by_dep=None, packages_skip_regex=None, packages_skip_test_passed=False, packages_skip_up_to=None, packages_start=None, packages_up_to=None, packages_up_to_regex=None, parallel_workers=4, paths=None, symlink_install=False, test_result_base=None, verb_extension=<colcon_core.verb.build.BuildVerb object at 0xffffb6dc1250>, verb_name='build', verb_parser=<colcon_defaults.argument_parser.defaults.DefaultArgumentsDecorator object at 0xffffb6d5cca0>)
[1.545s] Level 1:colcon.colcon_core.package_discovery:discover_packages(colcon_meta) check parameters
[1.546s] Level 1:colcon.colcon_core.package_discovery:discover_packages(recursive) check parameters
[1.546s] Level 1:colcon.colcon_core.package_discovery:discover_packages(ignore) check parameters
[1.546s] Level 1:colcon.colcon_core.package_discovery:discover_packages(path) check parameters
[1.546s] Level 1:colcon.colcon_core.package_discovery:discover_packages(colcon_meta) discover
[1.546s] Level 1:colcon.colcon_core.package_discovery:discover_packages(recursive) discover
[1.547s] INFO:colcon.colcon_core.package_discovery:Crawling recursively for packages in '/home/cav330/f1tenth_ws'
[1.547s] Level 1:colcon.colcon_core.package_identification:_identify(.) by extensions ['ignore', 'ignore_ament_install']
[1.548s] Level 1:colcon.colcon_core.package_identification:_identify(.) by extension 'ignore'
[1.548s] Level 1:colcon.colcon_core.package_identification:_identify(.) by extension 'ignore_ament_install'
[1.548s] Level 1:colcon.colcon_core.package_identification:_identify(.) by extensions ['colcon_pkg']
[1.549s] Level 1:colcon.colcon_core.package_identification:_identify(.) by extension 'colcon_pkg'
[1.549s] Level 1:colcon.colcon_core.package_identification:_identify(.) by extensions ['colcon_meta']
[1.549s] Level 1:colcon.colcon_core.package_identification:_identify(.) by extension 'colcon_meta'
[1.549s] Level 1:colcon.colcon_core.package_identification:_identify(.) by extensions ['ros']
[1.549s] Level 1:colcon.colcon_core.package_identification:_identify(.) by extension 'ros'
[1.592s] Level 1:colcon.colcon_core.package_identification:_identify(.) by extensions ['cmake', 'python']
[1.593s] Level 1:colcon.colcon_core.package_identification:_identify(.) by extension 'cmake'
[1.593s] Level 1:colcon.colcon_core.package_identification:_identify(.) by extension 'python'
[1.593s] Level 1:colcon.colcon_core.package_identification:_identify(.) by extensions ['python_setup_py']
[1.593s] Level 1:colcon.colcon_core.package_identification:_identify(.) by extension 'python_setup_py'
[1.594s] Level 1:colcon.colcon_core.package_identification:_identify(build) by extensions ['ignore', 'ignore_ament_install']
[1.594s] Level 1:colcon.colcon_core.package_identification:_identify(build) by extension 'ignore'
[1.595s] Level 1:colcon.colcon_core.package_identification:_identify(build) ignored
[1.595s] Level 1:colcon.colcon_core.package_identification:_identify(install) by extensions ['ignore', 'ignore_ament_install']
[1.596s] Level 1:colcon.colcon_core.package_identification:_identify(install) by extension 'ignore'
[1.596s] Level 1:colcon.colcon_core.package_identification:_identify(install) ignored
[1.596s] Level 1:colcon.colcon_core.package_identification:_identify(log) by extensions ['ignore', 'ignore_ament_install']
[1.597s] Level 1:colcon.colcon_core.package_identification:_identify(log) by extension 'ignore'
[1.597s] Level 1:colcon.colcon_core.package_identification:_identify(log) ignored
[1.597s] Level 1:colcon.colcon_core.package_identification:_identify(src) by extensions ['ignore', 'ignore_ament_install']
[1.597s] Level 1:colcon.colcon_core.package_identification:_identify(src) by extension 'ignore'
[1.598s] Level 1:colcon.colcon_core.package_identification:_identify(src) by extension 'ignore_ament_install'
[1.598s] Level 1:colcon.colcon_core.package_identification:_identify(src) by extensions ['colcon_pkg']
[1.598s] Level 1:colcon.colcon_core.package_identification:_identify(src) by extension 'colcon_pkg'
[1.598s] Level 1:colcon.colcon_core.package_identification:_identify(src) by extensions ['colcon_meta']
[1.598s] Level 1:colcon.colcon_core.package_identification:_identify(src) by extension 'colcon_meta'
[1.599s] Level 1:colcon.colcon_core.package_identification:_identify(src) by extensions ['ros']
[1.599s] Level 1:colcon.colcon_core.package_identification:_identify(src) by extension 'ros'
[1.599s] Level 1:colcon.colcon_core.package_identification:_identify(src) by extensions ['cmake', 'python']
[1.599s] Level 1:colcon.colcon_core.package_identification:_identify(src) by extension 'cmake'
[1.599s] Level 1:colcon.colcon_core.package_identification:_identify(src) by extension 'python'
[1.600s] Level 1:colcon.colcon_core.package_identification:_identify(src) by extensions ['python_setup_py']
[1.600s] Level 1:colcon.colcon_core.package_identification:_identify(src) by extension 'python_setup_py'
[1.600s] Level 1:colcon.colcon_core.package_identification:_identify(src/f1tenth_gym_ros) by extensions ['ignore', 'ignore_ament_install']
[1.600s] Level 1:colcon.colcon_core.package_identification:_identify(src/f1tenth_gym_ros) by extension 'ignore'
[1.601s] Level 1:colcon.colcon_core.package_identification:_identify(src/f1tenth_gym_ros) by extension 'ignore_ament_install'
[1.601s] Level 1:colcon.colcon_core.package_identification:_identify(src/f1tenth_gym_ros) by extensions ['colcon_pkg']
[1.601s] Level 1:colcon.colcon_core.package_identification:_identify(src/f1tenth_gym_ros) by extension 'colcon_pkg'
[1.601s] Level 1:colcon.colcon_core.package_identification:_identify(src/f1tenth_gym_ros) by extensions ['colcon_meta']
[1.601s] Level 1:colcon.colcon_core.package_identification:_identify(src/f1tenth_gym_ros) by extension 'colcon_meta'
[1.601s] Level 1:colcon.colcon_core.package_identification:_identify(src/f1tenth_gym_ros) by extensions ['ros']
[1.602s] Level 1:colcon.colcon_core.package_identification:_identify(src/f1tenth_gym_ros) by extension 'ros'
[1.611s] DEBUG:colcon.colcon_core.package_identification:Package 'src/f1tenth_gym_ros' with type 'ros.ament_python' and name 'f1tenth_gym_ros'
[1.612s] Level 1:colcon.colcon_core.package_identification:_identify(src/f1tenth_system) by extensions ['ignore', 'ignore_ament_install']
[1.612s] Level 1:colcon.colcon_core.package_identification:_identify(src/f1tenth_system) by extension 'ignore'
[1.613s] Level 1:colcon.colcon_core.package_identification:_identify(src/f1tenth_system) by extension 'ignore_ament_install'
[1.613s] Level 1:colcon.colcon_core.package_identification:_identify(src/f1tenth_system) by extensions ['colcon_pkg']
[1.613s] Level 1:colcon.colcon_core.package_identification:_identify(src/f1tenth_system) by extension 'colcon_pkg'
[1.613s] Level 1:colcon.colcon_core.package_identification:_identify(src/f1tenth_system) by extensions ['colcon_meta']
[1.613s] Level 1:colcon.colcon_core.package_identification:_identify(src/f1tenth_system) by extension 'colcon_meta'
[1.613s] Level 1:colcon.colcon_core.package_identification:_identify(src/f1tenth_system) by extensions ['ros']
[1.614s] Level 1:colcon.colcon_core.package_identification:_identify(src/f1tenth_system) by extension 'ros'
[1.614s] Level 1:colcon.colcon_core.package_identification:_identify(src/f1tenth_system) by extensions ['cmake', 'python']
[1.614s] Level 1:colcon.colcon_core.package_identification:_identify(src/f1tenth_system) by extension 'cmake'
[1.614s] Level 1:colcon.colcon_core.package_identification:_identify(src/f1tenth_system) by extension 'python'
[1.614s] Level 1:colcon.colcon_core.package_identification:_identify(src/f1tenth_system) by extensions ['python_setup_py']
[1.615s] Level 1:colcon.colcon_core.package_identification:_identify(src/f1tenth_system) by extension 'python_setup_py'
[1.615s] Level 1:colcon.colcon_core.package_identification:_identify(src/f1tenth_system/ackermann_mux) by extensions ['ignore', 'ignore_ament_install']
[1.615s] Level 1:colcon.colcon_core.package_identification:_identify(src/f1tenth_system/ackermann_mux) by extension 'ignore'
[1.616s] Level 1:colcon.colcon_core.package_identification:_identify(src/f1tenth_system/ackermann_mux) by extension 'ignore_ament_install'
[1.616s] Level 1:colcon.colcon_core.package_identification:_identify(src/f1tenth_system/ackermann_mux) by extensions ['colcon_pkg']
[1.616s] Level 1:colcon.colcon_core.package_identification:_identify(src/f1tenth_system/ackermann_mux) by extension 'colcon_pkg'
[1.616s] Level 1:colcon.colcon_core.package_identification:_identify(src/f1tenth_system/ackermann_mux) by extensions ['colcon_meta']
[1.616s] Level 1:colcon.colcon_core.package_identification:_identify(src/f1tenth_system/ackermann_mux) by extension 'colcon_meta'
[1.616s] Level 1:colcon.colcon_core.package_identification:_identify(src/f1tenth_system/ackermann_mux) by extensions ['ros']
[1.617s] Level 1:colcon.colcon_core.package_identification:_identify(src/f1tenth_system/ackermann_mux) by extension 'ros'
[1.620s] DEBUG:colcon.colcon_core.package_identification:Package 'src/f1tenth_system/ackermann_mux' with type 'ros.ament_cmake' and name 'ackermann_mux'
[1.620s] Level 1:colcon.colcon_core.package_identification:_identify(src/f1tenth_system/f1tenth_stack) by extensions ['ignore', 'ignore_ament_install']
[1.621s] Level 1:colcon.colcon_core.package_identification:_identify(src/f1tenth_system/f1tenth_stack) by extension 'ignore'
[1.621s] Level 1:colcon.colcon_core.package_identification:_identify(src/f1tenth_system/f1tenth_stack) by extension 'ignore_ament_install'
[1.621s] Level 1:colcon.colcon_core.package_identification:_identify(src/f1tenth_system/f1tenth_stack) by extensions ['colcon_pkg']
[1.621s] Level 1:colcon.colcon_core.package_identification:_identify(src/f1tenth_system/f1tenth_stack) by extension 'colcon_pkg'
[1.621s] Level 1:colcon.colcon_core.package_identification:_identify(src/f1tenth_system/f1tenth_stack) by extensions ['colcon_meta']
[1.622s] Level 1:colcon.colcon_core.package_identification:_identify(src/f1tenth_system/f1tenth_stack) by extension 'colcon_meta'
[1.622s] Level 1:colcon.colcon_core.package_identification:_identify(src/f1tenth_system/f1tenth_stack) by extensions ['ros']
[1.622s] Level 1:colcon.colcon_core.package_identification:_identify(src/f1tenth_system/f1tenth_stack) by extension 'ros'
[1.626s] DEBUG:colcon.colcon_core.package_identification:Package 'src/f1tenth_system/f1tenth_stack' with type 'ros.ament_python' and name 'f1tenth_stack'
[1.626s] Level 1:colcon.colcon_core.package_identification:_identify(src/f1tenth_system/scripts) by extensions ['ignore', 'ignore_ament_install']
[1.626s] Level 1:colcon.colcon_core.package_identification:_identify(src/f1tenth_system/scripts) by extension 'ignore'
[1.627s] Level 1:colcon.colcon_core.package_identification:_identify(src/f1tenth_system/scripts) by extension 'ignore_ament_install'
[1.627s] Level 1:colcon.colcon_core.package_identification:_identify(src/f1tenth_system/scripts) by extensions ['colcon_pkg']
[1.627s] Level 1:colcon.colcon_core.package_identification:_identify(src/f1tenth_system/scripts) by extension 'colcon_pkg'
[1.627s] Level 1:colcon.colcon_core.package_identification:_identify(src/f1tenth_system/scripts) by extensions ['colcon_meta']
[1.627s] Level 1:colcon.colcon_core.package_identification:_identify(src/f1tenth_system/scripts) by extension 'colcon_meta'
[1.628s] Level 1:colcon.colcon_core.package_identification:_identify(src/f1tenth_system/scripts) by extensions ['ros']
[1.628s] Level 1:colcon.colcon_core.package_identification:_identify(src/f1tenth_system/scripts) by extension 'ros'
[1.628s] Level 1:colcon.colcon_core.package_identification:_identify(src/f1tenth_system/scripts) by extensions ['cmake', 'python']
[1.628s] Level 1:colcon.colcon_core.package_identification:_identify(src/f1tenth_system/scripts) by extension 'cmake'
[1.628s] Level 1:colcon.colcon_core.package_identification:_identify(src/f1tenth_system/scripts) by extension 'python'
[1.629s] Level 1:colcon.colcon_core.package_identification:_identify(src/f1tenth_system/scripts) by extensions ['python_setup_py']
[1.629s] Level 1:colcon.colcon_core.package_identification:_identify(src/f1tenth_system/scripts) by extension 'python_setup_py'
[1.629s] Level 1:colcon.colcon_core.package_identification:_identify(src/f1tenth_system/teleop_tools) by extensions ['ignore', 'ignore_ament_install']
[1.629s] Level 1:colcon.colcon_core.package_identification:_identify(src/f1tenth_system/teleop_tools) by extension 'ignore'
[1.630s] Level 1:colcon.colcon_core.package_identification:_identify(src/f1tenth_system/teleop_tools) by extension 'ignore_ament_install'
[1.630s] Level 1:colcon.colcon_core.package_identification:_identify(src/f1tenth_system/teleop_tools) by extensions ['colcon_pkg']
[1.630s] Level 1:colcon.colcon_core.package_identification:_identify(src/f1tenth_system/teleop_tools) by extension 'colcon_pkg'
[1.630s] Level 1:colcon.colcon_core.package_identification:_identify(src/f1tenth_system/teleop_tools) by extensions ['colcon_meta']
[1.630s] Level 1:colcon.colcon_core.package_identification:_identify(src/f1tenth_system/teleop_tools) by extension 'colcon_meta'
[1.630s] Level 1:colcon.colcon_core.package_identification:_identify(src/f1tenth_system/teleop_tools) by extensions ['ros']
[1.631s] Level 1:colcon.colcon_core.package_identification:_identify(src/f1tenth_system/teleop_tools) by extension 'ros'
[1.631s] Level 1:colcon.colcon_core.package_identification:_identify(src/f1tenth_system/teleop_tools) by extensions ['cmake', 'python']
[1.631s] Level 1:colcon.colcon_core.package_identification:_identify(src/f1tenth_system/teleop_tools) by extension 'cmake'
[1.631s] Level 1:colcon.colcon_core.package_identification:_identify(src/f1tenth_system/teleop_tools) by extension 'python'
[1.632s] Level 1:colcon.colcon_core.package_identification:_identify(src/f1tenth_system/teleop_tools) by extensions ['python_setup_py']
[1.632s] Level 1:colcon.colcon_core.package_identification:_identify(src/f1tenth_system/teleop_tools) by extension 'python_setup_py'
[1.632s] Level 1:colcon.colcon_core.package_identification:_identify(src/f1tenth_system/teleop_tools/joy_teleop) by extensions ['ignore', 'ignore_ament_install']
[1.632s] Level 1:colcon.colcon_core.package_identification:_identify(src/f1tenth_system/teleop_tools/joy_teleop) by extension 'ignore'
[1.633s] Level 1:colcon.colcon_core.package_identification:_identify(src/f1tenth_system/teleop_tools/joy_teleop) by extension 'ignore_ament_install'
[1.633s] Level 1:colcon.colcon_core.package_identification:_identify(src/f1tenth_system/teleop_tools/joy_teleop) by extensions ['colcon_pkg']
[1.633s] Level 1:colcon.colcon_core.package_identification:_identify(src/f1tenth_system/teleop_tools/joy_teleop) by extension 'colcon_pkg'
[1.633s] Level 1:colcon.colcon_core.package_identification:_identify(src/f1tenth_system/teleop_tools/joy_teleop) by extensions ['colcon_meta']
[1.633s] Level 1:colcon.colcon_core.package_identification:_identify(src/f1tenth_system/teleop_tools/joy_teleop) by extension 'colcon_meta'
[1.634s] Level 1:colcon.colcon_core.package_identification:_identify(src/f1tenth_system/teleop_tools/joy_teleop) by extensions ['ros']
[1.634s] Level 1:colcon.colcon_core.package_identification:_identify(src/f1tenth_system/teleop_tools/joy_teleop) by extension 'ros'
[1.636s] DEBUG:colcon.colcon_core.package_identification:Package 'src/f1tenth_system/teleop_tools/joy_teleop' with type 'ros.ament_python' and name 'joy_teleop'
[1.637s] Level 1:colcon.colcon_core.package_identification:_identify(src/f1tenth_system/teleop_tools/key_teleop) by extensions ['ignore', 'ignore_ament_install']
[1.637s] Level 1:colcon.colcon_core.package_identification:_identify(src/f1tenth_system/teleop_tools/key_teleop) by extension 'ignore'
[1.637s] Level 1:colcon.colcon_core.package_identification:_identify(src/f1tenth_system/teleop_tools/key_teleop) by extension 'ignore_ament_install'
[1.638s] Level 1:colcon.colcon_core.package_identification:_identify(src/f1tenth_system/teleop_tools/key_teleop) by extensions ['colcon_pkg']
[1.638s] Level 1:colcon.colcon_core.package_identification:_identify(src/f1tenth_system/teleop_tools/key_teleop) by extension 'colcon_pkg'
[1.638s] Level 1:colcon.colcon_core.package_identification:_identify(src/f1tenth_system/teleop_tools/key_teleop) by extensions ['colcon_meta']
[1.638s] Level 1:colcon.colcon_core.package_identification:_identify(src/f1tenth_system/teleop_tools/key_teleop) by extension 'colcon_meta'
[1.638s] Level 1:colcon.colcon_core.package_identification:_identify(src/f1tenth_system/teleop_tools/key_teleop) by extensions ['ros']
[1.638s] Level 1:colcon.colcon_core.package_identification:_identify(src/f1tenth_system/teleop_tools/key_teleop) by extension 'ros'
[1.641s] DEBUG:colcon.colcon_core.package_identification:Package 'src/f1tenth_system/teleop_tools/key_teleop' with type 'ros.ament_python' and name 'key_teleop'
[1.641s] Level 1:colcon.colcon_core.package_identification:_identify(src/f1tenth_system/teleop_tools/mouse_teleop) by extensions ['ignore', 'ignore_ament_install']
[1.641s] Level 1:colcon.colcon_core.package_identification:_identify(src/f1tenth_system/teleop_tools/mouse_teleop) by extension 'ignore'
[1.642s] Level 1:colcon.colcon_core.package_identification:_identify(src/f1tenth_system/teleop_tools/mouse_teleop) by extension 'ignore_ament_install'
[1.642s] Level 1:colcon.colcon_core.package_identification:_identify(src/f1tenth_system/teleop_tools/mouse_teleop) by extensions ['colcon_pkg']
[1.642s] Level 1:colcon.colcon_core.package_identification:_identify(src/f1tenth_system/teleop_tools/mouse_teleop) by extension 'colcon_pkg'
[1.642s] Level 1:colcon.colcon_core.package_identification:_identify(src/f1tenth_system/teleop_tools/mouse_teleop) by extensions ['colcon_meta']
[1.642s] Level 1:colcon.colcon_core.package_identification:_identify(src/f1tenth_system/teleop_tools/mouse_teleop) by extension 'colcon_meta'
[1.643s] Level 1:colcon.colcon_core.package_identification:_identify(src/f1tenth_system/teleop_tools/mouse_teleop) by extensions ['ros']
[1.643s] Level 1:colcon.colcon_core.package_identification:_identify(src/f1tenth_system/teleop_tools/mouse_teleop) by extension 'ros'
[1.645s] DEBUG:colcon.colcon_core.package_identification:Package 'src/f1tenth_system/teleop_tools/mouse_teleop' with type 'ros.ament_python' and name 'mouse_teleop'
[1.645s] Level 1:colcon.colcon_core.package_identification:_identify(src/f1tenth_system/teleop_tools/teleop_tools) by extensions ['ignore', 'ignore_ament_install']
[1.645s] Level 1:colcon.colcon_core.package_identification:_identify(src/f1tenth_system/teleop_tools/teleop_tools) by extension 'ignore'
[1.645s] Level 1:colcon.colcon_core.package_identification:_identify(src/f1tenth_system/teleop_tools/teleop_tools) by extension 'ignore_ament_install'
[1.646s] Level 1:colcon.colcon_core.package_identification:_identify(src/f1tenth_system/teleop_tools/teleop_tools) by extensions ['colcon_pkg']
[1.646s] Level 1:colcon.colcon_core.package_identification:_identify(src/f1tenth_system/teleop_tools/teleop_tools) by extension 'colcon_pkg'
[1.646s] Level 1:colcon.colcon_core.package_identification:_identify(src/f1tenth_system/teleop_tools/teleop_tools) by extensions ['colcon_meta']
[1.646s] Level 1:colcon.colcon_core.package_identification:_identify(src/f1tenth_system/teleop_tools/teleop_tools) by extension 'colcon_meta'
[1.646s] Level 1:colcon.colcon_core.package_identification:_identify(src/f1tenth_system/teleop_tools/teleop_tools) by extensions ['ros']
[1.647s] Level 1:colcon.colcon_core.package_identification:_identify(src/f1tenth_system/teleop_tools/teleop_tools) by extension 'ros'
[1.648s] DEBUG:colcon.colcon_core.package_identification:Package 'src/f1tenth_system/teleop_tools/teleop_tools' with type 'ros.ament_cmake' and name 'teleop_tools'
[1.649s] Level 1:colcon.colcon_core.package_identification:_identify(src/f1tenth_system/teleop_tools/teleop_tools_msgs) by extensions ['ignore', 'ignore_ament_install']
[1.649s] Level 1:colcon.colcon_core.package_identification:_identify(src/f1tenth_system/teleop_tools/teleop_tools_msgs) by extension 'ignore'
[1.649s] Level 1:colcon.colcon_core.package_identification:_identify(src/f1tenth_system/teleop_tools/teleop_tools_msgs) by extension 'ignore_ament_install'
[1.649s] Level 1:colcon.colcon_core.package_identification:_identify(src/f1tenth_system/teleop_tools/teleop_tools_msgs) by extensions ['colcon_pkg']
[1.649s] Level 1:colcon.colcon_core.package_identification:_identify(src/f1tenth_system/teleop_tools/teleop_tools_msgs) by extension 'colcon_pkg'
[1.650s] Level 1:colcon.colcon_core.package_identification:_identify(src/f1tenth_system/teleop_tools/teleop_tools_msgs) by extensions ['colcon_meta']
[1.650s] Level 1:colcon.colcon_core.package_identification:_identify(src/f1tenth_system/teleop_tools/teleop_tools_msgs) by extension 'colcon_meta'
[1.650s] Level 1:colcon.colcon_core.package_identification:_identify(src/f1tenth_system/teleop_tools/teleop_tools_msgs) by extensions ['ros']
[1.650s] Level 1:colcon.colcon_core.package_identification:_identify(src/f1tenth_system/teleop_tools/teleop_tools_msgs) by extension 'ros'
[1.652s] DEBUG:colcon.colcon_core.package_identification:Package 'src/f1tenth_system/teleop_tools/teleop_tools_msgs' with type 'ros.ament_cmake' and name 'teleop_tools_msgs'
[1.653s] Level 1:colcon.colcon_core.package_identification:_identify(src/f1tenth_system/vesc) by extensions ['ignore', 'ignore_ament_install']
[1.653s] Level 1:colcon.colcon_core.package_identification:_identify(src/f1tenth_system/vesc) by extension 'ignore'
[1.653s] Level 1:colcon.colcon_core.package_identification:_identify(src/f1tenth_system/vesc) by extension 'ignore_ament_install'
[1.653s] Level 1:colcon.colcon_core.package_identification:_identify(src/f1tenth_system/vesc) by extensions ['colcon_pkg']
[1.653s] Level 1:colcon.colcon_core.package_identification:_identify(src/f1tenth_system/vesc) by extension 'colcon_pkg'
[1.654s] Level 1:colcon.colcon_core.package_identification:_identify(src/f1tenth_system/vesc) by extensions ['colcon_meta']
[1.654s] Level 1:colcon.colcon_core.package_identification:_identify(src/f1tenth_system/vesc) by extension 'colcon_meta'
[1.654s] Level 1:colcon.colcon_core.package_identification:_identify(src/f1tenth_system/vesc) by extensions ['ros']
[1.654s] Level 1:colcon.colcon_core.package_identification:_identify(src/f1tenth_system/vesc) by extension 'ros'
[1.654s] Level 1:colcon.colcon_core.package_identification:_identify(src/f1tenth_system/vesc) by extensions ['cmake', 'python']
[1.654s] Level 1:colcon.colcon_core.package_identification:_identify(src/f1tenth_system/vesc) by extension 'cmake'
[1.655s] Level 1:colcon.colcon_core.package_identification:_identify(src/f1tenth_system/vesc) by extension 'python'
[1.655s] Level 1:colcon.colcon_core.package_identification:_identify(src/f1tenth_system/vesc) by extensions ['python_setup_py']
[1.655s] Level 1:colcon.colcon_core.package_identification:_identify(src/f1tenth_system/vesc) by extension 'python_setup_py'
[1.655s] Level 1:colcon.colcon_core.package_identification:_identify(src/f1tenth_system/vesc/vesc) by extensions ['ignore', 'ignore_ament_install']
[1.656s] Level 1:colcon.colcon_core.package_identification:_identify(src/f1tenth_system/vesc/vesc) by extension 'ignore'
[1.656s] Level 1:colcon.colcon_core.package_identification:_identify(src/f1tenth_system/vesc/vesc) by extension 'ignore_ament_install'
[1.656s] Level 1:colcon.colcon_core.package_identification:_identify(src/f1tenth_system/vesc/vesc) by extensions ['colcon_pkg']
[1.656s] Level 1:colcon.colcon_core.package_identification:_identify(src/f1tenth_system/vesc/vesc) by extension 'colcon_pkg'
[1.656s] Level 1:colcon.colcon_core.package_identification:_identify(src/f1tenth_system/vesc/vesc) by extensions ['colcon_meta']
[1.657s] Level 1:colcon.colcon_core.package_identification:_identify(src/f1tenth_system/vesc/vesc) by extension 'colcon_meta'
[1.657s] Level 1:colcon.colcon_core.package_identification:_identify(src/f1tenth_system/vesc/vesc) by extensions ['ros']
[1.657s] Level 1:colcon.colcon_core.package_identification:_identify(src/f1tenth_system/vesc/vesc) by extension 'ros'
[1.659s] DEBUG:colcon.colcon_core.package_identification:Package 'src/f1tenth_system/vesc/vesc' with type 'ros.ament_cmake' and name 'vesc'
[1.660s] Level 1:colcon.colcon_core.package_identification:_identify(src/f1tenth_system/vesc/vesc_ackermann) by extensions ['ignore', 'ignore_ament_install']
[1.660s] Level 1:colcon.colcon_core.package_identification:_identify(src/f1tenth_system/vesc/vesc_ackermann) by extension 'ignore'
[1.660s] Level 1:colcon.colcon_core.package_identification:_identify(src/f1tenth_system/vesc/vesc_ackermann) by extension 'ignore_ament_install'
[1.660s] Level 1:colcon.colcon_core.package_identification:_identify(src/f1tenth_system/vesc/vesc_ackermann) by extensions ['colcon_pkg']
[1.660s] Level 1:colcon.colcon_core.package_identification:_identify(src/f1tenth_system/vesc/vesc_ackermann) by extension 'colcon_pkg'
[1.660s] Level 1:colcon.colcon_core.package_identification:_identify(src/f1tenth_system/vesc/vesc_ackermann) by extensions ['colcon_meta']
[1.661s] Level 1:colcon.colcon_core.package_identification:_identify(src/f1tenth_system/vesc/vesc_ackermann) by extension 'colcon_meta'
[1.661s] Level 1:colcon.colcon_core.package_identification:_identify(src/f1tenth_system/vesc/vesc_ackermann) by extensions ['ros']
[1.661s] Level 1:colcon.colcon_core.package_identification:_identify(src/f1tenth_system/vesc/vesc_ackermann) by extension 'ros'
[1.665s] DEBUG:colcon.colcon_core.package_identification:Package 'src/f1tenth_system/vesc/vesc_ackermann' with type 'ros.ament_cmake' and name 'vesc_ackermann'
[1.666s] Level 1:colcon.colcon_core.package_identification:_identify(src/f1tenth_system/vesc/vesc_driver) by extensions ['ignore', 'ignore_ament_install']
[1.666s] Level 1:colcon.colcon_core.package_identification:_identify(src/f1tenth_system/vesc/vesc_driver) by extension 'ignore'
[1.666s] Level 1:colcon.colcon_core.package_identification:_identify(src/f1tenth_system/vesc/vesc_driver) by extension 'ignore_ament_install'
[1.667s] Level 1:colcon.colcon_core.package_identification:_identify(src/f1tenth_system/vesc/vesc_driver) by extensions ['colcon_pkg']
[1.667s] Level 1:colcon.colcon_core.package_identification:_identify(src/f1tenth_system/vesc/vesc_driver) by extension 'colcon_pkg'
[1.667s] Level 1:colcon.colcon_core.package_identification:_identify(src/f1tenth_system/vesc/vesc_driver) by extensions ['colcon_meta']
[1.667s] Level 1:colcon.colcon_core.package_identification:_identify(src/f1tenth_system/vesc/vesc_driver) by extension 'colcon_meta'
[1.667s] Level 1:colcon.colcon_core.package_identification:_identify(src/f1tenth_system/vesc/vesc_driver) by extensions ['ros']
[1.667s] Level 1:colcon.colcon_core.package_identification:_identify(src/f1tenth_system/vesc/vesc_driver) by extension 'ros'
[1.671s] DEBUG:colcon.colcon_core.package_identification:Package 'src/f1tenth_system/vesc/vesc_driver' with type 'ros.ament_cmake' and name 'vesc_driver'
[1.672s] Level 1:colcon.colcon_core.package_identification:_identify(src/f1tenth_system/vesc/vesc_msgs) by extensions ['ignore', 'ignore_ament_install']
[1.672s] Level 1:colcon.colcon_core.package_identification:_identify(src/f1tenth_system/vesc/vesc_msgs) by extension 'ignore'
[1.672s] Level 1:colcon.colcon_core.package_identification:_identify(src/f1tenth_system/vesc/vesc_msgs) by extension 'ignore_ament_install'
[1.673s] Level 1:colcon.colcon_core.package_identification:_identify(src/f1tenth_system/vesc/vesc_msgs) by extensions ['colcon_pkg']
[1.673s] Level 1:colcon.colcon_core.package_identification:_identify(src/f1tenth_system/vesc/vesc_msgs) by extension 'colcon_pkg'
[1.673s] Level 1:colcon.colcon_core.package_identification:_identify(src/f1tenth_system/vesc/vesc_msgs) by extensions ['colcon_meta']
[1.673s] Level 1:colcon.colcon_core.package_identification:_identify(src/f1tenth_system/vesc/vesc_msgs) by extension 'colcon_meta'
[1.673s] Level 1:colcon.colcon_core.package_identification:_identify(src/f1tenth_system/vesc/vesc_msgs) by extensions ['ros']
[1.674s] Level 1:colcon.colcon_core.package_identification:_identify(src/f1tenth_system/vesc/vesc_msgs) by extension 'ros'
[1.676s] DEBUG:colcon.colcon_core.package_identification:Package 'src/f1tenth_system/vesc/vesc_msgs' with type 'ros.ament_cmake' and name 'vesc_msgs'
[1.677s] Level 1:colcon.colcon_core.package_identification:_identify(src/safety_node) by extensions ['ignore', 'ignore_ament_install']
[1.677s] Level 1:colcon.colcon_core.package_identification:_identify(src/safety_node) by extension 'ignore'
[1.677s] Level 1:colcon.colcon_core.package_identification:_identify(src/safety_node) by extension 'ignore_ament_install'
[1.678s] Level 1:colcon.colcon_core.package_identification:_identify(src/safety_node) by extensions ['colcon_pkg']
[1.678s] Level 1:colcon.colcon_core.package_identification:_identify(src/safety_node) by extension 'colcon_pkg'
[1.678s] Level 1:colcon.colcon_core.package_identification:_identify(src/safety_node) by extensions ['colcon_meta']
[1.678s] Level 1:colcon.colcon_core.package_identification:_identify(src/safety_node) by extension 'colcon_meta'
[1.678s] Level 1:colcon.colcon_core.package_identification:_identify(src/safety_node) by extensions ['ros']
[1.678s] Level 1:colcon.colcon_core.package_identification:_identify(src/safety_node) by extension 'ros'
[1.681s] DEBUG:colcon.colcon_core.package_identification:Package 'src/safety_node' with type 'ros.ament_cmake' and name 'safety_node'
[1.681s] Level 1:colcon.colcon_core.package_identification:_identify(src/wall_follow) by extensions ['ignore', 'ignore_ament_install']
[1.682s] Level 1:colcon.colcon_core.package_identification:_identify(src/wall_follow) by extension 'ignore'
[1.682s] Level 1:colcon.colcon_core.package_identification:_identify(src/wall_follow) by extension 'ignore_ament_install'
[1.682s] Level 1:colcon.colcon_core.package_identification:_identify(src/wall_follow) by extensions ['colcon_pkg']
[1.682s] Level 1:colcon.colcon_core.package_identification:_identify(src/wall_follow) by extension 'colcon_pkg'
[1.682s] Level 1:colcon.colcon_core.package_identification:_identify(src/wall_follow) by extensions ['colcon_meta']
[1.683s] Level 1:colcon.colcon_core.package_identification:_identify(src/wall_follow) by extension 'colcon_meta'
[1.683s] Level 1:colcon.colcon_core.package_identification:_identify(src/wall_follow) by extensions ['ros']
[1.683s] Level 1:colcon.colcon_core.package_identification:_identify(src/wall_follow) by extension 'ros'
[1.685s] DEBUG:colcon.colcon_core.package_identification:Package 'src/wall_follow' with type 'ros.ament_cmake' and name 'wall_follow'
[1.685s] Level 1:colcon.colcon_core.package_discovery:discover_packages(recursive) using defaults
[1.686s] Level 1:colcon.colcon_core.package_discovery:discover_packages(ignore) discover
[1.686s] Level 1:colcon.colcon_core.package_discovery:discover_packages(ignore) using defaults
[1.686s] Level 1:colcon.colcon_core.package_discovery:discover_packages(path) discover
[1.686s] Level 1:colcon.colcon_core.package_discovery:discover_packages(path) using defaults
[1.793s] Level 1:colcon.colcon_core.package_discovery:discover_packages(prefix_path) check parameters
[1.794s] Level 1:colcon.colcon_core.package_discovery:discover_packages(prefix_path) discover
[1.805s] DEBUG:colcon.colcon_installed_package_information.package_discovery:Found 14 installed packages in /home/cav330/f1tenth_ws/install
[1.811s] DEBUG:colcon.colcon_installed_package_information.package_discovery:Found 272 installed packages in /opt/ros/foxy
[1.818s] Level 1:colcon.colcon_core.package_discovery:discover_packages(prefix_path) using defaults
[2.063s] Level 5:colcon.colcon_core.verb:set package 'ackermann_mux' build argument 'cmake_args' from command line to 'None'
[2.064s] Level 5:colcon.colcon_core.verb:set package 'ackermann_mux' build argument 'cmake_target' from command line to 'None'
[2.064s] Level 5:colcon.colcon_core.verb:set package 'ackermann_mux' build argument 'cmake_target_skip_unavailable' from command line to 'False'
[2.064s] Level 5:colcon.colcon_core.verb:set package 'ackermann_mux' build argument 'cmake_clean_cache' from command line to 'False'
[2.065s] Level 5:colcon.colcon_core.verb:set package 'ackermann_mux' build argument 'cmake_clean_first' from command line to 'False'
[2.065s] Level 5:colcon.colcon_core.verb:set package 'ackermann_mux' build argument 'cmake_force_configure' from command line to 'False'
[2.065s] Level 5:colcon.colcon_core.verb:set package 'ackermann_mux' build argument 'ament_cmake_args' from command line to 'None'
[2.065s] Level 5:colcon.colcon_core.verb:set package 'ackermann_mux' build argument 'catkin_cmake_args' from command line to 'None'
[2.065s] Level 5:colcon.colcon_core.verb:set package 'ackermann_mux' build argument 'catkin_skip_building_tests' from command line to 'False'
[2.065s] DEBUG:colcon.colcon_core.verb:Building package 'ackermann_mux' with the following arguments: {'ament_cmake_args': None, 'build_base': '/home/cav330/f1tenth_ws/build/ackermann_mux', 'catkin_cmake_args': None, 'catkin_skip_building_tests': False, 'cmake_args': None, 'cmake_clean_cache': False, 'cmake_clean_first': False, 'cmake_force_configure': False, 'cmake_target': None, 'cmake_target_skip_unavailable': False, 'install_base': '/home/cav330/f1tenth_ws/install/ackermann_mux', 'merge_install': False, 'path': '/home/cav330/f1tenth_ws/src/f1tenth_system/ackermann_mux', 'symlink_install': False, 'test_result_base': None}
[2.067s] Level 5:colcon.colcon_core.verb:set package 'f1tenth_gym_ros' build argument 'cmake_args' from command line to 'None'
[2.067s] Level 5:colcon.colcon_core.verb:set package 'f1tenth_gym_ros' build argument 'cmake_target' from command line to 'None'
[2.067s] Level 5:colcon.colcon_core.verb:set package 'f1tenth_gym_ros' build argument 'cmake_target_skip_unavailable' from command line to 'False'
[2.067s] Level 5:colcon.colcon_core.verb:set package 'f1tenth_gym_ros' build argument 'cmake_clean_cache' from command line to 'False'
[2.067s] Level 5:colcon.colcon_core.verb:set package 'f1tenth_gym_ros' build argument 'cmake_clean_first' from command line to 'False'
[2.067s] Level 5:colcon.colcon_core.verb:set package 'f1tenth_gym_ros' build argument 'cmake_force_configure' from command line to 'False'
[2.067s] Level 5:colcon.colcon_core.verb:set package 'f1tenth_gym_ros' build argument 'ament_cmake_args' from command line to 'None'
[2.068s] Level 5:colcon.colcon_core.verb:set package 'f1tenth_gym_ros' build argument 'catkin_cmake_args' from command line to 'None'
[2.068s] Level 5:colcon.colcon_core.verb:set package 'f1tenth_gym_ros' build argument 'catkin_skip_building_tests' from command line to 'False'
[2.068s] DEBUG:colcon.colcon_core.verb:Building package 'f1tenth_gym_ros' with the following arguments: {'ament_cmake_args': None, 'build_base': '/home/cav330/f1tenth_ws/build/f1tenth_gym_ros', 'catkin_cmake_args': None, 'catkin_skip_building_tests': False, 'cmake_args': None, 'cmake_clean_cache': False, 'cmake_clean_first': False, 'cmake_force_configure': False, 'cmake_target': None, 'cmake_target_skip_unavailable': False, 'install_base': '/home/cav330/f1tenth_ws/install/f1tenth_gym_ros', 'merge_install': False, 'path': '/home/cav330/f1tenth_ws/src/f1tenth_gym_ros', 'symlink_install': False, 'test_result_base': None}
[2.069s] Level 5:colcon.colcon_core.verb:set package 'key_teleop' build argument 'cmake_args' from command line to 'None'
[2.069s] Level 5:colcon.colcon_core.verb:set package 'key_teleop' build argument 'cmake_target' from command line to 'None'
[2.069s] Level 5:colcon.colcon_core.verb:set package 'key_teleop' build argument 'cmake_target_skip_unavailable' from command line to 'False'
[2.070s] Level 5:colcon.colcon_core.verb:set package 'key_teleop' build argument 'cmake_clean_cache' from command line to 'False'
[2.070s] Level 5:colcon.colcon_core.verb:set package 'key_teleop' build argument 'cmake_clean_first' from command line to 'False'
[2.070s] Level 5:colcon.colcon_core.verb:set package 'key_teleop' build argument 'cmake_force_configure' from command line to 'False'
[2.070s] Level 5:colcon.colcon_core.verb:set package 'key_teleop' build argument 'ament_cmake_args' from command line to 'None'
[2.070s] Level 5:colcon.colcon_core.verb:set package 'key_teleop' build argument 'catkin_cmake_args' from command line to 'None'
[2.070s] Level 5:colcon.colcon_core.verb:set package 'key_teleop' build argument 'catkin_skip_building_tests' from command line to 'False'
[2.070s] DEBUG:colcon.colcon_core.verb:Building package 'key_teleop' with the following arguments: {'ament_cmake_args': None, 'build_base': '/home/cav330/f1tenth_ws/build/key_teleop', 'catkin_cmake_args': None, 'catkin_skip_building_tests': False, 'cmake_args': None, 'cmake_clean_cache': False, 'cmake_clean_first': False, 'cmake_force_configure': False, 'cmake_target': None, 'cmake_target_skip_unavailable': False, 'install_base': '/home/cav330/f1tenth_ws/install/key_teleop', 'merge_install': False, 'path': '/home/cav330/f1tenth_ws/src/f1tenth_system/teleop_tools/key_teleop', 'symlink_install': False, 'test_result_base': None}
[2.072s] Level 5:colcon.colcon_core.verb:set package 'mouse_teleop' build argument 'cmake_args' from command line to 'None'
[2.072s] Level 5:colcon.colcon_core.verb:set package 'mouse_teleop' build argument 'cmake_target' from command line to 'None'
[2.072s] Level 5:colcon.colcon_core.verb:set package 'mouse_teleop' build argument 'cmake_target_skip_unavailable' from command line to 'False'
[2.072s] Level 5:colcon.colcon_core.verb:set package 'mouse_teleop' build argument 'cmake_clean_cache' from command line to 'False'
[2.072s] Level 5:colcon.colcon_core.verb:set package 'mouse_teleop' build argument 'cmake_clean_first' from command line to 'False'
[2.072s] Level 5:colcon.colcon_core.verb:set package 'mouse_teleop' build argument 'cmake_force_configure' from command line to 'False'
[2.072s] Level 5:colcon.colcon_core.verb:set package 'mouse_teleop' build argument 'ament_cmake_args' from command line to 'None'
[2.072s] Level 5:colcon.colcon_core.verb:set package 'mouse_teleop' build argument 'catkin_cmake_args' from command line to 'None'
[2.073s] Level 5:colcon.colcon_core.verb:set package 'mouse_teleop' build argument 'catkin_skip_building_tests' from command line to 'False'
[2.073s] DEBUG:colcon.colcon_core.verb:Building package 'mouse_teleop' with the following arguments: {'ament_cmake_args': None, 'build_base': '/home/cav330/f1tenth_ws/build/mouse_teleop', 'catkin_cmake_args': None, 'catkin_skip_building_tests': False, 'cmake_args': None, 'cmake_clean_cache': False, 'cmake_clean_first': False, 'cmake_force_configure': False, 'cmake_target': None, 'cmake_target_skip_unavailable': False, 'install_base': '/home/cav330/f1tenth_ws/install/mouse_teleop', 'merge_install': False, 'path': '/home/cav330/f1tenth_ws/src/f1tenth_system/teleop_tools/mouse_teleop', 'symlink_install': False, 'test_result_base': None}
[2.074s] Level 5:colcon.colcon_core.verb:set package 'safety_node' build argument 'cmake_args' from command line to 'None'
[2.074s] Level 5:colcon.colcon_core.verb:set package 'safety_node' build argument 'cmake_target' from command line to 'None'
[2.074s] Level 5:colcon.colcon_core.verb:set package 'safety_node' build argument 'cmake_target_skip_unavailable' from command line to 'False'
[2.074s] Level 5:colcon.colcon_core.verb:set package 'safety_node' build argument 'cmake_clean_cache' from command line to 'False'
[2.074s] Level 5:colcon.colcon_core.verb:set package 'safety_node' build argument 'cmake_clean_first' from command line to 'False'
[2.075s] Level 5:colcon.colcon_core.verb:set package 'safety_node' build argument 'cmake_force_configure' from command line to 'False'
[2.075s] Level 5:colcon.colcon_core.verb:set package 'safety_node' build argument 'ament_cmake_args' from command line to 'None'
[2.075s] Level 5:colcon.colcon_core.verb:set package 'safety_node' build argument 'catkin_cmake_args' from command line to 'None'
[2.075s] Level 5:colcon.colcon_core.verb:set package 'safety_node' build argument 'catkin_skip_building_tests' from command line to 'False'
[2.075s] DEBUG:colcon.colcon_core.verb:Building package 'safety_node' with the following arguments: {'ament_cmake_args': None, 'build_base': '/home/cav330/f1tenth_ws/build/safety_node', 'catkin_cmake_args': None, 'catkin_skip_building_tests': False, 'cmake_args': None, 'cmake_clean_cache': False, 'cmake_clean_first': False, 'cmake_force_configure': False, 'cmake_target': None, 'cmake_target_skip_unavailable': False, 'install_base': '/home/cav330/f1tenth_ws/install/safety_node', 'merge_install': False, 'path': '/home/cav330/f1tenth_ws/src/safety_node', 'symlink_install': False, 'test_result_base': None}
[2.076s] Level 5:colcon.colcon_core.verb:set package 'teleop_tools_msgs' build argument 'cmake_args' from command line to 'None'
[2.077s] Level 5:colcon.colcon_core.verb:set package 'teleop_tools_msgs' build argument 'cmake_target' from command line to 'None'
[2.077s] Level 5:colcon.colcon_core.verb:set package 'teleop_tools_msgs' build argument 'cmake_target_skip_unavailable' from command line to 'False'
[2.077s] Level 5:colcon.colcon_core.verb:set package 'teleop_tools_msgs' build argument 'cmake_clean_cache' from command line to 'False'
[2.077s] Level 5:colcon.colcon_core.verb:set package 'teleop_tools_msgs' build argument 'cmake_clean_first' from command line to 'False'
[2.077s] Level 5:colcon.colcon_core.verb:set package 'teleop_tools_msgs' build argument 'cmake_force_configure' from command line to 'False'
[2.077s] Level 5:colcon.colcon_core.verb:set package 'teleop_tools_msgs' build argument 'ament_cmake_args' from command line to 'None'
[2.077s] Level 5:colcon.colcon_core.verb:set package 'teleop_tools_msgs' build argument 'catkin_cmake_args' from command line to 'None'
[2.077s] Level 5:colcon.colcon_core.verb:set package 'teleop_tools_msgs' build argument 'catkin_skip_building_tests' from command line to 'False'
[2.077s] DEBUG:colcon.colcon_core.verb:Building package 'teleop_tools_msgs' with the following arguments: {'ament_cmake_args': None, 'build_base': '/home/cav330/f1tenth_ws/build/teleop_tools_msgs', 'catkin_cmake_args': None, 'catkin_skip_building_tests': False, 'cmake_args': None, 'cmake_clean_cache': False, 'cmake_clean_first': False, 'cmake_force_configure': False, 'cmake_target': None, 'cmake_target_skip_unavailable': False, 'install_base': '/home/cav330/f1tenth_ws/install/teleop_tools_msgs', 'merge_install': False, 'path': '/home/cav330/f1tenth_ws/src/f1tenth_system/teleop_tools/teleop_tools_msgs', 'symlink_install': False, 'test_result_base': None}
[2.079s] Level 5:colcon.colcon_core.verb:set package 'vesc_msgs' build argument 'cmake_args' from command line to 'None'
[2.079s] Level 5:colcon.colcon_core.verb:set package 'vesc_msgs' build argument 'cmake_target' from command line to 'None'
[2.079s] Level 5:colcon.colcon_core.verb:set package 'vesc_msgs' build argument 'cmake_target_skip_unavailable' from command line to 'False'
[2.079s] Level 5:colcon.colcon_core.verb:set package 'vesc_msgs' build argument 'cmake_clean_cache' from command line to 'False'
[2.079s] Level 5:colcon.colcon_core.verb:set package 'vesc_msgs' build argument 'cmake_clean_first' from command line to 'False'
[2.079s] Level 5:colcon.colcon_core.verb:set package 'vesc_msgs' build argument 'cmake_force_configure' from command line to 'False'
[2.079s] Level 5:colcon.colcon_core.verb:set package 'vesc_msgs' build argument 'ament_cmake_args' from command line to 'None'
[2.080s] Level 5:colcon.colcon_core.verb:set package 'vesc_msgs' build argument 'catkin_cmake_args' from command line to 'None'
[2.080s] Level 5:colcon.colcon_core.verb:set package 'vesc_msgs' build argument 'catkin_skip_building_tests' from command line to 'False'
[2.080s] DEBUG:colcon.colcon_core.verb:Building package 'vesc_msgs' with the following arguments: {'ament_cmake_args': None, 'build_base': '/home/cav330/f1tenth_ws/build/vesc_msgs', 'catkin_cmake_args': None, 'catkin_skip_building_tests': False, 'cmake_args': None, 'cmake_clean_cache': False, 'cmake_clean_first': False, 'cmake_force_configure': False, 'cmake_target': None, 'cmake_target_skip_unavailable': False, 'install_base': '/home/cav330/f1tenth_ws/install/vesc_msgs', 'merge_install': False, 'path': '/home/cav330/f1tenth_ws/src/f1tenth_system/vesc/vesc_msgs', 'symlink_install': False, 'test_result_base': None}
[2.081s] Level 5:colcon.colcon_core.verb:set package 'wall_follow' build argument 'cmake_args' from command line to 'None'
[2.081s] Level 5:colcon.colcon_core.verb:set package 'wall_follow' build argument 'cmake_target' from command line to 'None'
[2.081s] Level 5:colcon.colcon_core.verb:set package 'wall_follow' build argument 'cmake_target_skip_unavailable' from command line to 'False'
[2.081s] Level 5:colcon.colcon_core.verb:set package 'wall_follow' build argument 'cmake_clean_cache' from command line to 'False'
[2.082s] Level 5:colcon.colcon_core.verb:set package 'wall_follow' build argument 'cmake_clean_first' from command line to 'False'
[2.082s] Level 5:colcon.colcon_core.verb:set package 'wall_follow' build argument 'cmake_force_configure' from command line to 'False'
[2.082s] Level 5:colcon.colcon_core.verb:set package 'wall_follow' build argument 'ament_cmake_args' from command line to 'None'
[2.082s] Level 5:colcon.colcon_core.verb:set package 'wall_follow' build argument 'catkin_cmake_args' from command line to 'None'
[2.082s] Level 5:colcon.colcon_core.verb:set package 'wall_follow' build argument 'catkin_skip_building_tests' from command line to 'False'
[2.082s] DEBUG:colcon.colcon_core.verb:Building package 'wall_follow' with the following arguments: {'ament_cmake_args': None, 'build_base': '/home/cav330/f1tenth_ws/build/wall_follow', 'catkin_cmake_args': None, 'catkin_skip_building_tests': False, 'cmake_args': None, 'cmake_clean_cache': False, 'cmake_clean_first': False, 'cmake_force_configure': False, 'cmake_target': None, 'cmake_target_skip_unavailable': False, 'install_base': '/home/cav330/f1tenth_ws/install/wall_follow', 'merge_install': False, 'path': '/home/cav330/f1tenth_ws/src/wall_follow', 'symlink_install': False, 'test_result_base': None}
[2.083s] Level 5:colcon.colcon_core.verb:set package 'joy_teleop' build argument 'cmake_args' from command line to 'None'
[2.084s] Level 5:colcon.colcon_core.verb:set package 'joy_teleop' build argument 'cmake_target' from command line to 'None'
[2.084s] Level 5:colcon.colcon_core.verb:set package 'joy_teleop' build argument 'cmake_target_skip_unavailable' from command line to 'False'
[2.084s] Level 5:colcon.colcon_core.verb:set package 'joy_teleop' build argument 'cmake_clean_cache' from command line to 'False'
[2.084s] Level 5:colcon.colcon_core.verb:set package 'joy_teleop' build argument 'cmake_clean_first' from command line to 'False'
[2.084s] Level 5:colcon.colcon_core.verb:set package 'joy_teleop' build argument 'cmake_force_configure' from command line to 'False'
[2.084s] Level 5:colcon.colcon_core.verb:set package 'joy_teleop' build argument 'ament_cmake_args' from command line to 'None'
[2.084s] Level 5:colcon.colcon_core.verb:set package 'joy_teleop' build argument 'catkin_cmake_args' from command line to 'None'
[2.084s] Level 5:colcon.colcon_core.verb:set package 'joy_teleop' build argument 'catkin_skip_building_tests' from command line to 'False'
[2.085s] DEBUG:colcon.colcon_core.verb:Building package 'joy_teleop' with the following arguments: {'ament_cmake_args': None, 'build_base': '/home/cav330/f1tenth_ws/build/joy_teleop', 'catkin_cmake_args': None, 'catkin_skip_building_tests': False, 'cmake_args': None, 'cmake_clean_cache': False, 'cmake_clean_first': False, 'cmake_force_configure': False, 'cmake_target': None, 'cmake_target_skip_unavailable': False, 'install_base': '/home/cav330/f1tenth_ws/install/joy_teleop', 'merge_install': False, 'path': '/home/cav330/f1tenth_ws/src/f1tenth_system/teleop_tools/joy_teleop', 'symlink_install': False, 'test_result_base': None}
[2.086s] Level 5:colcon.colcon_core.verb:set package 'vesc_ackermann' build argument 'cmake_args' from command line to 'None'
[2.086s] Level 5:colcon.colcon_core.verb:set package 'vesc_ackermann' build argument 'cmake_target' from command line to 'None'
[2.086s] Level 5:colcon.colcon_core.verb:set package 'vesc_ackermann' build argument 'cmake_target_skip_unavailable' from command line to 'False'
[2.086s] Level 5:colcon.colcon_core.verb:set package 'vesc_ackermann' build argument 'cmake_clean_cache' from command line to 'False'
[2.086s] Level 5:colcon.colcon_core.verb:set package 'vesc_ackermann' build argument 'cmake_clean_first' from command line to 'False'
[2.086s] Level 5:colcon.colcon_core.verb:set package 'vesc_ackermann' build argument 'cmake_force_configure' from command line to 'False'
[2.087s] Level 5:colcon.colcon_core.verb:set package 'vesc_ackermann' build argument 'ament_cmake_args' from command line to 'None'
[2.087s] Level 5:colcon.colcon_core.verb:set package 'vesc_ackermann' build argument 'catkin_cmake_args' from command line to 'None'
[2.087s] Level 5:colcon.colcon_core.verb:set package 'vesc_ackermann' build argument 'catkin_skip_building_tests' from command line to 'False'
[2.087s] DEBUG:colcon.colcon_core.verb:Building package 'vesc_ackermann' with the following arguments: {'ament_cmake_args': None, 'build_base': '/home/cav330/f1tenth_ws/build/vesc_ackermann', 'catkin_cmake_args': None, 'catkin_skip_building_tests': False, 'cmake_args': None, 'cmake_clean_cache': False, 'cmake_clean_first': False, 'cmake_force_configure': False, 'cmake_target': None, 'cmake_target_skip_unavailable': False, 'install_base': '/home/cav330/f1tenth_ws/install/vesc_ackermann', 'merge_install': False, 'path': '/home/cav330/f1tenth_ws/src/f1tenth_system/vesc/vesc_ackermann', 'symlink_install': False, 'test_result_base': None}
[2.088s] Level 5:colcon.colcon_core.verb:set package 'vesc_driver' build argument 'cmake_args' from command line to 'None'
[2.088s] Level 5:colcon.colcon_core.verb:set package 'vesc_driver' build argument 'cmake_target' from command line to 'None'
[2.088s] Level 5:colcon.colcon_core.verb:set package 'vesc_driver' build argument 'cmake_target_skip_unavailable' from command line to 'False'
[2.089s] Level 5:colcon.colcon_core.verb:set package 'vesc_driver' build argument 'cmake_clean_cache' from command line to 'False'
[2.089s] Level 5:colcon.colcon_core.verb:set package 'vesc_driver' build argument 'cmake_clean_first' from command line to 'False'
[2.089s] Level 5:colcon.colcon_core.verb:set package 'vesc_driver' build argument 'cmake_force_configure' from command line to 'False'
[2.089s] Level 5:colcon.colcon_core.verb:set package 'vesc_driver' build argument 'ament_cmake_args' from command line to 'None'
[2.089s] Level 5:colcon.colcon_core.verb:set package 'vesc_driver' build argument 'catkin_cmake_args' from command line to 'None'
[2.089s] Level 5:colcon.colcon_core.verb:set package 'vesc_driver' build argument 'catkin_skip_building_tests' from command line to 'False'
[2.089s] DEBUG:colcon.colcon_core.verb:Building package 'vesc_driver' with the following arguments: {'ament_cmake_args': None, 'build_base': '/home/cav330/f1tenth_ws/build/vesc_driver', 'catkin_cmake_args': None, 'catkin_skip_building_tests': False, 'cmake_args': None, 'cmake_clean_cache': False, 'cmake_clean_first': False, 'cmake_force_configure': False, 'cmake_target': None, 'cmake_target_skip_unavailable': False, 'install_base': '/home/cav330/f1tenth_ws/install/vesc_driver', 'merge_install': False, 'path': '/home/cav330/f1tenth_ws/src/f1tenth_system/vesc/vesc_driver', 'symlink_install': False, 'test_result_base': None}
[2.091s] Level 5:colcon.colcon_core.verb:set package 'teleop_tools' build argument 'cmake_args' from command line to 'None'
[2.091s] Level 5:colcon.colcon_core.verb:set package 'teleop_tools' build argument 'cmake_target' from command line to 'None'
[2.091s] Level 5:colcon.colcon_core.verb:set package 'teleop_tools' build argument 'cmake_target_skip_unavailable' from command line to 'False'
[2.091s] Level 5:colcon.colcon_core.verb:set package 'teleop_tools' build argument 'cmake_clean_cache' from command line to 'False'
[2.091s] Level 5:colcon.colcon_core.verb:set package 'teleop_tools' build argument 'cmake_clean_first' from command line to 'False'
[2.091s] Level 5:colcon.colcon_core.verb:set package 'teleop_tools' build argument 'cmake_force_configure' from command line to 'False'
[2.091s] Level 5:colcon.colcon_core.verb:set package 'teleop_tools' build argument 'ament_cmake_args' from command line to 'None'
[2.091s] Level 5:colcon.colcon_core.verb:set package 'teleop_tools' build argument 'catkin_cmake_args' from command line to 'None'
[2.092s] Level 5:colcon.colcon_core.verb:set package 'teleop_tools' build argument 'catkin_skip_building_tests' from command line to 'False'
[2.092s] DEBUG:colcon.colcon_core.verb:Building package 'teleop_tools' with the following arguments: {'ament_cmake_args': None, 'build_base': '/home/cav330/f1tenth_ws/build/teleop_tools', 'catkin_cmake_args': None, 'catkin_skip_building_tests': False, 'cmake_args': None, 'cmake_clean_cache': False, 'cmake_clean_first': False, 'cmake_force_configure': False, 'cmake_target': None, 'cmake_target_skip_unavailable': False, 'install_base': '/home/cav330/f1tenth_ws/install/teleop_tools', 'merge_install': False, 'path': '/home/cav330/f1tenth_ws/src/f1tenth_system/teleop_tools/teleop_tools', 'symlink_install': False, 'test_result_base': None}
[2.093s] Level 5:colcon.colcon_core.verb:set package 'vesc' build argument 'cmake_args' from command line to 'None'
[2.093s] Level 5:colcon.colcon_core.verb:set package 'vesc' build argument 'cmake_target' from command line to 'None'
[2.093s] Level 5:colcon.colcon_core.verb:set package 'vesc' build argument 'cmake_target_skip_unavailable' from command line to 'False'
[2.093s] Level 5:colcon.colcon_core.verb:set package 'vesc' build argument 'cmake_clean_cache' from command line to 'False'
[2.093s] Level 5:colcon.colcon_core.verb:set package 'vesc' build argument 'cmake_clean_first' from command line to 'False'
[2.093s] Level 5:colcon.colcon_core.verb:set package 'vesc' build argument 'cmake_force_configure' from command line to 'False'
[2.094s] Level 5:colcon.colcon_core.verb:set package 'vesc' build argument 'ament_cmake_args' from command line to 'None'
[2.094s] Level 5:colcon.colcon_core.verb:set package 'vesc' build argument 'catkin_cmake_args' from command line to 'None'
[2.094s] Level 5:colcon.colcon_core.verb:set package 'vesc' build argument 'catkin_skip_building_tests' from command line to 'False'
[2.094s] DEBUG:colcon.colcon_core.verb:Building package 'vesc' with the following arguments: {'ament_cmake_args': None, 'build_base': '/home/cav330/f1tenth_ws/build/vesc', 'catkin_cmake_args': None, 'catkin_skip_building_tests': False, 'cmake_args': None, 'cmake_clean_cache': False, 'cmake_clean_first': False, 'cmake_force_configure': False, 'cmake_target': None, 'cmake_target_skip_unavailable': False, 'install_base': '/home/cav330/f1tenth_ws/install/vesc', 'merge_install': False, 'path': '/home/cav330/f1tenth_ws/src/f1tenth_system/vesc/vesc', 'symlink_install': False, 'test_result_base': None}
[2.095s] Level 5:colcon.colcon_core.verb:set package 'f1tenth_stack' build argument 'cmake_args' from command line to 'None'
[2.095s] Level 5:colcon.colcon_core.verb:set package 'f1tenth_stack' build argument 'cmake_target' from command line to 'None'
[2.096s] Level 5:colcon.colcon_core.verb:set package 'f1tenth_stack' build argument 'cmake_target_skip_unavailable' from command line to 'False'
[2.096s] Level 5:colcon.colcon_core.verb:set package 'f1tenth_stack' build argument 'cmake_clean_cache' from command line to 'False'
[2.096s] Level 5:colcon.colcon_core.verb:set package 'f1tenth_stack' build argument 'cmake_clean_first' from command line to 'False'
[2.096s] Level 5:colcon.colcon_core.verb:set package 'f1tenth_stack' build argument 'cmake_force_configure' from command line to 'False'
[2.096s] Level 5:colcon.colcon_core.verb:set package 'f1tenth_stack' build argument 'ament_cmake_args' from command line to 'None'
[2.096s] Level 5:colcon.colcon_core.verb:set package 'f1tenth_stack' build argument 'catkin_cmake_args' from command line to 'None'
[2.096s] Level 5:colcon.colcon_core.verb:set package 'f1tenth_stack' build argument 'catkin_skip_building_tests' from command line to 'False'
[2.096s] DEBUG:colcon.colcon_core.verb:Building package 'f1tenth_stack' with the following arguments: {'ament_cmake_args': None, 'build_base': '/home/cav330/f1tenth_ws/build/f1tenth_stack', 'catkin_cmake_args': None, 'catkin_skip_building_tests': False, 'cmake_args': None, 'cmake_clean_cache': False, 'cmake_clean_first': False, 'cmake_force_configure': False, 'cmake_target': None, 'cmake_target_skip_unavailable': False, 'install_base': '/home/cav330/f1tenth_ws/install/f1tenth_stack', 'merge_install': False, 'path': '/home/cav330/f1tenth_ws/src/f1tenth_system/f1tenth_stack', 'symlink_install': False, 'test_result_base': None}
[2.097s] INFO:colcon.colcon_core.executor:Executing jobs using 'parallel' executor
[2.101s] DEBUG:colcon.colcon_parallel_executor.executor.parallel:run_until_complete
[2.102s] INFO:colcon.colcon_ros.task.ament_cmake.build:Building ROS package in '/home/cav330/f1tenth_ws/src/f1tenth_system/vesc/vesc_msgs' with build type 'ament_cmake'
[2.103s] INFO:colcon.colcon_cmake.task.cmake.build:Building CMake package in '/home/cav330/f1tenth_ws/src/f1tenth_system/vesc/vesc_msgs'
[2.113s] INFO:colcon.colcon_core.plugin_system:Skipping extension 'colcon_core.shell.bat': Not used on non-Windows systems
[2.114s] INFO:colcon.colcon_core.shell:Skip shell extension 'powershell' for command environment: Not usable outside of PowerShell
[2.115s] DEBUG:colcon.colcon_core.shell:Skip shell extension 'dsv' for command environment
[2.153s] INFO:colcon.colcon_ros.task.ament_cmake.build:Building ROS package in '/home/cav330/f1tenth_ws/src/f1tenth_system/teleop_tools/teleop_tools_msgs' with build type 'ament_cmake'
[2.156s] INFO:colcon.colcon_cmake.task.cmake.build:Building CMake package in '/home/cav330/f1tenth_ws/src/f1tenth_system/teleop_tools/teleop_tools_msgs'
[2.160s] INFO:colcon.colcon_core.shell:Skip shell extension 'powershell' for command environment: Not usable outside of PowerShell
[2.161s] DEBUG:colcon.colcon_core.shell:Skip shell extension 'dsv' for command environment
[2.193s] INFO:colcon.colcon_ros.task.ament_cmake.build:Building ROS package in '/home/cav330/f1tenth_ws/src/f1tenth_system/ackermann_mux' with build type 'ament_cmake'
[2.196s] INFO:colcon.colcon_cmake.task.cmake.build:Building CMake package in '/home/cav330/f1tenth_ws/src/f1tenth_system/ackermann_mux'
[2.205s] INFO:colcon.colcon_core.shell:Skip shell extension 'powershell' for command environment: Not usable outside of PowerShell
[2.205s] DEBUG:colcon.colcon_core.shell:Skip shell extension 'dsv' for command environment
[2.244s] INFO:colcon.colcon_ros.task.ament_python.build:Building ROS package in '/home/cav330/f1tenth_ws/src/f1tenth_system/teleop_tools/key_teleop' with build type 'ament_python'
[2.248s] Level 1:colcon.colcon_core.shell:create_environment_hook('key_teleop', 'ament_prefix_path')
[2.256s] INFO:colcon.colcon_core.shell:Creating environment hook '/home/cav330/f1tenth_ws/install/key_teleop/share/key_teleop/hook/ament_prefix_path.ps1'
[2.262s] INFO:colcon.colcon_core.shell:Creating environment descriptor '/home/cav330/f1tenth_ws/install/key_teleop/share/key_teleop/hook/ament_prefix_path.dsv'
[2.264s] INFO:colcon.colcon_core.shell:Creating environment hook '/home/cav330/f1tenth_ws/install/key_teleop/share/key_teleop/hook/ament_prefix_path.sh'
[2.268s] INFO:colcon.colcon_core.shell:Skip shell extension 'powershell' for command environment: Not usable outside of PowerShell
[2.268s] DEBUG:colcon.colcon_core.shell:Skip shell extension 'dsv' for command environment
[2.339s] DEBUG:colcon.colcon_core.event_handler.log_command:Invoking command in '/home/cav330/f1tenth_ws/build/vesc_msgs': CMAKE_PREFIX_PATH=${CMAKE_PREFIX_PATH}:/home/cav330/f1tenth_ws/install/f1tenth_stack:/home/cav330/f1tenth_ws/install/joy_teleop:/home/cav330/f1tenth_ws/install/mouse_teleop:/home/cav330/f1tenth_ws/install/key_teleop:/home/cav330/f1tenth_ws/install/f1tenth_gym_ros:/opt/ros/foxy NX_CONNECTION=192.168.33.135 50807 192.168.33.130 4000 /usr/bin/cmake --build /home/cav330/f1tenth_ws/build/vesc_msgs -- -j4 -l4
[2.379s] DEBUG:colcon.colcon_core.event_handler.log_command:Invoking command in '/home/cav330/f1tenth_ws/build/teleop_tools_msgs': CMAKE_PREFIX_PATH=${CMAKE_PREFIX_PATH}:/home/cav330/f1tenth_ws/install/f1tenth_stack:/home/cav330/f1tenth_ws/install/joy_teleop:/home/cav330/f1tenth_ws/install/mouse_teleop:/home/cav330/f1tenth_ws/install/key_teleop:/home/cav330/f1tenth_ws/install/f1tenth_gym_ros:/opt/ros/foxy NX_CONNECTION=192.168.33.135 50807 192.168.33.130 4000 /usr/bin/cmake --build /home/cav330/f1tenth_ws/build/teleop_tools_msgs -- -j4 -l4
[2.417s] DEBUG:colcon.colcon_core.event_handler.log_command:Invoking command in '/home/cav330/f1tenth_ws/build/ackermann_mux': CMAKE_PREFIX_PATH=${CMAKE_PREFIX_PATH}:/home/cav330/f1tenth_ws/install/f1tenth_stack:/home/cav330/f1tenth_ws/install/joy_teleop:/home/cav330/f1tenth_ws/install/mouse_teleop:/home/cav330/f1tenth_ws/install/key_teleop:/home/cav330/f1tenth_ws/install/f1tenth_gym_ros:/opt/ros/foxy NX_CONNECTION=192.168.33.135 50807 192.168.33.130 4000 /usr/bin/cmake --build /home/cav330/f1tenth_ws/build/ackermann_mux -- -j4 -l4
[4.201s] INFO:colcon.colcon_core.task.python.build:Building Python package in '/home/cav330/f1tenth_ws/src/f1tenth_system/teleop_tools/key_teleop'
[4.205s] INFO:colcon.colcon_core.shell:Skip shell extension 'powershell' for command environment: Not usable outside of PowerShell
[4.206s] DEBUG:colcon.colcon_core.shell:Skip shell extension 'dsv' for command environment
[4.393s] DEBUG:colcon.colcon_core.event_handler.log_command:Invoked command in '/home/cav330/f1tenth_ws/build/ackermann_mux' returned '0': CMAKE_PREFIX_PATH=${CMAKE_PREFIX_PATH}:/home/cav330/f1tenth_ws/install/f1tenth_stack:/home/cav330/f1tenth_ws/install/joy_teleop:/home/cav330/f1tenth_ws/install/mouse_teleop:/home/cav330/f1tenth_ws/install/key_teleop:/home/cav330/f1tenth_ws/install/f1tenth_gym_ros:/opt/ros/foxy NX_CONNECTION=192.168.33.135 50807 192.168.33.130 4000 /usr/bin/cmake --build /home/cav330/f1tenth_ws/build/ackermann_mux -- -j4 -l4
[4.479s] DEBUG:colcon.colcon_core.event_handler.log_command:Invoking command in '/home/cav330/f1tenth_ws/build/ackermann_mux': CMAKE_PREFIX_PATH=${CMAKE_PREFIX_PATH}:/home/cav330/f1tenth_ws/install/f1tenth_stack:/home/cav330/f1tenth_ws/install/joy_teleop:/home/cav330/f1tenth_ws/install/mouse_teleop:/home/cav330/f1tenth_ws/install/key_teleop:/home/cav330/f1tenth_ws/install/f1tenth_gym_ros:/opt/ros/foxy NX_CONNECTION=192.168.33.135 50807 192.168.33.130 4000 /usr/bin/cmake --install /home/cav330/f1tenth_ws/build/ackermann_mux
[4.503s] DEBUG:colcon.colcon_core.event_handler.log_command:Invoked command in '/home/cav330/f1tenth_ws/build/teleop_tools_msgs' returned '0': CMAKE_PREFIX_PATH=${CMAKE_PREFIX_PATH}:/home/cav330/f1tenth_ws/install/f1tenth_stack:/home/cav330/f1tenth_ws/install/joy_teleop:/home/cav330/f1tenth_ws/install/mouse_teleop:/home/cav330/f1tenth_ws/install/key_teleop:/home/cav330/f1tenth_ws/install/f1tenth_gym_ros:/opt/ros/foxy NX_CONNECTION=192.168.33.135 50807 192.168.33.130 4000 /usr/bin/cmake --build /home/cav330/f1tenth_ws/build/teleop_tools_msgs -- -j4 -l4
[4.510s] DEBUG:colcon.colcon_core.event_handler.log_command:Invoking command in '/home/cav330/f1tenth_ws/build/teleop_tools_msgs': CMAKE_PREFIX_PATH=${CMAKE_PREFIX_PATH}:/home/cav330/f1tenth_ws/install/f1tenth_stack:/home/cav330/f1tenth_ws/install/joy_teleop:/home/cav330/f1tenth_ws/install/mouse_teleop:/home/cav330/f1tenth_ws/install/key_teleop:/home/cav330/f1tenth_ws/install/f1tenth_gym_ros:/opt/ros/foxy NX_CONNECTION=192.168.33.135 50807 192.168.33.130 4000 /usr/bin/cmake --install /home/cav330/f1tenth_ws/build/teleop_tools_msgs
[4.531s] DEBUG:colcon.colcon_core.event_handler.log_command:Invoked command in '/home/cav330/f1tenth_ws/build/vesc_msgs' returned '0': CMAKE_PREFIX_PATH=${CMAKE_PREFIX_PATH}:/home/cav330/f1tenth_ws/install/f1tenth_stack:/home/cav330/f1tenth_ws/install/joy_teleop:/home/cav330/f1tenth_ws/install/mouse_teleop:/home/cav330/f1tenth_ws/install/key_teleop:/home/cav330/f1tenth_ws/install/f1tenth_gym_ros:/opt/ros/foxy NX_CONNECTION=192.168.33.135 50807 192.168.33.130 4000 /usr/bin/cmake --build /home/cav330/f1tenth_ws/build/vesc_msgs -- -j4 -l4
[4.548s] DEBUG:colcon.colcon_core.event_handler.log_command:Invoking command in '/home/cav330/f1tenth_ws/build/vesc_msgs': CMAKE_PREFIX_PATH=${CMAKE_PREFIX_PATH}:/home/cav330/f1tenth_ws/install/f1tenth_stack:/home/cav330/f1tenth_ws/install/joy_teleop:/home/cav330/f1tenth_ws/install/mouse_teleop:/home/cav330/f1tenth_ws/install/key_teleop:/home/cav330/f1tenth_ws/install/f1tenth_gym_ros:/opt/ros/foxy NX_CONNECTION=192.168.33.135 50807 192.168.33.130 4000 /usr/bin/cmake --install /home/cav330/f1tenth_ws/build/vesc_msgs
[4.578s] Level 1:colcon.colcon_core.environment:create_environment_scripts_only(ackermann_mux)
[4.605s] DEBUG:colcon.colcon_core.event_handler.log_command:Invoked command in '/home/cav330/f1tenth_ws/build/ackermann_mux' returned '0': CMAKE_PREFIX_PATH=${CMAKE_PREFIX_PATH}:/home/cav330/f1tenth_ws/install/f1tenth_stack:/home/cav330/f1tenth_ws/install/joy_teleop:/home/cav330/f1tenth_ws/install/mouse_teleop:/home/cav330/f1tenth_ws/install/key_teleop:/home/cav330/f1tenth_ws/install/f1tenth_gym_ros:/opt/ros/foxy NX_CONNECTION=192.168.33.135 50807 192.168.33.130 4000 /usr/bin/cmake --install /home/cav330/f1tenth_ws/build/ackermann_mux
[4.624s] Level 1:colcon.colcon_core.environment:checking '/home/cav330/f1tenth_ws/install/ackermann_mux' for CMake module files
[4.635s] Level 1:colcon.colcon_core.environment:checking '/home/cav330/f1tenth_ws/install/ackermann_mux' for CMake config files
[4.642s] Level 1:colcon.colcon_core.shell:create_environment_hook('ackermann_mux', 'cmake_prefix_path')
[4.644s] INFO:colcon.colcon_core.shell:Creating environment hook '/home/cav330/f1tenth_ws/install/ackermann_mux/share/ackermann_mux/hook/cmake_prefix_path.ps1'
[4.654s] INFO:colcon.colcon_core.shell:Creating environment descriptor '/home/cav330/f1tenth_ws/install/ackermann_mux/share/ackermann_mux/hook/cmake_prefix_path.dsv'
[4.656s] INFO:colcon.colcon_core.shell:Creating environment hook '/home/cav330/f1tenth_ws/install/ackermann_mux/share/ackermann_mux/hook/cmake_prefix_path.sh'
[4.680s] Level 1:colcon.colcon_core.environment:checking '/home/cav330/f1tenth_ws/install/ackermann_mux/lib'
[4.681s] Level 1:colcon.colcon_core.environment:checking '/home/cav330/f1tenth_ws/install/ackermann_mux/bin'
[4.681s] Level 1:colcon.colcon_core.environment:checking '/home/cav330/f1tenth_ws/install/ackermann_mux/lib/pkgconfig/ackermann_mux.pc'
[4.682s] Level 1:colcon.colcon_core.environment:checking '/home/cav330/f1tenth_ws/install/ackermann_mux/lib/python3.8/site-packages'
[4.684s] Level 1:colcon.colcon_core.environment:checking '/home/cav330/f1tenth_ws/install/ackermann_mux/bin'
[4.685s] INFO:colcon.colcon_core.shell:Creating package script '/home/cav330/f1tenth_ws/install/ackermann_mux/share/ackermann_mux/package.ps1'
[4.689s] INFO:colcon.colcon_core.shell:Creating package descriptor '/home/cav330/f1tenth_ws/install/ackermann_mux/share/ackermann_mux/package.dsv'
[4.691s] INFO:colcon.colcon_core.shell:Creating package script '/home/cav330/f1tenth_ws/install/ackermann_mux/share/ackermann_mux/package.sh'
[4.694s] INFO:colcon.colcon_core.shell:Creating package script '/home/cav330/f1tenth_ws/install/ackermann_mux/share/ackermann_mux/package.bash'
[4.714s] INFO:colcon.colcon_core.shell:Creating package script '/home/cav330/f1tenth_ws/install/ackermann_mux/share/ackermann_mux/package.zsh'
[4.718s] Level 1:colcon.colcon_core.environment:create_file_with_runtime_dependencies(/home/cav330/f1tenth_ws/install/ackermann_mux/share/colcon-core/packages/ackermann_mux)
[4.723s] Level 1:colcon.colcon_core.environment:create_environment_scripts_only(ackermann_mux)
[4.724s] Level 1:colcon.colcon_core.environment:checking '/home/cav330/f1tenth_ws/install/ackermann_mux' for CMake module files
[4.726s] Level 1:colcon.colcon_core.environment:checking '/home/cav330/f1tenth_ws/install/ackermann_mux' for CMake config files
[4.732s] Level 1:colcon.colcon_core.shell:create_environment_hook('ackermann_mux', 'cmake_prefix_path')
[4.733s] INFO:colcon.colcon_core.shell:Creating environment hook '/home/cav330/f1tenth_ws/install/ackermann_mux/share/ackermann_mux/hook/cmake_prefix_path.ps1'
[4.735s] INFO:colcon.colcon_core.shell:Creating environment descriptor '/home/cav330/f1tenth_ws/install/ackermann_mux/share/ackermann_mux/hook/cmake_prefix_path.dsv'
[4.737s] INFO:colcon.colcon_core.shell:Creating environment hook '/home/cav330/f1tenth_ws/install/ackermann_mux/share/ackermann_mux/hook/cmake_prefix_path.sh'
[4.739s] Level 1:colcon.colcon_core.environment:checking '/home/cav330/f1tenth_ws/install/ackermann_mux/lib'
[4.740s] Level 1:colcon.colcon_core.environment:checking '/home/cav330/f1tenth_ws/install/ackermann_mux/bin'
[4.740s] Level 1:colcon.colcon_core.environment:checking '/home/cav330/f1tenth_ws/install/ackermann_mux/lib/pkgconfig/ackermann_mux.pc'
[4.741s] Level 1:colcon.colcon_core.environment:checking '/home/cav330/f1tenth_ws/install/ackermann_mux/lib/python3.8/site-packages'
[4.742s] Level 1:colcon.colcon_core.environment:checking '/home/cav330/f1tenth_ws/install/ackermann_mux/bin'
[4.744s] INFO:colcon.colcon_core.shell:Creating package script '/home/cav330/f1tenth_ws/install/ackermann_mux/share/ackermann_mux/package.ps1'
[4.747s] INFO:colcon.colcon_core.shell:Creating package descriptor '/home/cav330/f1tenth_ws/install/ackermann_mux/share/ackermann_mux/package.dsv'
[4.749s] INFO:colcon.colcon_core.shell:Creating package script '/home/cav330/f1tenth_ws/install/ackermann_mux/share/ackermann_mux/package.sh'
[4.751s] INFO:colcon.colcon_core.shell:Creating package script '/home/cav330/f1tenth_ws/install/ackermann_mux/share/ackermann_mux/package.bash'
[4.753s] INFO:colcon.colcon_core.shell:Creating package script '/home/cav330/f1tenth_ws/install/ackermann_mux/share/ackermann_mux/package.zsh'
[4.755s] Level 1:colcon.colcon_core.environment:create_file_with_runtime_dependencies(/home/cav330/f1tenth_ws/install/ackermann_mux/share/colcon-core/packages/ackermann_mux)
[4.759s] INFO:colcon.colcon_ros.task.ament_python.build:Building ROS package in '/home/cav330/f1tenth_ws/src/f1tenth_gym_ros' with build type 'ament_python'
[4.761s] Level 1:colcon.colcon_core.shell:create_environment_hook('f1tenth_gym_ros', 'ament_prefix_path')
[4.762s] INFO:colcon.colcon_core.shell:Creating environment hook '/home/cav330/f1tenth_ws/install/f1tenth_gym_ros/share/f1tenth_gym_ros/hook/ament_prefix_path.ps1'
[4.764s] INFO:colcon.colcon_core.shell:Creating environment descriptor '/home/cav330/f1tenth_ws/install/f1tenth_gym_ros/share/f1tenth_gym_ros/hook/ament_prefix_path.dsv'
[4.766s] INFO:colcon.colcon_core.shell:Creating environment hook '/home/cav330/f1tenth_ws/install/f1tenth_gym_ros/share/f1tenth_gym_ros/hook/ament_prefix_path.sh'
[4.769s] INFO:colcon.colcon_core.shell:Skip shell extension 'powershell' for command environment: Not usable outside of PowerShell
[4.770s] DEBUG:colcon.colcon_core.shell:Skip shell extension 'dsv' for command environment
[5.864s] INFO:colcon.colcon_core.task.python.build:Building Python package in '/home/cav330/f1tenth_ws/src/f1tenth_gym_ros'
[5.867s] INFO:colcon.colcon_core.shell:Skip shell extension 'powershell' for command environment: Not usable outside of PowerShell
[5.868s] DEBUG:colcon.colcon_core.shell:Skip shell extension 'dsv' for command environment
[5.911s] Level 1:colcon.colcon_core.environment:create_environment_scripts_only(vesc_msgs)
[5.915s] Level 1:colcon.colcon_core.environment:checking '/home/cav330/f1tenth_ws/install/vesc_msgs' for CMake module files
[5.919s] DEBUG:colcon.colcon_core.event_handler.log_command:Invoked command in '/home/cav330/f1tenth_ws/build/vesc_msgs' returned '0': CMAKE_PREFIX_PATH=${CMAKE_PREFIX_PATH}:/home/cav330/f1tenth_ws/install/f1tenth_stack:/home/cav330/f1tenth_ws/install/joy_teleop:/home/cav330/f1tenth_ws/install/mouse_teleop:/home/cav330/f1tenth_ws/install/key_teleop:/home/cav330/f1tenth_ws/install/f1tenth_gym_ros:/opt/ros/foxy NX_CONNECTION=192.168.33.135 50807 192.168.33.130 4000 /usr/bin/cmake --install /home/cav330/f1tenth_ws/build/vesc_msgs
[5.925s] Level 1:colcon.colcon_core.environment:checking '/home/cav330/f1tenth_ws/install/vesc_msgs' for CMake config files
[5.929s] Level 1:colcon.colcon_core.shell:create_environment_hook('vesc_msgs', 'cmake_prefix_path')
[5.930s] INFO:colcon.colcon_core.shell:Creating environment hook '/home/cav330/f1tenth_ws/install/vesc_msgs/share/vesc_msgs/hook/cmake_prefix_path.ps1'
[5.934s] INFO:colcon.colcon_core.shell:Creating environment descriptor '/home/cav330/f1tenth_ws/install/vesc_msgs/share/vesc_msgs/hook/cmake_prefix_path.dsv'
[5.936s] INFO:colcon.colcon_core.shell:Creating environment hook '/home/cav330/f1tenth_ws/install/vesc_msgs/share/vesc_msgs/hook/cmake_prefix_path.sh'
[5.939s] Level 1:colcon.colcon_core.environment:checking '/home/cav330/f1tenth_ws/install/vesc_msgs/lib'
[5.939s] Level 1:colcon.colcon_core.shell:create_environment_hook('vesc_msgs', 'ld_library_path_lib')
[5.940s] INFO:colcon.colcon_core.shell:Creating environment hook '/home/cav330/f1tenth_ws/install/vesc_msgs/share/vesc_msgs/hook/ld_library_path_lib.ps1'
[5.942s] INFO:colcon.colcon_core.shell:Creating environment descriptor '/home/cav330/f1tenth_ws/install/vesc_msgs/share/vesc_msgs/hook/ld_library_path_lib.dsv'
[5.943s] INFO:colcon.colcon_core.shell:Creating environment hook '/home/cav330/f1tenth_ws/install/vesc_msgs/share/vesc_msgs/hook/ld_library_path_lib.sh'
[5.945s] Level 1:colcon.colcon_core.environment:checking '/home/cav330/f1tenth_ws/install/vesc_msgs/bin'
[5.945s] Level 1:colcon.colcon_core.environment:checking '/home/cav330/f1tenth_ws/install/vesc_msgs/lib/pkgconfig/vesc_msgs.pc'
[5.947s] Level 1:colcon.colcon_core.environment:checking '/home/cav330/f1tenth_ws/install/vesc_msgs/lib/python3.8/site-packages'
[5.947s] Level 1:colcon.colcon_core.shell:create_environment_hook('vesc_msgs', 'pythonpath')
[5.948s] INFO:colcon.colcon_core.shell:Creating environment hook '/home/cav330/f1tenth_ws/install/vesc_msgs/share/vesc_msgs/hook/pythonpath.ps1'
[5.950s] INFO:colcon.colcon_core.shell:Creating environment descriptor '/home/cav330/f1tenth_ws/install/vesc_msgs/share/vesc_msgs/hook/pythonpath.dsv'
[5.951s] INFO:colcon.colcon_core.shell:Creating environment hook '/home/cav330/f1tenth_ws/install/vesc_msgs/share/vesc_msgs/hook/pythonpath.sh'
[5.954s] Level 1:colcon.colcon_core.environment:checking '/home/cav330/f1tenth_ws/install/vesc_msgs/bin'
[5.956s] INFO:colcon.colcon_core.shell:Creating package script '/home/cav330/f1tenth_ws/install/vesc_msgs/share/vesc_msgs/package.ps1'
[5.958s] INFO:colcon.colcon_core.shell:Creating package descriptor '/home/cav330/f1tenth_ws/install/vesc_msgs/share/vesc_msgs/package.dsv'
[5.961s] INFO:colcon.colcon_core.shell:Creating package script '/home/cav330/f1tenth_ws/install/vesc_msgs/share/vesc_msgs/package.sh'
[5.963s] INFO:colcon.colcon_core.shell:Creating package script '/home/cav330/f1tenth_ws/install/vesc_msgs/share/vesc_msgs/package.bash'
[5.965s] INFO:colcon.colcon_core.shell:Creating package script '/home/cav330/f1tenth_ws/install/vesc_msgs/share/vesc_msgs/package.zsh'
[5.967s] Level 1:colcon.colcon_core.environment:create_file_with_runtime_dependencies(/home/cav330/f1tenth_ws/install/vesc_msgs/share/colcon-core/packages/vesc_msgs)
[5.970s] Level 1:colcon.colcon_core.environment:create_environment_scripts_only(vesc_msgs)
[5.971s] Level 1:colcon.colcon_core.environment:checking '/home/cav330/f1tenth_ws/install/vesc_msgs' for CMake module files
[5.974s] Level 1:colcon.colcon_core.environment:checking '/home/cav330/f1tenth_ws/install/vesc_msgs' for CMake config files
[5.976s] Level 1:colcon.colcon_core.shell:create_environment_hook('vesc_msgs', 'cmake_prefix_path')
[5.978s] INFO:colcon.colcon_core.shell:Creating environment hook '/home/cav330/f1tenth_ws/install/vesc_msgs/share/vesc_msgs/hook/cmake_prefix_path.ps1'
[5.980s] INFO:colcon.colcon_core.shell:Creating environment descriptor '/home/cav330/f1tenth_ws/install/vesc_msgs/share/vesc_msgs/hook/cmake_prefix_path.dsv'
[5.984s] INFO:colcon.colcon_core.shell:Creating environment hook '/home/cav330/f1tenth_ws/install/vesc_msgs/share/vesc_msgs/hook/cmake_prefix_path.sh'
[5.986s] Level 1:colcon.colcon_core.environment:checking '/home/cav330/f1tenth_ws/install/vesc_msgs/lib'
[5.987s] Level 1:colcon.colcon_core.shell:create_environment_hook('vesc_msgs', 'ld_library_path_lib')
[5.988s] INFO:colcon.colcon_core.shell:Creating environment hook '/home/cav330/f1tenth_ws/install/vesc_msgs/share/vesc_msgs/hook/ld_library_path_lib.ps1'
[5.990s] INFO:colcon.colcon_core.shell:Creating environment descriptor '/home/cav330/f1tenth_ws/install/vesc_msgs/share/vesc_msgs/hook/ld_library_path_lib.dsv'
[5.991s] INFO:colcon.colcon_core.shell:Creating environment hook '/home/cav330/f1tenth_ws/install/vesc_msgs/share/vesc_msgs/hook/ld_library_path_lib.sh'
[5.993s] Level 1:colcon.colcon_core.environment:checking '/home/cav330/f1tenth_ws/install/vesc_msgs/bin'
[5.993s] Level 1:colcon.colcon_core.environment:checking '/home/cav330/f1tenth_ws/install/vesc_msgs/lib/pkgconfig/vesc_msgs.pc'
[5.994s] Level 1:colcon.colcon_core.environment:checking '/home/cav330/f1tenth_ws/install/vesc_msgs/lib/python3.8/site-packages'
[5.994s] Level 1:colcon.colcon_core.shell:create_environment_hook('vesc_msgs', 'pythonpath')
[5.996s] INFO:colcon.colcon_core.shell:Creating environment hook '/home/cav330/f1tenth_ws/install/vesc_msgs/share/vesc_msgs/hook/pythonpath.ps1'
[5.998s] INFO:colcon.colcon_core.shell:Creating environment descriptor '/home/cav330/f1tenth_ws/install/vesc_msgs/share/vesc_msgs/hook/pythonpath.dsv'
[5.999s] INFO:colcon.colcon_core.shell:Creating environment hook '/home/cav330/f1tenth_ws/install/vesc_msgs/share/vesc_msgs/hook/pythonpath.sh'
[6.002s] Level 1:colcon.colcon_core.environment:checking '/home/cav330/f1tenth_ws/install/vesc_msgs/bin'
[6.004s] INFO:colcon.colcon_core.shell:Creating package script '/home/cav330/f1tenth_ws/install/vesc_msgs/share/vesc_msgs/package.ps1'
[6.007s] INFO:colcon.colcon_core.shell:Creating package descriptor '/home/cav330/f1tenth_ws/install/vesc_msgs/share/vesc_msgs/package.dsv'
[6.010s] INFO:colcon.colcon_core.shell:Creating package script '/home/cav330/f1tenth_ws/install/vesc_msgs/share/vesc_msgs/package.sh'
[6.013s] INFO:colcon.colcon_core.shell:Creating package script '/home/cav330/f1tenth_ws/install/vesc_msgs/share/vesc_msgs/package.bash'
[6.017s] INFO:colcon.colcon_core.shell:Creating package script '/home/cav330/f1tenth_ws/install/vesc_msgs/share/vesc_msgs/package.zsh'
[6.020s] Level 1:colcon.colcon_core.environment:create_file_with_runtime_dependencies(/home/cav330/f1tenth_ws/install/vesc_msgs/share/colcon-core/packages/vesc_msgs)
[6.022s] Level 1:colcon.colcon_core.environment:create_environment_scripts_only(teleop_tools_msgs)
[6.024s] Level 1:colcon.colcon_core.environment:checking '/home/cav330/f1tenth_ws/install/teleop_tools_msgs' for CMake module files
[6.036s] DEBUG:colcon.colcon_core.event_handler.log_command:Invoked command in '/home/cav330/f1tenth_ws/build/teleop_tools_msgs' returned '0': CMAKE_PREFIX_PATH=${CMAKE_PREFIX_PATH}:/home/cav330/f1tenth_ws/install/f1tenth_stack:/home/cav330/f1tenth_ws/install/joy_teleop:/home/cav330/f1tenth_ws/install/mouse_teleop:/home/cav330/f1tenth_ws/install/key_teleop:/home/cav330/f1tenth_ws/install/f1tenth_gym_ros:/opt/ros/foxy NX_CONNECTION=192.168.33.135 50807 192.168.33.130 4000 /usr/bin/cmake --install /home/cav330/f1tenth_ws/build/teleop_tools_msgs
[6.037s] Level 1:colcon.colcon_core.environment:checking '/home/cav330/f1tenth_ws/install/teleop_tools_msgs' for CMake config files
[6.039s] Level 1:colcon.colcon_core.shell:create_environment_hook('teleop_tools_msgs', 'cmake_prefix_path')
[6.042s] INFO:colcon.colcon_core.shell:Creating environment hook '/home/cav330/f1tenth_ws/install/teleop_tools_msgs/share/teleop_tools_msgs/hook/cmake_prefix_path.ps1'
[6.045s] INFO:colcon.colcon_core.shell:Creating environment descriptor '/home/cav330/f1tenth_ws/install/teleop_tools_msgs/share/teleop_tools_msgs/hook/cmake_prefix_path.dsv'
[6.049s] INFO:colcon.colcon_core.shell:Creating environment hook '/home/cav330/f1tenth_ws/install/teleop_tools_msgs/share/teleop_tools_msgs/hook/cmake_prefix_path.sh'
[6.053s] Level 1:colcon.colcon_core.environment:checking '/home/cav330/f1tenth_ws/install/teleop_tools_msgs/lib'
[6.053s] Level 1:colcon.colcon_core.shell:create_environment_hook('teleop_tools_msgs', 'ld_library_path_lib')
[6.058s] INFO:colcon.colcon_core.shell:Creating environment hook '/home/cav330/f1tenth_ws/install/teleop_tools_msgs/share/teleop_tools_msgs/hook/ld_library_path_lib.ps1'
[6.061s] INFO:colcon.colcon_core.shell:Creating environment descriptor '/home/cav330/f1tenth_ws/install/teleop_tools_msgs/share/teleop_tools_msgs/hook/ld_library_path_lib.dsv'
[6.064s] INFO:colcon.colcon_core.shell:Creating environment hook '/home/cav330/f1tenth_ws/install/teleop_tools_msgs/share/teleop_tools_msgs/hook/ld_library_path_lib.sh'
[6.067s] Level 1:colcon.colcon_core.environment:checking '/home/cav330/f1tenth_ws/install/teleop_tools_msgs/bin'
[6.068s] Level 1:colcon.colcon_core.environment:checking '/home/cav330/f1tenth_ws/install/teleop_tools_msgs/lib/pkgconfig/teleop_tools_msgs.pc'
[6.069s] Level 1:colcon.colcon_core.environment:checking '/home/cav330/f1tenth_ws/install/teleop_tools_msgs/lib/python3.8/site-packages'
[6.069s] Level 1:colcon.colcon_core.shell:create_environment_hook('teleop_tools_msgs', 'pythonpath')
[6.071s] INFO:colcon.colcon_core.shell:Creating environment hook '/home/cav330/f1tenth_ws/install/teleop_tools_msgs/share/teleop_tools_msgs/hook/pythonpath.ps1'
[6.074s] INFO:colcon.colcon_core.shell:Creating environment descriptor '/home/cav330/f1tenth_ws/install/teleop_tools_msgs/share/teleop_tools_msgs/hook/pythonpath.dsv'
[6.083s] INFO:colcon.colcon_core.shell:Creating environment hook '/home/cav330/f1tenth_ws/install/teleop_tools_msgs/share/teleop_tools_msgs/hook/pythonpath.sh'
[6.088s] Level 1:colcon.colcon_core.environment:checking '/home/cav330/f1tenth_ws/install/teleop_tools_msgs/bin'
[6.091s] INFO:colcon.colcon_core.shell:Creating package script '/home/cav330/f1tenth_ws/install/teleop_tools_msgs/share/teleop_tools_msgs/package.ps1'
[6.095s] INFO:colcon.colcon_core.shell:Creating package descriptor '/home/cav330/f1tenth_ws/install/teleop_tools_msgs/share/teleop_tools_msgs/package.dsv'
[6.098s] INFO:colcon.colcon_core.shell:Creating package script '/home/cav330/f1tenth_ws/install/teleop_tools_msgs/share/teleop_tools_msgs/package.sh'
[6.100s] INFO:colcon.colcon_core.shell:Creating package script '/home/cav330/f1tenth_ws/install/teleop_tools_msgs/share/teleop_tools_msgs/package.bash'
[6.102s] INFO:colcon.colcon_core.shell:Creating package script '/home/cav330/f1tenth_ws/install/teleop_tools_msgs/share/teleop_tools_msgs/package.zsh'
[6.103s] Level 1:colcon.colcon_core.environment:create_file_with_runtime_dependencies(/home/cav330/f1tenth_ws/install/teleop_tools_msgs/share/colcon-core/packages/teleop_tools_msgs)
[6.108s] Level 1:colcon.colcon_core.environment:create_environment_scripts_only(teleop_tools_msgs)
[6.109s] Level 1:colcon.colcon_core.environment:checking '/home/cav330/f1tenth_ws/install/teleop_tools_msgs' for CMake module files
[6.112s] Level 1:colcon.colcon_core.environment:checking '/home/cav330/f1tenth_ws/install/teleop_tools_msgs' for CMake config files
[6.115s] Level 1:colcon.colcon_core.shell:create_environment_hook('teleop_tools_msgs', 'cmake_prefix_path')
[6.116s] INFO:colcon.colcon_core.shell:Creating environment hook '/home/cav330/f1tenth_ws/install/teleop_tools_msgs/share/teleop_tools_msgs/hook/cmake_prefix_path.ps1'
[6.118s] INFO:colcon.colcon_core.shell:Creating environment descriptor '/home/cav330/f1tenth_ws/install/teleop_tools_msgs/share/teleop_tools_msgs/hook/cmake_prefix_path.dsv'
[6.121s] INFO:colcon.colcon_core.shell:Creating environment hook '/home/cav330/f1tenth_ws/install/teleop_tools_msgs/share/teleop_tools_msgs/hook/cmake_prefix_path.sh'
[6.124s] Level 1:colcon.colcon_core.environment:checking '/home/cav330/f1tenth_ws/install/teleop_tools_msgs/lib'
[6.125s] Level 1:colcon.colcon_core.shell:create_environment_hook('teleop_tools_msgs', 'ld_library_path_lib')
[6.126s] INFO:colcon.colcon_core.shell:Creating environment hook '/home/cav330/f1tenth_ws/install/teleop_tools_msgs/share/teleop_tools_msgs/hook/ld_library_path_lib.ps1'
[6.131s] INFO:colcon.colcon_core.shell:Creating environment descriptor '/home/cav330/f1tenth_ws/install/teleop_tools_msgs/share/teleop_tools_msgs/hook/ld_library_path_lib.dsv'
[6.133s] INFO:colcon.colcon_core.shell:Creating environment hook '/home/cav330/f1tenth_ws/install/teleop_tools_msgs/share/teleop_tools_msgs/hook/ld_library_path_lib.sh'
[6.136s] Level 1:colcon.colcon_core.environment:checking '/home/cav330/f1tenth_ws/install/teleop_tools_msgs/bin'
[6.138s] Level 1:colcon.colcon_core.environment:checking '/home/cav330/f1tenth_ws/install/teleop_tools_msgs/lib/pkgconfig/teleop_tools_msgs.pc'
[6.139s] Level 1:colcon.colcon_core.environment:checking '/home/cav330/f1tenth_ws/install/teleop_tools_msgs/lib/python3.8/site-packages'
[6.139s] Level 1:colcon.colcon_core.shell:create_environment_hook('teleop_tools_msgs', 'pythonpath')
[6.140s] INFO:colcon.colcon_core.shell:Creating environment hook '/home/cav330/f1tenth_ws/install/teleop_tools_msgs/share/teleop_tools_msgs/hook/pythonpath.ps1'
[6.144s] INFO:colcon.colcon_core.shell:Creating environment descriptor '/home/cav330/f1tenth_ws/install/teleop_tools_msgs/share/teleop_tools_msgs/hook/pythonpath.dsv'
[6.147s] INFO:colcon.colcon_core.shell:Creating environment hook '/home/cav330/f1tenth_ws/install/teleop_tools_msgs/share/teleop_tools_msgs/hook/pythonpath.sh'
[6.150s] Level 1:colcon.colcon_core.environment:checking '/home/cav330/f1tenth_ws/install/teleop_tools_msgs/bin'
[6.151s] INFO:colcon.colcon_core.shell:Creating package script '/home/cav330/f1tenth_ws/install/teleop_tools_msgs/share/teleop_tools_msgs/package.ps1'
[6.154s] INFO:colcon.colcon_core.shell:Creating package descriptor '/home/cav330/f1tenth_ws/install/teleop_tools_msgs/share/teleop_tools_msgs/package.dsv'
[6.156s] INFO:colcon.colcon_core.shell:Creating package script '/home/cav330/f1tenth_ws/install/teleop_tools_msgs/share/teleop_tools_msgs/package.sh'
[6.158s] INFO:colcon.colcon_core.shell:Creating package script '/home/cav330/f1tenth_ws/install/teleop_tools_msgs/share/teleop_tools_msgs/package.bash'
[6.160s] INFO:colcon.colcon_core.shell:Creating package script '/home/cav330/f1tenth_ws/install/teleop_tools_msgs/share/teleop_tools_msgs/package.zsh'
[6.162s] Level 1:colcon.colcon_core.environment:create_file_with_runtime_dependencies(/home/cav330/f1tenth_ws/install/teleop_tools_msgs/share/colcon-core/packages/teleop_tools_msgs)
[6.166s] INFO:colcon.colcon_ros.task.ament_python.build:Building ROS package in '/home/cav330/f1tenth_ws/src/f1tenth_system/teleop_tools/joy_teleop' with build type 'ament_python'
[6.167s] Level 1:colcon.colcon_core.shell:create_environment_hook('joy_teleop', 'ament_prefix_path')
[6.168s] INFO:colcon.colcon_core.shell:Creating environment hook '/home/cav330/f1tenth_ws/install/joy_teleop/share/joy_teleop/hook/ament_prefix_path.ps1'
[6.171s] INFO:colcon.colcon_core.shell:Creating environment descriptor '/home/cav330/f1tenth_ws/install/joy_teleop/share/joy_teleop/hook/ament_prefix_path.dsv'
[6.172s] INFO:colcon.colcon_core.shell:Creating environment hook '/home/cav330/f1tenth_ws/install/joy_teleop/share/joy_teleop/hook/ament_prefix_path.sh'
[6.175s] INFO:colcon.colcon_core.shell:Skip shell extension 'powershell' for command environment: Not usable outside of PowerShell
[6.175s] DEBUG:colcon.colcon_core.shell:Skip shell extension 'dsv' for command environment
[6.208s] INFO:colcon.colcon_ros.task.ament_cmake.build:Building ROS package in '/home/cav330/f1tenth_ws/src/f1tenth_system/vesc/vesc_ackermann' with build type 'ament_cmake'
[6.213s] INFO:colcon.colcon_cmake.task.cmake.build:Building CMake package in '/home/cav330/f1tenth_ws/src/f1tenth_system/vesc/vesc_ackermann'
[6.216s] INFO:colcon.colcon_core.shell:Skip shell extension 'powershell' for command environment: Not usable outside of PowerShell
[6.217s] DEBUG:colcon.colcon_core.shell:Skip shell extension 'dsv' for command environment
[6.311s] DEBUG:colcon.colcon_core.event_handler.log_command:Invoking command in '/home/cav330/f1tenth_ws/src/f1tenth_system/teleop_tools/key_teleop': NX_CONNECTION=192.168.33.135 50807 192.168.33.130 4000 PYTHONPATH=/home/cav330/f1tenth_ws/build/key_teleop/prefix_override:/usr/lib/python3/dist-packages/colcon_core/task/python/colcon_distutils_commands:/home/cav330/f1tenth_ws/install/key_teleop/lib/python3.8/site-packages:${PYTHONPATH} /usr/bin/python3 -W ignore:setup.py install is deprecated -W ignore:easy_install command is deprecated setup.py egg_info --egg-base ../../../../build/key_teleop build --build-base /home/cav330/f1tenth_ws/build/key_teleop/build install --record /home/cav330/f1tenth_ws/build/key_teleop/install.log --install-scripts $base/lib/key_teleop --single-version-externally-managed install_data
[7.434s] INFO:colcon.colcon_core.task.python.build:Building Python package in '/home/cav330/f1tenth_ws/src/f1tenth_system/teleop_tools/joy_teleop'
[7.437s] INFO:colcon.colcon_core.shell:Skip shell extension 'powershell' for command environment: Not usable outside of PowerShell
[7.438s] DEBUG:colcon.colcon_core.shell:Skip shell extension 'dsv' for command environment
[7.505s] DEBUG:colcon.colcon_core.event_handler.log_command:Invoking command in '/home/cav330/f1tenth_ws/build/vesc_ackermann': CMAKE_PREFIX_PATH=/home/cav330/f1tenth_ws/install/vesc_msgs:/home/cav330/f1tenth_ws/install/wall_follow:/home/cav330/f1tenth_ws/install/vesc:/home/cav330/f1tenth_ws/install/vesc_driver:/home/cav330/f1tenth_ws/install/vesc_ackermann:/home/cav330/f1tenth_ws/install/teleop_tools:/home/cav330/f1tenth_ws/install/teleop_tools_msgs:/home/cav330/f1tenth_ws/install/safety_node:/home/cav330/f1tenth_ws/install/ackermann_mux:/home/cav330/f1tenth_ws/install/f1tenth_stack:/home/cav330/f1tenth_ws/install/joy_teleop:/home/cav330/f1tenth_ws/install/mouse_teleop:/home/cav330/f1tenth_ws/install/key_teleop:/home/cav330/f1tenth_ws/install/f1tenth_gym_ros:/opt/ros/foxy LD_LIBRARY_PATH=/home/cav330/f1tenth_ws/install/vesc_msgs/lib:/home/cav330/f1tenth_ws/install/vesc_driver/lib:/home/cav330/f1tenth_ws/install/vesc_ackermann/lib:/home/cav330/f1tenth_ws/install/teleop_tools_msgs/lib:/opt/ros/foxy/opt/yaml_cpp_vendor/lib:/opt/ros/foxy/opt/rviz_ogre_vendor/lib:/opt/ros/foxy/lib/aarch64-linux-gnu:/opt/ros/foxy/lib:/usr/local/cuda-11.4/lib64 NX_CONNECTION=192.168.33.135 50807 192.168.33.130 4000 PYTHONPATH=/home/cav330/f1tenth_ws/install/vesc_msgs/lib/python3.8/site-packages:/home/cav330/f1tenth_ws/install/f1tenth_stack/lib/python3.8/site-packages:/home/cav330/f1tenth_ws/install/joy_teleop/lib/python3.8/site-packages:/home/cav330/f1tenth_ws/install/teleop_tools_msgs/lib/python3.8/site-packages:/home/cav330/f1tenth_ws/install/mouse_teleop/lib/python3.8/site-packages:/home/cav330/f1tenth_ws/install/key_teleop/lib/python3.8/site-packages:/home/cav330/f1tenth_ws/install/f1tenth_gym_ros/lib/python3.8/site-packages:/opt/ros/foxy/lib/python3.8/site-packages /usr/bin/cmake --build /home/cav330/f1tenth_ws/build/vesc_ackermann -- -j4 -l4
[7.762s] Level 1:colcon.colcon_core.environment:checking '/home/cav330/f1tenth_ws/install/key_teleop' for CMake module files
[7.764s] DEBUG:colcon.colcon_core.event_handler.log_command:Invoked command in '/home/cav330/f1tenth_ws/src/f1tenth_system/teleop_tools/key_teleop' returned '0': NX_CONNECTION=192.168.33.135 50807 192.168.33.130 4000 PYTHONPATH=/home/cav330/f1tenth_ws/build/key_teleop/prefix_override:/usr/lib/python3/dist-packages/colcon_core/task/python/colcon_distutils_commands:/home/cav330/f1tenth_ws/install/key_teleop/lib/python3.8/site-packages:${PYTHONPATH} /usr/bin/python3 -W ignore:setup.py install is deprecated -W ignore:easy_install command is deprecated setup.py egg_info --egg-base ../../../../build/key_teleop build --build-base /home/cav330/f1tenth_ws/build/key_teleop/build install --record /home/cav330/f1tenth_ws/build/key_teleop/install.log --install-scripts $base/lib/key_teleop --single-version-externally-managed install_data
[7.767s] Level 1:colcon.colcon_core.environment:checking '/home/cav330/f1tenth_ws/install/key_teleop' for CMake config files
[7.773s] Level 1:colcon.colcon_core.environment:checking '/home/cav330/f1tenth_ws/install/key_teleop/lib'
[7.773s] Level 1:colcon.colcon_core.environment:checking '/home/cav330/f1tenth_ws/install/key_teleop/bin'
[7.774s] Level 1:colcon.colcon_core.environment:checking '/home/cav330/f1tenth_ws/install/key_teleop/lib/pkgconfig/key_teleop.pc'
[7.776s] Level 1:colcon.colcon_core.environment:checking '/home/cav330/f1tenth_ws/install/key_teleop/lib/python3.8/site-packages'
[7.777s] Level 1:colcon.colcon_core.shell:create_environment_hook('key_teleop', 'pythonpath')
[7.778s] INFO:colcon.colcon_core.shell:Creating environment hook '/home/cav330/f1tenth_ws/install/key_teleop/share/key_teleop/hook/pythonpath.ps1'
[7.783s] INFO:colcon.colcon_core.shell:Creating environment descriptor '/home/cav330/f1tenth_ws/install/key_teleop/share/key_teleop/hook/pythonpath.dsv'
[7.787s] INFO:colcon.colcon_core.shell:Creating environment hook '/home/cav330/f1tenth_ws/install/key_teleop/share/key_teleop/hook/pythonpath.sh'
[7.791s] Level 1:colcon.colcon_core.environment:checking '/home/cav330/f1tenth_ws/install/key_teleop/bin'
[7.792s] Level 1:colcon.colcon_core.environment:create_environment_scripts_only(key_teleop)
[7.795s] INFO:colcon.colcon_core.shell:Creating package script '/home/cav330/f1tenth_ws/install/key_teleop/share/key_teleop/package.ps1'
[7.798s] INFO:colcon.colcon_core.shell:Creating package descriptor '/home/cav330/f1tenth_ws/install/key_teleop/share/key_teleop/package.dsv'
[7.800s] INFO:colcon.colcon_core.shell:Creating package script '/home/cav330/f1tenth_ws/install/key_teleop/share/key_teleop/package.sh'
[7.803s] INFO:colcon.colcon_core.shell:Creating package script '/home/cav330/f1tenth_ws/install/key_teleop/share/key_teleop/package.bash'
[7.805s] INFO:colcon.colcon_core.shell:Creating package script '/home/cav330/f1tenth_ws/install/key_teleop/share/key_teleop/package.zsh'
[7.807s] Level 1:colcon.colcon_core.environment:create_file_with_runtime_dependencies(/home/cav330/f1tenth_ws/install/key_teleop/share/colcon-core/packages/key_teleop)
[7.813s] INFO:colcon.colcon_ros.task.ament_cmake.build:Building ROS package in '/home/cav330/f1tenth_ws/src/f1tenth_system/vesc/vesc_driver' with build type 'ament_cmake'
[7.814s] INFO:colcon.colcon_cmake.task.cmake.build:Building CMake package in '/home/cav330/f1tenth_ws/src/f1tenth_system/vesc/vesc_driver'
[7.824s] INFO:colcon.colcon_core.shell:Skip shell extension 'powershell' for command environment: Not usable outside of PowerShell
[7.824s] DEBUG:colcon.colcon_core.shell:Skip shell extension 'dsv' for command environment
[7.996s] DEBUG:colcon.colcon_core.event_handler.log_command:Invoking command in '/home/cav330/f1tenth_ws/build/vesc_driver': CMAKE_PREFIX_PATH=/home/cav330/f1tenth_ws/install/vesc_msgs:/home/cav330/f1tenth_ws/install/wall_follow:/home/cav330/f1tenth_ws/install/vesc:/home/cav330/f1tenth_ws/install/vesc_driver:/home/cav330/f1tenth_ws/install/vesc_ackermann:/home/cav330/f1tenth_ws/install/teleop_tools:/home/cav330/f1tenth_ws/install/teleop_tools_msgs:/home/cav330/f1tenth_ws/install/safety_node:/home/cav330/f1tenth_ws/install/ackermann_mux:/home/cav330/f1tenth_ws/install/f1tenth_stack:/home/cav330/f1tenth_ws/install/joy_teleop:/home/cav330/f1tenth_ws/install/mouse_teleop:/home/cav330/f1tenth_ws/install/key_teleop:/home/cav330/f1tenth_ws/install/f1tenth_gym_ros:/opt/ros/foxy LD_LIBRARY_PATH=/home/cav330/f1tenth_ws/install/vesc_msgs/lib:/home/cav330/f1tenth_ws/install/vesc_driver/lib:/home/cav330/f1tenth_ws/install/vesc_ackermann/lib:/home/cav330/f1tenth_ws/install/teleop_tools_msgs/lib:/opt/ros/foxy/opt/yaml_cpp_vendor/lib:/opt/ros/foxy/opt/rviz_ogre_vendor/lib:/opt/ros/foxy/lib/aarch64-linux-gnu:/opt/ros/foxy/lib:/usr/local/cuda-11.4/lib64 NX_CONNECTION=192.168.33.135 50807 192.168.33.130 4000 PYTHONPATH=/home/cav330/f1tenth_ws/install/vesc_msgs/lib/python3.8/site-packages:/home/cav330/f1tenth_ws/install/f1tenth_stack/lib/python3.8/site-packages:/home/cav330/f1tenth_ws/install/joy_teleop/lib/python3.8/site-packages:/home/cav330/f1tenth_ws/install/teleop_tools_msgs/lib/python3.8/site-packages:/home/cav330/f1tenth_ws/install/mouse_teleop/lib/python3.8/site-packages:/home/cav330/f1tenth_ws/install/key_teleop/lib/python3.8/site-packages:/home/cav330/f1tenth_ws/install/f1tenth_gym_ros/lib/python3.8/site-packages:/opt/ros/foxy/lib/python3.8/site-packages /usr/bin/cmake --build /home/cav330/f1tenth_ws/build/vesc_driver -- -j4 -l4
[8.254s] DEBUG:colcon.colcon_core.event_handler.log_command:Invoked command in '/home/cav330/f1tenth_ws/build/vesc_ackermann' returned '0': CMAKE_PREFIX_PATH=/home/cav330/f1tenth_ws/install/vesc_msgs:/home/cav330/f1tenth_ws/install/wall_follow:/home/cav330/f1tenth_ws/install/vesc:/home/cav330/f1tenth_ws/install/vesc_driver:/home/cav330/f1tenth_ws/install/vesc_ackermann:/home/cav330/f1tenth_ws/install/teleop_tools:/home/cav330/f1tenth_ws/install/teleop_tools_msgs:/home/cav330/f1tenth_ws/install/safety_node:/home/cav330/f1tenth_ws/install/ackermann_mux:/home/cav330/f1tenth_ws/install/f1tenth_stack:/home/cav330/f1tenth_ws/install/joy_teleop:/home/cav330/f1tenth_ws/install/mouse_teleop:/home/cav330/f1tenth_ws/install/key_teleop:/home/cav330/f1tenth_ws/install/f1tenth_gym_ros:/opt/ros/foxy LD_LIBRARY_PATH=/home/cav330/f1tenth_ws/install/vesc_msgs/lib:/home/cav330/f1tenth_ws/install/vesc_driver/lib:/home/cav330/f1tenth_ws/install/vesc_ackermann/lib:/home/cav330/f1tenth_ws/install/teleop_tools_msgs/lib:/opt/ros/foxy/opt/yaml_cpp_vendor/lib:/opt/ros/foxy/opt/rviz_ogre_vendor/lib:/opt/ros/foxy/lib/aarch64-linux-gnu:/opt/ros/foxy/lib:/usr/local/cuda-11.4/lib64 NX_CONNECTION=192.168.33.135 50807 192.168.33.130 4000 PYTHONPATH=/home/cav330/f1tenth_ws/install/vesc_msgs/lib/python3.8/site-packages:/home/cav330/f1tenth_ws/install/f1tenth_stack/lib/python3.8/site-packages:/home/cav330/f1tenth_ws/install/joy_teleop/lib/python3.8/site-packages:/home/cav330/f1tenth_ws/install/teleop_tools_msgs/lib/python3.8/site-packages:/home/cav330/f1tenth_ws/install/mouse_teleop/lib/python3.8/site-packages:/home/cav330/f1tenth_ws/install/key_teleop/lib/python3.8/site-packages:/home/cav330/f1tenth_ws/install/f1tenth_gym_ros/lib/python3.8/site-packages:/opt/ros/foxy/lib/python3.8/site-packages /usr/bin/cmake --build /home/cav330/f1tenth_ws/build/vesc_ackermann -- -j4 -l4
[8.257s] DEBUG:colcon.colcon_core.event_handler.log_command:Invoking command in '/home/cav330/f1tenth_ws/build/vesc_ackermann': CMAKE_PREFIX_PATH=/home/cav330/f1tenth_ws/install/vesc_msgs:/home/cav330/f1tenth_ws/install/wall_follow:/home/cav330/f1tenth_ws/install/vesc:/home/cav330/f1tenth_ws/install/vesc_driver:/home/cav330/f1tenth_ws/install/vesc_ackermann:/home/cav330/f1tenth_ws/install/teleop_tools:/home/cav330/f1tenth_ws/install/teleop_tools_msgs:/home/cav330/f1tenth_ws/install/safety_node:/home/cav330/f1tenth_ws/install/ackermann_mux:/home/cav330/f1tenth_ws/install/f1tenth_stack:/home/cav330/f1tenth_ws/install/joy_teleop:/home/cav330/f1tenth_ws/install/mouse_teleop:/home/cav330/f1tenth_ws/install/key_teleop:/home/cav330/f1tenth_ws/install/f1tenth_gym_ros:/opt/ros/foxy LD_LIBRARY_PATH=/home/cav330/f1tenth_ws/install/vesc_msgs/lib:/home/cav330/f1tenth_ws/install/vesc_driver/lib:/home/cav330/f1tenth_ws/install/vesc_ackermann/lib:/home/cav330/f1tenth_ws/install/teleop_tools_msgs/lib:/opt/ros/foxy/opt/yaml_cpp_vendor/lib:/opt/ros/foxy/opt/rviz_ogre_vendor/lib:/opt/ros/foxy/lib/aarch64-linux-gnu:/opt/ros/foxy/lib:/usr/local/cuda-11.4/lib64 NX_CONNECTION=192.168.33.135 50807 192.168.33.130 4000 PYTHONPATH=/home/cav330/f1tenth_ws/install/vesc_msgs/lib/python3.8/site-packages:/home/cav330/f1tenth_ws/install/f1tenth_stack/lib/python3.8/site-packages:/home/cav330/f1tenth_ws/install/joy_teleop/lib/python3.8/site-packages:/home/cav330/f1tenth_ws/install/teleop_tools_msgs/lib/python3.8/site-packages:/home/cav330/f1tenth_ws/install/mouse_teleop/lib/python3.8/site-packages:/home/cav330/f1tenth_ws/install/key_teleop/lib/python3.8/site-packages:/home/cav330/f1tenth_ws/install/f1tenth_gym_ros/lib/python3.8/site-packages:/opt/ros/foxy/lib/python3.8/site-packages /usr/bin/cmake --install /home/cav330/f1tenth_ws/build/vesc_ackermann
[8.377s] Level 1:colcon.colcon_core.environment:create_environment_scripts_only(vesc_ackermann)
[8.381s] Level 1:colcon.colcon_core.environment:checking '/home/cav330/f1tenth_ws/install/vesc_ackermann' for CMake module files
[8.384s] Level 1:colcon.colcon_core.environment:checking '/home/cav330/f1tenth_ws/install/vesc_ackermann' for CMake config files
[8.385s] Level 1:colcon.colcon_core.shell:create_environment_hook('vesc_ackermann', 'cmake_prefix_path')
[8.386s] INFO:colcon.colcon_core.shell:Creating environment hook '/home/cav330/f1tenth_ws/install/vesc_ackermann/share/vesc_ackermann/hook/cmake_prefix_path.ps1'
[8.398s] DEBUG:colcon.colcon_core.event_handler.log_command:Invoked command in '/home/cav330/f1tenth_ws/build/vesc_ackermann' returned '0': CMAKE_PREFIX_PATH=/home/cav330/f1tenth_ws/install/vesc_msgs:/home/cav330/f1tenth_ws/install/wall_follow:/home/cav330/f1tenth_ws/install/vesc:/home/cav330/f1tenth_ws/install/vesc_driver:/home/cav330/f1tenth_ws/install/vesc_ackermann:/home/cav330/f1tenth_ws/install/teleop_tools:/home/cav330/f1tenth_ws/install/teleop_tools_msgs:/home/cav330/f1tenth_ws/install/safety_node:/home/cav330/f1tenth_ws/install/ackermann_mux:/home/cav330/f1tenth_ws/install/f1tenth_stack:/home/cav330/f1tenth_ws/install/joy_teleop:/home/cav330/f1tenth_ws/install/mouse_teleop:/home/cav330/f1tenth_ws/install/key_teleop:/home/cav330/f1tenth_ws/install/f1tenth_gym_ros:/opt/ros/foxy LD_LIBRARY_PATH=/home/cav330/f1tenth_ws/install/vesc_msgs/lib:/home/cav330/f1tenth_ws/install/vesc_driver/lib:/home/cav330/f1tenth_ws/install/vesc_ackermann/lib:/home/cav330/f1tenth_ws/install/teleop_tools_msgs/lib:/opt/ros/foxy/opt/yaml_cpp_vendor/lib:/opt/ros/foxy/opt/rviz_ogre_vendor/lib:/opt/ros/foxy/lib/aarch64-linux-gnu:/opt/ros/foxy/lib:/usr/local/cuda-11.4/lib64 NX_CONNECTION=192.168.33.135 50807 192.168.33.130 4000 PYTHONPATH=/home/cav330/f1tenth_ws/install/vesc_msgs/lib/python3.8/site-packages:/home/cav330/f1tenth_ws/install/f1tenth_stack/lib/python3.8/site-packages:/home/cav330/f1tenth_ws/install/joy_teleop/lib/python3.8/site-packages:/home/cav330/f1tenth_ws/install/teleop_tools_msgs/lib/python3.8/site-packages:/home/cav330/f1tenth_ws/install/mouse_teleop/lib/python3.8/site-packages:/home/cav330/f1tenth_ws/install/key_teleop/lib/python3.8/site-packages:/home/cav330/f1tenth_ws/install/f1tenth_gym_ros/lib/python3.8/site-packages:/opt/ros/foxy/lib/python3.8/site-packages /usr/bin/cmake --install /home/cav330/f1tenth_ws/build/vesc_ackermann
[8.405s] INFO:colcon.colcon_core.shell:Creating environment descriptor '/home/cav330/f1tenth_ws/install/vesc_ackermann/share/vesc_ackermann/hook/cmake_prefix_path.dsv'
[8.407s] INFO:colcon.colcon_core.shell:Creating environment hook '/home/cav330/f1tenth_ws/install/vesc_ackermann/share/vesc_ackermann/hook/cmake_prefix_path.sh'
[8.416s] Level 1:colcon.colcon_core.environment:checking '/home/cav330/f1tenth_ws/install/vesc_ackermann/lib'
[8.417s] Level 1:colcon.colcon_core.shell:create_environment_hook('vesc_ackermann', 'ld_library_path_lib')
[8.420s] INFO:colcon.colcon_core.shell:Creating environment hook '/home/cav330/f1tenth_ws/install/vesc_ackermann/share/vesc_ackermann/hook/ld_library_path_lib.ps1'
[8.427s] INFO:colcon.colcon_core.shell:Creating environment descriptor '/home/cav330/f1tenth_ws/install/vesc_ackermann/share/vesc_ackermann/hook/ld_library_path_lib.dsv'
[8.435s] INFO:colcon.colcon_core.shell:Creating environment hook '/home/cav330/f1tenth_ws/install/vesc_ackermann/share/vesc_ackermann/hook/ld_library_path_lib.sh'
[8.438s] Level 1:colcon.colcon_core.environment:checking '/home/cav330/f1tenth_ws/install/vesc_ackermann/bin'
[8.438s] Level 1:colcon.colcon_core.environment:checking '/home/cav330/f1tenth_ws/install/vesc_ackermann/lib/pkgconfig/vesc_ackermann.pc'
[8.440s] Level 1:colcon.colcon_core.environment:checking '/home/cav330/f1tenth_ws/install/vesc_ackermann/lib/python3.8/site-packages'
[8.441s] Level 1:colcon.colcon_core.environment:checking '/home/cav330/f1tenth_ws/install/vesc_ackermann/bin'
[8.442s] INFO:colcon.colcon_core.shell:Creating package script '/home/cav330/f1tenth_ws/install/vesc_ackermann/share/vesc_ackermann/package.ps1'
[8.463s] INFO:colcon.colcon_core.shell:Creating package descriptor '/home/cav330/f1tenth_ws/install/vesc_ackermann/share/vesc_ackermann/package.dsv'
[8.471s] INFO:colcon.colcon_core.shell:Creating package script '/home/cav330/f1tenth_ws/install/vesc_ackermann/share/vesc_ackermann/package.sh'
[8.475s] INFO:colcon.colcon_core.shell:Creating package script '/home/cav330/f1tenth_ws/install/vesc_ackermann/share/vesc_ackermann/package.bash'
[8.478s] INFO:colcon.colcon_core.shell:Creating package script '/home/cav330/f1tenth_ws/install/vesc_ackermann/share/vesc_ackermann/package.zsh'
[8.479s] Level 1:colcon.colcon_core.environment:create_file_with_runtime_dependencies(/home/cav330/f1tenth_ws/install/vesc_ackermann/share/colcon-core/packages/vesc_ackermann)
[8.486s] Level 1:colcon.colcon_core.environment:create_environment_scripts_only(vesc_ackermann)
[8.488s] Level 1:colcon.colcon_core.environment:checking '/home/cav330/f1tenth_ws/install/vesc_ackermann' for CMake module files
[8.490s] Level 1:colcon.colcon_core.environment:checking '/home/cav330/f1tenth_ws/install/vesc_ackermann' for CMake config files
[8.492s] Level 1:colcon.colcon_core.shell:create_environment_hook('vesc_ackermann', 'cmake_prefix_path')
[8.493s] INFO:colcon.colcon_core.shell:Creating environment hook '/home/cav330/f1tenth_ws/install/vesc_ackermann/share/vesc_ackermann/hook/cmake_prefix_path.ps1'
[8.495s] INFO:colcon.colcon_core.shell:Creating environment descriptor '/home/cav330/f1tenth_ws/install/vesc_ackermann/share/vesc_ackermann/hook/cmake_prefix_path.dsv'
[8.503s] INFO:colcon.colcon_core.shell:Creating environment hook '/home/cav330/f1tenth_ws/install/vesc_ackermann/share/vesc_ackermann/hook/cmake_prefix_path.sh'
[8.506s] Level 1:colcon.colcon_core.environment:checking '/home/cav330/f1tenth_ws/install/vesc_ackermann/lib'
[8.507s] Level 1:colcon.colcon_core.shell:create_environment_hook('vesc_ackermann', 'ld_library_path_lib')
[8.521s] INFO:colcon.colcon_core.shell:Creating environment hook '/home/cav330/f1tenth_ws/install/vesc_ackermann/share/vesc_ackermann/hook/ld_library_path_lib.ps1'
[8.524s] INFO:colcon.colcon_core.shell:Creating environment descriptor '/home/cav330/f1tenth_ws/install/vesc_ackermann/share/vesc_ackermann/hook/ld_library_path_lib.dsv'
[8.526s] INFO:colcon.colcon_core.shell:Creating environment hook '/home/cav330/f1tenth_ws/install/vesc_ackermann/share/vesc_ackermann/hook/ld_library_path_lib.sh'
[8.528s] Level 1:colcon.colcon_core.environment:checking '/home/cav330/f1tenth_ws/install/vesc_ackermann/bin'
[8.529s] Level 1:colcon.colcon_core.environment:checking '/home/cav330/f1tenth_ws/install/vesc_ackermann/lib/pkgconfig/vesc_ackermann.pc'
[8.530s] Level 1:colcon.colcon_core.environment:checking '/home/cav330/f1tenth_ws/install/vesc_ackermann/lib/python3.8/site-packages'
[8.531s] Level 1:colcon.colcon_core.environment:checking '/home/cav330/f1tenth_ws/install/vesc_ackermann/bin'
[8.532s] INFO:colcon.colcon_core.shell:Creating package script '/home/cav330/f1tenth_ws/install/vesc_ackermann/share/vesc_ackermann/package.ps1'
[8.536s] INFO:colcon.colcon_core.shell:Creating package descriptor '/home/cav330/f1tenth_ws/install/vesc_ackermann/share/vesc_ackermann/package.dsv'
[8.539s] INFO:colcon.colcon_core.shell:Creating package script '/home/cav330/f1tenth_ws/install/vesc_ackermann/share/vesc_ackermann/package.sh'
[8.544s] INFO:colcon.colcon_core.shell:Creating package script '/home/cav330/f1tenth_ws/install/vesc_ackermann/share/vesc_ackermann/package.bash'
[8.547s] INFO:colcon.colcon_core.shell:Creating package script '/home/cav330/f1tenth_ws/install/vesc_ackermann/share/vesc_ackermann/package.zsh'
[8.550s] Level 1:colcon.colcon_core.environment:create_file_with_runtime_dependencies(/home/cav330/f1tenth_ws/install/vesc_ackermann/share/colcon-core/packages/vesc_ackermann)
[8.556s] INFO:colcon.colcon_ros.task.ament_python.build:Building ROS package in '/home/cav330/f1tenth_ws/src/f1tenth_system/teleop_tools/mouse_teleop' with build type 'ament_python'
[8.558s] Level 1:colcon.colcon_core.shell:create_environment_hook('mouse_teleop', 'ament_prefix_path')
[8.559s] INFO:colcon.colcon_core.shell:Creating environment hook '/home/cav330/f1tenth_ws/install/mouse_teleop/share/mouse_teleop/hook/ament_prefix_path.ps1'
[8.562s] INFO:colcon.colcon_core.shell:Creating environment descriptor '/home/cav330/f1tenth_ws/install/mouse_teleop/share/mouse_teleop/hook/ament_prefix_path.dsv'
[8.565s] INFO:colcon.colcon_core.shell:Creating environment hook '/home/cav330/f1tenth_ws/install/mouse_teleop/share/mouse_teleop/hook/ament_prefix_path.sh'
[8.586s] INFO:colcon.colcon_core.shell:Skip shell extension 'powershell' for command environment: Not usable outside of PowerShell
[8.587s] DEBUG:colcon.colcon_core.shell:Skip shell extension 'dsv' for command environment
[8.701s] DEBUG:colcon.colcon_core.event_handler.log_command:Invoking command in '/home/cav330/f1tenth_ws/src/f1tenth_gym_ros': NX_CONNECTION=192.168.33.135 50807 192.168.33.130 4000 PYTHONPATH=/home/cav330/f1tenth_ws/build/f1tenth_gym_ros/prefix_override:/usr/lib/python3/dist-packages/colcon_core/task/python/colcon_distutils_commands:/home/cav330/f1tenth_ws/install/f1tenth_gym_ros/lib/python3.8/site-packages:${PYTHONPATH} /usr/bin/python3 -W ignore:setup.py install is deprecated -W ignore:easy_install command is deprecated setup.py egg_info --egg-base ../../build/f1tenth_gym_ros build --build-base /home/cav330/f1tenth_ws/build/f1tenth_gym_ros/build install --record /home/cav330/f1tenth_ws/build/f1tenth_gym_ros/install.log --single-version-externally-managed install_data
[9.887s] INFO:colcon.colcon_core.task.python.build:Building Python package in '/home/cav330/f1tenth_ws/src/f1tenth_system/teleop_tools/mouse_teleop'
[9.891s] INFO:colcon.colcon_core.shell:Skip shell extension 'powershell' for command environment: Not usable outside of PowerShell
[9.891s] DEBUG:colcon.colcon_core.shell:Skip shell extension 'dsv' for command environment
[9.949s] DEBUG:colcon.colcon_core.event_handler.log_command:Invoked command in '/home/cav330/f1tenth_ws/build/vesc_driver' returned '0': CMAKE_PREFIX_PATH=/home/cav330/f1tenth_ws/install/vesc_msgs:/home/cav330/f1tenth_ws/install/wall_follow:/home/cav330/f1tenth_ws/install/vesc:/home/cav330/f1tenth_ws/install/vesc_driver:/home/cav330/f1tenth_ws/install/vesc_ackermann:/home/cav330/f1tenth_ws/install/teleop_tools:/home/cav330/f1tenth_ws/install/teleop_tools_msgs:/home/cav330/f1tenth_ws/install/safety_node:/home/cav330/f1tenth_ws/install/ackermann_mux:/home/cav330/f1tenth_ws/install/f1tenth_stack:/home/cav330/f1tenth_ws/install/joy_teleop:/home/cav330/f1tenth_ws/install/mouse_teleop:/home/cav330/f1tenth_ws/install/key_teleop:/home/cav330/f1tenth_ws/install/f1tenth_gym_ros:/opt/ros/foxy LD_LIBRARY_PATH=/home/cav330/f1tenth_ws/install/vesc_msgs/lib:/home/cav330/f1tenth_ws/install/vesc_driver/lib:/home/cav330/f1tenth_ws/install/vesc_ackermann/lib:/home/cav330/f1tenth_ws/install/teleop_tools_msgs/lib:/opt/ros/foxy/opt/yaml_cpp_vendor/lib:/opt/ros/foxy/opt/rviz_ogre_vendor/lib:/opt/ros/foxy/lib/aarch64-linux-gnu:/opt/ros/foxy/lib:/usr/local/cuda-11.4/lib64 NX_CONNECTION=192.168.33.135 50807 192.168.33.130 4000 PYTHONPATH=/home/cav330/f1tenth_ws/install/vesc_msgs/lib/python3.8/site-packages:/home/cav330/f1tenth_ws/install/f1tenth_stack/lib/python3.8/site-packages:/home/cav330/f1tenth_ws/install/joy_teleop/lib/python3.8/site-packages:/home/cav330/f1tenth_ws/install/teleop_tools_msgs/lib/python3.8/site-packages:/home/cav330/f1tenth_ws/install/mouse_teleop/lib/python3.8/site-packages:/home/cav330/f1tenth_ws/install/key_teleop/lib/python3.8/site-packages:/home/cav330/f1tenth_ws/install/f1tenth_gym_ros/lib/python3.8/site-packages:/opt/ros/foxy/lib/python3.8/site-packages /usr/bin/cmake --build /home/cav330/f1tenth_ws/build/vesc_driver -- -j4 -l4
[9.971s] DEBUG:colcon.colcon_core.event_handler.log_command:Invoking command in '/home/cav330/f1tenth_ws/build/vesc_driver': CMAKE_PREFIX_PATH=/home/cav330/f1tenth_ws/install/vesc_msgs:/home/cav330/f1tenth_ws/install/wall_follow:/home/cav330/f1tenth_ws/install/vesc:/home/cav330/f1tenth_ws/install/vesc_driver:/home/cav330/f1tenth_ws/install/vesc_ackermann:/home/cav330/f1tenth_ws/install/teleop_tools:/home/cav330/f1tenth_ws/install/teleop_tools_msgs:/home/cav330/f1tenth_ws/install/safety_node:/home/cav330/f1tenth_ws/install/ackermann_mux:/home/cav330/f1tenth_ws/install/f1tenth_stack:/home/cav330/f1tenth_ws/install/joy_teleop:/home/cav330/f1tenth_ws/install/mouse_teleop:/home/cav330/f1tenth_ws/install/key_teleop:/home/cav330/f1tenth_ws/install/f1tenth_gym_ros:/opt/ros/foxy LD_LIBRARY_PATH=/home/cav330/f1tenth_ws/install/vesc_msgs/lib:/home/cav330/f1tenth_ws/install/vesc_driver/lib:/home/cav330/f1tenth_ws/install/vesc_ackermann/lib:/home/cav330/f1tenth_ws/install/teleop_tools_msgs/lib:/opt/ros/foxy/opt/yaml_cpp_vendor/lib:/opt/ros/foxy/opt/rviz_ogre_vendor/lib:/opt/ros/foxy/lib/aarch64-linux-gnu:/opt/ros/foxy/lib:/usr/local/cuda-11.4/lib64 NX_CONNECTION=192.168.33.135 50807 192.168.33.130 4000 PYTHONPATH=/home/cav330/f1tenth_ws/install/vesc_msgs/lib/python3.8/site-packages:/home/cav330/f1tenth_ws/install/f1tenth_stack/lib/python3.8/site-packages:/home/cav330/f1tenth_ws/install/joy_teleop/lib/python3.8/site-packages:/home/cav330/f1tenth_ws/install/teleop_tools_msgs/lib/python3.8/site-packages:/home/cav330/f1tenth_ws/install/mouse_teleop/lib/python3.8/site-packages:/home/cav330/f1tenth_ws/install/key_teleop/lib/python3.8/site-packages:/home/cav330/f1tenth_ws/install/f1tenth_gym_ros/lib/python3.8/site-packages:/opt/ros/foxy/lib/python3.8/site-packages /usr/bin/cmake --install /home/cav330/f1tenth_ws/build/vesc_driver
[9.982s] DEBUG:colcon.colcon_core.event_handler.log_command:Invoking command in '/home/cav330/f1tenth_ws/src/f1tenth_system/teleop_tools/joy_teleop': CMAKE_PREFIX_PATH=/home/cav330/f1tenth_ws/install/teleop_tools_msgs:/home/cav330/f1tenth_ws/install/wall_follow:/home/cav330/f1tenth_ws/install/vesc:/home/cav330/f1tenth_ws/install/vesc_driver:/home/cav330/f1tenth_ws/install/vesc_ackermann:/home/cav330/f1tenth_ws/install/vesc_msgs:/home/cav330/f1tenth_ws/install/teleop_tools:/home/cav330/f1tenth_ws/install/safety_node:/home/cav330/f1tenth_ws/install/ackermann_mux LD_LIBRARY_PATH=/home/cav330/f1tenth_ws/install/teleop_tools_msgs/lib:/home/cav330/f1tenth_ws/install/vesc_driver/lib:/home/cav330/f1tenth_ws/install/vesc_ackermann/lib:/home/cav330/f1tenth_ws/install/vesc_msgs/lib:/opt/ros/foxy/opt/yaml_cpp_vendor/lib:/opt/ros/foxy/opt/rviz_ogre_vendor/lib:/opt/ros/foxy/lib/aarch64-linux-gnu:/opt/ros/foxy/lib:/usr/local/cuda-11.4/lib64 NX_CONNECTION=192.168.33.135 50807 192.168.33.130 4000 PYTHONPATH=/home/cav330/f1tenth_ws/build/joy_teleop/prefix_override:/usr/lib/python3/dist-packages/colcon_core/task/python/colcon_distutils_commands:/home/cav330/f1tenth_ws/install/joy_teleop/lib/python3.8/site-packages:/home/cav330/f1tenth_ws/install/teleop_tools_msgs/lib/python3.8/site-packages:/home/cav330/f1tenth_ws/install/f1tenth_stack/lib/python3.8/site-packages:/home/cav330/f1tenth_ws/install/vesc_msgs/lib/python3.8/site-packages:/home/cav330/f1tenth_ws/install/joy_teleop/lib/python3.8/site-packages:/home/cav330/f1tenth_ws/install/mouse_teleop/lib/python3.8/site-packages:/home/cav330/f1tenth_ws/install/key_teleop/lib/python3.8/site-packages:/home/cav330/f1tenth_ws/install/f1tenth_gym_ros/lib/python3.8/site-packages:/opt/ros/foxy/lib/python3.8/site-packages /usr/bin/python3 -W ignore:setup.py install is deprecated -W ignore:easy_install command is deprecated setup.py egg_info --egg-base ../../../../build/joy_teleop build --build-base /home/cav330/f1tenth_ws/build/joy_teleop/build install --record /home/cav330/f1tenth_ws/build/joy_teleop/install.log --install-scripts $base/lib/joy_teleop --single-version-externally-managed install_data
[10.084s] Level 1:colcon.colcon_core.environment:create_environment_scripts_only(vesc_driver)
[10.087s] DEBUG:colcon.colcon_core.event_handler.log_command:Invoked command in '/home/cav330/f1tenth_ws/build/vesc_driver' returned '0': CMAKE_PREFIX_PATH=/home/cav330/f1tenth_ws/install/vesc_msgs:/home/cav330/f1tenth_ws/install/wall_follow:/home/cav330/f1tenth_ws/install/vesc:/home/cav330/f1tenth_ws/install/vesc_driver:/home/cav330/f1tenth_ws/install/vesc_ackermann:/home/cav330/f1tenth_ws/install/teleop_tools:/home/cav330/f1tenth_ws/install/teleop_tools_msgs:/home/cav330/f1tenth_ws/install/safety_node:/home/cav330/f1tenth_ws/install/ackermann_mux:/home/cav330/f1tenth_ws/install/f1tenth_stack:/home/cav330/f1tenth_ws/install/joy_teleop:/home/cav330/f1tenth_ws/install/mouse_teleop:/home/cav330/f1tenth_ws/install/key_teleop:/home/cav330/f1tenth_ws/install/f1tenth_gym_ros:/opt/ros/foxy LD_LIBRARY_PATH=/home/cav330/f1tenth_ws/install/vesc_msgs/lib:/home/cav330/f1tenth_ws/install/vesc_driver/lib:/home/cav330/f1tenth_ws/install/vesc_ackermann/lib:/home/cav330/f1tenth_ws/install/teleop_tools_msgs/lib:/opt/ros/foxy/opt/yaml_cpp_vendor/lib:/opt/ros/foxy/opt/rviz_ogre_vendor/lib:/opt/ros/foxy/lib/aarch64-linux-gnu:/opt/ros/foxy/lib:/usr/local/cuda-11.4/lib64 NX_CONNECTION=192.168.33.135 50807 192.168.33.130 4000 PYTHONPATH=/home/cav330/f1tenth_ws/install/vesc_msgs/lib/python3.8/site-packages:/home/cav330/f1tenth_ws/install/f1tenth_stack/lib/python3.8/site-packages:/home/cav330/f1tenth_ws/install/joy_teleop/lib/python3.8/site-packages:/home/cav330/f1tenth_ws/install/teleop_tools_msgs/lib/python3.8/site-packages:/home/cav330/f1tenth_ws/install/mouse_teleop/lib/python3.8/site-packages:/home/cav330/f1tenth_ws/install/key_teleop/lib/python3.8/site-packages:/home/cav330/f1tenth_ws/install/f1tenth_gym_ros/lib/python3.8/site-packages:/opt/ros/foxy/lib/python3.8/site-packages /usr/bin/cmake --install /home/cav330/f1tenth_ws/build/vesc_driver
[10.090s] Level 1:colcon.colcon_core.environment:checking '/home/cav330/f1tenth_ws/install/vesc_driver' for CMake module files
[10.094s] Level 1:colcon.colcon_core.environment:checking '/home/cav330/f1tenth_ws/install/vesc_driver' for CMake config files
[10.096s] Level 1:colcon.colcon_core.shell:create_environment_hook('vesc_driver', 'cmake_prefix_path')
[10.098s] INFO:colcon.colcon_core.shell:Creating environment hook '/home/cav330/f1tenth_ws/install/vesc_driver/share/vesc_driver/hook/cmake_prefix_path.ps1'
[10.103s] INFO:colcon.colcon_core.shell:Creating environment descriptor '/home/cav330/f1tenth_ws/install/vesc_driver/share/vesc_driver/hook/cmake_prefix_path.dsv'
[10.105s] INFO:colcon.colcon_core.shell:Creating environment hook '/home/cav330/f1tenth_ws/install/vesc_driver/share/vesc_driver/hook/cmake_prefix_path.sh'
[10.109s] Level 1:colcon.colcon_core.environment:checking '/home/cav330/f1tenth_ws/install/vesc_driver/lib'
[10.110s] Level 1:colcon.colcon_core.shell:create_environment_hook('vesc_driver', 'ld_library_path_lib')
[10.111s] INFO:colcon.colcon_core.shell:Creating environment hook '/home/cav330/f1tenth_ws/install/vesc_driver/share/vesc_driver/hook/ld_library_path_lib.ps1'
[10.113s] INFO:colcon.colcon_core.shell:Creating environment descriptor '/home/cav330/f1tenth_ws/install/vesc_driver/share/vesc_driver/hook/ld_library_path_lib.dsv'
[10.116s] INFO:colcon.colcon_core.shell:Creating environment hook '/home/cav330/f1tenth_ws/install/vesc_driver/share/vesc_driver/hook/ld_library_path_lib.sh'
[10.118s] Level 1:colcon.colcon_core.environment:checking '/home/cav330/f1tenth_ws/install/vesc_driver/bin'
[10.119s] Level 1:colcon.colcon_core.environment:checking '/home/cav330/f1tenth_ws/install/vesc_driver/lib/pkgconfig/vesc_driver.pc'
[10.120s] Level 1:colcon.colcon_core.environment:checking '/home/cav330/f1tenth_ws/install/vesc_driver/lib/python3.8/site-packages'
[10.122s] Level 1:colcon.colcon_core.environment:checking '/home/cav330/f1tenth_ws/install/vesc_driver/bin'
[10.123s] INFO:colcon.colcon_core.shell:Creating package script '/home/cav330/f1tenth_ws/install/vesc_driver/share/vesc_driver/package.ps1'
[10.132s] INFO:colcon.colcon_core.shell:Creating package descriptor '/home/cav330/f1tenth_ws/install/vesc_driver/share/vesc_driver/package.dsv'
[10.134s] INFO:colcon.colcon_core.shell:Creating package script '/home/cav330/f1tenth_ws/install/vesc_driver/share/vesc_driver/package.sh'
[10.137s] INFO:colcon.colcon_core.shell:Creating package script '/home/cav330/f1tenth_ws/install/vesc_driver/share/vesc_driver/package.bash'
[10.140s] INFO:colcon.colcon_core.shell:Creating package script '/home/cav330/f1tenth_ws/install/vesc_driver/share/vesc_driver/package.zsh'
[10.142s] Level 1:colcon.colcon_core.environment:create_file_with_runtime_dependencies(/home/cav330/f1tenth_ws/install/vesc_driver/share/colcon-core/packages/vesc_driver)
[10.145s] Level 1:colcon.colcon_core.environment:create_environment_scripts_only(vesc_driver)
[10.146s] Level 1:colcon.colcon_core.environment:checking '/home/cav330/f1tenth_ws/install/vesc_driver' for CMake module files
[10.151s] Level 1:colcon.colcon_core.environment:checking '/home/cav330/f1tenth_ws/install/vesc_driver' for CMake config files
[10.153s] Level 1:colcon.colcon_core.shell:create_environment_hook('vesc_driver', 'cmake_prefix_path')
[10.154s] INFO:colcon.colcon_core.shell:Creating environment hook '/home/cav330/f1tenth_ws/install/vesc_driver/share/vesc_driver/hook/cmake_prefix_path.ps1'
[10.156s] INFO:colcon.colcon_core.shell:Creating environment descriptor '/home/cav330/f1tenth_ws/install/vesc_driver/share/vesc_driver/hook/cmake_prefix_path.dsv'
[10.158s] INFO:colcon.colcon_core.shell:Creating environment hook '/home/cav330/f1tenth_ws/install/vesc_driver/share/vesc_driver/hook/cmake_prefix_path.sh'
[10.161s] Level 1:colcon.colcon_core.environment:checking '/home/cav330/f1tenth_ws/install/vesc_driver/lib'
[10.162s] Level 1:colcon.colcon_core.shell:create_environment_hook('vesc_driver', 'ld_library_path_lib')
[10.163s] INFO:colcon.colcon_core.shell:Creating environment hook '/home/cav330/f1tenth_ws/install/vesc_driver/share/vesc_driver/hook/ld_library_path_lib.ps1'
[10.165s] INFO:colcon.colcon_core.shell:Creating environment descriptor '/home/cav330/f1tenth_ws/install/vesc_driver/share/vesc_driver/hook/ld_library_path_lib.dsv'
[10.167s] INFO:colcon.colcon_core.shell:Creating environment hook '/home/cav330/f1tenth_ws/install/vesc_driver/share/vesc_driver/hook/ld_library_path_lib.sh'
[10.169s] Level 1:colcon.colcon_core.environment:checking '/home/cav330/f1tenth_ws/install/vesc_driver/bin'
[10.169s] Level 1:colcon.colcon_core.environment:checking '/home/cav330/f1tenth_ws/install/vesc_driver/lib/pkgconfig/vesc_driver.pc'
[10.170s] Level 1:colcon.colcon_core.environment:checking '/home/cav330/f1tenth_ws/install/vesc_driver/lib/python3.8/site-packages'
[10.176s] Level 1:colcon.colcon_core.environment:checking '/home/cav330/f1tenth_ws/install/vesc_driver/bin'
[10.179s] INFO:colcon.colcon_core.shell:Creating package script '/home/cav330/f1tenth_ws/install/vesc_driver/share/vesc_driver/package.ps1'
[10.182s] INFO:colcon.colcon_core.shell:Creating package descriptor '/home/cav330/f1tenth_ws/install/vesc_driver/share/vesc_driver/package.dsv'
[10.185s] INFO:colcon.colcon_core.shell:Creating package script '/home/cav330/f1tenth_ws/install/vesc_driver/share/vesc_driver/package.sh'
[10.189s] INFO:colcon.colcon_core.shell:Creating package script '/home/cav330/f1tenth_ws/install/vesc_driver/share/vesc_driver/package.bash'
[10.192s] INFO:colcon.colcon_core.shell:Creating package script '/home/cav330/f1tenth_ws/install/vesc_driver/share/vesc_driver/package.zsh'
[10.195s] Level 1:colcon.colcon_core.environment:create_file_with_runtime_dependencies(/home/cav330/f1tenth_ws/install/vesc_driver/share/colcon-core/packages/vesc_driver)
[10.200s] INFO:colcon.colcon_ros.task.ament_cmake.build:Building ROS package in '/home/cav330/f1tenth_ws/src/f1tenth_system/vesc/vesc' with build type 'ament_cmake'
[10.203s] INFO:colcon.colcon_cmake.task.cmake.build:Building CMake package in '/home/cav330/f1tenth_ws/src/f1tenth_system/vesc/vesc'
[10.204s] INFO:colcon.colcon_core.shell:Skip shell extension 'powershell' for command environment: Not usable outside of PowerShell
[10.204s] DEBUG:colcon.colcon_core.shell:Skip shell extension 'dsv' for command environment
[10.298s] Level 1:colcon.colcon_core.environment:checking '/home/cav330/f1tenth_ws/install/f1tenth_gym_ros' for CMake module files
[10.302s] DEBUG:colcon.colcon_core.event_handler.log_command:Invoked command in '/home/cav330/f1tenth_ws/src/f1tenth_gym_ros' returned '0': NX_CONNECTION=192.168.33.135 50807 192.168.33.130 4000 PYTHONPATH=/home/cav330/f1tenth_ws/build/f1tenth_gym_ros/prefix_override:/usr/lib/python3/dist-packages/colcon_core/task/python/colcon_distutils_commands:/home/cav330/f1tenth_ws/install/f1tenth_gym_ros/lib/python3.8/site-packages:${PYTHONPATH} /usr/bin/python3 -W ignore:setup.py install is deprecated -W ignore:easy_install command is deprecated setup.py egg_info --egg-base ../../build/f1tenth_gym_ros build --build-base /home/cav330/f1tenth_ws/build/f1tenth_gym_ros/build install --record /home/cav330/f1tenth_ws/build/f1tenth_gym_ros/install.log --single-version-externally-managed install_data
[10.305s] Level 1:colcon.colcon_core.environment:checking '/home/cav330/f1tenth_ws/install/f1tenth_gym_ros' for CMake config files
[10.308s] Level 1:colcon.colcon_core.environment:checking '/home/cav330/f1tenth_ws/install/f1tenth_gym_ros/lib'
[10.309s] Level 1:colcon.colcon_core.environment:checking '/home/cav330/f1tenth_ws/install/f1tenth_gym_ros/bin'
[10.309s] Level 1:colcon.colcon_core.environment:checking '/home/cav330/f1tenth_ws/install/f1tenth_gym_ros/lib/pkgconfig/f1tenth_gym_ros.pc'
[10.311s] Level 1:colcon.colcon_core.environment:checking '/home/cav330/f1tenth_ws/install/f1tenth_gym_ros/lib/python3.8/site-packages'
[10.311s] Level 1:colcon.colcon_core.shell:create_environment_hook('f1tenth_gym_ros', 'pythonpath')
[10.313s] INFO:colcon.colcon_core.shell:Creating environment hook '/home/cav330/f1tenth_ws/install/f1tenth_gym_ros/share/f1tenth_gym_ros/hook/pythonpath.ps1'
[10.317s] INFO:colcon.colcon_core.shell:Creating environment descriptor '/home/cav330/f1tenth_ws/install/f1tenth_gym_ros/share/f1tenth_gym_ros/hook/pythonpath.dsv'
[10.320s] INFO:colcon.colcon_core.shell:Creating environment hook '/home/cav330/f1tenth_ws/install/f1tenth_gym_ros/share/f1tenth_gym_ros/hook/pythonpath.sh'
[10.323s] Level 1:colcon.colcon_core.environment:checking '/home/cav330/f1tenth_ws/install/f1tenth_gym_ros/bin'
[10.323s] Level 1:colcon.colcon_core.environment:create_environment_scripts_only(f1tenth_gym_ros)
[10.325s] INFO:colcon.colcon_core.shell:Creating package script '/home/cav330/f1tenth_ws/install/f1tenth_gym_ros/share/f1tenth_gym_ros/package.ps1'
[10.327s] INFO:colcon.colcon_core.shell:Creating package descriptor '/home/cav330/f1tenth_ws/install/f1tenth_gym_ros/share/f1tenth_gym_ros/package.dsv'
[10.330s] INFO:colcon.colcon_core.shell:Creating package script '/home/cav330/f1tenth_ws/install/f1tenth_gym_ros/share/f1tenth_gym_ros/package.sh'
[10.332s] INFO:colcon.colcon_core.shell:Creating package script '/home/cav330/f1tenth_ws/install/f1tenth_gym_ros/share/f1tenth_gym_ros/package.bash'
[10.334s] INFO:colcon.colcon_core.shell:Creating package script '/home/cav330/f1tenth_ws/install/f1tenth_gym_ros/share/f1tenth_gym_ros/package.zsh'
[10.343s] Level 1:colcon.colcon_core.environment:create_file_with_runtime_dependencies(/home/cav330/f1tenth_ws/install/f1tenth_gym_ros/share/colcon-core/packages/f1tenth_gym_ros)
[10.346s] INFO:colcon.colcon_ros.task.ament_cmake.build:Building ROS package in '/home/cav330/f1tenth_ws/src/safety_node' with build type 'ament_cmake'
[10.347s] INFO:colcon.colcon_cmake.task.cmake.build:Building CMake package in '/home/cav330/f1tenth_ws/src/safety_node'
[10.349s] INFO:colcon.colcon_core.shell:Skip shell extension 'powershell' for command environment: Not usable outside of PowerShell
[10.349s] DEBUG:colcon.colcon_core.shell:Skip shell extension 'dsv' for command environment
[10.428s] DEBUG:colcon.colcon_core.event_handler.log_command:Invoking command in '/home/cav330/f1tenth_ws/build/vesc': CMAKE_PREFIX_PATH=/home/cav330/f1tenth_ws/install/vesc_driver:/home/cav330/f1tenth_ws/install/vesc_ackermann:/home/cav330/f1tenth_ws/install/vesc_msgs:/home/cav330/f1tenth_ws/install/wall_follow:/home/cav330/f1tenth_ws/install/vesc:/home/cav330/f1tenth_ws/install/teleop_tools:/home/cav330/f1tenth_ws/install/teleop_tools_msgs:/home/cav330/f1tenth_ws/install/safety_node:/home/cav330/f1tenth_ws/install/ackermann_mux:/home/cav330/f1tenth_ws/install/f1tenth_stack:/home/cav330/f1tenth_ws/install/joy_teleop:/home/cav330/f1tenth_ws/install/mouse_teleop:/home/cav330/f1tenth_ws/install/key_teleop:/home/cav330/f1tenth_ws/install/f1tenth_gym_ros:/opt/ros/foxy LD_LIBRARY_PATH=/home/cav330/f1tenth_ws/install/vesc_driver/lib:/home/cav330/f1tenth_ws/install/vesc_ackermann/lib:/home/cav330/f1tenth_ws/install/vesc_msgs/lib:/home/cav330/f1tenth_ws/install/teleop_tools_msgs/lib:/opt/ros/foxy/opt/yaml_cpp_vendor/lib:/opt/ros/foxy/opt/rviz_ogre_vendor/lib:/opt/ros/foxy/lib/aarch64-linux-gnu:/opt/ros/foxy/lib:/usr/local/cuda-11.4/lib64 NX_CONNECTION=192.168.33.135 50807 192.168.33.130 4000 PYTHONPATH=/home/cav330/f1tenth_ws/install/vesc_msgs/lib/python3.8/site-packages:/home/cav330/f1tenth_ws/install/f1tenth_stack/lib/python3.8/site-packages:/home/cav330/f1tenth_ws/install/joy_teleop/lib/python3.8/site-packages:/home/cav330/f1tenth_ws/install/teleop_tools_msgs/lib/python3.8/site-packages:/home/cav330/f1tenth_ws/install/mouse_teleop/lib/python3.8/site-packages:/home/cav330/f1tenth_ws/install/key_teleop/lib/python3.8/site-packages:/home/cav330/f1tenth_ws/install/f1tenth_gym_ros/lib/python3.8/site-packages:/opt/ros/foxy/lib/python3.8/site-packages /usr/bin/cmake --build /home/cav330/f1tenth_ws/build/vesc -- -j4 -l4
[10.467s] DEBUG:colcon.colcon_core.event_handler.log_command:Invoking command in '/home/cav330/f1tenth_ws/build/safety_node': CMAKE_PREFIX_PATH=${CMAKE_PREFIX_PATH}:/home/cav330/f1tenth_ws/install/f1tenth_stack:/home/cav330/f1tenth_ws/install/joy_teleop:/home/cav330/f1tenth_ws/install/mouse_teleop:/home/cav330/f1tenth_ws/install/key_teleop:/home/cav330/f1tenth_ws/install/f1tenth_gym_ros:/opt/ros/foxy NX_CONNECTION=192.168.33.135 50807 192.168.33.130 4000 /usr/bin/cmake --build /home/cav330/f1tenth_ws/build/safety_node -- -j4 -l4
[10.708s] DEBUG:colcon.colcon_core.event_handler.log_command:Invoked command in '/home/cav330/f1tenth_ws/build/vesc' returned '0': CMAKE_PREFIX_PATH=/home/cav330/f1tenth_ws/install/vesc_driver:/home/cav330/f1tenth_ws/install/vesc_ackermann:/home/cav330/f1tenth_ws/install/vesc_msgs:/home/cav330/f1tenth_ws/install/wall_follow:/home/cav330/f1tenth_ws/install/vesc:/home/cav330/f1tenth_ws/install/teleop_tools:/home/cav330/f1tenth_ws/install/teleop_tools_msgs:/home/cav330/f1tenth_ws/install/safety_node:/home/cav330/f1tenth_ws/install/ackermann_mux:/home/cav330/f1tenth_ws/install/f1tenth_stack:/home/cav330/f1tenth_ws/install/joy_teleop:/home/cav330/f1tenth_ws/install/mouse_teleop:/home/cav330/f1tenth_ws/install/key_teleop:/home/cav330/f1tenth_ws/install/f1tenth_gym_ros:/opt/ros/foxy LD_LIBRARY_PATH=/home/cav330/f1tenth_ws/install/vesc_driver/lib:/home/cav330/f1tenth_ws/install/vesc_ackermann/lib:/home/cav330/f1tenth_ws/install/vesc_msgs/lib:/home/cav330/f1tenth_ws/install/teleop_tools_msgs/lib:/opt/ros/foxy/opt/yaml_cpp_vendor/lib:/opt/ros/foxy/opt/rviz_ogre_vendor/lib:/opt/ros/foxy/lib/aarch64-linux-gnu:/opt/ros/foxy/lib:/usr/local/cuda-11.4/lib64 NX_CONNECTION=192.168.33.135 50807 192.168.33.130 4000 PYTHONPATH=/home/cav330/f1tenth_ws/install/vesc_msgs/lib/python3.8/site-packages:/home/cav330/f1tenth_ws/install/f1tenth_stack/lib/python3.8/site-packages:/home/cav330/f1tenth_ws/install/joy_teleop/lib/python3.8/site-packages:/home/cav330/f1tenth_ws/install/teleop_tools_msgs/lib/python3.8/site-packages:/home/cav330/f1tenth_ws/install/mouse_teleop/lib/python3.8/site-packages:/home/cav330/f1tenth_ws/install/key_teleop/lib/python3.8/site-packages:/home/cav330/f1tenth_ws/install/f1tenth_gym_ros/lib/python3.8/site-packages:/opt/ros/foxy/lib/python3.8/site-packages /usr/bin/cmake --build /home/cav330/f1tenth_ws/build/vesc -- -j4 -l4
[10.735s] DEBUG:colcon.colcon_core.event_handler.log_command:Invoking command in '/home/cav330/f1tenth_ws/build/vesc': CMAKE_PREFIX_PATH=/home/cav330/f1tenth_ws/install/vesc_driver:/home/cav330/f1tenth_ws/install/vesc_ackermann:/home/cav330/f1tenth_ws/install/vesc_msgs:/home/cav330/f1tenth_ws/install/wall_follow:/home/cav330/f1tenth_ws/install/vesc:/home/cav330/f1tenth_ws/install/teleop_tools:/home/cav330/f1tenth_ws/install/teleop_tools_msgs:/home/cav330/f1tenth_ws/install/safety_node:/home/cav330/f1tenth_ws/install/ackermann_mux:/home/cav330/f1tenth_ws/install/f1tenth_stack:/home/cav330/f1tenth_ws/install/joy_teleop:/home/cav330/f1tenth_ws/install/mouse_teleop:/home/cav330/f1tenth_ws/install/key_teleop:/home/cav330/f1tenth_ws/install/f1tenth_gym_ros:/opt/ros/foxy LD_LIBRARY_PATH=/home/cav330/f1tenth_ws/install/vesc_driver/lib:/home/cav330/f1tenth_ws/install/vesc_ackermann/lib:/home/cav330/f1tenth_ws/install/vesc_msgs/lib:/home/cav330/f1tenth_ws/install/teleop_tools_msgs/lib:/opt/ros/foxy/opt/yaml_cpp_vendor/lib:/opt/ros/foxy/opt/rviz_ogre_vendor/lib:/opt/ros/foxy/lib/aarch64-linux-gnu:/opt/ros/foxy/lib:/usr/local/cuda-11.4/lib64 NX_CONNECTION=192.168.33.135 50807 192.168.33.130 4000 PYTHONPATH=/home/cav330/f1tenth_ws/install/vesc_msgs/lib/python3.8/site-packages:/home/cav330/f1tenth_ws/install/f1tenth_stack/lib/python3.8/site-packages:/home/cav330/f1tenth_ws/install/joy_teleop/lib/python3.8/site-packages:/home/cav330/f1tenth_ws/install/teleop_tools_msgs/lib/python3.8/site-packages:/home/cav330/f1tenth_ws/install/mouse_teleop/lib/python3.8/site-packages:/home/cav330/f1tenth_ws/install/key_teleop/lib/python3.8/site-packages:/home/cav330/f1tenth_ws/install/f1tenth_gym_ros/lib/python3.8/site-packages:/opt/ros/foxy/lib/python3.8/site-packages /usr/bin/cmake --install /home/cav330/f1tenth_ws/build/vesc
[10.797s] Level 1:colcon.colcon_core.environment:create_environment_scripts_only(vesc)
[10.801s] Level 1:colcon.colcon_core.environment:checking '/home/cav330/f1tenth_ws/install/vesc' for CMake module files
[10.804s] DEBUG:colcon.colcon_core.event_handler.log_command:Invoked command in '/home/cav330/f1tenth_ws/build/vesc' returned '0': CMAKE_PREFIX_PATH=/home/cav330/f1tenth_ws/install/vesc_driver:/home/cav330/f1tenth_ws/install/vesc_ackermann:/home/cav330/f1tenth_ws/install/vesc_msgs:/home/cav330/f1tenth_ws/install/wall_follow:/home/cav330/f1tenth_ws/install/vesc:/home/cav330/f1tenth_ws/install/teleop_tools:/home/cav330/f1tenth_ws/install/teleop_tools_msgs:/home/cav330/f1tenth_ws/install/safety_node:/home/cav330/f1tenth_ws/install/ackermann_mux:/home/cav330/f1tenth_ws/install/f1tenth_stack:/home/cav330/f1tenth_ws/install/joy_teleop:/home/cav330/f1tenth_ws/install/mouse_teleop:/home/cav330/f1tenth_ws/install/key_teleop:/home/cav330/f1tenth_ws/install/f1tenth_gym_ros:/opt/ros/foxy LD_LIBRARY_PATH=/home/cav330/f1tenth_ws/install/vesc_driver/lib:/home/cav330/f1tenth_ws/install/vesc_ackermann/lib:/home/cav330/f1tenth_ws/install/vesc_msgs/lib:/home/cav330/f1tenth_ws/install/teleop_tools_msgs/lib:/opt/ros/foxy/opt/yaml_cpp_vendor/lib:/opt/ros/foxy/opt/rviz_ogre_vendor/lib:/opt/ros/foxy/lib/aarch64-linux-gnu:/opt/ros/foxy/lib:/usr/local/cuda-11.4/lib64 NX_CONNECTION=192.168.33.135 50807 192.168.33.130 4000 PYTHONPATH=/home/cav330/f1tenth_ws/install/vesc_msgs/lib/python3.8/site-packages:/home/cav330/f1tenth_ws/install/f1tenth_stack/lib/python3.8/site-packages:/home/cav330/f1tenth_ws/install/joy_teleop/lib/python3.8/site-packages:/home/cav330/f1tenth_ws/install/teleop_tools_msgs/lib/python3.8/site-packages:/home/cav330/f1tenth_ws/install/mouse_teleop/lib/python3.8/site-packages:/home/cav330/f1tenth_ws/install/key_teleop/lib/python3.8/site-packages:/home/cav330/f1tenth_ws/install/f1tenth_gym_ros/lib/python3.8/site-packages:/opt/ros/foxy/lib/python3.8/site-packages /usr/bin/cmake --install /home/cav330/f1tenth_ws/build/vesc
[10.806s] Level 1:colcon.colcon_core.environment:checking '/home/cav330/f1tenth_ws/install/vesc' for CMake config files
[10.808s] Level 1:colcon.colcon_core.shell:create_environment_hook('vesc', 'cmake_prefix_path')
[10.810s] INFO:colcon.colcon_core.shell:Creating environment hook '/home/cav330/f1tenth_ws/install/vesc/share/vesc/hook/cmake_prefix_path.ps1'
[10.815s] INFO:colcon.colcon_core.shell:Creating environment descriptor '/home/cav330/f1tenth_ws/install/vesc/share/vesc/hook/cmake_prefix_path.dsv'
[10.817s] INFO:colcon.colcon_core.shell:Creating environment hook '/home/cav330/f1tenth_ws/install/vesc/share/vesc/hook/cmake_prefix_path.sh'
[10.820s] Level 1:colcon.colcon_core.environment:checking '/home/cav330/f1tenth_ws/install/vesc/bin'
[10.820s] Level 1:colcon.colcon_core.environment:checking '/home/cav330/f1tenth_ws/install/vesc/lib/pkgconfig/vesc.pc'
[10.821s] Level 1:colcon.colcon_core.environment:checking '/home/cav330/f1tenth_ws/install/vesc/lib/python3.8/site-packages'
[10.822s] Level 1:colcon.colcon_core.environment:checking '/home/cav330/f1tenth_ws/install/vesc/bin'
[10.824s] INFO:colcon.colcon_core.shell:Creating package script '/home/cav330/f1tenth_ws/install/vesc/share/vesc/package.ps1'
[10.826s] INFO:colcon.colcon_core.shell:Creating package descriptor '/home/cav330/f1tenth_ws/install/vesc/share/vesc/package.dsv'
[10.828s] INFO:colcon.colcon_core.shell:Creating package script '/home/cav330/f1tenth_ws/install/vesc/share/vesc/package.sh'
[10.830s] INFO:colcon.colcon_core.shell:Creating package script '/home/cav330/f1tenth_ws/install/vesc/share/vesc/package.bash'
[10.832s] INFO:colcon.colcon_core.shell:Creating package script '/home/cav330/f1tenth_ws/install/vesc/share/vesc/package.zsh'
[10.834s] Level 1:colcon.colcon_core.environment:create_file_with_runtime_dependencies(/home/cav330/f1tenth_ws/install/vesc/share/colcon-core/packages/vesc)
[10.837s] Level 1:colcon.colcon_core.environment:create_environment_scripts_only(vesc)
[10.838s] Level 1:colcon.colcon_core.environment:checking '/home/cav330/f1tenth_ws/install/vesc' for CMake module files
[10.840s] Level 1:colcon.colcon_core.environment:checking '/home/cav330/f1tenth_ws/install/vesc' for CMake config files
[10.842s] Level 1:colcon.colcon_core.shell:create_environment_hook('vesc', 'cmake_prefix_path')
[10.843s] INFO:colcon.colcon_core.shell:Creating environment hook '/home/cav330/f1tenth_ws/install/vesc/share/vesc/hook/cmake_prefix_path.ps1'
[10.846s] INFO:colcon.colcon_core.shell:Creating environment descriptor '/home/cav330/f1tenth_ws/install/vesc/share/vesc/hook/cmake_prefix_path.dsv'
[10.848s] INFO:colcon.colcon_core.shell:Creating environment hook '/home/cav330/f1tenth_ws/install/vesc/share/vesc/hook/cmake_prefix_path.sh'
[10.853s] Level 1:colcon.colcon_core.environment:checking '/home/cav330/f1tenth_ws/install/vesc/bin'
[10.854s] Level 1:colcon.colcon_core.environment:checking '/home/cav330/f1tenth_ws/install/vesc/lib/pkgconfig/vesc.pc'
[10.856s] Level 1:colcon.colcon_core.environment:checking '/home/cav330/f1tenth_ws/install/vesc/lib/python3.8/site-packages'
[10.857s] Level 1:colcon.colcon_core.environment:checking '/home/cav330/f1tenth_ws/install/vesc/bin'
[10.862s] INFO:colcon.colcon_core.shell:Creating package script '/home/cav330/f1tenth_ws/install/vesc/share/vesc/package.ps1'
[10.869s] INFO:colcon.colcon_core.shell:Creating package descriptor '/home/cav330/f1tenth_ws/install/vesc/share/vesc/package.dsv'
[10.873s] INFO:colcon.colcon_core.shell:Creating package script '/home/cav330/f1tenth_ws/install/vesc/share/vesc/package.sh'
[10.875s] INFO:colcon.colcon_core.shell:Creating package script '/home/cav330/f1tenth_ws/install/vesc/share/vesc/package.bash'
[10.877s] INFO:colcon.colcon_core.shell:Creating package script '/home/cav330/f1tenth_ws/install/vesc/share/vesc/package.zsh'
[10.880s] Level 1:colcon.colcon_core.environment:create_file_with_runtime_dependencies(/home/cav330/f1tenth_ws/install/vesc/share/colcon-core/packages/vesc)
[10.883s] INFO:colcon.colcon_ros.task.ament_cmake.build:Building ROS package in '/home/cav330/f1tenth_ws/src/wall_follow' with build type 'ament_cmake'
[10.884s] INFO:colcon.colcon_cmake.task.cmake.build:Building CMake package in '/home/cav330/f1tenth_ws/src/wall_follow'
[10.886s] INFO:colcon.colcon_core.shell:Skip shell extension 'powershell' for command environment: Not usable outside of PowerShell
[10.886s] DEBUG:colcon.colcon_core.shell:Skip shell extension 'dsv' for command environment
[10.989s] DEBUG:colcon.colcon_core.event_handler.log_command:Invoked command in '/home/cav330/f1tenth_ws/build/safety_node' returned '0': CMAKE_PREFIX_PATH=${CMAKE_PREFIX_PATH}:/home/cav330/f1tenth_ws/install/f1tenth_stack:/home/cav330/f1tenth_ws/install/joy_teleop:/home/cav330/f1tenth_ws/install/mouse_teleop:/home/cav330/f1tenth_ws/install/key_teleop:/home/cav330/f1tenth_ws/install/f1tenth_gym_ros:/opt/ros/foxy NX_CONNECTION=192.168.33.135 50807 192.168.33.130 4000 /usr/bin/cmake --build /home/cav330/f1tenth_ws/build/safety_node -- -j4 -l4
[11.009s] DEBUG:colcon.colcon_core.event_handler.log_command:Invoking command in '/home/cav330/f1tenth_ws/build/safety_node': CMAKE_PREFIX_PATH=${CMAKE_PREFIX_PATH}:/home/cav330/f1tenth_ws/install/f1tenth_stack:/home/cav330/f1tenth_ws/install/joy_teleop:/home/cav330/f1tenth_ws/install/mouse_teleop:/home/cav330/f1tenth_ws/install/key_teleop:/home/cav330/f1tenth_ws/install/f1tenth_gym_ros:/opt/ros/foxy NX_CONNECTION=192.168.33.135 50807 192.168.33.130 4000 /usr/bin/cmake --install /home/cav330/f1tenth_ws/build/safety_node
[11.031s] DEBUG:colcon.colcon_core.event_handler.log_command:Invoking command in '/home/cav330/f1tenth_ws/build/wall_follow': CMAKE_PREFIX_PATH=${CMAKE_PREFIX_PATH}:/home/cav330/f1tenth_ws/install/f1tenth_stack:/home/cav330/f1tenth_ws/install/joy_teleop:/home/cav330/f1tenth_ws/install/mouse_teleop:/home/cav330/f1tenth_ws/install/key_teleop:/home/cav330/f1tenth_ws/install/f1tenth_gym_ros:/opt/ros/foxy NX_CONNECTION=192.168.33.135 50807 192.168.33.130 4000 /usr/bin/cmake --build /home/cav330/f1tenth_ws/build/wall_follow -- -j4 -l4
[11.097s] Level 1:colcon.colcon_core.environment:create_environment_scripts_only(safety_node)
[11.100s] Level 1:colcon.colcon_core.environment:checking '/home/cav330/f1tenth_ws/install/safety_node' for CMake module files
[11.103s] Level 1:colcon.colcon_core.environment:checking '/home/cav330/f1tenth_ws/install/safety_node' for CMake config files
[11.105s] Level 1:colcon.colcon_core.shell:create_environment_hook('safety_node', 'cmake_prefix_path')
[11.107s] INFO:colcon.colcon_core.shell:Creating environment hook '/home/cav330/f1tenth_ws/install/safety_node/share/safety_node/hook/cmake_prefix_path.ps1'
[11.112s] DEBUG:colcon.colcon_core.event_handler.log_command:Invoked command in '/home/cav330/f1tenth_ws/build/safety_node' returned '0': CMAKE_PREFIX_PATH=${CMAKE_PREFIX_PATH}:/home/cav330/f1tenth_ws/install/f1tenth_stack:/home/cav330/f1tenth_ws/install/joy_teleop:/home/cav330/f1tenth_ws/install/mouse_teleop:/home/cav330/f1tenth_ws/install/key_teleop:/home/cav330/f1tenth_ws/install/f1tenth_gym_ros:/opt/ros/foxy NX_CONNECTION=192.168.33.135 50807 192.168.33.130 4000 /usr/bin/cmake --install /home/cav330/f1tenth_ws/build/safety_node
[11.115s] INFO:colcon.colcon_core.shell:Creating environment descriptor '/home/cav330/f1tenth_ws/install/safety_node/share/safety_node/hook/cmake_prefix_path.dsv'
[11.117s] INFO:colcon.colcon_core.shell:Creating environment hook '/home/cav330/f1tenth_ws/install/safety_node/share/safety_node/hook/cmake_prefix_path.sh'
[11.122s] Level 1:colcon.colcon_core.environment:checking '/home/cav330/f1tenth_ws/install/safety_node/lib'
[11.122s] Level 1:colcon.colcon_core.environment:checking '/home/cav330/f1tenth_ws/install/safety_node/bin'
[11.122s] Level 1:colcon.colcon_core.environment:checking '/home/cav330/f1tenth_ws/install/safety_node/lib/pkgconfig/safety_node.pc'
[11.124s] Level 1:colcon.colcon_core.environment:checking '/home/cav330/f1tenth_ws/install/safety_node/lib/python3.8/site-packages'
[11.125s] Level 1:colcon.colcon_core.environment:checking '/home/cav330/f1tenth_ws/install/safety_node/bin'
[11.126s] INFO:colcon.colcon_core.shell:Creating package script '/home/cav330/f1tenth_ws/install/safety_node/share/safety_node/package.ps1'
[11.129s] INFO:colcon.colcon_core.shell:Creating package descriptor '/home/cav330/f1tenth_ws/install/safety_node/share/safety_node/package.dsv'
[11.134s] INFO:colcon.colcon_core.shell:Creating package script '/home/cav330/f1tenth_ws/install/safety_node/share/safety_node/package.sh'
[11.140s] INFO:colcon.colcon_core.shell:Creating package script '/home/cav330/f1tenth_ws/install/safety_node/share/safety_node/package.bash'
[11.142s] INFO:colcon.colcon_core.shell:Creating package script '/home/cav330/f1tenth_ws/install/safety_node/share/safety_node/package.zsh'
[11.144s] Level 1:colcon.colcon_core.environment:create_file_with_runtime_dependencies(/home/cav330/f1tenth_ws/install/safety_node/share/colcon-core/packages/safety_node)
[11.148s] Level 1:colcon.colcon_core.environment:create_environment_scripts_only(safety_node)
[11.150s] Level 1:colcon.colcon_core.environment:checking '/home/cav330/f1tenth_ws/install/safety_node' for CMake module files
[11.152s] Level 1:colcon.colcon_core.environment:checking '/home/cav330/f1tenth_ws/install/safety_node' for CMake config files
[11.154s] Level 1:colcon.colcon_core.shell:create_environment_hook('safety_node', 'cmake_prefix_path')
[11.155s] INFO:colcon.colcon_core.shell:Creating environment hook '/home/cav330/f1tenth_ws/install/safety_node/share/safety_node/hook/cmake_prefix_path.ps1'
[11.157s] INFO:colcon.colcon_core.shell:Creating environment descriptor '/home/cav330/f1tenth_ws/install/safety_node/share/safety_node/hook/cmake_prefix_path.dsv'
[11.159s] INFO:colcon.colcon_core.shell:Creating environment hook '/home/cav330/f1tenth_ws/install/safety_node/share/safety_node/hook/cmake_prefix_path.sh'
[11.162s] Level 1:colcon.colcon_core.environment:checking '/home/cav330/f1tenth_ws/install/safety_node/lib'
[11.162s] Level 1:colcon.colcon_core.environment:checking '/home/cav330/f1tenth_ws/install/safety_node/bin'
[11.163s] Level 1:colcon.colcon_core.environment:checking '/home/cav330/f1tenth_ws/install/safety_node/lib/pkgconfig/safety_node.pc'
[11.163s] Level 1:colcon.colcon_core.environment:checking '/home/cav330/f1tenth_ws/install/safety_node/lib/python3.8/site-packages'
[11.164s] Level 1:colcon.colcon_core.environment:checking '/home/cav330/f1tenth_ws/install/safety_node/bin'
[11.165s] INFO:colcon.colcon_core.shell:Creating package script '/home/cav330/f1tenth_ws/install/safety_node/share/safety_node/package.ps1'
[11.168s] INFO:colcon.colcon_core.shell:Creating package descriptor '/home/cav330/f1tenth_ws/install/safety_node/share/safety_node/package.dsv'
[11.171s] INFO:colcon.colcon_core.shell:Creating package script '/home/cav330/f1tenth_ws/install/safety_node/share/safety_node/package.sh'
[11.177s] INFO:colcon.colcon_core.shell:Creating package script '/home/cav330/f1tenth_ws/install/safety_node/share/safety_node/package.bash'
[11.180s] INFO:colcon.colcon_core.shell:Creating package script '/home/cav330/f1tenth_ws/install/safety_node/share/safety_node/package.zsh'
[11.182s] Level 1:colcon.colcon_core.environment:create_file_with_runtime_dependencies(/home/cav330/f1tenth_ws/install/safety_node/share/colcon-core/packages/safety_node)
[11.773s] Level 1:colcon.colcon_core.environment:checking '/home/cav330/f1tenth_ws/install/joy_teleop' for CMake module files
[11.776s] Level 1:colcon.colcon_core.environment:checking '/home/cav330/f1tenth_ws/install/joy_teleop' for CMake config files
[11.782s] Level 1:colcon.colcon_core.environment:checking '/home/cav330/f1tenth_ws/install/joy_teleop/lib'
[11.783s] Level 1:colcon.colcon_core.environment:checking '/home/cav330/f1tenth_ws/install/joy_teleop/bin'
[11.785s] Level 1:colcon.colcon_core.environment:checking '/home/cav330/f1tenth_ws/install/joy_teleop/lib/pkgconfig/joy_teleop.pc'
[11.785s] Level 1:colcon.colcon_core.environment:checking '/home/cav330/f1tenth_ws/install/joy_teleop/lib/python3.8/site-packages'
[11.787s] Level 1:colcon.colcon_core.shell:create_environment_hook('joy_teleop', 'pythonpath')
[11.790s] INFO:colcon.colcon_core.shell:Creating environment hook '/home/cav330/f1tenth_ws/install/joy_teleop/share/joy_teleop/hook/pythonpath.ps1'
[11.792s] INFO:colcon.colcon_core.shell:Creating environment descriptor '/home/cav330/f1tenth_ws/install/joy_teleop/share/joy_teleop/hook/pythonpath.dsv'
[11.794s] DEBUG:colcon.colcon_core.event_handler.log_command:Invoked command in '/home/cav330/f1tenth_ws/src/f1tenth_system/teleop_tools/joy_teleop' returned '0': CMAKE_PREFIX_PATH=/home/cav330/f1tenth_ws/install/teleop_tools_msgs:/home/cav330/f1tenth_ws/install/wall_follow:/home/cav330/f1tenth_ws/install/vesc:/home/cav330/f1tenth_ws/install/vesc_driver:/home/cav330/f1tenth_ws/install/vesc_ackermann:/home/cav330/f1tenth_ws/install/vesc_msgs:/home/cav330/f1tenth_ws/install/teleop_tools:/home/cav330/f1tenth_ws/install/safety_node:/home/cav330/f1tenth_ws/install/ackermann_mux LD_LIBRARY_PATH=/home/cav330/f1tenth_ws/install/teleop_tools_msgs/lib:/home/cav330/f1tenth_ws/install/vesc_driver/lib:/home/cav330/f1tenth_ws/install/vesc_ackermann/lib:/home/cav330/f1tenth_ws/install/vesc_msgs/lib:/opt/ros/foxy/opt/yaml_cpp_vendor/lib:/opt/ros/foxy/opt/rviz_ogre_vendor/lib:/opt/ros/foxy/lib/aarch64-linux-gnu:/opt/ros/foxy/lib:/usr/local/cuda-11.4/lib64 NX_CONNECTION=192.168.33.135 50807 192.168.33.130 4000 PYTHONPATH=/home/cav330/f1tenth_ws/build/joy_teleop/prefix_override:/usr/lib/python3/dist-packages/colcon_core/task/python/colcon_distutils_commands:/home/cav330/f1tenth_ws/install/joy_teleop/lib/python3.8/site-packages:/home/cav330/f1tenth_ws/install/teleop_tools_msgs/lib/python3.8/site-packages:/home/cav330/f1tenth_ws/install/f1tenth_stack/lib/python3.8/site-packages:/home/cav330/f1tenth_ws/install/vesc_msgs/lib/python3.8/site-packages:/home/cav330/f1tenth_ws/install/joy_teleop/lib/python3.8/site-packages:/home/cav330/f1tenth_ws/install/mouse_teleop/lib/python3.8/site-packages:/home/cav330/f1tenth_ws/install/key_teleop/lib/python3.8/site-packages:/home/cav330/f1tenth_ws/install/f1tenth_gym_ros/lib/python3.8/site-packages:/opt/ros/foxy/lib/python3.8/site-packages /usr/bin/python3 -W ignore:setup.py install is deprecated -W ignore:easy_install command is deprecated setup.py egg_info --egg-base ../../../../build/joy_teleop build --build-base /home/cav330/f1tenth_ws/build/joy_teleop/build install --record /home/cav330/f1tenth_ws/build/joy_teleop/install.log --install-scripts $base/lib/joy_teleop --single-version-externally-managed install_data
[11.797s] INFO:colcon.colcon_core.shell:Creating environment hook '/home/cav330/f1tenth_ws/install/joy_teleop/share/joy_teleop/hook/pythonpath.sh'
[11.800s] Level 1:colcon.colcon_core.environment:checking '/home/cav330/f1tenth_ws/install/joy_teleop/bin'
[11.800s] Level 1:colcon.colcon_core.environment:create_environment_scripts_only(joy_teleop)
[11.801s] INFO:colcon.colcon_core.shell:Creating package script '/home/cav330/f1tenth_ws/install/joy_teleop/share/joy_teleop/package.ps1'
[11.804s] INFO:colcon.colcon_core.shell:Creating package descriptor '/home/cav330/f1tenth_ws/install/joy_teleop/share/joy_teleop/package.dsv'
[11.806s] INFO:colcon.colcon_core.shell:Creating package script '/home/cav330/f1tenth_ws/install/joy_teleop/share/joy_teleop/package.sh'
[11.808s] INFO:colcon.colcon_core.shell:Creating package script '/home/cav330/f1tenth_ws/install/joy_teleop/share/joy_teleop/package.bash'
[11.810s] INFO:colcon.colcon_core.shell:Creating package script '/home/cav330/f1tenth_ws/install/joy_teleop/share/joy_teleop/package.zsh'
[11.812s] Level 1:colcon.colcon_core.environment:create_file_with_runtime_dependencies(/home/cav330/f1tenth_ws/install/joy_teleop/share/colcon-core/packages/joy_teleop)
[11.817s] INFO:colcon.colcon_ros.task.ament_cmake.build:Building ROS package in '/home/cav330/f1tenth_ws/src/f1tenth_system/teleop_tools/teleop_tools' with build type 'ament_cmake'
[11.818s] INFO:colcon.colcon_cmake.task.cmake.build:Building CMake package in '/home/cav330/f1tenth_ws/src/f1tenth_system/teleop_tools/teleop_tools'
[11.819s] INFO:colcon.colcon_core.shell:Skip shell extension 'powershell' for command environment: Not usable outside of PowerShell
[11.819s] DEBUG:colcon.colcon_core.shell:Skip shell extension 'dsv' for command environment
[11.867s] INFO:colcon.colcon_ros.task.ament_python.build:Building ROS package in '/home/cav330/f1tenth_ws/src/f1tenth_system/f1tenth_stack' with build type 'ament_python'
[11.870s] Level 1:colcon.colcon_core.shell:create_environment_hook('f1tenth_stack', 'ament_prefix_path')
[11.885s] INFO:colcon.colcon_core.shell:Creating environment hook '/home/cav330/f1tenth_ws/install/f1tenth_stack/share/f1tenth_stack/hook/ament_prefix_path.ps1'
[11.893s] INFO:colcon.colcon_core.shell:Creating environment descriptor '/home/cav330/f1tenth_ws/install/f1tenth_stack/share/f1tenth_stack/hook/ament_prefix_path.dsv'
[11.896s] INFO:colcon.colcon_core.shell:Creating environment hook '/home/cav330/f1tenth_ws/install/f1tenth_stack/share/f1tenth_stack/hook/ament_prefix_path.sh'
[11.899s] INFO:colcon.colcon_core.shell:Skip shell extension 'powershell' for command environment: Not usable outside of PowerShell
[11.899s] DEBUG:colcon.colcon_core.shell:Skip shell extension 'dsv' for command environment
[11.990s] DEBUG:colcon.colcon_core.event_handler.log_command:Invoking command in '/home/cav330/f1tenth_ws/build/teleop_tools': AMENT_PREFIX_PATH=/home/cav330/f1tenth_ws/install/joy_teleop:/home/cav330/f1tenth_ws/install/key_teleop:/home/cav330/f1tenth_ws/install/wall_follow:/home/cav330/f1tenth_ws/install/f1tenth_stack:/home/cav330/f1tenth_ws/install/vesc:/home/cav330/f1tenth_ws/install/vesc_driver:/home/cav330/f1tenth_ws/install/vesc_ackermann:/home/cav330/f1tenth_ws/install/vesc_msgs:/home/cav330/f1tenth_ws/install/teleop_tools:/home/cav330/f1tenth_ws/install/teleop_tools_msgs:/home/cav330/f1tenth_ws/install/safety_node:/home/cav330/f1tenth_ws/install/mouse_teleop:/home/cav330/f1tenth_ws/install/f1tenth_gym_ros:/home/cav330/f1tenth_ws/install/ackermann_mux:/opt/ros/foxy CMAKE_PREFIX_PATH=/home/cav330/f1tenth_ws/install/teleop_tools_msgs:/home/cav330/f1tenth_ws/install/wall_follow:/home/cav330/f1tenth_ws/install/vesc:/home/cav330/f1tenth_ws/install/vesc_driver:/home/cav330/f1tenth_ws/install/vesc_ackermann:/home/cav330/f1tenth_ws/install/vesc_msgs:/home/cav330/f1tenth_ws/install/teleop_tools:/home/cav330/f1tenth_ws/install/safety_node:/home/cav330/f1tenth_ws/install/ackermann_mux:/home/cav330/f1tenth_ws/install/f1tenth_stack:/home/cav330/f1tenth_ws/install/joy_teleop:/home/cav330/f1tenth_ws/install/mouse_teleop:/home/cav330/f1tenth_ws/install/key_teleop:/home/cav330/f1tenth_ws/install/f1tenth_gym_ros:/opt/ros/foxy LD_LIBRARY_PATH=/home/cav330/f1tenth_ws/install/teleop_tools_msgs/lib:/home/cav330/f1tenth_ws/install/vesc_driver/lib:/home/cav330/f1tenth_ws/install/vesc_ackermann/lib:/home/cav330/f1tenth_ws/install/vesc_msgs/lib:/opt/ros/foxy/opt/yaml_cpp_vendor/lib:/opt/ros/foxy/opt/rviz_ogre_vendor/lib:/opt/ros/foxy/lib/aarch64-linux-gnu:/opt/ros/foxy/lib:/usr/local/cuda-11.4/lib64 NX_CONNECTION=192.168.33.135 50807 192.168.33.130 4000 PYTHONPATH=/home/cav330/f1tenth_ws/install/joy_teleop/lib/python3.8/site-packages:/home/cav330/f1tenth_ws/install/teleop_tools_msgs/lib/python3.8/site-packages:/home/cav330/f1tenth_ws/install/key_teleop/lib/python3.8/site-packages:/home/cav330/f1tenth_ws/install/f1tenth_stack/lib/python3.8/site-packages:/home/cav330/f1tenth_ws/install/vesc_msgs/lib/python3.8/site-packages:/home/cav330/f1tenth_ws/install/mouse_teleop/lib/python3.8/site-packages:/home/cav330/f1tenth_ws/install/f1tenth_gym_ros/lib/python3.8/site-packages:/opt/ros/foxy/lib/python3.8/site-packages /usr/bin/cmake --build /home/cav330/f1tenth_ws/build/teleop_tools -- -j4 -l4
[13.190s] INFO:colcon.colcon_core.task.python.build:Building Python package in '/home/cav330/f1tenth_ws/src/f1tenth_system/f1tenth_stack'
[13.194s] INFO:colcon.colcon_core.shell:Skip shell extension 'powershell' for command environment: Not usable outside of PowerShell
[13.195s] DEBUG:colcon.colcon_core.shell:Skip shell extension 'dsv' for command environment
[13.273s] DEBUG:colcon.colcon_core.event_handler.log_command:Invoking command in '/home/cav330/f1tenth_ws/src/f1tenth_system/teleop_tools/mouse_teleop': NX_CONNECTION=192.168.33.135 50807 192.168.33.130 4000 PYTHONPATH=/home/cav330/f1tenth_ws/build/mouse_teleop/prefix_override:/usr/lib/python3/dist-packages/colcon_core/task/python/colcon_distutils_commands:/home/cav330/f1tenth_ws/install/mouse_teleop/lib/python3.8/site-packages:${PYTHONPATH} /usr/bin/python3 -W ignore:setup.py install is deprecated -W ignore:easy_install command is deprecated setup.py egg_info --egg-base ../../../../build/mouse_teleop build --build-base /home/cav330/f1tenth_ws/build/mouse_teleop/build install --record /home/cav330/f1tenth_ws/build/mouse_teleop/install.log --install-scripts $base/lib/mouse_teleop --single-version-externally-managed install_data
[13.290s] DEBUG:colcon.colcon_core.event_handler.log_command:Invoked command in '/home/cav330/f1tenth_ws/build/teleop_tools' returned '0': AMENT_PREFIX_PATH=/home/cav330/f1tenth_ws/install/joy_teleop:/home/cav330/f1tenth_ws/install/key_teleop:/home/cav330/f1tenth_ws/install/wall_follow:/home/cav330/f1tenth_ws/install/f1tenth_stack:/home/cav330/f1tenth_ws/install/vesc:/home/cav330/f1tenth_ws/install/vesc_driver:/home/cav330/f1tenth_ws/install/vesc_ackermann:/home/cav330/f1tenth_ws/install/vesc_msgs:/home/cav330/f1tenth_ws/install/teleop_tools:/home/cav330/f1tenth_ws/install/teleop_tools_msgs:/home/cav330/f1tenth_ws/install/safety_node:/home/cav330/f1tenth_ws/install/mouse_teleop:/home/cav330/f1tenth_ws/install/f1tenth_gym_ros:/home/cav330/f1tenth_ws/install/ackermann_mux:/opt/ros/foxy CMAKE_PREFIX_PATH=/home/cav330/f1tenth_ws/install/teleop_tools_msgs:/home/cav330/f1tenth_ws/install/wall_follow:/home/cav330/f1tenth_ws/install/vesc:/home/cav330/f1tenth_ws/install/vesc_driver:/home/cav330/f1tenth_ws/install/vesc_ackermann:/home/cav330/f1tenth_ws/install/vesc_msgs:/home/cav330/f1tenth_ws/install/teleop_tools:/home/cav330/f1tenth_ws/install/safety_node:/home/cav330/f1tenth_ws/install/ackermann_mux:/home/cav330/f1tenth_ws/install/f1tenth_stack:/home/cav330/f1tenth_ws/install/joy_teleop:/home/cav330/f1tenth_ws/install/mouse_teleop:/home/cav330/f1tenth_ws/install/key_teleop:/home/cav330/f1tenth_ws/install/f1tenth_gym_ros:/opt/ros/foxy LD_LIBRARY_PATH=/home/cav330/f1tenth_ws/install/teleop_tools_msgs/lib:/home/cav330/f1tenth_ws/install/vesc_driver/lib:/home/cav330/f1tenth_ws/install/vesc_ackermann/lib:/home/cav330/f1tenth_ws/install/vesc_msgs/lib:/opt/ros/foxy/opt/yaml_cpp_vendor/lib:/opt/ros/foxy/opt/rviz_ogre_vendor/lib:/opt/ros/foxy/lib/aarch64-linux-gnu:/opt/ros/foxy/lib:/usr/local/cuda-11.4/lib64 NX_CONNECTION=192.168.33.135 50807 192.168.33.130 4000 PYTHONPATH=/home/cav330/f1tenth_ws/install/joy_teleop/lib/python3.8/site-packages:/home/cav330/f1tenth_ws/install/teleop_tools_msgs/lib/python3.8/site-packages:/home/cav330/f1tenth_ws/install/key_teleop/lib/python3.8/site-packages:/home/cav330/f1tenth_ws/install/f1tenth_stack/lib/python3.8/site-packages:/home/cav330/f1tenth_ws/install/vesc_msgs/lib/python3.8/site-packages:/home/cav330/f1tenth_ws/install/mouse_teleop/lib/python3.8/site-packages:/home/cav330/f1tenth_ws/install/f1tenth_gym_ros/lib/python3.8/site-packages:/opt/ros/foxy/lib/python3.8/site-packages /usr/bin/cmake --build /home/cav330/f1tenth_ws/build/teleop_tools -- -j4 -l4
[13.312s] DEBUG:colcon.colcon_core.event_handler.log_command:Invoking command in '/home/cav330/f1tenth_ws/build/teleop_tools': AMENT_PREFIX_PATH=/home/cav330/f1tenth_ws/install/joy_teleop:/home/cav330/f1tenth_ws/install/key_teleop:/home/cav330/f1tenth_ws/install/wall_follow:/home/cav330/f1tenth_ws/install/f1tenth_stack:/home/cav330/f1tenth_ws/install/vesc:/home/cav330/f1tenth_ws/install/vesc_driver:/home/cav330/f1tenth_ws/install/vesc_ackermann:/home/cav330/f1tenth_ws/install/vesc_msgs:/home/cav330/f1tenth_ws/install/teleop_tools:/home/cav330/f1tenth_ws/install/teleop_tools_msgs:/home/cav330/f1tenth_ws/install/safety_node:/home/cav330/f1tenth_ws/install/mouse_teleop:/home/cav330/f1tenth_ws/install/f1tenth_gym_ros:/home/cav330/f1tenth_ws/install/ackermann_mux:/opt/ros/foxy CMAKE_PREFIX_PATH=/home/cav330/f1tenth_ws/install/teleop_tools_msgs:/home/cav330/f1tenth_ws/install/wall_follow:/home/cav330/f1tenth_ws/install/vesc:/home/cav330/f1tenth_ws/install/vesc_driver:/home/cav330/f1tenth_ws/install/vesc_ackermann:/home/cav330/f1tenth_ws/install/vesc_msgs:/home/cav330/f1tenth_ws/install/teleop_tools:/home/cav330/f1tenth_ws/install/safety_node:/home/cav330/f1tenth_ws/install/ackermann_mux:/home/cav330/f1tenth_ws/install/f1tenth_stack:/home/cav330/f1tenth_ws/install/joy_teleop:/home/cav330/f1tenth_ws/install/mouse_teleop:/home/cav330/f1tenth_ws/install/key_teleop:/home/cav330/f1tenth_ws/install/f1tenth_gym_ros:/opt/ros/foxy LD_LIBRARY_PATH=/home/cav330/f1tenth_ws/install/teleop_tools_msgs/lib:/home/cav330/f1tenth_ws/install/vesc_driver/lib:/home/cav330/f1tenth_ws/install/vesc_ackermann/lib:/home/cav330/f1tenth_ws/install/vesc_msgs/lib:/opt/ros/foxy/opt/yaml_cpp_vendor/lib:/opt/ros/foxy/opt/rviz_ogre_vendor/lib:/opt/ros/foxy/lib/aarch64-linux-gnu:/opt/ros/foxy/lib:/usr/local/cuda-11.4/lib64 NX_CONNECTION=192.168.33.135 50807 192.168.33.130 4000 PYTHONPATH=/home/cav330/f1tenth_ws/install/joy_teleop/lib/python3.8/site-packages:/home/cav330/f1tenth_ws/install/teleop_tools_msgs/lib/python3.8/site-packages:/home/cav330/f1tenth_ws/install/key_teleop/lib/python3.8/site-packages:/home/cav330/f1tenth_ws/install/f1tenth_stack/lib/python3.8/site-packages:/home/cav330/f1tenth_ws/install/vesc_msgs/lib/python3.8/site-packages:/home/cav330/f1tenth_ws/install/mouse_teleop/lib/python3.8/site-packages:/home/cav330/f1tenth_ws/install/f1tenth_gym_ros/lib/python3.8/site-packages:/opt/ros/foxy/lib/python3.8/site-packages /usr/bin/cmake --install /home/cav330/f1tenth_ws/build/teleop_tools
[13.404s] Level 1:colcon.colcon_core.environment:create_environment_scripts_only(teleop_tools)
[13.407s] DEBUG:colcon.colcon_core.event_handler.log_command:Invoked command in '/home/cav330/f1tenth_ws/build/teleop_tools' returned '0': AMENT_PREFIX_PATH=/home/cav330/f1tenth_ws/install/joy_teleop:/home/cav330/f1tenth_ws/install/key_teleop:/home/cav330/f1tenth_ws/install/wall_follow:/home/cav330/f1tenth_ws/install/f1tenth_stack:/home/cav330/f1tenth_ws/install/vesc:/home/cav330/f1tenth_ws/install/vesc_driver:/home/cav330/f1tenth_ws/install/vesc_ackermann:/home/cav330/f1tenth_ws/install/vesc_msgs:/home/cav330/f1tenth_ws/install/teleop_tools:/home/cav330/f1tenth_ws/install/teleop_tools_msgs:/home/cav330/f1tenth_ws/install/safety_node:/home/cav330/f1tenth_ws/install/mouse_teleop:/home/cav330/f1tenth_ws/install/f1tenth_gym_ros:/home/cav330/f1tenth_ws/install/ackermann_mux:/opt/ros/foxy CMAKE_PREFIX_PATH=/home/cav330/f1tenth_ws/install/teleop_tools_msgs:/home/cav330/f1tenth_ws/install/wall_follow:/home/cav330/f1tenth_ws/install/vesc:/home/cav330/f1tenth_ws/install/vesc_driver:/home/cav330/f1tenth_ws/install/vesc_ackermann:/home/cav330/f1tenth_ws/install/vesc_msgs:/home/cav330/f1tenth_ws/install/teleop_tools:/home/cav330/f1tenth_ws/install/safety_node:/home/cav330/f1tenth_ws/install/ackermann_mux:/home/cav330/f1tenth_ws/install/f1tenth_stack:/home/cav330/f1tenth_ws/install/joy_teleop:/home/cav330/f1tenth_ws/install/mouse_teleop:/home/cav330/f1tenth_ws/install/key_teleop:/home/cav330/f1tenth_ws/install/f1tenth_gym_ros:/opt/ros/foxy LD_LIBRARY_PATH=/home/cav330/f1tenth_ws/install/teleop_tools_msgs/lib:/home/cav330/f1tenth_ws/install/vesc_driver/lib:/home/cav330/f1tenth_ws/install/vesc_ackermann/lib:/home/cav330/f1tenth_ws/install/vesc_msgs/lib:/opt/ros/foxy/opt/yaml_cpp_vendor/lib:/opt/ros/foxy/opt/rviz_ogre_vendor/lib:/opt/ros/foxy/lib/aarch64-linux-gnu:/opt/ros/foxy/lib:/usr/local/cuda-11.4/lib64 NX_CONNECTION=192.168.33.135 50807 192.168.33.130 4000 PYTHONPATH=/home/cav330/f1tenth_ws/install/joy_teleop/lib/python3.8/site-packages:/home/cav330/f1tenth_ws/install/teleop_tools_msgs/lib/python3.8/site-packages:/home/cav330/f1tenth_ws/install/key_teleop/lib/python3.8/site-packages:/home/cav330/f1tenth_ws/install/f1tenth_stack/lib/python3.8/site-packages:/home/cav330/f1tenth_ws/install/vesc_msgs/lib/python3.8/site-packages:/home/cav330/f1tenth_ws/install/mouse_teleop/lib/python3.8/site-packages:/home/cav330/f1tenth_ws/install/f1tenth_gym_ros/lib/python3.8/site-packages:/opt/ros/foxy/lib/python3.8/site-packages /usr/bin/cmake --install /home/cav330/f1tenth_ws/build/teleop_tools
[13.410s] Level 1:colcon.colcon_core.environment:checking '/home/cav330/f1tenth_ws/install/teleop_tools' for CMake module files
[13.413s] Level 1:colcon.colcon_core.environment:checking '/home/cav330/f1tenth_ws/install/teleop_tools' for CMake config files
[13.415s] Level 1:colcon.colcon_core.shell:create_environment_hook('teleop_tools', 'cmake_prefix_path')
[13.417s] INFO:colcon.colcon_core.shell:Creating environment hook '/home/cav330/f1tenth_ws/install/teleop_tools/share/teleop_tools/hook/cmake_prefix_path.ps1'
[13.427s] INFO:colcon.colcon_core.shell:Creating environment descriptor '/home/cav330/f1tenth_ws/install/teleop_tools/share/teleop_tools/hook/cmake_prefix_path.dsv'
[13.430s] INFO:colcon.colcon_core.shell:Creating environment hook '/home/cav330/f1tenth_ws/install/teleop_tools/share/teleop_tools/hook/cmake_prefix_path.sh'
[13.434s] Level 1:colcon.colcon_core.environment:checking '/home/cav330/f1tenth_ws/install/teleop_tools/bin'
[13.434s] Level 1:colcon.colcon_core.environment:checking '/home/cav330/f1tenth_ws/install/teleop_tools/lib/pkgconfig/teleop_tools.pc'
[13.436s] Level 1:colcon.colcon_core.environment:checking '/home/cav330/f1tenth_ws/install/teleop_tools/lib/python3.8/site-packages'
[13.437s] Level 1:colcon.colcon_core.environment:checking '/home/cav330/f1tenth_ws/install/teleop_tools/bin'
[13.439s] INFO:colcon.colcon_core.shell:Creating package script '/home/cav330/f1tenth_ws/install/teleop_tools/share/teleop_tools/package.ps1'
[13.442s] INFO:colcon.colcon_core.shell:Creating package descriptor '/home/cav330/f1tenth_ws/install/teleop_tools/share/teleop_tools/package.dsv'
[13.445s] INFO:colcon.colcon_core.shell:Creating package script '/home/cav330/f1tenth_ws/install/teleop_tools/share/teleop_tools/package.sh'
[13.447s] INFO:colcon.colcon_core.shell:Creating package script '/home/cav330/f1tenth_ws/install/teleop_tools/share/teleop_tools/package.bash'
[13.450s] INFO:colcon.colcon_core.shell:Creating package script '/home/cav330/f1tenth_ws/install/teleop_tools/share/teleop_tools/package.zsh'
[13.452s] Level 1:colcon.colcon_core.environment:create_file_with_runtime_dependencies(/home/cav330/f1tenth_ws/install/teleop_tools/share/colcon-core/packages/teleop_tools)
[13.455s] Level 1:colcon.colcon_core.environment:create_environment_scripts_only(teleop_tools)
[13.456s] Level 1:colcon.colcon_core.environment:checking '/home/cav330/f1tenth_ws/install/teleop_tools' for CMake module files
[13.459s] Level 1:colcon.colcon_core.environment:checking '/home/cav330/f1tenth_ws/install/teleop_tools' for CMake config files
[13.460s] Level 1:colcon.colcon_core.shell:create_environment_hook('teleop_tools', 'cmake_prefix_path')
[13.461s] INFO:colcon.colcon_core.shell:Creating environment hook '/home/cav330/f1tenth_ws/install/teleop_tools/share/teleop_tools/hook/cmake_prefix_path.ps1'
[13.465s] INFO:colcon.colcon_core.shell:Creating environment descriptor '/home/cav330/f1tenth_ws/install/teleop_tools/share/teleop_tools/hook/cmake_prefix_path.dsv'
[13.468s] INFO:colcon.colcon_core.shell:Creating environment hook '/home/cav330/f1tenth_ws/install/teleop_tools/share/teleop_tools/hook/cmake_prefix_path.sh'
[13.471s] Level 1:colcon.colcon_core.environment:checking '/home/cav330/f1tenth_ws/install/teleop_tools/bin'
[13.471s] Level 1:colcon.colcon_core.environment:checking '/home/cav330/f1tenth_ws/install/teleop_tools/lib/pkgconfig/teleop_tools.pc'
[13.472s] Level 1:colcon.colcon_core.environment:checking '/home/cav330/f1tenth_ws/install/teleop_tools/lib/python3.8/site-packages'
[13.473s] Level 1:colcon.colcon_core.environment:checking '/home/cav330/f1tenth_ws/install/teleop_tools/bin'
[13.475s] INFO:colcon.colcon_core.shell:Creating package script '/home/cav330/f1tenth_ws/install/teleop_tools/share/teleop_tools/package.ps1'
[13.478s] INFO:colcon.colcon_core.shell:Creating package descriptor '/home/cav330/f1tenth_ws/install/teleop_tools/share/teleop_tools/package.dsv'
[13.481s] INFO:colcon.colcon_core.shell:Creating package script '/home/cav330/f1tenth_ws/install/teleop_tools/share/teleop_tools/package.sh'
[13.485s] INFO:colcon.colcon_core.shell:Creating package script '/home/cav330/f1tenth_ws/install/teleop_tools/share/teleop_tools/package.bash'
[13.489s] INFO:colcon.colcon_core.shell:Creating package script '/home/cav330/f1tenth_ws/install/teleop_tools/share/teleop_tools/package.zsh'
[13.492s] Level 1:colcon.colcon_core.environment:create_file_with_runtime_dependencies(/home/cav330/f1tenth_ws/install/teleop_tools/share/colcon-core/packages/teleop_tools)
[14.713s] Level 1:colcon.colcon_core.environment:checking '/home/cav330/f1tenth_ws/install/mouse_teleop' for CMake module files
[14.716s] DEBUG:colcon.colcon_core.event_handler.log_command:Invoked command in '/home/cav330/f1tenth_ws/src/f1tenth_system/teleop_tools/mouse_teleop' returned '0': NX_CONNECTION=192.168.33.135 50807 192.168.33.130 4000 PYTHONPATH=/home/cav330/f1tenth_ws/build/mouse_teleop/prefix_override:/usr/lib/python3/dist-packages/colcon_core/task/python/colcon_distutils_commands:/home/cav330/f1tenth_ws/install/mouse_teleop/lib/python3.8/site-packages:${PYTHONPATH} /usr/bin/python3 -W ignore:setup.py install is deprecated -W ignore:easy_install command is deprecated setup.py egg_info --egg-base ../../../../build/mouse_teleop build --build-base /home/cav330/f1tenth_ws/build/mouse_teleop/build install --record /home/cav330/f1tenth_ws/build/mouse_teleop/install.log --install-scripts $base/lib/mouse_teleop --single-version-externally-managed install_data
[14.717s] Level 1:colcon.colcon_core.environment:checking '/home/cav330/f1tenth_ws/install/mouse_teleop' for CMake config files
[14.720s] Level 1:colcon.colcon_core.environment:checking '/home/cav330/f1tenth_ws/install/mouse_teleop/lib'
[14.720s] Level 1:colcon.colcon_core.environment:checking '/home/cav330/f1tenth_ws/install/mouse_teleop/bin'
[14.721s] Level 1:colcon.colcon_core.environment:checking '/home/cav330/f1tenth_ws/install/mouse_teleop/lib/pkgconfig/mouse_teleop.pc'
[14.721s] Level 1:colcon.colcon_core.environment:checking '/home/cav330/f1tenth_ws/install/mouse_teleop/lib/python3.8/site-packages'
[14.722s] Level 1:colcon.colcon_core.shell:create_environment_hook('mouse_teleop', 'pythonpath')
[14.723s] INFO:colcon.colcon_core.shell:Creating environment hook '/home/cav330/f1tenth_ws/install/mouse_teleop/share/mouse_teleop/hook/pythonpath.ps1'
[14.725s] INFO:colcon.colcon_core.shell:Creating environment descriptor '/home/cav330/f1tenth_ws/install/mouse_teleop/share/mouse_teleop/hook/pythonpath.dsv'
[14.726s] INFO:colcon.colcon_core.shell:Creating environment hook '/home/cav330/f1tenth_ws/install/mouse_teleop/share/mouse_teleop/hook/pythonpath.sh'
[14.729s] Level 1:colcon.colcon_core.environment:checking '/home/cav330/f1tenth_ws/install/mouse_teleop/bin'
[14.730s] Level 1:colcon.colcon_core.environment:create_environment_scripts_only(mouse_teleop)
[14.731s] INFO:colcon.colcon_core.shell:Creating package script '/home/cav330/f1tenth_ws/install/mouse_teleop/share/mouse_teleop/package.ps1'
[14.733s] INFO:colcon.colcon_core.shell:Creating package descriptor '/home/cav330/f1tenth_ws/install/mouse_teleop/share/mouse_teleop/package.dsv'
[14.736s] INFO:colcon.colcon_core.shell:Creating package script '/home/cav330/f1tenth_ws/install/mouse_teleop/share/mouse_teleop/package.sh'
[14.738s] INFO:colcon.colcon_core.shell:Creating package script '/home/cav330/f1tenth_ws/install/mouse_teleop/share/mouse_teleop/package.bash'
[14.741s] INFO:colcon.colcon_core.shell:Creating package script '/home/cav330/f1tenth_ws/install/mouse_teleop/share/mouse_teleop/package.zsh'
[14.743s] Level 1:colcon.colcon_core.environment:create_file_with_runtime_dependencies(/home/cav330/f1tenth_ws/install/mouse_teleop/share/colcon-core/packages/mouse_teleop)
[15.364s] DEBUG:colcon.colcon_core.event_handler.log_command:Invoking command in '/home/cav330/f1tenth_ws/src/f1tenth_system/f1tenth_stack': AMENT_PREFIX_PATH=/home/cav330/f1tenth_ws/install/joy_teleop:/home/cav330/f1tenth_ws/install/wall_follow:/home/cav330/f1tenth_ws/install/f1tenth_stack:/home/cav330/f1tenth_ws/install/vesc:/home/cav330/f1tenth_ws/install/vesc_driver:/home/cav330/f1tenth_ws/install/vesc_ackermann:/home/cav330/f1tenth_ws/install/vesc_msgs:/home/cav330/f1tenth_ws/install/teleop_tools:/home/cav330/f1tenth_ws/install/teleop_tools_msgs:/home/cav330/f1tenth_ws/install/safety_node:/home/cav330/f1tenth_ws/install/mouse_teleop:/home/cav330/f1tenth_ws/install/key_teleop:/home/cav330/f1tenth_ws/install/f1tenth_gym_ros:/home/cav330/f1tenth_ws/install/ackermann_mux:/opt/ros/foxy CMAKE_PREFIX_PATH=/home/cav330/f1tenth_ws/install/vesc:/home/cav330/f1tenth_ws/install/vesc_driver:/home/cav330/f1tenth_ws/install/vesc_ackermann:/home/cav330/f1tenth_ws/install/vesc_msgs:/home/cav330/f1tenth_ws/install/teleop_tools_msgs:/home/cav330/f1tenth_ws/install/ackermann_mux:/home/cav330/f1tenth_ws/install/wall_follow:/home/cav330/f1tenth_ws/install/teleop_tools:/home/cav330/f1tenth_ws/install/safety_node LD_LIBRARY_PATH=/home/cav330/f1tenth_ws/install/vesc_driver/lib:/home/cav330/f1tenth_ws/install/vesc_ackermann/lib:/home/cav330/f1tenth_ws/install/vesc_msgs/lib:/home/cav330/f1tenth_ws/install/teleop_tools_msgs/lib:/opt/ros/foxy/opt/yaml_cpp_vendor/lib:/opt/ros/foxy/opt/rviz_ogre_vendor/lib:/opt/ros/foxy/lib/aarch64-linux-gnu:/opt/ros/foxy/lib:/usr/local/cuda-11.4/lib64 NX_CONNECTION=192.168.33.135 50807 192.168.33.130 4000 PYTHONPATH=/home/cav330/f1tenth_ws/build/f1tenth_stack/prefix_override:/usr/lib/python3/dist-packages/colcon_core/task/python/colcon_distutils_commands:/home/cav330/f1tenth_ws/install/f1tenth_stack/lib/python3.8/site-packages:/home/cav330/f1tenth_ws/install/joy_teleop/lib/python3.8/site-packages:/home/cav330/f1tenth_ws/install/vesc_msgs/lib/python3.8/site-packages:/home/cav330/f1tenth_ws/install/teleop_tools_msgs/lib/python3.8/site-packages:/home/cav330/f1tenth_ws/install/f1tenth_stack/lib/python3.8/site-packages:/home/cav330/f1tenth_ws/install/mouse_teleop/lib/python3.8/site-packages:/home/cav330/f1tenth_ws/install/key_teleop/lib/python3.8/site-packages:/home/cav330/f1tenth_ws/install/f1tenth_gym_ros/lib/python3.8/site-packages:/opt/ros/foxy/lib/python3.8/site-packages /usr/bin/python3 -W ignore:setup.py install is deprecated -W ignore:easy_install command is deprecated setup.py egg_info --egg-base ../../../build/f1tenth_stack build --build-base /home/cav330/f1tenth_ws/build/f1tenth_stack/build install --record /home/cav330/f1tenth_ws/build/f1tenth_stack/install.log --install-scripts $base/lib/f1tenth_stack --single-version-externally-managed install_data
[16.634s] Level 1:colcon.colcon_core.environment:checking '/home/cav330/f1tenth_ws/install/f1tenth_stack' for CMake module files
[16.636s] DEBUG:colcon.colcon_core.event_handler.log_command:Invoked command in '/home/cav330/f1tenth_ws/src/f1tenth_system/f1tenth_stack' returned '0': AMENT_PREFIX_PATH=/home/cav330/f1tenth_ws/install/joy_teleop:/home/cav330/f1tenth_ws/install/wall_follow:/home/cav330/f1tenth_ws/install/f1tenth_stack:/home/cav330/f1tenth_ws/install/vesc:/home/cav330/f1tenth_ws/install/vesc_driver:/home/cav330/f1tenth_ws/install/vesc_ackermann:/home/cav330/f1tenth_ws/install/vesc_msgs:/home/cav330/f1tenth_ws/install/teleop_tools:/home/cav330/f1tenth_ws/install/teleop_tools_msgs:/home/cav330/f1tenth_ws/install/safety_node:/home/cav330/f1tenth_ws/install/mouse_teleop:/home/cav330/f1tenth_ws/install/key_teleop:/home/cav330/f1tenth_ws/install/f1tenth_gym_ros:/home/cav330/f1tenth_ws/install/ackermann_mux:/opt/ros/foxy CMAKE_PREFIX_PATH=/home/cav330/f1tenth_ws/install/vesc:/home/cav330/f1tenth_ws/install/vesc_driver:/home/cav330/f1tenth_ws/install/vesc_ackermann:/home/cav330/f1tenth_ws/install/vesc_msgs:/home/cav330/f1tenth_ws/install/teleop_tools_msgs:/home/cav330/f1tenth_ws/install/ackermann_mux:/home/cav330/f1tenth_ws/install/wall_follow:/home/cav330/f1tenth_ws/install/teleop_tools:/home/cav330/f1tenth_ws/install/safety_node LD_LIBRARY_PATH=/home/cav330/f1tenth_ws/install/vesc_driver/lib:/home/cav330/f1tenth_ws/install/vesc_ackermann/lib:/home/cav330/f1tenth_ws/install/vesc_msgs/lib:/home/cav330/f1tenth_ws/install/teleop_tools_msgs/lib:/opt/ros/foxy/opt/yaml_cpp_vendor/lib:/opt/ros/foxy/opt/rviz_ogre_vendor/lib:/opt/ros/foxy/lib/aarch64-linux-gnu:/opt/ros/foxy/lib:/usr/local/cuda-11.4/lib64 NX_CONNECTION=192.168.33.135 50807 192.168.33.130 4000 PYTHONPATH=/home/cav330/f1tenth_ws/build/f1tenth_stack/prefix_override:/usr/lib/python3/dist-packages/colcon_core/task/python/colcon_distutils_commands:/home/cav330/f1tenth_ws/install/f1tenth_stack/lib/python3.8/site-packages:/home/cav330/f1tenth_ws/install/joy_teleop/lib/python3.8/site-packages:/home/cav330/f1tenth_ws/install/vesc_msgs/lib/python3.8/site-packages:/home/cav330/f1tenth_ws/install/teleop_tools_msgs/lib/python3.8/site-packages:/home/cav330/f1tenth_ws/install/f1tenth_stack/lib/python3.8/site-packages:/home/cav330/f1tenth_ws/install/mouse_teleop/lib/python3.8/site-packages:/home/cav330/f1tenth_ws/install/key_teleop/lib/python3.8/site-packages:/home/cav330/f1tenth_ws/install/f1tenth_gym_ros/lib/python3.8/site-packages:/opt/ros/foxy/lib/python3.8/site-packages /usr/bin/python3 -W ignore:setup.py install is deprecated -W ignore:easy_install command is deprecated setup.py egg_info --egg-base ../../../build/f1tenth_stack build --build-base /home/cav330/f1tenth_ws/build/f1tenth_stack/build install --record /home/cav330/f1tenth_ws/build/f1tenth_stack/install.log --install-scripts $base/lib/f1tenth_stack --single-version-externally-managed install_data
[16.639s] Level 1:colcon.colcon_core.environment:checking '/home/cav330/f1tenth_ws/install/f1tenth_stack' for CMake config files
[16.645s] Level 1:colcon.colcon_core.environment:checking '/home/cav330/f1tenth_ws/install/f1tenth_stack/lib'
[16.646s] Level 1:colcon.colcon_core.environment:checking '/home/cav330/f1tenth_ws/install/f1tenth_stack/bin'
[16.646s] Level 1:colcon.colcon_core.environment:checking '/home/cav330/f1tenth_ws/install/f1tenth_stack/lib/pkgconfig/f1tenth_stack.pc'
[16.649s] Level 1:colcon.colcon_core.environment:checking '/home/cav330/f1tenth_ws/install/f1tenth_stack/lib/python3.8/site-packages'
[16.650s] Level 1:colcon.colcon_core.shell:create_environment_hook('f1tenth_stack', 'pythonpath')
[16.651s] INFO:colcon.colcon_core.shell:Creating environment hook '/home/cav330/f1tenth_ws/install/f1tenth_stack/share/f1tenth_stack/hook/pythonpath.ps1'
[16.654s] INFO:colcon.colcon_core.shell:Creating environment descriptor '/home/cav330/f1tenth_ws/install/f1tenth_stack/share/f1tenth_stack/hook/pythonpath.dsv'
[16.656s] INFO:colcon.colcon_core.shell:Creating environment hook '/home/cav330/f1tenth_ws/install/f1tenth_stack/share/f1tenth_stack/hook/pythonpath.sh'
[16.659s] Level 1:colcon.colcon_core.environment:checking '/home/cav330/f1tenth_ws/install/f1tenth_stack/bin'
[16.659s] Level 1:colcon.colcon_core.environment:create_environment_scripts_only(f1tenth_stack)
[16.661s] INFO:colcon.colcon_core.shell:Creating package script '/home/cav330/f1tenth_ws/install/f1tenth_stack/share/f1tenth_stack/package.ps1'
[16.663s] INFO:colcon.colcon_core.shell:Creating package descriptor '/home/cav330/f1tenth_ws/install/f1tenth_stack/share/f1tenth_stack/package.dsv'
[16.665s] INFO:colcon.colcon_core.shell:Creating package script '/home/cav330/f1tenth_ws/install/f1tenth_stack/share/f1tenth_stack/package.sh'
[16.667s] INFO:colcon.colcon_core.shell:Creating package script '/home/cav330/f1tenth_ws/install/f1tenth_stack/share/f1tenth_stack/package.bash'
[16.670s] INFO:colcon.colcon_core.shell:Creating package script '/home/cav330/f1tenth_ws/install/f1tenth_stack/share/f1tenth_stack/package.zsh'
[16.672s] Level 1:colcon.colcon_core.environment:create_file_with_runtime_dependencies(/home/cav330/f1tenth_ws/install/f1tenth_stack/share/colcon-core/packages/f1tenth_stack)
[32.530s] DEBUG:colcon.colcon_core.event_handler.log_command:Invoked command in '/home/cav330/f1tenth_ws/build/wall_follow' returned '0': CMAKE_PREFIX_PATH=${CMAKE_PREFIX_PATH}:/home/cav330/f1tenth_ws/install/f1tenth_stack:/home/cav330/f1tenth_ws/install/joy_teleop:/home/cav330/f1tenth_ws/install/mouse_teleop:/home/cav330/f1tenth_ws/install/key_teleop:/home/cav330/f1tenth_ws/install/f1tenth_gym_ros:/opt/ros/foxy NX_CONNECTION=192.168.33.135 50807 192.168.33.130 4000 /usr/bin/cmake --build /home/cav330/f1tenth_ws/build/wall_follow -- -j4 -l4
[32.547s] DEBUG:colcon.colcon_core.event_handler.log_command:Invoking command in '/home/cav330/f1tenth_ws/build/wall_follow': CMAKE_PREFIX_PATH=${CMAKE_PREFIX_PATH}:/home/cav330/f1tenth_ws/install/f1tenth_stack:/home/cav330/f1tenth_ws/install/joy_teleop:/home/cav330/f1tenth_ws/install/mouse_teleop:/home/cav330/f1tenth_ws/install/key_teleop:/home/cav330/f1tenth_ws/install/f1tenth_gym_ros:/opt/ros/foxy NX_CONNECTION=192.168.33.135 50807 192.168.33.130 4000 /usr/bin/cmake --install /home/cav330/f1tenth_ws/build/wall_follow
[32.625s] Level 1:colcon.colcon_core.environment:create_environment_scripts_only(wall_follow)
[32.629s] Level 1:colcon.colcon_core.environment:checking '/home/cav330/f1tenth_ws/install/wall_follow' for CMake module files
[32.632s] DEBUG:colcon.colcon_core.event_handler.log_command:Invoked command in '/home/cav330/f1tenth_ws/build/wall_follow' returned '0': CMAKE_PREFIX_PATH=${CMAKE_PREFIX_PATH}:/home/cav330/f1tenth_ws/install/f1tenth_stack:/home/cav330/f1tenth_ws/install/joy_teleop:/home/cav330/f1tenth_ws/install/mouse_teleop:/home/cav330/f1tenth_ws/install/key_teleop:/home/cav330/f1tenth_ws/install/f1tenth_gym_ros:/opt/ros/foxy NX_CONNECTION=192.168.33.135 50807 192.168.33.130 4000 /usr/bin/cmake --install /home/cav330/f1tenth_ws/build/wall_follow
[32.634s] Level 1:colcon.colcon_core.environment:checking '/home/cav330/f1tenth_ws/install/wall_follow' for CMake config files
[32.636s] Level 1:colcon.colcon_core.shell:create_environment_hook('wall_follow', 'cmake_prefix_path')
[32.639s] INFO:colcon.colcon_core.shell:Creating environment hook '/home/cav330/f1tenth_ws/install/wall_follow/share/wall_follow/hook/cmake_prefix_path.ps1'
[32.642s] INFO:colcon.colcon_core.shell:Creating environment descriptor '/home/cav330/f1tenth_ws/install/wall_follow/share/wall_follow/hook/cmake_prefix_path.dsv'
[32.644s] INFO:colcon.colcon_core.shell:Creating environment hook '/home/cav330/f1tenth_ws/install/wall_follow/share/wall_follow/hook/cmake_prefix_path.sh'
[32.647s] Level 1:colcon.colcon_core.environment:checking '/home/cav330/f1tenth_ws/install/wall_follow/lib'
[32.648s] Level 1:colcon.colcon_core.environment:checking '/home/cav330/f1tenth_ws/install/wall_follow/bin'
[32.648s] Level 1:colcon.colcon_core.environment:checking '/home/cav330/f1tenth_ws/install/wall_follow/lib/pkgconfig/wall_follow.pc'
[32.650s] Level 1:colcon.colcon_core.environment:checking '/home/cav330/f1tenth_ws/install/wall_follow/lib/python3.8/site-packages'
[32.651s] Level 1:colcon.colcon_core.environment:checking '/home/cav330/f1tenth_ws/install/wall_follow/bin'
[32.652s] INFO:colcon.colcon_core.shell:Creating package script '/home/cav330/f1tenth_ws/install/wall_follow/share/wall_follow/package.ps1'
[32.655s] INFO:colcon.colcon_core.shell:Creating package descriptor '/home/cav330/f1tenth_ws/install/wall_follow/share/wall_follow/package.dsv'
[32.656s] INFO:colcon.colcon_core.shell:Creating package script '/home/cav330/f1tenth_ws/install/wall_follow/share/wall_follow/package.sh'
[32.658s] INFO:colcon.colcon_core.shell:Creating package script '/home/cav330/f1tenth_ws/install/wall_follow/share/wall_follow/package.bash'
[32.660s] INFO:colcon.colcon_core.shell:Creating package script '/home/cav330/f1tenth_ws/install/wall_follow/share/wall_follow/package.zsh'
[32.661s] Level 1:colcon.colcon_core.environment:create_file_with_runtime_dependencies(/home/cav330/f1tenth_ws/install/wall_follow/share/colcon-core/packages/wall_follow)
[32.664s] Level 1:colcon.colcon_core.environment:create_environment_scripts_only(wall_follow)
[32.665s] Level 1:colcon.colcon_core.environment:checking '/home/cav330/f1tenth_ws/install/wall_follow' for CMake module files
[32.667s] Level 1:colcon.colcon_core.environment:checking '/home/cav330/f1tenth_ws/install/wall_follow' for CMake config files
[32.669s] Level 1:colcon.colcon_core.shell:create_environment_hook('wall_follow', 'cmake_prefix_path')
[32.669s] INFO:colcon.colcon_core.shell:Creating environment hook '/home/cav330/f1tenth_ws/install/wall_follow/share/wall_follow/hook/cmake_prefix_path.ps1'
[32.671s] INFO:colcon.colcon_core.shell:Creating environment descriptor '/home/cav330/f1tenth_ws/install/wall_follow/share/wall_follow/hook/cmake_prefix_path.dsv'
[32.672s] INFO:colcon.colcon_core.shell:Creating environment hook '/home/cav330/f1tenth_ws/install/wall_follow/share/wall_follow/hook/cmake_prefix_path.sh'
[32.675s] Level 1:colcon.colcon_core.environment:checking '/home/cav330/f1tenth_ws/install/wall_follow/lib'
[32.675s] Level 1:colcon.colcon_core.environment:checking '/home/cav330/f1tenth_ws/install/wall_follow/bin'
[32.675s] Level 1:colcon.colcon_core.environment:checking '/home/cav330/f1tenth_ws/install/wall_follow/lib/pkgconfig/wall_follow.pc'
[32.676s] Level 1:colcon.colcon_core.environment:checking '/home/cav330/f1tenth_ws/install/wall_follow/lib/python3.8/site-packages'
[32.677s] Level 1:colcon.colcon_core.environment:checking '/home/cav330/f1tenth_ws/install/wall_follow/bin'
[32.678s] INFO:colcon.colcon_core.shell:Creating package script '/home/cav330/f1tenth_ws/install/wall_follow/share/wall_follow/package.ps1'
[32.680s] INFO:colcon.colcon_core.shell:Creating package descriptor '/home/cav330/f1tenth_ws/install/wall_follow/share/wall_follow/package.dsv'
[32.682s] INFO:colcon.colcon_core.shell:Creating package script '/home/cav330/f1tenth_ws/install/wall_follow/share/wall_follow/package.sh'
[32.683s] INFO:colcon.colcon_core.shell:Creating package script '/home/cav330/f1tenth_ws/install/wall_follow/share/wall_follow/package.bash'
[32.685s] INFO:colcon.colcon_core.shell:Creating package script '/home/cav330/f1tenth_ws/install/wall_follow/share/wall_follow/package.zsh'
[32.686s] Level 1:colcon.colcon_core.environment:create_file_with_runtime_dependencies(/home/cav330/f1tenth_ws/install/wall_follow/share/colcon-core/packages/wall_follow)
[32.688s] DEBUG:colcon.colcon_parallel_executor.executor.parallel:closing loop
[32.690s] DEBUG:colcon.colcon_parallel_executor.executor.parallel:loop closed
[32.690s] DEBUG:colcon.colcon_parallel_executor.executor.parallel:run_until_complete finished with '0'
[32.691s] DEBUG:colcon.colcon_core.event_reactor:joining thread
[32.719s] INFO:colcon.colcon_core.plugin_system:Skipping extension 'colcon_notification.desktop_notification.terminal_notifier': Not used on non-Darwin systems
[32.720s] INFO:colcon.colcon_core.plugin_system:Skipping extension 'colcon_notification.desktop_notification.win32': Not used on non-Windows systems
[32.720s] INFO:colcon.colcon_notification.desktop_notification:Sending desktop notification using 'notify2'
[32.806s] DEBUG:colcon.colcon_core.event_reactor:joined thread
[32.808s] INFO:colcon.colcon_core.shell:Creating prefix script '/home/cav330/f1tenth_ws/install/local_setup.ps1'
[32.812s] INFO:colcon.colcon_core.shell:Creating prefix util module '/home/cav330/f1tenth_ws/install/_local_setup_util_ps1.py'
[32.819s] INFO:colcon.colcon_core.shell:Creating prefix chain script '/home/cav330/f1tenth_ws/install/setup.ps1'
[32.829s] INFO:colcon.colcon_core.shell:Creating prefix script '/home/cav330/f1tenth_ws/install/local_setup.sh'
[32.831s] INFO:colcon.colcon_core.shell:Creating prefix util module '/home/cav330/f1tenth_ws/install/_local_setup_util_sh.py'
[32.834s] INFO:colcon.colcon_core.shell:Creating prefix chain script '/home/cav330/f1tenth_ws/install/setup.sh'
[32.842s] INFO:colcon.colcon_core.shell:Creating prefix script '/home/cav330/f1tenth_ws/install/local_setup.bash'
[32.845s] INFO:colcon.colcon_core.shell:Creating prefix chain script '/home/cav330/f1tenth_ws/install/setup.bash'
[32.853s] INFO:colcon.colcon_core.shell:Creating prefix script '/home/cav330/f1tenth_ws/install/local_setup.zsh'
[32.855s] INFO:colcon.colcon_core.shell:Creating prefix chain script '/home/cav330/f1tenth_ws/install/setup.zsh'
