[0.778s] DEBUG:colcon:Command line arguments: ['/usr/bin/colcon', 'build']
[0.779s] DEBUG:colcon:Parsed command line arguments: Namespace(allow_overriding=[], ament_cmake_args=None, base_paths=['.'], build_base='build', catkin_cmake_args=None, catkin_skip_building_tests=False, cmake_args=None, cmake_clean_cache=False, cmake_clean_first=False, cmake_force_configure=False, cmake_target=None, cmake_target_skip_unavailable=False, continue_on_error=False, event_handlers=None, executor='parallel', ignore_user_meta=False, install_base='install', log_base=None, log_level=None, main=<bound method BuildVerb.main of <colcon_core.verb.build.BuildVerb object at 0xffff83ff32b0>>, merge_install=False, metas=['./colcon.meta'], packages_above=None, packages_above_and_dependencies=None, packages_above_depth=None, packages_end=None, packages_ignore=None, packages_ignore_regex=None, packages_select=None, packages_select_build_failed=False, packages_select_by_dep=None, packages_select_regex=None, packages_select_test_failures=False, packages_skip=None, packages_skip_build_finished=False, packages_skip_by_dep=None, packages_skip_regex=None, packages_skip_test_passed=False, packages_skip_up_to=None, packages_start=None, packages_up_to=None, packages_up_to_regex=None, parallel_workers=4, paths=None, symlink_install=False, test_result_base=None, verb_extension=<colcon_core.verb.build.BuildVerb object at 0xffff83ff32b0>, verb_name='build', verb_parser=<colcon_defaults.argument_parser.defaults.DefaultArgumentsDecorator object at 0xffff83f8fd00>)
[1.390s] Level 1:colcon.colcon_core.package_discovery:discover_packages(colcon_meta) check parameters
[1.390s] Level 1:colcon.colcon_core.package_discovery:discover_packages(recursive) check parameters
[1.391s] Level 1:colcon.colcon_core.package_discovery:discover_packages(ignore) check parameters
[1.391s] Level 1:colcon.colcon_core.package_discovery:discover_packages(path) check parameters
[1.391s] Level 1:colcon.colcon_core.package_discovery:discover_packages(colcon_meta) discover
[1.391s] Level 1:colcon.colcon_core.package_discovery:discover_packages(recursive) discover
[1.391s] INFO:colcon.colcon_core.package_discovery:Crawling recursively for packages in '/home/cav330/f1tenth_ws'
[1.392s] Level 1:colcon.colcon_core.package_identification:_identify(.) by extensions ['ignore', 'ignore_ament_install']
[1.393s] Level 1:colcon.colcon_core.package_identification:_identify(.) by extension 'ignore'
[1.393s] Level 1:colcon.colcon_core.package_identification:_identify(.) by extension 'ignore_ament_install'
[1.393s] Level 1:colcon.colcon_core.package_identification:_identify(.) by extensions ['colcon_pkg']
[1.393s] Level 1:colcon.colcon_core.package_identification:_identify(.) by extension 'colcon_pkg'
[1.394s] Level 1:colcon.colcon_core.package_identification:_identify(.) by extensions ['colcon_meta']
[1.394s] Level 1:colcon.colcon_core.package_identification:_identify(.) by extension 'colcon_meta'
[1.394s] Level 1:colcon.colcon_core.package_identification:_identify(.) by extensions ['ros']
[1.394s] Level 1:colcon.colcon_core.package_identification:_identify(.) by extension 'ros'
[1.438s] Level 1:colcon.colcon_core.package_identification:_identify(.) by extensions ['cmake', 'python']
[1.438s] Level 1:colcon.colcon_core.package_identification:_identify(.) by extension 'cmake'
[1.439s] Level 1:colcon.colcon_core.package_identification:_identify(.) by extension 'python'
[1.439s] Level 1:colcon.colcon_core.package_identification:_identify(.) by extensions ['python_setup_py']
[1.439s] Level 1:colcon.colcon_core.package_identification:_identify(.) by extension 'python_setup_py'
[1.439s] Level 1:colcon.colcon_core.package_identification:_identify(build) by extensions ['ignore', 'ignore_ament_install']
[1.440s] Level 1:colcon.colcon_core.package_identification:_identify(build) by extension 'ignore'
[1.440s] Level 1:colcon.colcon_core.package_identification:_identify(build) ignored
[1.441s] Level 1:colcon.colcon_core.package_identification:_identify(install) by extensions ['ignore', 'ignore_ament_install']
[1.441s] Level 1:colcon.colcon_core.package_identification:_identify(install) by extension 'ignore'
[1.441s] Level 1:colcon.colcon_core.package_identification:_identify(install) ignored
[1.442s] Level 1:colcon.colcon_core.package_identification:_identify(log) by extensions ['ignore', 'ignore_ament_install']
[1.442s] Level 1:colcon.colcon_core.package_identification:_identify(log) by extension 'ignore'
[1.442s] Level 1:colcon.colcon_core.package_identification:_identify(log) ignored
[1.442s] Level 1:colcon.colcon_core.package_identification:_identify(src) by extensions ['ignore', 'ignore_ament_install']
[1.443s] Level 1:colcon.colcon_core.package_identification:_identify(src) by extension 'ignore'
[1.443s] Level 1:colcon.colcon_core.package_identification:_identify(src) by extension 'ignore_ament_install'
[1.443s] Level 1:colcon.colcon_core.package_identification:_identify(src) by extensions ['colcon_pkg']
[1.443s] Level 1:colcon.colcon_core.package_identification:_identify(src) by extension 'colcon_pkg'
[1.443s] Level 1:colcon.colcon_core.package_identification:_identify(src) by extensions ['colcon_meta']
[1.444s] Level 1:colcon.colcon_core.package_identification:_identify(src) by extension 'colcon_meta'
[1.444s] Level 1:colcon.colcon_core.package_identification:_identify(src) by extensions ['ros']
[1.444s] Level 1:colcon.colcon_core.package_identification:_identify(src) by extension 'ros'
[1.444s] Level 1:colcon.colcon_core.package_identification:_identify(src) by extensions ['cmake', 'python']
[1.444s] Level 1:colcon.colcon_core.package_identification:_identify(src) by extension 'cmake'
[1.445s] Level 1:colcon.colcon_core.package_identification:_identify(src) by extension 'python'
[1.445s] Level 1:colcon.colcon_core.package_identification:_identify(src) by extensions ['python_setup_py']
[1.445s] Level 1:colcon.colcon_core.package_identification:_identify(src) by extension 'python_setup_py'
[1.445s] Level 1:colcon.colcon_core.package_identification:_identify(src/f1tenth_gym_ros) by extensions ['ignore', 'ignore_ament_install']
[1.446s] Level 1:colcon.colcon_core.package_identification:_identify(src/f1tenth_gym_ros) by extension 'ignore'
[1.446s] Level 1:colcon.colcon_core.package_identification:_identify(src/f1tenth_gym_ros) by extension 'ignore_ament_install'
[1.446s] Level 1:colcon.colcon_core.package_identification:_identify(src/f1tenth_gym_ros) by extensions ['colcon_pkg']
[1.446s] Level 1:colcon.colcon_core.package_identification:_identify(src/f1tenth_gym_ros) by extension 'colcon_pkg'
[1.446s] Level 1:colcon.colcon_core.package_identification:_identify(src/f1tenth_gym_ros) by extensions ['colcon_meta']
[1.447s] Level 1:colcon.colcon_core.package_identification:_identify(src/f1tenth_gym_ros) by extension 'colcon_meta'
[1.447s] Level 1:colcon.colcon_core.package_identification:_identify(src/f1tenth_gym_ros) by extensions ['ros']
[1.447s] Level 1:colcon.colcon_core.package_identification:_identify(src/f1tenth_gym_ros) by extension 'ros'
[1.458s] DEBUG:colcon.colcon_core.package_identification:Package 'src/f1tenth_gym_ros' with type 'ros.ament_python' and name 'f1tenth_gym_ros'
[1.459s] Level 1:colcon.colcon_core.package_identification:_identify(src/f1tenth_system) by extensions ['ignore', 'ignore_ament_install']
[1.459s] Level 1:colcon.colcon_core.package_identification:_identify(src/f1tenth_system) by extension 'ignore'
[1.459s] Level 1:colcon.colcon_core.package_identification:_identify(src/f1tenth_system) by extension 'ignore_ament_install'
[1.459s] Level 1:colcon.colcon_core.package_identification:_identify(src/f1tenth_system) by extensions ['colcon_pkg']
[1.460s] Level 1:colcon.colcon_core.package_identification:_identify(src/f1tenth_system) by extension 'colcon_pkg'
[1.460s] Level 1:colcon.colcon_core.package_identification:_identify(src/f1tenth_system) by extensions ['colcon_meta']
[1.460s] Level 1:colcon.colcon_core.package_identification:_identify(src/f1tenth_system) by extension 'colcon_meta'
[1.460s] Level 1:colcon.colcon_core.package_identification:_identify(src/f1tenth_system) by extensions ['ros']
[1.460s] Level 1:colcon.colcon_core.package_identification:_identify(src/f1tenth_system) by extension 'ros'
[1.461s] Level 1:colcon.colcon_core.package_identification:_identify(src/f1tenth_system) by extensions ['cmake', 'python']
[1.461s] Level 1:colcon.colcon_core.package_identification:_identify(src/f1tenth_system) by extension 'cmake'
[1.461s] Level 1:colcon.colcon_core.package_identification:_identify(src/f1tenth_system) by extension 'python'
[1.461s] Level 1:colcon.colcon_core.package_identification:_identify(src/f1tenth_system) by extensions ['python_setup_py']
[1.461s] Level 1:colcon.colcon_core.package_identification:_identify(src/f1tenth_system) by extension 'python_setup_py'
[1.462s] Level 1:colcon.colcon_core.package_identification:_identify(src/f1tenth_system/ackermann_mux) by extensions ['ignore', 'ignore_ament_install']
[1.462s] Level 1:colcon.colcon_core.package_identification:_identify(src/f1tenth_system/ackermann_mux) by extension 'ignore'
[1.462s] Level 1:colcon.colcon_core.package_identification:_identify(src/f1tenth_system/ackermann_mux) by extension 'ignore_ament_install'
[1.463s] Level 1:colcon.colcon_core.package_identification:_identify(src/f1tenth_system/ackermann_mux) by extensions ['colcon_pkg']
[1.463s] Level 1:colcon.colcon_core.package_identification:_identify(src/f1tenth_system/ackermann_mux) by extension 'colcon_pkg'
[1.463s] Level 1:colcon.colcon_core.package_identification:_identify(src/f1tenth_system/ackermann_mux) by extensions ['colcon_meta']
[1.463s] Level 1:colcon.colcon_core.package_identification:_identify(src/f1tenth_system/ackermann_mux) by extension 'colcon_meta'
[1.463s] Level 1:colcon.colcon_core.package_identification:_identify(src/f1tenth_system/ackermann_mux) by extensions ['ros']
[1.463s] Level 1:colcon.colcon_core.package_identification:_identify(src/f1tenth_system/ackermann_mux) by extension 'ros'
[1.467s] DEBUG:colcon.colcon_core.package_identification:Package 'src/f1tenth_system/ackermann_mux' with type 'ros.ament_cmake' and name 'ackermann_mux'
[1.468s] Level 1:colcon.colcon_core.package_identification:_identify(src/f1tenth_system/f1tenth_stack) by extensions ['ignore', 'ignore_ament_install']
[1.468s] Level 1:colcon.colcon_core.package_identification:_identify(src/f1tenth_system/f1tenth_stack) by extension 'ignore'
[1.468s] Level 1:colcon.colcon_core.package_identification:_identify(src/f1tenth_system/f1tenth_stack) by extension 'ignore_ament_install'
[1.468s] Level 1:colcon.colcon_core.package_identification:_identify(src/f1tenth_system/f1tenth_stack) by extensions ['colcon_pkg']
[1.469s] Level 1:colcon.colcon_core.package_identification:_identify(src/f1tenth_system/f1tenth_stack) by extension 'colcon_pkg'
[1.469s] Level 1:colcon.colcon_core.package_identification:_identify(src/f1tenth_system/f1tenth_stack) by extensions ['colcon_meta']
[1.469s] Level 1:colcon.colcon_core.package_identification:_identify(src/f1tenth_system/f1tenth_stack) by extension 'colcon_meta'
[1.469s] Level 1:colcon.colcon_core.package_identification:_identify(src/f1tenth_system/f1tenth_stack) by extensions ['ros']
[1.469s] Level 1:colcon.colcon_core.package_identification:_identify(src/f1tenth_system/f1tenth_stack) by extension 'ros'
[1.473s] DEBUG:colcon.colcon_core.package_identification:Package 'src/f1tenth_system/f1tenth_stack' with type 'ros.ament_python' and name 'f1tenth_stack'
[1.474s] Level 1:colcon.colcon_core.package_identification:_identify(src/f1tenth_system/scripts) by extensions ['ignore', 'ignore_ament_install']
[1.474s] Level 1:colcon.colcon_core.package_identification:_identify(src/f1tenth_system/scripts) by extension 'ignore'
[1.474s] Level 1:colcon.colcon_core.package_identification:_identify(src/f1tenth_system/scripts) by extension 'ignore_ament_install'
[1.474s] Level 1:colcon.colcon_core.package_identification:_identify(src/f1tenth_system/scripts) by extensions ['colcon_pkg']
[1.474s] Level 1:colcon.colcon_core.package_identification:_identify(src/f1tenth_system/scripts) by extension 'colcon_pkg'
[1.475s] Level 1:colcon.colcon_core.package_identification:_identify(src/f1tenth_system/scripts) by extensions ['colcon_meta']
[1.475s] Level 1:colcon.colcon_core.package_identification:_identify(src/f1tenth_system/scripts) by extension 'colcon_meta'
[1.475s] Level 1:colcon.colcon_core.package_identification:_identify(src/f1tenth_system/scripts) by extensions ['ros']
[1.475s] Level 1:colcon.colcon_core.package_identification:_identify(src/f1tenth_system/scripts) by extension 'ros'
[1.475s] Level 1:colcon.colcon_core.package_identification:_identify(src/f1tenth_system/scripts) by extensions ['cmake', 'python']
[1.476s] Level 1:colcon.colcon_core.package_identification:_identify(src/f1tenth_system/scripts) by extension 'cmake'
[1.476s] Level 1:colcon.colcon_core.package_identification:_identify(src/f1tenth_system/scripts) by extension 'python'
[1.476s] Level 1:colcon.colcon_core.package_identification:_identify(src/f1tenth_system/scripts) by extensions ['python_setup_py']
[1.476s] Level 1:colcon.colcon_core.package_identification:_identify(src/f1tenth_system/scripts) by extension 'python_setup_py'
[1.477s] Level 1:colcon.colcon_core.package_identification:_identify(src/f1tenth_system/teleop_tools) by extensions ['ignore', 'ignore_ament_install']
[1.477s] Level 1:colcon.colcon_core.package_identification:_identify(src/f1tenth_system/teleop_tools) by extension 'ignore'
[1.477s] Level 1:colcon.colcon_core.package_identification:_identify(src/f1tenth_system/teleop_tools) by extension 'ignore_ament_install'
[1.477s] Level 1:colcon.colcon_core.package_identification:_identify(src/f1tenth_system/teleop_tools) by extensions ['colcon_pkg']
[1.477s] Level 1:colcon.colcon_core.package_identification:_identify(src/f1tenth_system/teleop_tools) by extension 'colcon_pkg'
[1.478s] Level 1:colcon.colcon_core.package_identification:_identify(src/f1tenth_system/teleop_tools) by extensions ['colcon_meta']
[1.478s] Level 1:colcon.colcon_core.package_identification:_identify(src/f1tenth_system/teleop_tools) by extension 'colcon_meta'
[1.478s] Level 1:colcon.colcon_core.package_identification:_identify(src/f1tenth_system/teleop_tools) by extensions ['ros']
[1.478s] Level 1:colcon.colcon_core.package_identification:_identify(src/f1tenth_system/teleop_tools) by extension 'ros'
[1.478s] Level 1:colcon.colcon_core.package_identification:_identify(src/f1tenth_system/teleop_tools) by extensions ['cmake', 'python']
[1.478s] Level 1:colcon.colcon_core.package_identification:_identify(src/f1tenth_system/teleop_tools) by extension 'cmake'
[1.479s] Level 1:colcon.colcon_core.package_identification:_identify(src/f1tenth_system/teleop_tools) by extension 'python'
[1.479s] Level 1:colcon.colcon_core.package_identification:_identify(src/f1tenth_system/teleop_tools) by extensions ['python_setup_py']
[1.479s] Level 1:colcon.colcon_core.package_identification:_identify(src/f1tenth_system/teleop_tools) by extension 'python_setup_py'
[1.479s] Level 1:colcon.colcon_core.package_identification:_identify(src/f1tenth_system/teleop_tools/joy_teleop) by extensions ['ignore', 'ignore_ament_install']
[1.480s] Level 1:colcon.colcon_core.package_identification:_identify(src/f1tenth_system/teleop_tools/joy_teleop) by extension 'ignore'
[1.480s] Level 1:colcon.colcon_core.package_identification:_identify(src/f1tenth_system/teleop_tools/joy_teleop) by extension 'ignore_ament_install'
[1.480s] Level 1:colcon.colcon_core.package_identification:_identify(src/f1tenth_system/teleop_tools/joy_teleop) by extensions ['colcon_pkg']
[1.480s] Level 1:colcon.colcon_core.package_identification:_identify(src/f1tenth_system/teleop_tools/joy_teleop) by extension 'colcon_pkg'
[1.480s] Level 1:colcon.colcon_core.package_identification:_identify(src/f1tenth_system/teleop_tools/joy_teleop) by extensions ['colcon_meta']
[1.481s] Level 1:colcon.colcon_core.package_identification:_identify(src/f1tenth_system/teleop_tools/joy_teleop) by extension 'colcon_meta'
[1.481s] Level 1:colcon.colcon_core.package_identification:_identify(src/f1tenth_system/teleop_tools/joy_teleop) by extensions ['ros']
[1.481s] Level 1:colcon.colcon_core.package_identification:_identify(src/f1tenth_system/teleop_tools/joy_teleop) by extension 'ros'
[1.484s] DEBUG:colcon.colcon_core.package_identification:Package 'src/f1tenth_system/teleop_tools/joy_teleop' with type 'ros.ament_python' and name 'joy_teleop'
[1.484s] Level 1:colcon.colcon_core.package_identification:_identify(src/f1tenth_system/teleop_tools/key_teleop) by extensions ['ignore', 'ignore_ament_install']
[1.485s] Level 1:colcon.colcon_core.package_identification:_identify(src/f1tenth_system/teleop_tools/key_teleop) by extension 'ignore'
[1.485s] Level 1:colcon.colcon_core.package_identification:_identify(src/f1tenth_system/teleop_tools/key_teleop) by extension 'ignore_ament_install'
[1.485s] Level 1:colcon.colcon_core.package_identification:_identify(src/f1tenth_system/teleop_tools/key_teleop) by extensions ['colcon_pkg']
[1.485s] Level 1:colcon.colcon_core.package_identification:_identify(src/f1tenth_system/teleop_tools/key_teleop) by extension 'colcon_pkg'
[1.485s] Level 1:colcon.colcon_core.package_identification:_identify(src/f1tenth_system/teleop_tools/key_teleop) by extensions ['colcon_meta']
[1.486s] Level 1:colcon.colcon_core.package_identification:_identify(src/f1tenth_system/teleop_tools/key_teleop) by extension 'colcon_meta'
[1.486s] Level 1:colcon.colcon_core.package_identification:_identify(src/f1tenth_system/teleop_tools/key_teleop) by extensions ['ros']
[1.486s] Level 1:colcon.colcon_core.package_identification:_identify(src/f1tenth_system/teleop_tools/key_teleop) by extension 'ros'
[1.488s] DEBUG:colcon.colcon_core.package_identification:Package 'src/f1tenth_system/teleop_tools/key_teleop' with type 'ros.ament_python' and name 'key_teleop'
[1.489s] Level 1:colcon.colcon_core.package_identification:_identify(src/f1tenth_system/teleop_tools/mouse_teleop) by extensions ['ignore', 'ignore_ament_install']
[1.489s] Level 1:colcon.colcon_core.package_identification:_identify(src/f1tenth_system/teleop_tools/mouse_teleop) by extension 'ignore'
[1.489s] Level 1:colcon.colcon_core.package_identification:_identify(src/f1tenth_system/teleop_tools/mouse_teleop) by extension 'ignore_ament_install'
[1.489s] Level 1:colcon.colcon_core.package_identification:_identify(src/f1tenth_system/teleop_tools/mouse_teleop) by extensions ['colcon_pkg']
[1.490s] Level 1:colcon.colcon_core.package_identification:_identify(src/f1tenth_system/teleop_tools/mouse_teleop) by extension 'colcon_pkg'
[1.490s] Level 1:colcon.colcon_core.package_identification:_identify(src/f1tenth_system/teleop_tools/mouse_teleop) by extensions ['colcon_meta']
[1.490s] Level 1:colcon.colcon_core.package_identification:_identify(src/f1tenth_system/teleop_tools/mouse_teleop) by extension 'colcon_meta'
[1.490s] Level 1:colcon.colcon_core.package_identification:_identify(src/f1tenth_system/teleop_tools/mouse_teleop) by extensions ['ros']
[1.490s] Level 1:colcon.colcon_core.package_identification:_identify(src/f1tenth_system/teleop_tools/mouse_teleop) by extension 'ros'
[1.492s] DEBUG:colcon.colcon_core.package_identification:Package 'src/f1tenth_system/teleop_tools/mouse_teleop' with type 'ros.ament_python' and name 'mouse_teleop'
[1.493s] Level 1:colcon.colcon_core.package_identification:_identify(src/f1tenth_system/teleop_tools/teleop_tools) by extensions ['ignore', 'ignore_ament_install']
[1.493s] Level 1:colcon.colcon_core.package_identification:_identify(src/f1tenth_system/teleop_tools/teleop_tools) by extension 'ignore'
[1.493s] Level 1:colcon.colcon_core.package_identification:_identify(src/f1tenth_system/teleop_tools/teleop_tools) by extension 'ignore_ament_install'
[1.494s] Level 1:colcon.colcon_core.package_identification:_identify(src/f1tenth_system/teleop_tools/teleop_tools) by extensions ['colcon_pkg']
[1.494s] Level 1:colcon.colcon_core.package_identification:_identify(src/f1tenth_system/teleop_tools/teleop_tools) by extension 'colcon_pkg'
[1.494s] Level 1:colcon.colcon_core.package_identification:_identify(src/f1tenth_system/teleop_tools/teleop_tools) by extensions ['colcon_meta']
[1.494s] Level 1:colcon.colcon_core.package_identification:_identify(src/f1tenth_system/teleop_tools/teleop_tools) by extension 'colcon_meta'
[1.494s] Level 1:colcon.colcon_core.package_identification:_identify(src/f1tenth_system/teleop_tools/teleop_tools) by extensions ['ros']
[1.494s] Level 1:colcon.colcon_core.package_identification:_identify(src/f1tenth_system/teleop_tools/teleop_tools) by extension 'ros'
[1.496s] DEBUG:colcon.colcon_core.package_identification:Package 'src/f1tenth_system/teleop_tools/teleop_tools' with type 'ros.ament_cmake' and name 'teleop_tools'
[1.497s] Level 1:colcon.colcon_core.package_identification:_identify(src/f1tenth_system/teleop_tools/teleop_tools_msgs) by extensions ['ignore', 'ignore_ament_install']
[1.497s] Level 1:colcon.colcon_core.package_identification:_identify(src/f1tenth_system/teleop_tools/teleop_tools_msgs) by extension 'ignore'
[1.497s] Level 1:colcon.colcon_core.package_identification:_identify(src/f1tenth_system/teleop_tools/teleop_tools_msgs) by extension 'ignore_ament_install'
[1.497s] Level 1:colcon.colcon_core.package_identification:_identify(src/f1tenth_system/teleop_tools/teleop_tools_msgs) by extensions ['colcon_pkg']
[1.497s] Level 1:colcon.colcon_core.package_identification:_identify(src/f1tenth_system/teleop_tools/teleop_tools_msgs) by extension 'colcon_pkg'
[1.498s] Level 1:colcon.colcon_core.package_identification:_identify(src/f1tenth_system/teleop_tools/teleop_tools_msgs) by extensions ['colcon_meta']
[1.498s] Level 1:colcon.colcon_core.package_identification:_identify(src/f1tenth_system/teleop_tools/teleop_tools_msgs) by extension 'colcon_meta'
[1.498s] Level 1:colcon.colcon_core.package_identification:_identify(src/f1tenth_system/teleop_tools/teleop_tools_msgs) by extensions ['ros']
[1.498s] Level 1:colcon.colcon_core.package_identification:_identify(src/f1tenth_system/teleop_tools/teleop_tools_msgs) by extension 'ros'
[1.500s] DEBUG:colcon.colcon_core.package_identification:Package 'src/f1tenth_system/teleop_tools/teleop_tools_msgs' with type 'ros.ament_cmake' and name 'teleop_tools_msgs'
[1.501s] Level 1:colcon.colcon_core.package_identification:_identify(src/f1tenth_system/vesc) by extensions ['ignore', 'ignore_ament_install']
[1.501s] Level 1:colcon.colcon_core.package_identification:_identify(src/f1tenth_system/vesc) by extension 'ignore'
[1.501s] Level 1:colcon.colcon_core.package_identification:_identify(src/f1tenth_system/vesc) by extension 'ignore_ament_install'
[1.502s] Level 1:colcon.colcon_core.package_identification:_identify(src/f1tenth_system/vesc) by extensions ['colcon_pkg']
[1.502s] Level 1:colcon.colcon_core.package_identification:_identify(src/f1tenth_system/vesc) by extension 'colcon_pkg'
[1.502s] Level 1:colcon.colcon_core.package_identification:_identify(src/f1tenth_system/vesc) by extensions ['colcon_meta']
[1.502s] Level 1:colcon.colcon_core.package_identification:_identify(src/f1tenth_system/vesc) by extension 'colcon_meta'
[1.502s] Level 1:colcon.colcon_core.package_identification:_identify(src/f1tenth_system/vesc) by extensions ['ros']
[1.502s] Level 1:colcon.colcon_core.package_identification:_identify(src/f1tenth_system/vesc) by extension 'ros'
[1.503s] Level 1:colcon.colcon_core.package_identification:_identify(src/f1tenth_system/vesc) by extensions ['cmake', 'python']
[1.503s] Level 1:colcon.colcon_core.package_identification:_identify(src/f1tenth_system/vesc) by extension 'cmake'
[1.503s] Level 1:colcon.colcon_core.package_identification:_identify(src/f1tenth_system/vesc) by extension 'python'
[1.503s] Level 1:colcon.colcon_core.package_identification:_identify(src/f1tenth_system/vesc) by extensions ['python_setup_py']
[1.503s] Level 1:colcon.colcon_core.package_identification:_identify(src/f1tenth_system/vesc) by extension 'python_setup_py'
[1.504s] Level 1:colcon.colcon_core.package_identification:_identify(src/f1tenth_system/vesc/vesc) by extensions ['ignore', 'ignore_ament_install']
[1.504s] Level 1:colcon.colcon_core.package_identification:_identify(src/f1tenth_system/vesc/vesc) by extension 'ignore'
[1.504s] Level 1:colcon.colcon_core.package_identification:_identify(src/f1tenth_system/vesc/vesc) by extension 'ignore_ament_install'
[1.504s] Level 1:colcon.colcon_core.package_identification:_identify(src/f1tenth_system/vesc/vesc) by extensions ['colcon_pkg']
[1.505s] Level 1:colcon.colcon_core.package_identification:_identify(src/f1tenth_system/vesc/vesc) by extension 'colcon_pkg'
[1.505s] Level 1:colcon.colcon_core.package_identification:_identify(src/f1tenth_system/vesc/vesc) by extensions ['colcon_meta']
[1.505s] Level 1:colcon.colcon_core.package_identification:_identify(src/f1tenth_system/vesc/vesc) by extension 'colcon_meta'
[1.505s] Level 1:colcon.colcon_core.package_identification:_identify(src/f1tenth_system/vesc/vesc) by extensions ['ros']
[1.505s] Level 1:colcon.colcon_core.package_identification:_identify(src/f1tenth_system/vesc/vesc) by extension 'ros'
[1.507s] DEBUG:colcon.colcon_core.package_identification:Package 'src/f1tenth_system/vesc/vesc' with type 'ros.ament_cmake' and name 'vesc'
[1.508s] Level 1:colcon.colcon_core.package_identification:_identify(src/f1tenth_system/vesc/vesc_ackermann) by extensions ['ignore', 'ignore_ament_install']
[1.508s] Level 1:colcon.colcon_core.package_identification:_identify(src/f1tenth_system/vesc/vesc_ackermann) by extension 'ignore'
[1.509s] Level 1:colcon.colcon_core.package_identification:_identify(src/f1tenth_system/vesc/vesc_ackermann) by extension 'ignore_ament_install'
[1.509s] Level 1:colcon.colcon_core.package_identification:_identify(src/f1tenth_system/vesc/vesc_ackermann) by extensions ['colcon_pkg']
[1.509s] Level 1:colcon.colcon_core.package_identification:_identify(src/f1tenth_system/vesc/vesc_ackermann) by extension 'colcon_pkg'
[1.509s] Level 1:colcon.colcon_core.package_identification:_identify(src/f1tenth_system/vesc/vesc_ackermann) by extensions ['colcon_meta']
[1.509s] Level 1:colcon.colcon_core.package_identification:_identify(src/f1tenth_system/vesc/vesc_ackermann) by extension 'colcon_meta'
[1.509s] Level 1:colcon.colcon_core.package_identification:_identify(src/f1tenth_system/vesc/vesc_ackermann) by extensions ['ros']
[1.509s] Level 1:colcon.colcon_core.package_identification:_identify(src/f1tenth_system/vesc/vesc_ackermann) by extension 'ros'
[1.514s] DEBUG:colcon.colcon_core.package_identification:Package 'src/f1tenth_system/vesc/vesc_ackermann' with type 'ros.ament_cmake' and name 'vesc_ackermann'
[1.514s] Level 1:colcon.colcon_core.package_identification:_identify(src/f1tenth_system/vesc/vesc_driver) by extensions ['ignore', 'ignore_ament_install']
[1.515s] Level 1:colcon.colcon_core.package_identification:_identify(src/f1tenth_system/vesc/vesc_driver) by extension 'ignore'
[1.515s] Level 1:colcon.colcon_core.package_identification:_identify(src/f1tenth_system/vesc/vesc_driver) by extension 'ignore_ament_install'
[1.515s] Level 1:colcon.colcon_core.package_identification:_identify(src/f1tenth_system/vesc/vesc_driver) by extensions ['colcon_pkg']
[1.515s] Level 1:colcon.colcon_core.package_identification:_identify(src/f1tenth_system/vesc/vesc_driver) by extension 'colcon_pkg'
[1.515s] Level 1:colcon.colcon_core.package_identification:_identify(src/f1tenth_system/vesc/vesc_driver) by extensions ['colcon_meta']
[1.516s] Level 1:colcon.colcon_core.package_identification:_identify(src/f1tenth_system/vesc/vesc_driver) by extension 'colcon_meta'
[1.516s] Level 1:colcon.colcon_core.package_identification:_identify(src/f1tenth_system/vesc/vesc_driver) by extensions ['ros']
[1.516s] Level 1:colcon.colcon_core.package_identification:_identify(src/f1tenth_system/vesc/vesc_driver) by extension 'ros'
[1.520s] DEBUG:colcon.colcon_core.package_identification:Package 'src/f1tenth_system/vesc/vesc_driver' with type 'ros.ament_cmake' and name 'vesc_driver'
[1.520s] Level 1:colcon.colcon_core.package_identification:_identify(src/f1tenth_system/vesc/vesc_msgs) by extensions ['ignore', 'ignore_ament_install']
[1.521s] Level 1:colcon.colcon_core.package_identification:_identify(src/f1tenth_system/vesc/vesc_msgs) by extension 'ignore'
[1.521s] Level 1:colcon.colcon_core.package_identification:_identify(src/f1tenth_system/vesc/vesc_msgs) by extension 'ignore_ament_install'
[1.521s] Level 1:colcon.colcon_core.package_identification:_identify(src/f1tenth_system/vesc/vesc_msgs) by extensions ['colcon_pkg']
[1.521s] Level 1:colcon.colcon_core.package_identification:_identify(src/f1tenth_system/vesc/vesc_msgs) by extension 'colcon_pkg'
[1.521s] Level 1:colcon.colcon_core.package_identification:_identify(src/f1tenth_system/vesc/vesc_msgs) by extensions ['colcon_meta']
[1.522s] Level 1:colcon.colcon_core.package_identification:_identify(src/f1tenth_system/vesc/vesc_msgs) by extension 'colcon_meta'
[1.522s] Level 1:colcon.colcon_core.package_identification:_identify(src/f1tenth_system/vesc/vesc_msgs) by extensions ['ros']
[1.522s] Level 1:colcon.colcon_core.package_identification:_identify(src/f1tenth_system/vesc/vesc_msgs) by extension 'ros'
[1.525s] DEBUG:colcon.colcon_core.package_identification:Package 'src/f1tenth_system/vesc/vesc_msgs' with type 'ros.ament_cmake' and name 'vesc_msgs'
[1.525s] Level 1:colcon.colcon_core.package_identification:_identify(src/safety_node) by extensions ['ignore', 'ignore_ament_install']
[1.526s] Level 1:colcon.colcon_core.package_identification:_identify(src/safety_node) by extension 'ignore'
[1.526s] Level 1:colcon.colcon_core.package_identification:_identify(src/safety_node) by extension 'ignore_ament_install'
[1.526s] Level 1:colcon.colcon_core.package_identification:_identify(src/safety_node) by extensions ['colcon_pkg']
[1.526s] Level 1:colcon.colcon_core.package_identification:_identify(src/safety_node) by extension 'colcon_pkg'
[1.526s] Level 1:colcon.colcon_core.package_identification:_identify(src/safety_node) by extensions ['colcon_meta']
[1.527s] Level 1:colcon.colcon_core.package_identification:_identify(src/safety_node) by extension 'colcon_meta'
[1.527s] Level 1:colcon.colcon_core.package_identification:_identify(src/safety_node) by extensions ['ros']
[1.527s] Level 1:colcon.colcon_core.package_identification:_identify(src/safety_node) by extension 'ros'
[1.530s] DEBUG:colcon.colcon_core.package_identification:Package 'src/safety_node' with type 'ros.ament_cmake' and name 'safety_node'
[1.530s] Level 1:colcon.colcon_core.package_identification:_identify(src/wall_follow) by extensions ['ignore', 'ignore_ament_install']
[1.530s] Level 1:colcon.colcon_core.package_identification:_identify(src/wall_follow) by extension 'ignore'
[1.531s] Level 1:colcon.colcon_core.package_identification:_identify(src/wall_follow) by extension 'ignore_ament_install'
[1.531s] Level 1:colcon.colcon_core.package_identification:_identify(src/wall_follow) by extensions ['colcon_pkg']
[1.531s] Level 1:colcon.colcon_core.package_identification:_identify(src/wall_follow) by extension 'colcon_pkg'
[1.531s] Level 1:colcon.colcon_core.package_identification:_identify(src/wall_follow) by extensions ['colcon_meta']
[1.531s] Level 1:colcon.colcon_core.package_identification:_identify(src/wall_follow) by extension 'colcon_meta'
[1.531s] Level 1:colcon.colcon_core.package_identification:_identify(src/wall_follow) by extensions ['ros']
[1.532s] Level 1:colcon.colcon_core.package_identification:_identify(src/wall_follow) by extension 'ros'
[1.534s] DEBUG:colcon.colcon_core.package_identification:Package 'src/wall_follow' with type 'ros.ament_cmake' and name 'wall_follow'
[1.534s] Level 1:colcon.colcon_core.package_discovery:discover_packages(recursive) using defaults
[1.535s] Level 1:colcon.colcon_core.package_discovery:discover_packages(ignore) discover
[1.535s] Level 1:colcon.colcon_core.package_discovery:discover_packages(ignore) using defaults
[1.535s] Level 1:colcon.colcon_core.package_discovery:discover_packages(path) discover
[1.535s] Level 1:colcon.colcon_core.package_discovery:discover_packages(path) using defaults
[1.645s] Level 1:colcon.colcon_core.package_discovery:discover_packages(prefix_path) check parameters
[1.645s] Level 1:colcon.colcon_core.package_discovery:discover_packages(prefix_path) discover
[1.657s] DEBUG:colcon.colcon_installed_package_information.package_discovery:Found 14 installed packages in /home/cav330/f1tenth_ws/install
[1.664s] DEBUG:colcon.colcon_installed_package_information.package_discovery:Found 272 installed packages in /opt/ros/foxy
[1.671s] Level 1:colcon.colcon_core.package_discovery:discover_packages(prefix_path) using defaults
[1.913s] Level 5:colcon.colcon_core.verb:set package 'ackermann_mux' build argument 'cmake_args' from command line to 'None'
[1.914s] Level 5:colcon.colcon_core.verb:set package 'ackermann_mux' build argument 'cmake_target' from command line to 'None'
[1.914s] Level 5:colcon.colcon_core.verb:set package 'ackermann_mux' build argument 'cmake_target_skip_unavailable' from command line to 'False'
[1.914s] Level 5:colcon.colcon_core.verb:set package 'ackermann_mux' build argument 'cmake_clean_cache' from command line to 'False'
[1.914s] Level 5:colcon.colcon_core.verb:set package 'ackermann_mux' build argument 'cmake_clean_first' from command line to 'False'
[1.914s] Level 5:colcon.colcon_core.verb:set package 'ackermann_mux' build argument 'cmake_force_configure' from command line to 'False'
[1.914s] Level 5:colcon.colcon_core.verb:set package 'ackermann_mux' build argument 'ament_cmake_args' from command line to 'None'
[1.914s] Level 5:colcon.colcon_core.verb:set package 'ackermann_mux' build argument 'catkin_cmake_args' from command line to 'None'
[1.914s] Level 5:colcon.colcon_core.verb:set package 'ackermann_mux' build argument 'catkin_skip_building_tests' from command line to 'False'
[1.915s] DEBUG:colcon.colcon_core.verb:Building package 'ackermann_mux' with the following arguments: {'ament_cmake_args': None, 'build_base': '/home/cav330/f1tenth_ws/build/ackermann_mux', 'catkin_cmake_args': None, 'catkin_skip_building_tests': False, 'cmake_args': None, 'cmake_clean_cache': False, 'cmake_clean_first': False, 'cmake_force_configure': False, 'cmake_target': None, 'cmake_target_skip_unavailable': False, 'install_base': '/home/cav330/f1tenth_ws/install/ackermann_mux', 'merge_install': False, 'path': '/home/cav330/f1tenth_ws/src/f1tenth_system/ackermann_mux', 'symlink_install': False, 'test_result_base': None}
[1.916s] Level 5:colcon.colcon_core.verb:set package 'f1tenth_gym_ros' build argument 'cmake_args' from command line to 'None'
[1.916s] Level 5:colcon.colcon_core.verb:set package 'f1tenth_gym_ros' build argument 'cmake_target' from command line to 'None'
[1.916s] Level 5:colcon.colcon_core.verb:set package 'f1tenth_gym_ros' build argument 'cmake_target_skip_unavailable' from command line to 'False'
[1.917s] Level 5:colcon.colcon_core.verb:set package 'f1tenth_gym_ros' build argument 'cmake_clean_cache' from command line to 'False'
[1.917s] Level 5:colcon.colcon_core.verb:set package 'f1tenth_gym_ros' build argument 'cmake_clean_first' from command line to 'False'
[1.917s] Level 5:colcon.colcon_core.verb:set package 'f1tenth_gym_ros' build argument 'cmake_force_configure' from command line to 'False'
[1.917s] Level 5:colcon.colcon_core.verb:set package 'f1tenth_gym_ros' build argument 'ament_cmake_args' from command line to 'None'
[1.917s] Level 5:colcon.colcon_core.verb:set package 'f1tenth_gym_ros' build argument 'catkin_cmake_args' from command line to 'None'
[1.917s] Level 5:colcon.colcon_core.verb:set package 'f1tenth_gym_ros' build argument 'catkin_skip_building_tests' from command line to 'False'
[1.917s] DEBUG:colcon.colcon_core.verb:Building package 'f1tenth_gym_ros' with the following arguments: {'ament_cmake_args': None, 'build_base': '/home/cav330/f1tenth_ws/build/f1tenth_gym_ros', 'catkin_cmake_args': None, 'catkin_skip_building_tests': False, 'cmake_args': None, 'cmake_clean_cache': False, 'cmake_clean_first': False, 'cmake_force_configure': False, 'cmake_target': None, 'cmake_target_skip_unavailable': False, 'install_base': '/home/cav330/f1tenth_ws/install/f1tenth_gym_ros', 'merge_install': False, 'path': '/home/cav330/f1tenth_ws/src/f1tenth_gym_ros', 'symlink_install': False, 'test_result_base': None}
[1.919s] Level 5:colcon.colcon_core.verb:set package 'key_teleop' build argument 'cmake_args' from command line to 'None'
[1.919s] Level 5:colcon.colcon_core.verb:set package 'key_teleop' build argument 'cmake_target' from command line to 'None'
[1.919s] Level 5:colcon.colcon_core.verb:set package 'key_teleop' build argument 'cmake_target_skip_unavailable' from command line to 'False'
[1.919s] Level 5:colcon.colcon_core.verb:set package 'key_teleop' build argument 'cmake_clean_cache' from command line to 'False'
[1.919s] Level 5:colcon.colcon_core.verb:set package 'key_teleop' build argument 'cmake_clean_first' from command line to 'False'
[1.919s] Level 5:colcon.colcon_core.verb:set package 'key_teleop' build argument 'cmake_force_configure' from command line to 'False'
[1.920s] Level 5:colcon.colcon_core.verb:set package 'key_teleop' build argument 'ament_cmake_args' from command line to 'None'
[1.920s] Level 5:colcon.colcon_core.verb:set package 'key_teleop' build argument 'catkin_cmake_args' from command line to 'None'
[1.920s] Level 5:colcon.colcon_core.verb:set package 'key_teleop' build argument 'catkin_skip_building_tests' from command line to 'False'
[1.920s] DEBUG:colcon.colcon_core.verb:Building package 'key_teleop' with the following arguments: {'ament_cmake_args': None, 'build_base': '/home/cav330/f1tenth_ws/build/key_teleop', 'catkin_cmake_args': None, 'catkin_skip_building_tests': False, 'cmake_args': None, 'cmake_clean_cache': False, 'cmake_clean_first': False, 'cmake_force_configure': False, 'cmake_target': None, 'cmake_target_skip_unavailable': False, 'install_base': '/home/cav330/f1tenth_ws/install/key_teleop', 'merge_install': False, 'path': '/home/cav330/f1tenth_ws/src/f1tenth_system/teleop_tools/key_teleop', 'symlink_install': False, 'test_result_base': None}
[1.921s] Level 5:colcon.colcon_core.verb:set package 'mouse_teleop' build argument 'cmake_args' from command line to 'None'
[1.921s] Level 5:colcon.colcon_core.verb:set package 'mouse_teleop' build argument 'cmake_target' from command line to 'None'
[1.922s] Level 5:colcon.colcon_core.verb:set package 'mouse_teleop' build argument 'cmake_target_skip_unavailable' from command line to 'False'
[1.922s] Level 5:colcon.colcon_core.verb:set package 'mouse_teleop' build argument 'cmake_clean_cache' from command line to 'False'
[1.922s] Level 5:colcon.colcon_core.verb:set package 'mouse_teleop' build argument 'cmake_clean_first' from command line to 'False'
[1.922s] Level 5:colcon.colcon_core.verb:set package 'mouse_teleop' build argument 'cmake_force_configure' from command line to 'False'
[1.922s] Level 5:colcon.colcon_core.verb:set package 'mouse_teleop' build argument 'ament_cmake_args' from command line to 'None'
[1.922s] Level 5:colcon.colcon_core.verb:set package 'mouse_teleop' build argument 'catkin_cmake_args' from command line to 'None'
[1.922s] Level 5:colcon.colcon_core.verb:set package 'mouse_teleop' build argument 'catkin_skip_building_tests' from command line to 'False'
[1.922s] DEBUG:colcon.colcon_core.verb:Building package 'mouse_teleop' with the following arguments: {'ament_cmake_args': None, 'build_base': '/home/cav330/f1tenth_ws/build/mouse_teleop', 'catkin_cmake_args': None, 'catkin_skip_building_tests': False, 'cmake_args': None, 'cmake_clean_cache': False, 'cmake_clean_first': False, 'cmake_force_configure': False, 'cmake_target': None, 'cmake_target_skip_unavailable': False, 'install_base': '/home/cav330/f1tenth_ws/install/mouse_teleop', 'merge_install': False, 'path': '/home/cav330/f1tenth_ws/src/f1tenth_system/teleop_tools/mouse_teleop', 'symlink_install': False, 'test_result_base': None}
[1.924s] Level 5:colcon.colcon_core.verb:set package 'safety_node' build argument 'cmake_args' from command line to 'None'
[1.924s] Level 5:colcon.colcon_core.verb:set package 'safety_node' build argument 'cmake_target' from command line to 'None'
[1.924s] Level 5:colcon.colcon_core.verb:set package 'safety_node' build argument 'cmake_target_skip_unavailable' from command line to 'False'
[1.924s] Level 5:colcon.colcon_core.verb:set package 'safety_node' build argument 'cmake_clean_cache' from command line to 'False'
[1.924s] Level 5:colcon.colcon_core.verb:set package 'safety_node' build argument 'cmake_clean_first' from command line to 'False'
[1.924s] Level 5:colcon.colcon_core.verb:set package 'safety_node' build argument 'cmake_force_configure' from command line to 'False'
[1.924s] Level 5:colcon.colcon_core.verb:set package 'safety_node' build argument 'ament_cmake_args' from command line to 'None'
[1.925s] Level 5:colcon.colcon_core.verb:set package 'safety_node' build argument 'catkin_cmake_args' from command line to 'None'
[1.925s] Level 5:colcon.colcon_core.verb:set package 'safety_node' build argument 'catkin_skip_building_tests' from command line to 'False'
[1.925s] DEBUG:colcon.colcon_core.verb:Building package 'safety_node' with the following arguments: {'ament_cmake_args': None, 'build_base': '/home/cav330/f1tenth_ws/build/safety_node', 'catkin_cmake_args': None, 'catkin_skip_building_tests': False, 'cmake_args': None, 'cmake_clean_cache': False, 'cmake_clean_first': False, 'cmake_force_configure': False, 'cmake_target': None, 'cmake_target_skip_unavailable': False, 'install_base': '/home/cav330/f1tenth_ws/install/safety_node', 'merge_install': False, 'path': '/home/cav330/f1tenth_ws/src/safety_node', 'symlink_install': False, 'test_result_base': None}
[1.926s] Level 5:colcon.colcon_core.verb:set package 'teleop_tools_msgs' build argument 'cmake_args' from command line to 'None'
[1.926s] Level 5:colcon.colcon_core.verb:set package 'teleop_tools_msgs' build argument 'cmake_target' from command line to 'None'
[1.926s] Level 5:colcon.colcon_core.verb:set package 'teleop_tools_msgs' build argument 'cmake_target_skip_unavailable' from command line to 'False'
[1.927s] Level 5:colcon.colcon_core.verb:set package 'teleop_tools_msgs' build argument 'cmake_clean_cache' from command line to 'False'
[1.927s] Level 5:colcon.colcon_core.verb:set package 'teleop_tools_msgs' build argument 'cmake_clean_first' from command line to 'False'
[1.927s] Level 5:colcon.colcon_core.verb:set package 'teleop_tools_msgs' build argument 'cmake_force_configure' from command line to 'False'
[1.927s] Level 5:colcon.colcon_core.verb:set package 'teleop_tools_msgs' build argument 'ament_cmake_args' from command line to 'None'
[1.927s] Level 5:colcon.colcon_core.verb:set package 'teleop_tools_msgs' build argument 'catkin_cmake_args' from command line to 'None'
[1.927s] Level 5:colcon.colcon_core.verb:set package 'teleop_tools_msgs' build argument 'catkin_skip_building_tests' from command line to 'False'
[1.927s] DEBUG:colcon.colcon_core.verb:Building package 'teleop_tools_msgs' with the following arguments: {'ament_cmake_args': None, 'build_base': '/home/cav330/f1tenth_ws/build/teleop_tools_msgs', 'catkin_cmake_args': None, 'catkin_skip_building_tests': False, 'cmake_args': None, 'cmake_clean_cache': False, 'cmake_clean_first': False, 'cmake_force_configure': False, 'cmake_target': None, 'cmake_target_skip_unavailable': False, 'install_base': '/home/cav330/f1tenth_ws/install/teleop_tools_msgs', 'merge_install': False, 'path': '/home/cav330/f1tenth_ws/src/f1tenth_system/teleop_tools/teleop_tools_msgs', 'symlink_install': False, 'test_result_base': None}
[1.929s] Level 5:colcon.colcon_core.verb:set package 'vesc_msgs' build argument 'cmake_args' from command line to 'None'
[1.929s] Level 5:colcon.colcon_core.verb:set package 'vesc_msgs' build argument 'cmake_target' from command line to 'None'
[1.929s] Level 5:colcon.colcon_core.verb:set package 'vesc_msgs' build argument 'cmake_target_skip_unavailable' from command line to 'False'
[1.929s] Level 5:colcon.colcon_core.verb:set package 'vesc_msgs' build argument 'cmake_clean_cache' from command line to 'False'
[1.929s] Level 5:colcon.colcon_core.verb:set package 'vesc_msgs' build argument 'cmake_clean_first' from command line to 'False'
[1.929s] Level 5:colcon.colcon_core.verb:set package 'vesc_msgs' build argument 'cmake_force_configure' from command line to 'False'
[1.929s] Level 5:colcon.colcon_core.verb:set package 'vesc_msgs' build argument 'ament_cmake_args' from command line to 'None'
[1.929s] Level 5:colcon.colcon_core.verb:set package 'vesc_msgs' build argument 'catkin_cmake_args' from command line to 'None'
[1.929s] Level 5:colcon.colcon_core.verb:set package 'vesc_msgs' build argument 'catkin_skip_building_tests' from command line to 'False'
[1.930s] DEBUG:colcon.colcon_core.verb:Building package 'vesc_msgs' with the following arguments: {'ament_cmake_args': None, 'build_base': '/home/cav330/f1tenth_ws/build/vesc_msgs', 'catkin_cmake_args': None, 'catkin_skip_building_tests': False, 'cmake_args': None, 'cmake_clean_cache': False, 'cmake_clean_first': False, 'cmake_force_configure': False, 'cmake_target': None, 'cmake_target_skip_unavailable': False, 'install_base': '/home/cav330/f1tenth_ws/install/vesc_msgs', 'merge_install': False, 'path': '/home/cav330/f1tenth_ws/src/f1tenth_system/vesc/vesc_msgs', 'symlink_install': False, 'test_result_base': None}
[1.931s] Level 5:colcon.colcon_core.verb:set package 'wall_follow' build argument 'cmake_args' from command line to 'None'
[1.931s] Level 5:colcon.colcon_core.verb:set package 'wall_follow' build argument 'cmake_target' from command line to 'None'
[1.931s] Level 5:colcon.colcon_core.verb:set package 'wall_follow' build argument 'cmake_target_skip_unavailable' from command line to 'False'
[1.931s] Level 5:colcon.colcon_core.verb:set package 'wall_follow' build argument 'cmake_clean_cache' from command line to 'False'
[1.931s] Level 5:colcon.colcon_core.verb:set package 'wall_follow' build argument 'cmake_clean_first' from command line to 'False'
[1.932s] Level 5:colcon.colcon_core.verb:set package 'wall_follow' build argument 'cmake_force_configure' from command line to 'False'
[1.932s] Level 5:colcon.colcon_core.verb:set package 'wall_follow' build argument 'ament_cmake_args' from command line to 'None'
[1.932s] Level 5:colcon.colcon_core.verb:set package 'wall_follow' build argument 'catkin_cmake_args' from command line to 'None'
[1.932s] Level 5:colcon.colcon_core.verb:set package 'wall_follow' build argument 'catkin_skip_building_tests' from command line to 'False'
[1.932s] DEBUG:colcon.colcon_core.verb:Building package 'wall_follow' with the following arguments: {'ament_cmake_args': None, 'build_base': '/home/cav330/f1tenth_ws/build/wall_follow', 'catkin_cmake_args': None, 'catkin_skip_building_tests': False, 'cmake_args': None, 'cmake_clean_cache': False, 'cmake_clean_first': False, 'cmake_force_configure': False, 'cmake_target': None, 'cmake_target_skip_unavailable': False, 'install_base': '/home/cav330/f1tenth_ws/install/wall_follow', 'merge_install': False, 'path': '/home/cav330/f1tenth_ws/src/wall_follow', 'symlink_install': False, 'test_result_base': None}
[1.933s] Level 5:colcon.colcon_core.verb:set package 'joy_teleop' build argument 'cmake_args' from command line to 'None'
[1.934s] Level 5:colcon.colcon_core.verb:set package 'joy_teleop' build argument 'cmake_target' from command line to 'None'
[1.934s] Level 5:colcon.colcon_core.verb:set package 'joy_teleop' build argument 'cmake_target_skip_unavailable' from command line to 'False'
[1.934s] Level 5:colcon.colcon_core.verb:set package 'joy_teleop' build argument 'cmake_clean_cache' from command line to 'False'
[1.934s] Level 5:colcon.colcon_core.verb:set package 'joy_teleop' build argument 'cmake_clean_first' from command line to 'False'
[1.934s] Level 5:colcon.colcon_core.verb:set package 'joy_teleop' build argument 'cmake_force_configure' from command line to 'False'
[1.934s] Level 5:colcon.colcon_core.verb:set package 'joy_teleop' build argument 'ament_cmake_args' from command line to 'None'
[1.934s] Level 5:colcon.colcon_core.verb:set package 'joy_teleop' build argument 'catkin_cmake_args' from command line to 'None'
[1.934s] Level 5:colcon.colcon_core.verb:set package 'joy_teleop' build argument 'catkin_skip_building_tests' from command line to 'False'
[1.934s] DEBUG:colcon.colcon_core.verb:Building package 'joy_teleop' with the following arguments: {'ament_cmake_args': None, 'build_base': '/home/cav330/f1tenth_ws/build/joy_teleop', 'catkin_cmake_args': None, 'catkin_skip_building_tests': False, 'cmake_args': None, 'cmake_clean_cache': False, 'cmake_clean_first': False, 'cmake_force_configure': False, 'cmake_target': None, 'cmake_target_skip_unavailable': False, 'install_base': '/home/cav330/f1tenth_ws/install/joy_teleop', 'merge_install': False, 'path': '/home/cav330/f1tenth_ws/src/f1tenth_system/teleop_tools/joy_teleop', 'symlink_install': False, 'test_result_base': None}
[1.936s] Level 5:colcon.colcon_core.verb:set package 'vesc_ackermann' build argument 'cmake_args' from command line to 'None'
[1.936s] Level 5:colcon.colcon_core.verb:set package 'vesc_ackermann' build argument 'cmake_target' from command line to 'None'
[1.936s] Level 5:colcon.colcon_core.verb:set package 'vesc_ackermann' build argument 'cmake_target_skip_unavailable' from command line to 'False'
[1.936s] Level 5:colcon.colcon_core.verb:set package 'vesc_ackermann' build argument 'cmake_clean_cache' from command line to 'False'
[1.936s] Level 5:colcon.colcon_core.verb:set package 'vesc_ackermann' build argument 'cmake_clean_first' from command line to 'False'
[1.936s] Level 5:colcon.colcon_core.verb:set package 'vesc_ackermann' build argument 'cmake_force_configure' from command line to 'False'
[1.937s] Level 5:colcon.colcon_core.verb:set package 'vesc_ackermann' build argument 'ament_cmake_args' from command line to 'None'
[1.937s] Level 5:colcon.colcon_core.verb:set package 'vesc_ackermann' build argument 'catkin_cmake_args' from command line to 'None'
[1.937s] Level 5:colcon.colcon_core.verb:set package 'vesc_ackermann' build argument 'catkin_skip_building_tests' from command line to 'False'
[1.937s] DEBUG:colcon.colcon_core.verb:Building package 'vesc_ackermann' with the following arguments: {'ament_cmake_args': None, 'build_base': '/home/cav330/f1tenth_ws/build/vesc_ackermann', 'catkin_cmake_args': None, 'catkin_skip_building_tests': False, 'cmake_args': None, 'cmake_clean_cache': False, 'cmake_clean_first': False, 'cmake_force_configure': False, 'cmake_target': None, 'cmake_target_skip_unavailable': False, 'install_base': '/home/cav330/f1tenth_ws/install/vesc_ackermann', 'merge_install': False, 'path': '/home/cav330/f1tenth_ws/src/f1tenth_system/vesc/vesc_ackermann', 'symlink_install': False, 'test_result_base': None}
[1.938s] Level 5:colcon.colcon_core.verb:set package 'vesc_driver' build argument 'cmake_args' from command line to 'None'
[1.938s] Level 5:colcon.colcon_core.verb:set package 'vesc_driver' build argument 'cmake_target' from command line to 'None'
[1.938s] Level 5:colcon.colcon_core.verb:set package 'vesc_driver' build argument 'cmake_target_skip_unavailable' from command line to 'False'
[1.939s] Level 5:colcon.colcon_core.verb:set package 'vesc_driver' build argument 'cmake_clean_cache' from command line to 'False'
[1.939s] Level 5:colcon.colcon_core.verb:set package 'vesc_driver' build argument 'cmake_clean_first' from command line to 'False'
[1.939s] Level 5:colcon.colcon_core.verb:set package 'vesc_driver' build argument 'cmake_force_configure' from command line to 'False'
[1.939s] Level 5:colcon.colcon_core.verb:set package 'vesc_driver' build argument 'ament_cmake_args' from command line to 'None'
[1.939s] Level 5:colcon.colcon_core.verb:set package 'vesc_driver' build argument 'catkin_cmake_args' from command line to 'None'
[1.939s] Level 5:colcon.colcon_core.verb:set package 'vesc_driver' build argument 'catkin_skip_building_tests' from command line to 'False'
[1.939s] DEBUG:colcon.colcon_core.verb:Building package 'vesc_driver' with the following arguments: {'ament_cmake_args': None, 'build_base': '/home/cav330/f1tenth_ws/build/vesc_driver', 'catkin_cmake_args': None, 'catkin_skip_building_tests': False, 'cmake_args': None, 'cmake_clean_cache': False, 'cmake_clean_first': False, 'cmake_force_configure': False, 'cmake_target': None, 'cmake_target_skip_unavailable': False, 'install_base': '/home/cav330/f1tenth_ws/install/vesc_driver', 'merge_install': False, 'path': '/home/cav330/f1tenth_ws/src/f1tenth_system/vesc/vesc_driver', 'symlink_install': False, 'test_result_base': None}
[1.941s] Level 5:colcon.colcon_core.verb:set package 'teleop_tools' build argument 'cmake_args' from command line to 'None'
[1.941s] Level 5:colcon.colcon_core.verb:set package 'teleop_tools' build argument 'cmake_target' from command line to 'None'
[1.941s] Level 5:colcon.colcon_core.verb:set package 'teleop_tools' build argument 'cmake_target_skip_unavailable' from command line to 'False'
[1.941s] Level 5:colcon.colcon_core.verb:set package 'teleop_tools' build argument 'cmake_clean_cache' from command line to 'False'
[1.941s] Level 5:colcon.colcon_core.verb:set package 'teleop_tools' build argument 'cmake_clean_first' from command line to 'False'
[1.941s] Level 5:colcon.colcon_core.verb:set package 'teleop_tools' build argument 'cmake_force_configure' from command line to 'False'
[1.941s] Level 5:colcon.colcon_core.verb:set package 'teleop_tools' build argument 'ament_cmake_args' from command line to 'None'
[1.941s] Level 5:colcon.colcon_core.verb:set package 'teleop_tools' build argument 'catkin_cmake_args' from command line to 'None'
[1.942s] Level 5:colcon.colcon_core.verb:set package 'teleop_tools' build argument 'catkin_skip_building_tests' from command line to 'False'
[1.942s] DEBUG:colcon.colcon_core.verb:Building package 'teleop_tools' with the following arguments: {'ament_cmake_args': None, 'build_base': '/home/cav330/f1tenth_ws/build/teleop_tools', 'catkin_cmake_args': None, 'catkin_skip_building_tests': False, 'cmake_args': None, 'cmake_clean_cache': False, 'cmake_clean_first': False, 'cmake_force_configure': False, 'cmake_target': None, 'cmake_target_skip_unavailable': False, 'install_base': '/home/cav330/f1tenth_ws/install/teleop_tools', 'merge_install': False, 'path': '/home/cav330/f1tenth_ws/src/f1tenth_system/teleop_tools/teleop_tools', 'symlink_install': False, 'test_result_base': None}
[1.943s] Level 5:colcon.colcon_core.verb:set package 'vesc' build argument 'cmake_args' from command line to 'None'
[1.943s] Level 5:colcon.colcon_core.verb:set package 'vesc' build argument 'cmake_target' from command line to 'None'
[1.943s] Level 5:colcon.colcon_core.verb:set package 'vesc' build argument 'cmake_target_skip_unavailable' from command line to 'False'
[1.943s] Level 5:colcon.colcon_core.verb:set package 'vesc' build argument 'cmake_clean_cache' from command line to 'False'
[1.944s] Level 5:colcon.colcon_core.verb:set package 'vesc' build argument 'cmake_clean_first' from command line to 'False'
[1.944s] Level 5:colcon.colcon_core.verb:set package 'vesc' build argument 'cmake_force_configure' from command line to 'False'
[1.944s] Level 5:colcon.colcon_core.verb:set package 'vesc' build argument 'ament_cmake_args' from command line to 'None'
[1.944s] Level 5:colcon.colcon_core.verb:set package 'vesc' build argument 'catkin_cmake_args' from command line to 'None'
[1.944s] Level 5:colcon.colcon_core.verb:set package 'vesc' build argument 'catkin_skip_building_tests' from command line to 'False'
[1.944s] DEBUG:colcon.colcon_core.verb:Building package 'vesc' with the following arguments: {'ament_cmake_args': None, 'build_base': '/home/cav330/f1tenth_ws/build/vesc', 'catkin_cmake_args': None, 'catkin_skip_building_tests': False, 'cmake_args': None, 'cmake_clean_cache': False, 'cmake_clean_first': False, 'cmake_force_configure': False, 'cmake_target': None, 'cmake_target_skip_unavailable': False, 'install_base': '/home/cav330/f1tenth_ws/install/vesc', 'merge_install': False, 'path': '/home/cav330/f1tenth_ws/src/f1tenth_system/vesc/vesc', 'symlink_install': False, 'test_result_base': None}
[1.945s] Level 5:colcon.colcon_core.verb:set package 'f1tenth_stack' build argument 'cmake_args' from command line to 'None'
[1.946s] Level 5:colcon.colcon_core.verb:set package 'f1tenth_stack' build argument 'cmake_target' from command line to 'None'
[1.946s] Level 5:colcon.colcon_core.verb:set package 'f1tenth_stack' build argument 'cmake_target_skip_unavailable' from command line to 'False'
[1.946s] Level 5:colcon.colcon_core.verb:set package 'f1tenth_stack' build argument 'cmake_clean_cache' from command line to 'False'
[1.946s] Level 5:colcon.colcon_core.verb:set package 'f1tenth_stack' build argument 'cmake_clean_first' from command line to 'False'
[1.946s] Level 5:colcon.colcon_core.verb:set package 'f1tenth_stack' build argument 'cmake_force_configure' from command line to 'False'
[1.946s] Level 5:colcon.colcon_core.verb:set package 'f1tenth_stack' build argument 'ament_cmake_args' from command line to 'None'
[1.946s] Level 5:colcon.colcon_core.verb:set package 'f1tenth_stack' build argument 'catkin_cmake_args' from command line to 'None'
[1.946s] Level 5:colcon.colcon_core.verb:set package 'f1tenth_stack' build argument 'catkin_skip_building_tests' from command line to 'False'
[1.947s] DEBUG:colcon.colcon_core.verb:Building package 'f1tenth_stack' with the following arguments: {'ament_cmake_args': None, 'build_base': '/home/cav330/f1tenth_ws/build/f1tenth_stack', 'catkin_cmake_args': None, 'catkin_skip_building_tests': False, 'cmake_args': None, 'cmake_clean_cache': False, 'cmake_clean_first': False, 'cmake_force_configure': False, 'cmake_target': None, 'cmake_target_skip_unavailable': False, 'install_base': '/home/cav330/f1tenth_ws/install/f1tenth_stack', 'merge_install': False, 'path': '/home/cav330/f1tenth_ws/src/f1tenth_system/f1tenth_stack', 'symlink_install': False, 'test_result_base': None}
[1.947s] INFO:colcon.colcon_core.executor:Executing jobs using 'parallel' executor
[1.951s] DEBUG:colcon.colcon_parallel_executor.executor.parallel:run_until_complete
[1.953s] INFO:colcon.colcon_ros.task.ament_cmake.build:Building ROS package in '/home/cav330/f1tenth_ws/src/f1tenth_system/vesc/vesc_msgs' with build type 'ament_cmake'
[1.953s] INFO:colcon.colcon_cmake.task.cmake.build:Building CMake package in '/home/cav330/f1tenth_ws/src/f1tenth_system/vesc/vesc_msgs'
[1.966s] INFO:colcon.colcon_core.plugin_system:Skipping extension 'colcon_core.shell.bat': Not used on non-Windows systems
[1.968s] INFO:colcon.colcon_core.shell:Skip shell extension 'powershell' for command environment: Not usable outside of PowerShell
[1.968s] DEBUG:colcon.colcon_core.shell:Skip shell extension 'dsv' for command environment
[2.004s] INFO:colcon.colcon_ros.task.ament_cmake.build:Building ROS package in '/home/cav330/f1tenth_ws/src/f1tenth_system/teleop_tools/teleop_tools_msgs' with build type 'ament_cmake'
[2.006s] INFO:colcon.colcon_cmake.task.cmake.build:Building CMake package in '/home/cav330/f1tenth_ws/src/f1tenth_system/teleop_tools/teleop_tools_msgs'
[2.011s] INFO:colcon.colcon_core.shell:Skip shell extension 'powershell' for command environment: Not usable outside of PowerShell
[2.013s] DEBUG:colcon.colcon_core.shell:Skip shell extension 'dsv' for command environment
[2.047s] INFO:colcon.colcon_ros.task.ament_cmake.build:Building ROS package in '/home/cav330/f1tenth_ws/src/f1tenth_system/ackermann_mux' with build type 'ament_cmake'
[2.050s] INFO:colcon.colcon_cmake.task.cmake.build:Building CMake package in '/home/cav330/f1tenth_ws/src/f1tenth_system/ackermann_mux'
[2.053s] INFO:colcon.colcon_core.shell:Skip shell extension 'powershell' for command environment: Not usable outside of PowerShell
[2.055s] DEBUG:colcon.colcon_core.shell:Skip shell extension 'dsv' for command environment
[2.090s] INFO:colcon.colcon_ros.task.ament_python.build:Building ROS package in '/home/cav330/f1tenth_ws/src/f1tenth_system/teleop_tools/key_teleop' with build type 'ament_python'
[2.094s] Level 1:colcon.colcon_core.shell:create_environment_hook('key_teleop', 'ament_prefix_path')
[2.099s] INFO:colcon.colcon_core.shell:Creating environment hook '/home/cav330/f1tenth_ws/install/key_teleop/share/key_teleop/hook/ament_prefix_path.ps1'
[2.107s] INFO:colcon.colcon_core.shell:Creating environment descriptor '/home/cav330/f1tenth_ws/install/key_teleop/share/key_teleop/hook/ament_prefix_path.dsv'
[2.110s] INFO:colcon.colcon_core.shell:Creating environment hook '/home/cav330/f1tenth_ws/install/key_teleop/share/key_teleop/hook/ament_prefix_path.sh'
[2.115s] INFO:colcon.colcon_core.shell:Skip shell extension 'powershell' for command environment: Not usable outside of PowerShell
[2.116s] DEBUG:colcon.colcon_core.shell:Skip shell extension 'dsv' for command environment
[2.175s] DEBUG:colcon.colcon_core.event_handler.log_command:Invoking command in '/home/cav330/f1tenth_ws/build/vesc_msgs': CMAKE_PREFIX_PATH=${CMAKE_PREFIX_PATH}:/home/cav330/f1tenth_ws/install/f1tenth_stack:/home/cav330/f1tenth_ws/install/joy_teleop:/home/cav330/f1tenth_ws/install/mouse_teleop:/home/cav330/f1tenth_ws/install/key_teleop:/home/cav330/f1tenth_ws/install/f1tenth_gym_ros:/opt/ros/foxy NX_CONNECTION=192.168.33.135 50408 192.168.33.130 4000 /usr/bin/cmake --build /home/cav330/f1tenth_ws/build/vesc_msgs -- -j4 -l4
[2.220s] DEBUG:colcon.colcon_core.event_handler.log_command:Invoking command in '/home/cav330/f1tenth_ws/build/teleop_tools_msgs': CMAKE_PREFIX_PATH=${CMAKE_PREFIX_PATH}:/home/cav330/f1tenth_ws/install/f1tenth_stack:/home/cav330/f1tenth_ws/install/joy_teleop:/home/cav330/f1tenth_ws/install/mouse_teleop:/home/cav330/f1tenth_ws/install/key_teleop:/home/cav330/f1tenth_ws/install/f1tenth_gym_ros:/opt/ros/foxy NX_CONNECTION=192.168.33.135 50408 192.168.33.130 4000 /usr/bin/cmake --build /home/cav330/f1tenth_ws/build/teleop_tools_msgs -- -j4 -l4
[2.253s] DEBUG:colcon.colcon_core.event_handler.log_command:Invoking command in '/home/cav330/f1tenth_ws/build/ackermann_mux': CMAKE_PREFIX_PATH=${CMAKE_PREFIX_PATH}:/home/cav330/f1tenth_ws/install/f1tenth_stack:/home/cav330/f1tenth_ws/install/joy_teleop:/home/cav330/f1tenth_ws/install/mouse_teleop:/home/cav330/f1tenth_ws/install/key_teleop:/home/cav330/f1tenth_ws/install/f1tenth_gym_ros:/opt/ros/foxy NX_CONNECTION=192.168.33.135 50408 192.168.33.130 4000 /usr/bin/cmake --build /home/cav330/f1tenth_ws/build/ackermann_mux -- -j4 -l4
[3.934s] INFO:colcon.colcon_core.task.python.build:Building Python package in '/home/cav330/f1tenth_ws/src/f1tenth_system/teleop_tools/key_teleop'
[3.938s] INFO:colcon.colcon_core.shell:Skip shell extension 'powershell' for command environment: Not usable outside of PowerShell
[3.938s] DEBUG:colcon.colcon_core.shell:Skip shell extension 'dsv' for command environment
[4.046s] DEBUG:colcon.colcon_core.event_handler.log_command:Invoked command in '/home/cav330/f1tenth_ws/build/teleop_tools_msgs' returned '0': CMAKE_PREFIX_PATH=${CMAKE_PREFIX_PATH}:/home/cav330/f1tenth_ws/install/f1tenth_stack:/home/cav330/f1tenth_ws/install/joy_teleop:/home/cav330/f1tenth_ws/install/mouse_teleop:/home/cav330/f1tenth_ws/install/key_teleop:/home/cav330/f1tenth_ws/install/f1tenth_gym_ros:/opt/ros/foxy NX_CONNECTION=192.168.33.135 50408 192.168.33.130 4000 /usr/bin/cmake --build /home/cav330/f1tenth_ws/build/teleop_tools_msgs -- -j4 -l4
[4.125s] DEBUG:colcon.colcon_core.event_handler.log_command:Invoking command in '/home/cav330/f1tenth_ws/build/teleop_tools_msgs': CMAKE_PREFIX_PATH=${CMAKE_PREFIX_PATH}:/home/cav330/f1tenth_ws/install/f1tenth_stack:/home/cav330/f1tenth_ws/install/joy_teleop:/home/cav330/f1tenth_ws/install/mouse_teleop:/home/cav330/f1tenth_ws/install/key_teleop:/home/cav330/f1tenth_ws/install/f1tenth_gym_ros:/opt/ros/foxy NX_CONNECTION=192.168.33.135 50408 192.168.33.130 4000 /usr/bin/cmake --install /home/cav330/f1tenth_ws/build/teleop_tools_msgs
[4.164s] DEBUG:colcon.colcon_core.event_handler.log_command:Invoked command in '/home/cav330/f1tenth_ws/build/ackermann_mux' returned '0': CMAKE_PREFIX_PATH=${CMAKE_PREFIX_PATH}:/home/cav330/f1tenth_ws/install/f1tenth_stack:/home/cav330/f1tenth_ws/install/joy_teleop:/home/cav330/f1tenth_ws/install/mouse_teleop:/home/cav330/f1tenth_ws/install/key_teleop:/home/cav330/f1tenth_ws/install/f1tenth_gym_ros:/opt/ros/foxy NX_CONNECTION=192.168.33.135 50408 192.168.33.130 4000 /usr/bin/cmake --build /home/cav330/f1tenth_ws/build/ackermann_mux -- -j4 -l4
[4.180s] DEBUG:colcon.colcon_core.event_handler.log_command:Invoking command in '/home/cav330/f1tenth_ws/build/ackermann_mux': CMAKE_PREFIX_PATH=${CMAKE_PREFIX_PATH}:/home/cav330/f1tenth_ws/install/f1tenth_stack:/home/cav330/f1tenth_ws/install/joy_teleop:/home/cav330/f1tenth_ws/install/mouse_teleop:/home/cav330/f1tenth_ws/install/key_teleop:/home/cav330/f1tenth_ws/install/f1tenth_gym_ros:/opt/ros/foxy NX_CONNECTION=192.168.33.135 50408 192.168.33.130 4000 /usr/bin/cmake --install /home/cav330/f1tenth_ws/build/ackermann_mux
[4.234s] DEBUG:colcon.colcon_core.event_handler.log_command:Invoked command in '/home/cav330/f1tenth_ws/build/vesc_msgs' returned '0': CMAKE_PREFIX_PATH=${CMAKE_PREFIX_PATH}:/home/cav330/f1tenth_ws/install/f1tenth_stack:/home/cav330/f1tenth_ws/install/joy_teleop:/home/cav330/f1tenth_ws/install/mouse_teleop:/home/cav330/f1tenth_ws/install/key_teleop:/home/cav330/f1tenth_ws/install/f1tenth_gym_ros:/opt/ros/foxy NX_CONNECTION=192.168.33.135 50408 192.168.33.130 4000 /usr/bin/cmake --build /home/cav330/f1tenth_ws/build/vesc_msgs -- -j4 -l4
[4.267s] DEBUG:colcon.colcon_core.event_handler.log_command:Invoking command in '/home/cav330/f1tenth_ws/build/vesc_msgs': CMAKE_PREFIX_PATH=${CMAKE_PREFIX_PATH}:/home/cav330/f1tenth_ws/install/f1tenth_stack:/home/cav330/f1tenth_ws/install/joy_teleop:/home/cav330/f1tenth_ws/install/mouse_teleop:/home/cav330/f1tenth_ws/install/key_teleop:/home/cav330/f1tenth_ws/install/f1tenth_gym_ros:/opt/ros/foxy NX_CONNECTION=192.168.33.135 50408 192.168.33.130 4000 /usr/bin/cmake --install /home/cav330/f1tenth_ws/build/vesc_msgs
[4.270s] Level 1:colcon.colcon_core.environment:create_environment_scripts_only(ackermann_mux)
[4.311s] Level 1:colcon.colcon_core.environment:checking '/home/cav330/f1tenth_ws/install/ackermann_mux' for CMake module files
[4.323s] Level 1:colcon.colcon_core.environment:checking '/home/cav330/f1tenth_ws/install/ackermann_mux' for CMake config files
[4.324s] DEBUG:colcon.colcon_core.event_handler.log_command:Invoked command in '/home/cav330/f1tenth_ws/build/ackermann_mux' returned '0': CMAKE_PREFIX_PATH=${CMAKE_PREFIX_PATH}:/home/cav330/f1tenth_ws/install/f1tenth_stack:/home/cav330/f1tenth_ws/install/joy_teleop:/home/cav330/f1tenth_ws/install/mouse_teleop:/home/cav330/f1tenth_ws/install/key_teleop:/home/cav330/f1tenth_ws/install/f1tenth_gym_ros:/opt/ros/foxy NX_CONNECTION=192.168.33.135 50408 192.168.33.130 4000 /usr/bin/cmake --install /home/cav330/f1tenth_ws/build/ackermann_mux
[4.336s] Level 1:colcon.colcon_core.shell:create_environment_hook('ackermann_mux', 'cmake_prefix_path')
[4.338s] INFO:colcon.colcon_core.shell:Creating environment hook '/home/cav330/f1tenth_ws/install/ackermann_mux/share/ackermann_mux/hook/cmake_prefix_path.ps1'
[4.340s] INFO:colcon.colcon_core.shell:Creating environment descriptor '/home/cav330/f1tenth_ws/install/ackermann_mux/share/ackermann_mux/hook/cmake_prefix_path.dsv'
[4.348s] INFO:colcon.colcon_core.shell:Creating environment hook '/home/cav330/f1tenth_ws/install/ackermann_mux/share/ackermann_mux/hook/cmake_prefix_path.sh'
[4.353s] Level 1:colcon.colcon_core.environment:checking '/home/cav330/f1tenth_ws/install/ackermann_mux/lib'
[4.354s] Level 1:colcon.colcon_core.environment:checking '/home/cav330/f1tenth_ws/install/ackermann_mux/bin'
[4.354s] Level 1:colcon.colcon_core.environment:checking '/home/cav330/f1tenth_ws/install/ackermann_mux/lib/pkgconfig/ackermann_mux.pc'
[4.368s] Level 1:colcon.colcon_core.environment:checking '/home/cav330/f1tenth_ws/install/ackermann_mux/lib/python3.8/site-packages'
[4.369s] Level 1:colcon.colcon_core.environment:checking '/home/cav330/f1tenth_ws/install/ackermann_mux/bin'
[4.370s] INFO:colcon.colcon_core.shell:Creating package script '/home/cav330/f1tenth_ws/install/ackermann_mux/share/ackermann_mux/package.ps1'
[4.375s] INFO:colcon.colcon_core.shell:Creating package descriptor '/home/cav330/f1tenth_ws/install/ackermann_mux/share/ackermann_mux/package.dsv'
[4.377s] INFO:colcon.colcon_core.shell:Creating package script '/home/cav330/f1tenth_ws/install/ackermann_mux/share/ackermann_mux/package.sh'
[4.400s] INFO:colcon.colcon_core.shell:Creating package script '/home/cav330/f1tenth_ws/install/ackermann_mux/share/ackermann_mux/package.bash'
[4.404s] INFO:colcon.colcon_core.shell:Creating package script '/home/cav330/f1tenth_ws/install/ackermann_mux/share/ackermann_mux/package.zsh'
[4.413s] Level 1:colcon.colcon_core.environment:create_file_with_runtime_dependencies(/home/cav330/f1tenth_ws/install/ackermann_mux/share/colcon-core/packages/ackermann_mux)
[4.418s] Level 1:colcon.colcon_core.environment:create_environment_scripts_only(ackermann_mux)
[4.419s] Level 1:colcon.colcon_core.environment:checking '/home/cav330/f1tenth_ws/install/ackermann_mux' for CMake module files
[4.425s] Level 1:colcon.colcon_core.environment:checking '/home/cav330/f1tenth_ws/install/ackermann_mux' for CMake config files
[4.427s] Level 1:colcon.colcon_core.shell:create_environment_hook('ackermann_mux', 'cmake_prefix_path')
[4.431s] INFO:colcon.colcon_core.shell:Creating environment hook '/home/cav330/f1tenth_ws/install/ackermann_mux/share/ackermann_mux/hook/cmake_prefix_path.ps1'
[4.436s] INFO:colcon.colcon_core.shell:Creating environment descriptor '/home/cav330/f1tenth_ws/install/ackermann_mux/share/ackermann_mux/hook/cmake_prefix_path.dsv'
[4.440s] INFO:colcon.colcon_core.shell:Creating environment hook '/home/cav330/f1tenth_ws/install/ackermann_mux/share/ackermann_mux/hook/cmake_prefix_path.sh'
[4.446s] Level 1:colcon.colcon_core.environment:checking '/home/cav330/f1tenth_ws/install/ackermann_mux/lib'
[4.446s] Level 1:colcon.colcon_core.environment:checking '/home/cav330/f1tenth_ws/install/ackermann_mux/bin'
[4.447s] Level 1:colcon.colcon_core.environment:checking '/home/cav330/f1tenth_ws/install/ackermann_mux/lib/pkgconfig/ackermann_mux.pc'
[4.447s] Level 1:colcon.colcon_core.environment:checking '/home/cav330/f1tenth_ws/install/ackermann_mux/lib/python3.8/site-packages'
[4.448s] Level 1:colcon.colcon_core.environment:checking '/home/cav330/f1tenth_ws/install/ackermann_mux/bin'
[4.450s] INFO:colcon.colcon_core.shell:Creating package script '/home/cav330/f1tenth_ws/install/ackermann_mux/share/ackermann_mux/package.ps1'
[4.456s] INFO:colcon.colcon_core.shell:Creating package descriptor '/home/cav330/f1tenth_ws/install/ackermann_mux/share/ackermann_mux/package.dsv'
[4.463s] INFO:colcon.colcon_core.shell:Creating package script '/home/cav330/f1tenth_ws/install/ackermann_mux/share/ackermann_mux/package.sh'
[4.489s] INFO:colcon.colcon_core.shell:Creating package script '/home/cav330/f1tenth_ws/install/ackermann_mux/share/ackermann_mux/package.bash'
[4.492s] INFO:colcon.colcon_core.shell:Creating package script '/home/cav330/f1tenth_ws/install/ackermann_mux/share/ackermann_mux/package.zsh'
[4.494s] Level 1:colcon.colcon_core.environment:create_file_with_runtime_dependencies(/home/cav330/f1tenth_ws/install/ackermann_mux/share/colcon-core/packages/ackermann_mux)
[4.500s] INFO:colcon.colcon_ros.task.ament_python.build:Building ROS package in '/home/cav330/f1tenth_ws/src/f1tenth_gym_ros' with build type 'ament_python'
[4.505s] Level 1:colcon.colcon_core.shell:create_environment_hook('f1tenth_gym_ros', 'ament_prefix_path')
[4.508s] INFO:colcon.colcon_core.shell:Creating environment hook '/home/cav330/f1tenth_ws/install/f1tenth_gym_ros/share/f1tenth_gym_ros/hook/ament_prefix_path.ps1'
[4.512s] INFO:colcon.colcon_core.shell:Creating environment descriptor '/home/cav330/f1tenth_ws/install/f1tenth_gym_ros/share/f1tenth_gym_ros/hook/ament_prefix_path.dsv'
[4.517s] INFO:colcon.colcon_core.shell:Creating environment hook '/home/cav330/f1tenth_ws/install/f1tenth_gym_ros/share/f1tenth_gym_ros/hook/ament_prefix_path.sh'
[4.536s] INFO:colcon.colcon_core.shell:Skip shell extension 'powershell' for command environment: Not usable outside of PowerShell
[4.536s] DEBUG:colcon.colcon_core.shell:Skip shell extension 'dsv' for command environment
[4.597s] Level 1:colcon.colcon_core.environment:create_environment_scripts_only(teleop_tools_msgs)
[4.602s] DEBUG:colcon.colcon_core.event_handler.log_command:Invoked command in '/home/cav330/f1tenth_ws/build/teleop_tools_msgs' returned '0': CMAKE_PREFIX_PATH=${CMAKE_PREFIX_PATH}:/home/cav330/f1tenth_ws/install/f1tenth_stack:/home/cav330/f1tenth_ws/install/joy_teleop:/home/cav330/f1tenth_ws/install/mouse_teleop:/home/cav330/f1tenth_ws/install/key_teleop:/home/cav330/f1tenth_ws/install/f1tenth_gym_ros:/opt/ros/foxy NX_CONNECTION=192.168.33.135 50408 192.168.33.130 4000 /usr/bin/cmake --install /home/cav330/f1tenth_ws/build/teleop_tools_msgs
[4.605s] Level 1:colcon.colcon_core.environment:checking '/home/cav330/f1tenth_ws/install/teleop_tools_msgs' for CMake module files
[4.610s] Level 1:colcon.colcon_core.environment:checking '/home/cav330/f1tenth_ws/install/teleop_tools_msgs' for CMake config files
[4.613s] Level 1:colcon.colcon_core.shell:create_environment_hook('teleop_tools_msgs', 'cmake_prefix_path')
[4.615s] INFO:colcon.colcon_core.shell:Creating environment hook '/home/cav330/f1tenth_ws/install/teleop_tools_msgs/share/teleop_tools_msgs/hook/cmake_prefix_path.ps1'
[4.618s] INFO:colcon.colcon_core.shell:Creating environment descriptor '/home/cav330/f1tenth_ws/install/teleop_tools_msgs/share/teleop_tools_msgs/hook/cmake_prefix_path.dsv'
[4.621s] INFO:colcon.colcon_core.shell:Creating environment hook '/home/cav330/f1tenth_ws/install/teleop_tools_msgs/share/teleop_tools_msgs/hook/cmake_prefix_path.sh'
[4.631s] Level 1:colcon.colcon_core.environment:checking '/home/cav330/f1tenth_ws/install/teleop_tools_msgs/lib'
[4.631s] Level 1:colcon.colcon_core.shell:create_environment_hook('teleop_tools_msgs', 'ld_library_path_lib')
[4.632s] INFO:colcon.colcon_core.shell:Creating environment hook '/home/cav330/f1tenth_ws/install/teleop_tools_msgs/share/teleop_tools_msgs/hook/ld_library_path_lib.ps1'
[4.634s] INFO:colcon.colcon_core.shell:Creating environment descriptor '/home/cav330/f1tenth_ws/install/teleop_tools_msgs/share/teleop_tools_msgs/hook/ld_library_path_lib.dsv'
[4.636s] INFO:colcon.colcon_core.shell:Creating environment hook '/home/cav330/f1tenth_ws/install/teleop_tools_msgs/share/teleop_tools_msgs/hook/ld_library_path_lib.sh'
[4.638s] Level 1:colcon.colcon_core.environment:checking '/home/cav330/f1tenth_ws/install/teleop_tools_msgs/bin'
[4.639s] Level 1:colcon.colcon_core.environment:checking '/home/cav330/f1tenth_ws/install/teleop_tools_msgs/lib/pkgconfig/teleop_tools_msgs.pc'
[4.642s] Level 1:colcon.colcon_core.environment:checking '/home/cav330/f1tenth_ws/install/teleop_tools_msgs/lib/python3.8/site-packages'
[4.643s] Level 1:colcon.colcon_core.shell:create_environment_hook('teleop_tools_msgs', 'pythonpath')
[4.645s] INFO:colcon.colcon_core.shell:Creating environment hook '/home/cav330/f1tenth_ws/install/teleop_tools_msgs/share/teleop_tools_msgs/hook/pythonpath.ps1'
[4.647s] INFO:colcon.colcon_core.shell:Creating environment descriptor '/home/cav330/f1tenth_ws/install/teleop_tools_msgs/share/teleop_tools_msgs/hook/pythonpath.dsv'
[4.650s] INFO:colcon.colcon_core.shell:Creating environment hook '/home/cav330/f1tenth_ws/install/teleop_tools_msgs/share/teleop_tools_msgs/hook/pythonpath.sh'
[4.653s] Level 1:colcon.colcon_core.environment:checking '/home/cav330/f1tenth_ws/install/teleop_tools_msgs/bin'
[4.655s] INFO:colcon.colcon_core.shell:Creating package script '/home/cav330/f1tenth_ws/install/teleop_tools_msgs/share/teleop_tools_msgs/package.ps1'
[4.658s] INFO:colcon.colcon_core.shell:Creating package descriptor '/home/cav330/f1tenth_ws/install/teleop_tools_msgs/share/teleop_tools_msgs/package.dsv'
[4.661s] INFO:colcon.colcon_core.shell:Creating package script '/home/cav330/f1tenth_ws/install/teleop_tools_msgs/share/teleop_tools_msgs/package.sh'
[4.663s] INFO:colcon.colcon_core.shell:Creating package script '/home/cav330/f1tenth_ws/install/teleop_tools_msgs/share/teleop_tools_msgs/package.bash'
[4.664s] INFO:colcon.colcon_core.shell:Creating package script '/home/cav330/f1tenth_ws/install/teleop_tools_msgs/share/teleop_tools_msgs/package.zsh'
[4.666s] Level 1:colcon.colcon_core.environment:create_file_with_runtime_dependencies(/home/cav330/f1tenth_ws/install/teleop_tools_msgs/share/colcon-core/packages/teleop_tools_msgs)
[4.669s] Level 1:colcon.colcon_core.environment:create_environment_scripts_only(teleop_tools_msgs)
[4.670s] Level 1:colcon.colcon_core.environment:checking '/home/cav330/f1tenth_ws/install/teleop_tools_msgs' for CMake module files
[4.673s] Level 1:colcon.colcon_core.environment:checking '/home/cav330/f1tenth_ws/install/teleop_tools_msgs' for CMake config files
[4.676s] Level 1:colcon.colcon_core.shell:create_environment_hook('teleop_tools_msgs', 'cmake_prefix_path')
[4.677s] INFO:colcon.colcon_core.shell:Creating environment hook '/home/cav330/f1tenth_ws/install/teleop_tools_msgs/share/teleop_tools_msgs/hook/cmake_prefix_path.ps1'
[4.679s] INFO:colcon.colcon_core.shell:Creating environment descriptor '/home/cav330/f1tenth_ws/install/teleop_tools_msgs/share/teleop_tools_msgs/hook/cmake_prefix_path.dsv'
[4.681s] INFO:colcon.colcon_core.shell:Creating environment hook '/home/cav330/f1tenth_ws/install/teleop_tools_msgs/share/teleop_tools_msgs/hook/cmake_prefix_path.sh'
[4.684s] Level 1:colcon.colcon_core.environment:checking '/home/cav330/f1tenth_ws/install/teleop_tools_msgs/lib'
[4.684s] Level 1:colcon.colcon_core.shell:create_environment_hook('teleop_tools_msgs', 'ld_library_path_lib')
[4.685s] INFO:colcon.colcon_core.shell:Creating environment hook '/home/cav330/f1tenth_ws/install/teleop_tools_msgs/share/teleop_tools_msgs/hook/ld_library_path_lib.ps1'
[4.687s] INFO:colcon.colcon_core.shell:Creating environment descriptor '/home/cav330/f1tenth_ws/install/teleop_tools_msgs/share/teleop_tools_msgs/hook/ld_library_path_lib.dsv'
[4.689s] INFO:colcon.colcon_core.shell:Creating environment hook '/home/cav330/f1tenth_ws/install/teleop_tools_msgs/share/teleop_tools_msgs/hook/ld_library_path_lib.sh'
[4.691s] Level 1:colcon.colcon_core.environment:checking '/home/cav330/f1tenth_ws/install/teleop_tools_msgs/bin'
[4.692s] Level 1:colcon.colcon_core.environment:checking '/home/cav330/f1tenth_ws/install/teleop_tools_msgs/lib/pkgconfig/teleop_tools_msgs.pc'
[4.693s] Level 1:colcon.colcon_core.environment:checking '/home/cav330/f1tenth_ws/install/teleop_tools_msgs/lib/python3.8/site-packages'
[4.693s] Level 1:colcon.colcon_core.shell:create_environment_hook('teleop_tools_msgs', 'pythonpath')
[4.694s] INFO:colcon.colcon_core.shell:Creating environment hook '/home/cav330/f1tenth_ws/install/teleop_tools_msgs/share/teleop_tools_msgs/hook/pythonpath.ps1'
[4.696s] INFO:colcon.colcon_core.shell:Creating environment descriptor '/home/cav330/f1tenth_ws/install/teleop_tools_msgs/share/teleop_tools_msgs/hook/pythonpath.dsv'
[4.698s] INFO:colcon.colcon_core.shell:Creating environment hook '/home/cav330/f1tenth_ws/install/teleop_tools_msgs/share/teleop_tools_msgs/hook/pythonpath.sh'
[4.701s] Level 1:colcon.colcon_core.environment:checking '/home/cav330/f1tenth_ws/install/teleop_tools_msgs/bin'
[4.702s] INFO:colcon.colcon_core.shell:Creating package script '/home/cav330/f1tenth_ws/install/teleop_tools_msgs/share/teleop_tools_msgs/package.ps1'
[4.705s] INFO:colcon.colcon_core.shell:Creating package descriptor '/home/cav330/f1tenth_ws/install/teleop_tools_msgs/share/teleop_tools_msgs/package.dsv'
[4.708s] INFO:colcon.colcon_core.shell:Creating package script '/home/cav330/f1tenth_ws/install/teleop_tools_msgs/share/teleop_tools_msgs/package.sh'
[4.710s] INFO:colcon.colcon_core.shell:Creating package script '/home/cav330/f1tenth_ws/install/teleop_tools_msgs/share/teleop_tools_msgs/package.bash'
[4.712s] INFO:colcon.colcon_core.shell:Creating package script '/home/cav330/f1tenth_ws/install/teleop_tools_msgs/share/teleop_tools_msgs/package.zsh'
[4.714s] Level 1:colcon.colcon_core.environment:create_file_with_runtime_dependencies(/home/cav330/f1tenth_ws/install/teleop_tools_msgs/share/colcon-core/packages/teleop_tools_msgs)
[4.718s] INFO:colcon.colcon_ros.task.ament_python.build:Building ROS package in '/home/cav330/f1tenth_ws/src/f1tenth_system/teleop_tools/joy_teleop' with build type 'ament_python'
[4.719s] Level 1:colcon.colcon_core.shell:create_environment_hook('joy_teleop', 'ament_prefix_path')
[4.720s] INFO:colcon.colcon_core.shell:Creating environment hook '/home/cav330/f1tenth_ws/install/joy_teleop/share/joy_teleop/hook/ament_prefix_path.ps1'
[4.725s] INFO:colcon.colcon_core.shell:Creating environment descriptor '/home/cav330/f1tenth_ws/install/joy_teleop/share/joy_teleop/hook/ament_prefix_path.dsv'
[4.732s] INFO:colcon.colcon_core.shell:Creating environment hook '/home/cav330/f1tenth_ws/install/joy_teleop/share/joy_teleop/hook/ament_prefix_path.sh'
[4.735s] INFO:colcon.colcon_core.shell:Skip shell extension 'powershell' for command environment: Not usable outside of PowerShell
[4.735s] DEBUG:colcon.colcon_core.shell:Skip shell extension 'dsv' for command environment
[4.769s] Level 1:colcon.colcon_core.environment:create_environment_scripts_only(vesc_msgs)
[4.788s] DEBUG:colcon.colcon_core.event_handler.log_command:Invoked command in '/home/cav330/f1tenth_ws/build/vesc_msgs' returned '0': CMAKE_PREFIX_PATH=${CMAKE_PREFIX_PATH}:/home/cav330/f1tenth_ws/install/f1tenth_stack:/home/cav330/f1tenth_ws/install/joy_teleop:/home/cav330/f1tenth_ws/install/mouse_teleop:/home/cav330/f1tenth_ws/install/key_teleop:/home/cav330/f1tenth_ws/install/f1tenth_gym_ros:/opt/ros/foxy NX_CONNECTION=192.168.33.135 50408 192.168.33.130 4000 /usr/bin/cmake --install /home/cav330/f1tenth_ws/build/vesc_msgs
[4.789s] Level 1:colcon.colcon_core.environment:checking '/home/cav330/f1tenth_ws/install/vesc_msgs' for CMake module files
[4.794s] Level 1:colcon.colcon_core.environment:checking '/home/cav330/f1tenth_ws/install/vesc_msgs' for CMake config files
[4.797s] Level 1:colcon.colcon_core.shell:create_environment_hook('vesc_msgs', 'cmake_prefix_path')
[4.799s] INFO:colcon.colcon_core.shell:Creating environment hook '/home/cav330/f1tenth_ws/install/vesc_msgs/share/vesc_msgs/hook/cmake_prefix_path.ps1'
[4.803s] INFO:colcon.colcon_core.shell:Creating environment descriptor '/home/cav330/f1tenth_ws/install/vesc_msgs/share/vesc_msgs/hook/cmake_prefix_path.dsv'
[4.805s] INFO:colcon.colcon_core.shell:Creating environment hook '/home/cav330/f1tenth_ws/install/vesc_msgs/share/vesc_msgs/hook/cmake_prefix_path.sh'
[4.810s] Level 1:colcon.colcon_core.environment:checking '/home/cav330/f1tenth_ws/install/vesc_msgs/lib'
[4.811s] Level 1:colcon.colcon_core.shell:create_environment_hook('vesc_msgs', 'ld_library_path_lib')
[4.812s] INFO:colcon.colcon_core.shell:Creating environment hook '/home/cav330/f1tenth_ws/install/vesc_msgs/share/vesc_msgs/hook/ld_library_path_lib.ps1'
[4.814s] INFO:colcon.colcon_core.shell:Creating environment descriptor '/home/cav330/f1tenth_ws/install/vesc_msgs/share/vesc_msgs/hook/ld_library_path_lib.dsv'
[4.816s] INFO:colcon.colcon_core.shell:Creating environment hook '/home/cav330/f1tenth_ws/install/vesc_msgs/share/vesc_msgs/hook/ld_library_path_lib.sh'
[4.818s] Level 1:colcon.colcon_core.environment:checking '/home/cav330/f1tenth_ws/install/vesc_msgs/bin'
[4.818s] Level 1:colcon.colcon_core.environment:checking '/home/cav330/f1tenth_ws/install/vesc_msgs/lib/pkgconfig/vesc_msgs.pc'
[4.820s] Level 1:colcon.colcon_core.environment:checking '/home/cav330/f1tenth_ws/install/vesc_msgs/lib/python3.8/site-packages'
[4.820s] Level 1:colcon.colcon_core.shell:create_environment_hook('vesc_msgs', 'pythonpath')
[4.821s] INFO:colcon.colcon_core.shell:Creating environment hook '/home/cav330/f1tenth_ws/install/vesc_msgs/share/vesc_msgs/hook/pythonpath.ps1'
[4.833s] INFO:colcon.colcon_core.shell:Creating environment descriptor '/home/cav330/f1tenth_ws/install/vesc_msgs/share/vesc_msgs/hook/pythonpath.dsv'
[4.835s] INFO:colcon.colcon_core.shell:Creating environment hook '/home/cav330/f1tenth_ws/install/vesc_msgs/share/vesc_msgs/hook/pythonpath.sh'
[4.838s] Level 1:colcon.colcon_core.environment:checking '/home/cav330/f1tenth_ws/install/vesc_msgs/bin'
[4.846s] INFO:colcon.colcon_core.shell:Creating package script '/home/cav330/f1tenth_ws/install/vesc_msgs/share/vesc_msgs/package.ps1'
[4.850s] INFO:colcon.colcon_core.shell:Creating package descriptor '/home/cav330/f1tenth_ws/install/vesc_msgs/share/vesc_msgs/package.dsv'
[4.855s] INFO:colcon.colcon_core.shell:Creating package script '/home/cav330/f1tenth_ws/install/vesc_msgs/share/vesc_msgs/package.sh'
[4.857s] INFO:colcon.colcon_core.shell:Creating package script '/home/cav330/f1tenth_ws/install/vesc_msgs/share/vesc_msgs/package.bash'
[4.859s] INFO:colcon.colcon_core.shell:Creating package script '/home/cav330/f1tenth_ws/install/vesc_msgs/share/vesc_msgs/package.zsh'
[4.861s] Level 1:colcon.colcon_core.environment:create_file_with_runtime_dependencies(/home/cav330/f1tenth_ws/install/vesc_msgs/share/colcon-core/packages/vesc_msgs)
[4.864s] Level 1:colcon.colcon_core.environment:create_environment_scripts_only(vesc_msgs)
[4.865s] Level 1:colcon.colcon_core.environment:checking '/home/cav330/f1tenth_ws/install/vesc_msgs' for CMake module files
[4.868s] Level 1:colcon.colcon_core.environment:checking '/home/cav330/f1tenth_ws/install/vesc_msgs' for CMake config files
[4.870s] Level 1:colcon.colcon_core.shell:create_environment_hook('vesc_msgs', 'cmake_prefix_path')
[4.871s] INFO:colcon.colcon_core.shell:Creating environment hook '/home/cav330/f1tenth_ws/install/vesc_msgs/share/vesc_msgs/hook/cmake_prefix_path.ps1'
[4.874s] INFO:colcon.colcon_core.shell:Creating environment descriptor '/home/cav330/f1tenth_ws/install/vesc_msgs/share/vesc_msgs/hook/cmake_prefix_path.dsv'
[4.877s] INFO:colcon.colcon_core.shell:Creating environment hook '/home/cav330/f1tenth_ws/install/vesc_msgs/share/vesc_msgs/hook/cmake_prefix_path.sh'
[4.879s] Level 1:colcon.colcon_core.environment:checking '/home/cav330/f1tenth_ws/install/vesc_msgs/lib'
[4.880s] Level 1:colcon.colcon_core.shell:create_environment_hook('vesc_msgs', 'ld_library_path_lib')
[4.881s] INFO:colcon.colcon_core.shell:Creating environment hook '/home/cav330/f1tenth_ws/install/vesc_msgs/share/vesc_msgs/hook/ld_library_path_lib.ps1'
[4.883s] INFO:colcon.colcon_core.shell:Creating environment descriptor '/home/cav330/f1tenth_ws/install/vesc_msgs/share/vesc_msgs/hook/ld_library_path_lib.dsv'
[4.885s] INFO:colcon.colcon_core.shell:Creating environment hook '/home/cav330/f1tenth_ws/install/vesc_msgs/share/vesc_msgs/hook/ld_library_path_lib.sh'
[4.886s] Level 1:colcon.colcon_core.environment:checking '/home/cav330/f1tenth_ws/install/vesc_msgs/bin'
[4.887s] Level 1:colcon.colcon_core.environment:checking '/home/cav330/f1tenth_ws/install/vesc_msgs/lib/pkgconfig/vesc_msgs.pc'
[4.887s] Level 1:colcon.colcon_core.environment:checking '/home/cav330/f1tenth_ws/install/vesc_msgs/lib/python3.8/site-packages'
[4.887s] Level 1:colcon.colcon_core.shell:create_environment_hook('vesc_msgs', 'pythonpath')
[4.888s] INFO:colcon.colcon_core.shell:Creating environment hook '/home/cav330/f1tenth_ws/install/vesc_msgs/share/vesc_msgs/hook/pythonpath.ps1'
[4.890s] INFO:colcon.colcon_core.shell:Creating environment descriptor '/home/cav330/f1tenth_ws/install/vesc_msgs/share/vesc_msgs/hook/pythonpath.dsv'
[4.892s] INFO:colcon.colcon_core.shell:Creating environment hook '/home/cav330/f1tenth_ws/install/vesc_msgs/share/vesc_msgs/hook/pythonpath.sh'
[4.896s] Level 1:colcon.colcon_core.environment:checking '/home/cav330/f1tenth_ws/install/vesc_msgs/bin'
[4.897s] INFO:colcon.colcon_core.shell:Creating package script '/home/cav330/f1tenth_ws/install/vesc_msgs/share/vesc_msgs/package.ps1'
[4.900s] INFO:colcon.colcon_core.shell:Creating package descriptor '/home/cav330/f1tenth_ws/install/vesc_msgs/share/vesc_msgs/package.dsv'
[4.902s] INFO:colcon.colcon_core.shell:Creating package script '/home/cav330/f1tenth_ws/install/vesc_msgs/share/vesc_msgs/package.sh'
[4.904s] INFO:colcon.colcon_core.shell:Creating package script '/home/cav330/f1tenth_ws/install/vesc_msgs/share/vesc_msgs/package.bash'
[4.906s] INFO:colcon.colcon_core.shell:Creating package script '/home/cav330/f1tenth_ws/install/vesc_msgs/share/vesc_msgs/package.zsh'
[4.907s] Level 1:colcon.colcon_core.environment:create_file_with_runtime_dependencies(/home/cav330/f1tenth_ws/install/vesc_msgs/share/colcon-core/packages/vesc_msgs)
[4.912s] INFO:colcon.colcon_ros.task.ament_cmake.build:Building ROS package in '/home/cav330/f1tenth_ws/src/f1tenth_system/vesc/vesc_ackermann' with build type 'ament_cmake'
[4.913s] INFO:colcon.colcon_cmake.task.cmake.build:Building CMake package in '/home/cav330/f1tenth_ws/src/f1tenth_system/vesc/vesc_ackermann'
[4.914s] INFO:colcon.colcon_core.shell:Skip shell extension 'powershell' for command environment: Not usable outside of PowerShell
[4.914s] DEBUG:colcon.colcon_core.shell:Skip shell extension 'dsv' for command environment
[6.002s] INFO:colcon.colcon_core.task.python.build:Building Python package in '/home/cav330/f1tenth_ws/src/f1tenth_gym_ros'
[6.006s] INFO:colcon.colcon_core.shell:Skip shell extension 'powershell' for command environment: Not usable outside of PowerShell
[6.006s] DEBUG:colcon.colcon_core.shell:Skip shell extension 'dsv' for command environment
[7.035s] INFO:colcon.colcon_core.task.python.build:Building Python package in '/home/cav330/f1tenth_ws/src/f1tenth_system/teleop_tools/joy_teleop'
[7.039s] INFO:colcon.colcon_core.shell:Skip shell extension 'powershell' for command environment: Not usable outside of PowerShell
[7.039s] DEBUG:colcon.colcon_core.shell:Skip shell extension 'dsv' for command environment
[7.097s] DEBUG:colcon.colcon_core.event_handler.log_command:Invoking command in '/home/cav330/f1tenth_ws/src/f1tenth_system/teleop_tools/key_teleop': NX_CONNECTION=192.168.33.135 50408 192.168.33.130 4000 PYTHONPATH=/home/cav330/f1tenth_ws/build/key_teleop/prefix_override:/usr/lib/python3/dist-packages/colcon_core/task/python/colcon_distutils_commands:/home/cav330/f1tenth_ws/install/key_teleop/lib/python3.8/site-packages:${PYTHONPATH} /usr/bin/python3 -W ignore:setup.py install is deprecated -W ignore:easy_install command is deprecated setup.py egg_info --egg-base ../../../../build/key_teleop build --build-base /home/cav330/f1tenth_ws/build/key_teleop/build install --record /home/cav330/f1tenth_ws/build/key_teleop/install.log --install-scripts $base/lib/key_teleop --single-version-externally-managed install_data
[7.121s] DEBUG:colcon.colcon_core.event_handler.log_command:Invoking command in '/home/cav330/f1tenth_ws/build/vesc_ackermann': CMAKE_PREFIX_PATH=/home/cav330/f1tenth_ws/install/vesc_msgs:/home/cav330/f1tenth_ws/install/wall_follow:/home/cav330/f1tenth_ws/install/vesc:/home/cav330/f1tenth_ws/install/vesc_driver:/home/cav330/f1tenth_ws/install/vesc_ackermann:/home/cav330/f1tenth_ws/install/teleop_tools:/home/cav330/f1tenth_ws/install/teleop_tools_msgs:/home/cav330/f1tenth_ws/install/safety_node:/home/cav330/f1tenth_ws/install/ackermann_mux:/home/cav330/f1tenth_ws/install/f1tenth_stack:/home/cav330/f1tenth_ws/install/joy_teleop:/home/cav330/f1tenth_ws/install/mouse_teleop:/home/cav330/f1tenth_ws/install/key_teleop:/home/cav330/f1tenth_ws/install/f1tenth_gym_ros:/opt/ros/foxy LD_LIBRARY_PATH=/home/cav330/f1tenth_ws/install/vesc_msgs/lib:/home/cav330/f1tenth_ws/install/vesc_driver/lib:/home/cav330/f1tenth_ws/install/vesc_ackermann/lib:/home/cav330/f1tenth_ws/install/teleop_tools_msgs/lib:/opt/ros/foxy/opt/yaml_cpp_vendor/lib:/opt/ros/foxy/opt/rviz_ogre_vendor/lib:/opt/ros/foxy/lib/aarch64-linux-gnu:/opt/ros/foxy/lib:/usr/local/cuda-11.4/lib64 NX_CONNECTION=192.168.33.135 50408 192.168.33.130 4000 PYTHONPATH=/home/cav330/f1tenth_ws/install/vesc_msgs/lib/python3.8/site-packages:/home/cav330/f1tenth_ws/install/f1tenth_stack/lib/python3.8/site-packages:/home/cav330/f1tenth_ws/install/joy_teleop/lib/python3.8/site-packages:/home/cav330/f1tenth_ws/install/teleop_tools_msgs/lib/python3.8/site-packages:/home/cav330/f1tenth_ws/install/mouse_teleop/lib/python3.8/site-packages:/home/cav330/f1tenth_ws/install/key_teleop/lib/python3.8/site-packages:/home/cav330/f1tenth_ws/install/f1tenth_gym_ros/lib/python3.8/site-packages:/opt/ros/foxy/lib/python3.8/site-packages /usr/bin/cmake --build /home/cav330/f1tenth_ws/build/vesc_ackermann -- -j4 -l4
[7.800s] DEBUG:colcon.colcon_core.event_handler.log_command:Invoked command in '/home/cav330/f1tenth_ws/build/vesc_ackermann' returned '0': CMAKE_PREFIX_PATH=/home/cav330/f1tenth_ws/install/vesc_msgs:/home/cav330/f1tenth_ws/install/wall_follow:/home/cav330/f1tenth_ws/install/vesc:/home/cav330/f1tenth_ws/install/vesc_driver:/home/cav330/f1tenth_ws/install/vesc_ackermann:/home/cav330/f1tenth_ws/install/teleop_tools:/home/cav330/f1tenth_ws/install/teleop_tools_msgs:/home/cav330/f1tenth_ws/install/safety_node:/home/cav330/f1tenth_ws/install/ackermann_mux:/home/cav330/f1tenth_ws/install/f1tenth_stack:/home/cav330/f1tenth_ws/install/joy_teleop:/home/cav330/f1tenth_ws/install/mouse_teleop:/home/cav330/f1tenth_ws/install/key_teleop:/home/cav330/f1tenth_ws/install/f1tenth_gym_ros:/opt/ros/foxy LD_LIBRARY_PATH=/home/cav330/f1tenth_ws/install/vesc_msgs/lib:/home/cav330/f1tenth_ws/install/vesc_driver/lib:/home/cav330/f1tenth_ws/install/vesc_ackermann/lib:/home/cav330/f1tenth_ws/install/teleop_tools_msgs/lib:/opt/ros/foxy/opt/yaml_cpp_vendor/lib:/opt/ros/foxy/opt/rviz_ogre_vendor/lib:/opt/ros/foxy/lib/aarch64-linux-gnu:/opt/ros/foxy/lib:/usr/local/cuda-11.4/lib64 NX_CONNECTION=192.168.33.135 50408 192.168.33.130 4000 PYTHONPATH=/home/cav330/f1tenth_ws/install/vesc_msgs/lib/python3.8/site-packages:/home/cav330/f1tenth_ws/install/f1tenth_stack/lib/python3.8/site-packages:/home/cav330/f1tenth_ws/install/joy_teleop/lib/python3.8/site-packages:/home/cav330/f1tenth_ws/install/teleop_tools_msgs/lib/python3.8/site-packages:/home/cav330/f1tenth_ws/install/mouse_teleop/lib/python3.8/site-packages:/home/cav330/f1tenth_ws/install/key_teleop/lib/python3.8/site-packages:/home/cav330/f1tenth_ws/install/f1tenth_gym_ros/lib/python3.8/site-packages:/opt/ros/foxy/lib/python3.8/site-packages /usr/bin/cmake --build /home/cav330/f1tenth_ws/build/vesc_ackermann -- -j4 -l4
[7.804s] DEBUG:colcon.colcon_core.event_handler.log_command:Invoking command in '/home/cav330/f1tenth_ws/build/vesc_ackermann': CMAKE_PREFIX_PATH=/home/cav330/f1tenth_ws/install/vesc_msgs:/home/cav330/f1tenth_ws/install/wall_follow:/home/cav330/f1tenth_ws/install/vesc:/home/cav330/f1tenth_ws/install/vesc_driver:/home/cav330/f1tenth_ws/install/vesc_ackermann:/home/cav330/f1tenth_ws/install/teleop_tools:/home/cav330/f1tenth_ws/install/teleop_tools_msgs:/home/cav330/f1tenth_ws/install/safety_node:/home/cav330/f1tenth_ws/install/ackermann_mux:/home/cav330/f1tenth_ws/install/f1tenth_stack:/home/cav330/f1tenth_ws/install/joy_teleop:/home/cav330/f1tenth_ws/install/mouse_teleop:/home/cav330/f1tenth_ws/install/key_teleop:/home/cav330/f1tenth_ws/install/f1tenth_gym_ros:/opt/ros/foxy LD_LIBRARY_PATH=/home/cav330/f1tenth_ws/install/vesc_msgs/lib:/home/cav330/f1tenth_ws/install/vesc_driver/lib:/home/cav330/f1tenth_ws/install/vesc_ackermann/lib:/home/cav330/f1tenth_ws/install/teleop_tools_msgs/lib:/opt/ros/foxy/opt/yaml_cpp_vendor/lib:/opt/ros/foxy/opt/rviz_ogre_vendor/lib:/opt/ros/foxy/lib/aarch64-linux-gnu:/opt/ros/foxy/lib:/usr/local/cuda-11.4/lib64 NX_CONNECTION=192.168.33.135 50408 192.168.33.130 4000 PYTHONPATH=/home/cav330/f1tenth_ws/install/vesc_msgs/lib/python3.8/site-packages:/home/cav330/f1tenth_ws/install/f1tenth_stack/lib/python3.8/site-packages:/home/cav330/f1tenth_ws/install/joy_teleop/lib/python3.8/site-packages:/home/cav330/f1tenth_ws/install/teleop_tools_msgs/lib/python3.8/site-packages:/home/cav330/f1tenth_ws/install/mouse_teleop/lib/python3.8/site-packages:/home/cav330/f1tenth_ws/install/key_teleop/lib/python3.8/site-packages:/home/cav330/f1tenth_ws/install/f1tenth_gym_ros/lib/python3.8/site-packages:/opt/ros/foxy/lib/python3.8/site-packages /usr/bin/cmake --install /home/cav330/f1tenth_ws/build/vesc_ackermann
[7.903s] Level 1:colcon.colcon_core.environment:create_environment_scripts_only(vesc_ackermann)
[7.906s] Level 1:colcon.colcon_core.environment:checking '/home/cav330/f1tenth_ws/install/vesc_ackermann' for CMake module files
[7.909s] Level 1:colcon.colcon_core.environment:checking '/home/cav330/f1tenth_ws/install/vesc_ackermann' for CMake config files
[7.911s] Level 1:colcon.colcon_core.shell:create_environment_hook('vesc_ackermann', 'cmake_prefix_path')
[7.913s] INFO:colcon.colcon_core.shell:Creating environment hook '/home/cav330/f1tenth_ws/install/vesc_ackermann/share/vesc_ackermann/hook/cmake_prefix_path.ps1'
[7.916s] DEBUG:colcon.colcon_core.event_handler.log_command:Invoked command in '/home/cav330/f1tenth_ws/build/vesc_ackermann' returned '0': CMAKE_PREFIX_PATH=/home/cav330/f1tenth_ws/install/vesc_msgs:/home/cav330/f1tenth_ws/install/wall_follow:/home/cav330/f1tenth_ws/install/vesc:/home/cav330/f1tenth_ws/install/vesc_driver:/home/cav330/f1tenth_ws/install/vesc_ackermann:/home/cav330/f1tenth_ws/install/teleop_tools:/home/cav330/f1tenth_ws/install/teleop_tools_msgs:/home/cav330/f1tenth_ws/install/safety_node:/home/cav330/f1tenth_ws/install/ackermann_mux:/home/cav330/f1tenth_ws/install/f1tenth_stack:/home/cav330/f1tenth_ws/install/joy_teleop:/home/cav330/f1tenth_ws/install/mouse_teleop:/home/cav330/f1tenth_ws/install/key_teleop:/home/cav330/f1tenth_ws/install/f1tenth_gym_ros:/opt/ros/foxy LD_LIBRARY_PATH=/home/cav330/f1tenth_ws/install/vesc_msgs/lib:/home/cav330/f1tenth_ws/install/vesc_driver/lib:/home/cav330/f1tenth_ws/install/vesc_ackermann/lib:/home/cav330/f1tenth_ws/install/teleop_tools_msgs/lib:/opt/ros/foxy/opt/yaml_cpp_vendor/lib:/opt/ros/foxy/opt/rviz_ogre_vendor/lib:/opt/ros/foxy/lib/aarch64-linux-gnu:/opt/ros/foxy/lib:/usr/local/cuda-11.4/lib64 NX_CONNECTION=192.168.33.135 50408 192.168.33.130 4000 PYTHONPATH=/home/cav330/f1tenth_ws/install/vesc_msgs/lib/python3.8/site-packages:/home/cav330/f1tenth_ws/install/f1tenth_stack/lib/python3.8/site-packages:/home/cav330/f1tenth_ws/install/joy_teleop/lib/python3.8/site-packages:/home/cav330/f1tenth_ws/install/teleop_tools_msgs/lib/python3.8/site-packages:/home/cav330/f1tenth_ws/install/mouse_teleop/lib/python3.8/site-packages:/home/cav330/f1tenth_ws/install/key_teleop/lib/python3.8/site-packages:/home/cav330/f1tenth_ws/install/f1tenth_gym_ros/lib/python3.8/site-packages:/opt/ros/foxy/lib/python3.8/site-packages /usr/bin/cmake --install /home/cav330/f1tenth_ws/build/vesc_ackermann
[7.919s] INFO:colcon.colcon_core.shell:Creating environment descriptor '/home/cav330/f1tenth_ws/install/vesc_ackermann/share/vesc_ackermann/hook/cmake_prefix_path.dsv'
[7.922s] INFO:colcon.colcon_core.shell:Creating environment hook '/home/cav330/f1tenth_ws/install/vesc_ackermann/share/vesc_ackermann/hook/cmake_prefix_path.sh'
[7.925s] Level 1:colcon.colcon_core.environment:checking '/home/cav330/f1tenth_ws/install/vesc_ackermann/lib'
[7.925s] Level 1:colcon.colcon_core.shell:create_environment_hook('vesc_ackermann', 'ld_library_path_lib')
[7.927s] INFO:colcon.colcon_core.shell:Creating environment hook '/home/cav330/f1tenth_ws/install/vesc_ackermann/share/vesc_ackermann/hook/ld_library_path_lib.ps1'
[7.929s] INFO:colcon.colcon_core.shell:Creating environment descriptor '/home/cav330/f1tenth_ws/install/vesc_ackermann/share/vesc_ackermann/hook/ld_library_path_lib.dsv'
[7.930s] INFO:colcon.colcon_core.shell:Creating environment hook '/home/cav330/f1tenth_ws/install/vesc_ackermann/share/vesc_ackermann/hook/ld_library_path_lib.sh'
[7.934s] Level 1:colcon.colcon_core.environment:checking '/home/cav330/f1tenth_ws/install/vesc_ackermann/bin'
[7.935s] Level 1:colcon.colcon_core.environment:checking '/home/cav330/f1tenth_ws/install/vesc_ackermann/lib/pkgconfig/vesc_ackermann.pc'
[7.936s] Level 1:colcon.colcon_core.environment:checking '/home/cav330/f1tenth_ws/install/vesc_ackermann/lib/python3.8/site-packages'
[7.938s] Level 1:colcon.colcon_core.environment:checking '/home/cav330/f1tenth_ws/install/vesc_ackermann/bin'
[7.939s] INFO:colcon.colcon_core.shell:Creating package script '/home/cav330/f1tenth_ws/install/vesc_ackermann/share/vesc_ackermann/package.ps1'
[7.942s] INFO:colcon.colcon_core.shell:Creating package descriptor '/home/cav330/f1tenth_ws/install/vesc_ackermann/share/vesc_ackermann/package.dsv'
[7.945s] INFO:colcon.colcon_core.shell:Creating package script '/home/cav330/f1tenth_ws/install/vesc_ackermann/share/vesc_ackermann/package.sh'
[7.947s] INFO:colcon.colcon_core.shell:Creating package script '/home/cav330/f1tenth_ws/install/vesc_ackermann/share/vesc_ackermann/package.bash'
[7.950s] INFO:colcon.colcon_core.shell:Creating package script '/home/cav330/f1tenth_ws/install/vesc_ackermann/share/vesc_ackermann/package.zsh'
[7.952s] Level 1:colcon.colcon_core.environment:create_file_with_runtime_dependencies(/home/cav330/f1tenth_ws/install/vesc_ackermann/share/colcon-core/packages/vesc_ackermann)
[7.956s] Level 1:colcon.colcon_core.environment:create_environment_scripts_only(vesc_ackermann)
[7.956s] Level 1:colcon.colcon_core.environment:checking '/home/cav330/f1tenth_ws/install/vesc_ackermann' for CMake module files
[7.959s] Level 1:colcon.colcon_core.environment:checking '/home/cav330/f1tenth_ws/install/vesc_ackermann' for CMake config files
[7.963s] Level 1:colcon.colcon_core.shell:create_environment_hook('vesc_ackermann', 'cmake_prefix_path')
[7.964s] INFO:colcon.colcon_core.shell:Creating environment hook '/home/cav330/f1tenth_ws/install/vesc_ackermann/share/vesc_ackermann/hook/cmake_prefix_path.ps1'
[7.967s] INFO:colcon.colcon_core.shell:Creating environment descriptor '/home/cav330/f1tenth_ws/install/vesc_ackermann/share/vesc_ackermann/hook/cmake_prefix_path.dsv'
[7.979s] INFO:colcon.colcon_core.shell:Creating environment hook '/home/cav330/f1tenth_ws/install/vesc_ackermann/share/vesc_ackermann/hook/cmake_prefix_path.sh'
[7.983s] Level 1:colcon.colcon_core.environment:checking '/home/cav330/f1tenth_ws/install/vesc_ackermann/lib'
[7.983s] Level 1:colcon.colcon_core.shell:create_environment_hook('vesc_ackermann', 'ld_library_path_lib')
[7.984s] INFO:colcon.colcon_core.shell:Creating environment hook '/home/cav330/f1tenth_ws/install/vesc_ackermann/share/vesc_ackermann/hook/ld_library_path_lib.ps1'
[7.987s] INFO:colcon.colcon_core.shell:Creating environment descriptor '/home/cav330/f1tenth_ws/install/vesc_ackermann/share/vesc_ackermann/hook/ld_library_path_lib.dsv'
[7.989s] INFO:colcon.colcon_core.shell:Creating environment hook '/home/cav330/f1tenth_ws/install/vesc_ackermann/share/vesc_ackermann/hook/ld_library_path_lib.sh'
[7.991s] Level 1:colcon.colcon_core.environment:checking '/home/cav330/f1tenth_ws/install/vesc_ackermann/bin'
[7.991s] Level 1:colcon.colcon_core.environment:checking '/home/cav330/f1tenth_ws/install/vesc_ackermann/lib/pkgconfig/vesc_ackermann.pc'
[7.992s] Level 1:colcon.colcon_core.environment:checking '/home/cav330/f1tenth_ws/install/vesc_ackermann/lib/python3.8/site-packages'
[7.998s] Level 1:colcon.colcon_core.environment:checking '/home/cav330/f1tenth_ws/install/vesc_ackermann/bin'
[7.999s] INFO:colcon.colcon_core.shell:Creating package script '/home/cav330/f1tenth_ws/install/vesc_ackermann/share/vesc_ackermann/package.ps1'
[8.002s] INFO:colcon.colcon_core.shell:Creating package descriptor '/home/cav330/f1tenth_ws/install/vesc_ackermann/share/vesc_ackermann/package.dsv'
[8.005s] INFO:colcon.colcon_core.shell:Creating package script '/home/cav330/f1tenth_ws/install/vesc_ackermann/share/vesc_ackermann/package.sh'
[8.007s] INFO:colcon.colcon_core.shell:Creating package script '/home/cav330/f1tenth_ws/install/vesc_ackermann/share/vesc_ackermann/package.bash'
[8.009s] INFO:colcon.colcon_core.shell:Creating package script '/home/cav330/f1tenth_ws/install/vesc_ackermann/share/vesc_ackermann/package.zsh'
[8.011s] Level 1:colcon.colcon_core.environment:create_file_with_runtime_dependencies(/home/cav330/f1tenth_ws/install/vesc_ackermann/share/colcon-core/packages/vesc_ackermann)
[8.017s] INFO:colcon.colcon_ros.task.ament_cmake.build:Building ROS package in '/home/cav330/f1tenth_ws/src/f1tenth_system/vesc/vesc_driver' with build type 'ament_cmake'
[8.019s] INFO:colcon.colcon_cmake.task.cmake.build:Building CMake package in '/home/cav330/f1tenth_ws/src/f1tenth_system/vesc/vesc_driver'
[8.021s] INFO:colcon.colcon_core.shell:Skip shell extension 'powershell' for command environment: Not usable outside of PowerShell
[8.021s] DEBUG:colcon.colcon_core.shell:Skip shell extension 'dsv' for command environment
[8.182s] DEBUG:colcon.colcon_core.event_handler.log_command:Invoking command in '/home/cav330/f1tenth_ws/build/vesc_driver': CMAKE_PREFIX_PATH=/home/cav330/f1tenth_ws/install/vesc_msgs:/home/cav330/f1tenth_ws/install/wall_follow:/home/cav330/f1tenth_ws/install/vesc:/home/cav330/f1tenth_ws/install/vesc_driver:/home/cav330/f1tenth_ws/install/vesc_ackermann:/home/cav330/f1tenth_ws/install/teleop_tools:/home/cav330/f1tenth_ws/install/teleop_tools_msgs:/home/cav330/f1tenth_ws/install/safety_node:/home/cav330/f1tenth_ws/install/ackermann_mux:/home/cav330/f1tenth_ws/install/f1tenth_stack:/home/cav330/f1tenth_ws/install/joy_teleop:/home/cav330/f1tenth_ws/install/mouse_teleop:/home/cav330/f1tenth_ws/install/key_teleop:/home/cav330/f1tenth_ws/install/f1tenth_gym_ros:/opt/ros/foxy LD_LIBRARY_PATH=/home/cav330/f1tenth_ws/install/vesc_msgs/lib:/home/cav330/f1tenth_ws/install/vesc_driver/lib:/home/cav330/f1tenth_ws/install/vesc_ackermann/lib:/home/cav330/f1tenth_ws/install/teleop_tools_msgs/lib:/opt/ros/foxy/opt/yaml_cpp_vendor/lib:/opt/ros/foxy/opt/rviz_ogre_vendor/lib:/opt/ros/foxy/lib/aarch64-linux-gnu:/opt/ros/foxy/lib:/usr/local/cuda-11.4/lib64 NX_CONNECTION=192.168.33.135 50408 192.168.33.130 4000 PYTHONPATH=/home/cav330/f1tenth_ws/install/vesc_msgs/lib/python3.8/site-packages:/home/cav330/f1tenth_ws/install/f1tenth_stack/lib/python3.8/site-packages:/home/cav330/f1tenth_ws/install/joy_teleop/lib/python3.8/site-packages:/home/cav330/f1tenth_ws/install/teleop_tools_msgs/lib/python3.8/site-packages:/home/cav330/f1tenth_ws/install/mouse_teleop/lib/python3.8/site-packages:/home/cav330/f1tenth_ws/install/key_teleop/lib/python3.8/site-packages:/home/cav330/f1tenth_ws/install/f1tenth_gym_ros/lib/python3.8/site-packages:/opt/ros/foxy/lib/python3.8/site-packages /usr/bin/cmake --build /home/cav330/f1tenth_ws/build/vesc_driver -- -j4 -l4
[8.817s] Level 1:colcon.colcon_core.environment:checking '/home/cav330/f1tenth_ws/install/key_teleop' for CMake module files
[8.820s] DEBUG:colcon.colcon_core.event_handler.log_command:Invoked command in '/home/cav330/f1tenth_ws/src/f1tenth_system/teleop_tools/key_teleop' returned '0': NX_CONNECTION=192.168.33.135 50408 192.168.33.130 4000 PYTHONPATH=/home/cav330/f1tenth_ws/build/key_teleop/prefix_override:/usr/lib/python3/dist-packages/colcon_core/task/python/colcon_distutils_commands:/home/cav330/f1tenth_ws/install/key_teleop/lib/python3.8/site-packages:${PYTHONPATH} /usr/bin/python3 -W ignore:setup.py install is deprecated -W ignore:easy_install command is deprecated setup.py egg_info --egg-base ../../../../build/key_teleop build --build-base /home/cav330/f1tenth_ws/build/key_teleop/build install --record /home/cav330/f1tenth_ws/build/key_teleop/install.log --install-scripts $base/lib/key_teleop --single-version-externally-managed install_data
[8.823s] Level 1:colcon.colcon_core.environment:checking '/home/cav330/f1tenth_ws/install/key_teleop' for CMake config files
[8.827s] Level 1:colcon.colcon_core.environment:checking '/home/cav330/f1tenth_ws/install/key_teleop/lib'
[8.827s] Level 1:colcon.colcon_core.environment:checking '/home/cav330/f1tenth_ws/install/key_teleop/bin'
[8.827s] Level 1:colcon.colcon_core.environment:checking '/home/cav330/f1tenth_ws/install/key_teleop/lib/pkgconfig/key_teleop.pc'
[8.829s] Level 1:colcon.colcon_core.environment:checking '/home/cav330/f1tenth_ws/install/key_teleop/lib/python3.8/site-packages'
[8.829s] Level 1:colcon.colcon_core.shell:create_environment_hook('key_teleop', 'pythonpath')
[8.831s] INFO:colcon.colcon_core.shell:Creating environment hook '/home/cav330/f1tenth_ws/install/key_teleop/share/key_teleop/hook/pythonpath.ps1'
[8.835s] INFO:colcon.colcon_core.shell:Creating environment descriptor '/home/cav330/f1tenth_ws/install/key_teleop/share/key_teleop/hook/pythonpath.dsv'
[8.838s] INFO:colcon.colcon_core.shell:Creating environment hook '/home/cav330/f1tenth_ws/install/key_teleop/share/key_teleop/hook/pythonpath.sh'
[8.850s] Level 1:colcon.colcon_core.environment:checking '/home/cav330/f1tenth_ws/install/key_teleop/bin'
[8.851s] Level 1:colcon.colcon_core.environment:create_environment_scripts_only(key_teleop)
[8.852s] INFO:colcon.colcon_core.shell:Creating package script '/home/cav330/f1tenth_ws/install/key_teleop/share/key_teleop/package.ps1'
[8.856s] INFO:colcon.colcon_core.shell:Creating package descriptor '/home/cav330/f1tenth_ws/install/key_teleop/share/key_teleop/package.dsv'
[8.858s] INFO:colcon.colcon_core.shell:Creating package script '/home/cav330/f1tenth_ws/install/key_teleop/share/key_teleop/package.sh'
[8.869s] INFO:colcon.colcon_core.shell:Creating package script '/home/cav330/f1tenth_ws/install/key_teleop/share/key_teleop/package.bash'
[8.871s] INFO:colcon.colcon_core.shell:Creating package script '/home/cav330/f1tenth_ws/install/key_teleop/share/key_teleop/package.zsh'
[8.873s] Level 1:colcon.colcon_core.environment:create_file_with_runtime_dependencies(/home/cav330/f1tenth_ws/install/key_teleop/share/colcon-core/packages/key_teleop)
[8.880s] INFO:colcon.colcon_ros.task.ament_python.build:Building ROS package in '/home/cav330/f1tenth_ws/src/f1tenth_system/teleop_tools/mouse_teleop' with build type 'ament_python'
[8.889s] Level 1:colcon.colcon_core.shell:create_environment_hook('mouse_teleop', 'ament_prefix_path')
[8.891s] INFO:colcon.colcon_core.shell:Creating environment hook '/home/cav330/f1tenth_ws/install/mouse_teleop/share/mouse_teleop/hook/ament_prefix_path.ps1'
[8.893s] INFO:colcon.colcon_core.shell:Creating environment descriptor '/home/cav330/f1tenth_ws/install/mouse_teleop/share/mouse_teleop/hook/ament_prefix_path.dsv'
[8.898s] INFO:colcon.colcon_core.shell:Creating environment hook '/home/cav330/f1tenth_ws/install/mouse_teleop/share/mouse_teleop/hook/ament_prefix_path.sh'
[8.901s] INFO:colcon.colcon_core.shell:Skip shell extension 'powershell' for command environment: Not usable outside of PowerShell
[8.901s] DEBUG:colcon.colcon_core.shell:Skip shell extension 'dsv' for command environment
[10.037s] INFO:colcon.colcon_core.task.python.build:Building Python package in '/home/cav330/f1tenth_ws/src/f1tenth_system/teleop_tools/mouse_teleop'
[10.041s] INFO:colcon.colcon_core.shell:Skip shell extension 'powershell' for command environment: Not usable outside of PowerShell
[10.041s] DEBUG:colcon.colcon_core.shell:Skip shell extension 'dsv' for command environment
[10.083s] DEBUG:colcon.colcon_core.event_handler.log_command:Invoked command in '/home/cav330/f1tenth_ws/build/vesc_driver' returned '0': CMAKE_PREFIX_PATH=/home/cav330/f1tenth_ws/install/vesc_msgs:/home/cav330/f1tenth_ws/install/wall_follow:/home/cav330/f1tenth_ws/install/vesc:/home/cav330/f1tenth_ws/install/vesc_driver:/home/cav330/f1tenth_ws/install/vesc_ackermann:/home/cav330/f1tenth_ws/install/teleop_tools:/home/cav330/f1tenth_ws/install/teleop_tools_msgs:/home/cav330/f1tenth_ws/install/safety_node:/home/cav330/f1tenth_ws/install/ackermann_mux:/home/cav330/f1tenth_ws/install/f1tenth_stack:/home/cav330/f1tenth_ws/install/joy_teleop:/home/cav330/f1tenth_ws/install/mouse_teleop:/home/cav330/f1tenth_ws/install/key_teleop:/home/cav330/f1tenth_ws/install/f1tenth_gym_ros:/opt/ros/foxy LD_LIBRARY_PATH=/home/cav330/f1tenth_ws/install/vesc_msgs/lib:/home/cav330/f1tenth_ws/install/vesc_driver/lib:/home/cav330/f1tenth_ws/install/vesc_ackermann/lib:/home/cav330/f1tenth_ws/install/teleop_tools_msgs/lib:/opt/ros/foxy/opt/yaml_cpp_vendor/lib:/opt/ros/foxy/opt/rviz_ogre_vendor/lib:/opt/ros/foxy/lib/aarch64-linux-gnu:/opt/ros/foxy/lib:/usr/local/cuda-11.4/lib64 NX_CONNECTION=192.168.33.135 50408 192.168.33.130 4000 PYTHONPATH=/home/cav330/f1tenth_ws/install/vesc_msgs/lib/python3.8/site-packages:/home/cav330/f1tenth_ws/install/f1tenth_stack/lib/python3.8/site-packages:/home/cav330/f1tenth_ws/install/joy_teleop/lib/python3.8/site-packages:/home/cav330/f1tenth_ws/install/teleop_tools_msgs/lib/python3.8/site-packages:/home/cav330/f1tenth_ws/install/mouse_teleop/lib/python3.8/site-packages:/home/cav330/f1tenth_ws/install/key_teleop/lib/python3.8/site-packages:/home/cav330/f1tenth_ws/install/f1tenth_gym_ros/lib/python3.8/site-packages:/opt/ros/foxy/lib/python3.8/site-packages /usr/bin/cmake --build /home/cav330/f1tenth_ws/build/vesc_driver -- -j4 -l4
[10.105s] DEBUG:colcon.colcon_core.event_handler.log_command:Invoking command in '/home/cav330/f1tenth_ws/build/vesc_driver': CMAKE_PREFIX_PATH=/home/cav330/f1tenth_ws/install/vesc_msgs:/home/cav330/f1tenth_ws/install/wall_follow:/home/cav330/f1tenth_ws/install/vesc:/home/cav330/f1tenth_ws/install/vesc_driver:/home/cav330/f1tenth_ws/install/vesc_ackermann:/home/cav330/f1tenth_ws/install/teleop_tools:/home/cav330/f1tenth_ws/install/teleop_tools_msgs:/home/cav330/f1tenth_ws/install/safety_node:/home/cav330/f1tenth_ws/install/ackermann_mux:/home/cav330/f1tenth_ws/install/f1tenth_stack:/home/cav330/f1tenth_ws/install/joy_teleop:/home/cav330/f1tenth_ws/install/mouse_teleop:/home/cav330/f1tenth_ws/install/key_teleop:/home/cav330/f1tenth_ws/install/f1tenth_gym_ros:/opt/ros/foxy LD_LIBRARY_PATH=/home/cav330/f1tenth_ws/install/vesc_msgs/lib:/home/cav330/f1tenth_ws/install/vesc_driver/lib:/home/cav330/f1tenth_ws/install/vesc_ackermann/lib:/home/cav330/f1tenth_ws/install/teleop_tools_msgs/lib:/opt/ros/foxy/opt/yaml_cpp_vendor/lib:/opt/ros/foxy/opt/rviz_ogre_vendor/lib:/opt/ros/foxy/lib/aarch64-linux-gnu:/opt/ros/foxy/lib:/usr/local/cuda-11.4/lib64 NX_CONNECTION=192.168.33.135 50408 192.168.33.130 4000 PYTHONPATH=/home/cav330/f1tenth_ws/install/vesc_msgs/lib/python3.8/site-packages:/home/cav330/f1tenth_ws/install/f1tenth_stack/lib/python3.8/site-packages:/home/cav330/f1tenth_ws/install/joy_teleop/lib/python3.8/site-packages:/home/cav330/f1tenth_ws/install/teleop_tools_msgs/lib/python3.8/site-packages:/home/cav330/f1tenth_ws/install/mouse_teleop/lib/python3.8/site-packages:/home/cav330/f1tenth_ws/install/key_teleop/lib/python3.8/site-packages:/home/cav330/f1tenth_ws/install/f1tenth_gym_ros/lib/python3.8/site-packages:/opt/ros/foxy/lib/python3.8/site-packages /usr/bin/cmake --install /home/cav330/f1tenth_ws/build/vesc_driver
[10.127s] DEBUG:colcon.colcon_core.event_handler.log_command:Invoking command in '/home/cav330/f1tenth_ws/src/f1tenth_system/teleop_tools/joy_teleop': CMAKE_PREFIX_PATH=/home/cav330/f1tenth_ws/install/teleop_tools_msgs:/home/cav330/f1tenth_ws/install/wall_follow:/home/cav330/f1tenth_ws/install/vesc:/home/cav330/f1tenth_ws/install/vesc_driver:/home/cav330/f1tenth_ws/install/vesc_ackermann:/home/cav330/f1tenth_ws/install/vesc_msgs:/home/cav330/f1tenth_ws/install/teleop_tools:/home/cav330/f1tenth_ws/install/safety_node:/home/cav330/f1tenth_ws/install/ackermann_mux LD_LIBRARY_PATH=/home/cav330/f1tenth_ws/install/teleop_tools_msgs/lib:/home/cav330/f1tenth_ws/install/vesc_driver/lib:/home/cav330/f1tenth_ws/install/vesc_ackermann/lib:/home/cav330/f1tenth_ws/install/vesc_msgs/lib:/opt/ros/foxy/opt/yaml_cpp_vendor/lib:/opt/ros/foxy/opt/rviz_ogre_vendor/lib:/opt/ros/foxy/lib/aarch64-linux-gnu:/opt/ros/foxy/lib:/usr/local/cuda-11.4/lib64 NX_CONNECTION=192.168.33.135 50408 192.168.33.130 4000 PYTHONPATH=/home/cav330/f1tenth_ws/build/joy_teleop/prefix_override:/usr/lib/python3/dist-packages/colcon_core/task/python/colcon_distutils_commands:/home/cav330/f1tenth_ws/install/joy_teleop/lib/python3.8/site-packages:/home/cav330/f1tenth_ws/install/teleop_tools_msgs/lib/python3.8/site-packages:/home/cav330/f1tenth_ws/install/f1tenth_stack/lib/python3.8/site-packages:/home/cav330/f1tenth_ws/install/vesc_msgs/lib/python3.8/site-packages:/home/cav330/f1tenth_ws/install/joy_teleop/lib/python3.8/site-packages:/home/cav330/f1tenth_ws/install/mouse_teleop/lib/python3.8/site-packages:/home/cav330/f1tenth_ws/install/key_teleop/lib/python3.8/site-packages:/home/cav330/f1tenth_ws/install/f1tenth_gym_ros/lib/python3.8/site-packages:/opt/ros/foxy/lib/python3.8/site-packages /usr/bin/python3 -W ignore:setup.py install is deprecated -W ignore:easy_install command is deprecated setup.py egg_info --egg-base ../../../../build/joy_teleop build --build-base /home/cav330/f1tenth_ws/build/joy_teleop/build install --record /home/cav330/f1tenth_ws/build/joy_teleop/install.log --install-scripts $base/lib/joy_teleop --single-version-externally-managed install_data
[10.154s] DEBUG:colcon.colcon_core.event_handler.log_command:Invoking command in '/home/cav330/f1tenth_ws/src/f1tenth_gym_ros': NX_CONNECTION=192.168.33.135 50408 192.168.33.130 4000 PYTHONPATH=/home/cav330/f1tenth_ws/build/f1tenth_gym_ros/prefix_override:/usr/lib/python3/dist-packages/colcon_core/task/python/colcon_distutils_commands:/home/cav330/f1tenth_ws/install/f1tenth_gym_ros/lib/python3.8/site-packages:${PYTHONPATH} /usr/bin/python3 -W ignore:setup.py install is deprecated -W ignore:easy_install command is deprecated setup.py egg_info --egg-base ../../build/f1tenth_gym_ros build --build-base /home/cav330/f1tenth_ws/build/f1tenth_gym_ros/build install --record /home/cav330/f1tenth_ws/build/f1tenth_gym_ros/install.log --single-version-externally-managed install_data
[10.222s] Level 1:colcon.colcon_core.environment:create_environment_scripts_only(vesc_driver)
[10.226s] Level 1:colcon.colcon_core.environment:checking '/home/cav330/f1tenth_ws/install/vesc_driver' for CMake module files
[10.237s] DEBUG:colcon.colcon_core.event_handler.log_command:Invoked command in '/home/cav330/f1tenth_ws/build/vesc_driver' returned '0': CMAKE_PREFIX_PATH=/home/cav330/f1tenth_ws/install/vesc_msgs:/home/cav330/f1tenth_ws/install/wall_follow:/home/cav330/f1tenth_ws/install/vesc:/home/cav330/f1tenth_ws/install/vesc_driver:/home/cav330/f1tenth_ws/install/vesc_ackermann:/home/cav330/f1tenth_ws/install/teleop_tools:/home/cav330/f1tenth_ws/install/teleop_tools_msgs:/home/cav330/f1tenth_ws/install/safety_node:/home/cav330/f1tenth_ws/install/ackermann_mux:/home/cav330/f1tenth_ws/install/f1tenth_stack:/home/cav330/f1tenth_ws/install/joy_teleop:/home/cav330/f1tenth_ws/install/mouse_teleop:/home/cav330/f1tenth_ws/install/key_teleop:/home/cav330/f1tenth_ws/install/f1tenth_gym_ros:/opt/ros/foxy LD_LIBRARY_PATH=/home/cav330/f1tenth_ws/install/vesc_msgs/lib:/home/cav330/f1tenth_ws/install/vesc_driver/lib:/home/cav330/f1tenth_ws/install/vesc_ackermann/lib:/home/cav330/f1tenth_ws/install/teleop_tools_msgs/lib:/opt/ros/foxy/opt/yaml_cpp_vendor/lib:/opt/ros/foxy/opt/rviz_ogre_vendor/lib:/opt/ros/foxy/lib/aarch64-linux-gnu:/opt/ros/foxy/lib:/usr/local/cuda-11.4/lib64 NX_CONNECTION=192.168.33.135 50408 192.168.33.130 4000 PYTHONPATH=/home/cav330/f1tenth_ws/install/vesc_msgs/lib/python3.8/site-packages:/home/cav330/f1tenth_ws/install/f1tenth_stack/lib/python3.8/site-packages:/home/cav330/f1tenth_ws/install/joy_teleop/lib/python3.8/site-packages:/home/cav330/f1tenth_ws/install/teleop_tools_msgs/lib/python3.8/site-packages:/home/cav330/f1tenth_ws/install/mouse_teleop/lib/python3.8/site-packages:/home/cav330/f1tenth_ws/install/key_teleop/lib/python3.8/site-packages:/home/cav330/f1tenth_ws/install/f1tenth_gym_ros/lib/python3.8/site-packages:/opt/ros/foxy/lib/python3.8/site-packages /usr/bin/cmake --install /home/cav330/f1tenth_ws/build/vesc_driver
[10.239s] Level 1:colcon.colcon_core.environment:checking '/home/cav330/f1tenth_ws/install/vesc_driver' for CMake config files
[10.242s] Level 1:colcon.colcon_core.shell:create_environment_hook('vesc_driver', 'cmake_prefix_path')
[10.245s] INFO:colcon.colcon_core.shell:Creating environment hook '/home/cav330/f1tenth_ws/install/vesc_driver/share/vesc_driver/hook/cmake_prefix_path.ps1'
[10.250s] INFO:colcon.colcon_core.shell:Creating environment descriptor '/home/cav330/f1tenth_ws/install/vesc_driver/share/vesc_driver/hook/cmake_prefix_path.dsv'
[10.252s] INFO:colcon.colcon_core.shell:Creating environment hook '/home/cav330/f1tenth_ws/install/vesc_driver/share/vesc_driver/hook/cmake_prefix_path.sh'
[10.255s] Level 1:colcon.colcon_core.environment:checking '/home/cav330/f1tenth_ws/install/vesc_driver/lib'
[10.255s] Level 1:colcon.colcon_core.shell:create_environment_hook('vesc_driver', 'ld_library_path_lib')
[10.257s] INFO:colcon.colcon_core.shell:Creating environment hook '/home/cav330/f1tenth_ws/install/vesc_driver/share/vesc_driver/hook/ld_library_path_lib.ps1'
[10.260s] INFO:colcon.colcon_core.shell:Creating environment descriptor '/home/cav330/f1tenth_ws/install/vesc_driver/share/vesc_driver/hook/ld_library_path_lib.dsv'
[10.262s] INFO:colcon.colcon_core.shell:Creating environment hook '/home/cav330/f1tenth_ws/install/vesc_driver/share/vesc_driver/hook/ld_library_path_lib.sh'
[10.264s] Level 1:colcon.colcon_core.environment:checking '/home/cav330/f1tenth_ws/install/vesc_driver/bin'
[10.265s] Level 1:colcon.colcon_core.environment:checking '/home/cav330/f1tenth_ws/install/vesc_driver/lib/pkgconfig/vesc_driver.pc'
[10.266s] Level 1:colcon.colcon_core.environment:checking '/home/cav330/f1tenth_ws/install/vesc_driver/lib/python3.8/site-packages'
[10.267s] Level 1:colcon.colcon_core.environment:checking '/home/cav330/f1tenth_ws/install/vesc_driver/bin'
[10.270s] INFO:colcon.colcon_core.shell:Creating package script '/home/cav330/f1tenth_ws/install/vesc_driver/share/vesc_driver/package.ps1'
[10.273s] INFO:colcon.colcon_core.shell:Creating package descriptor '/home/cav330/f1tenth_ws/install/vesc_driver/share/vesc_driver/package.dsv'
[10.276s] INFO:colcon.colcon_core.shell:Creating package script '/home/cav330/f1tenth_ws/install/vesc_driver/share/vesc_driver/package.sh'
[10.279s] INFO:colcon.colcon_core.shell:Creating package script '/home/cav330/f1tenth_ws/install/vesc_driver/share/vesc_driver/package.bash'
[10.281s] INFO:colcon.colcon_core.shell:Creating package script '/home/cav330/f1tenth_ws/install/vesc_driver/share/vesc_driver/package.zsh'
[10.282s] Level 1:colcon.colcon_core.environment:create_file_with_runtime_dependencies(/home/cav330/f1tenth_ws/install/vesc_driver/share/colcon-core/packages/vesc_driver)
[10.290s] Level 1:colcon.colcon_core.environment:create_environment_scripts_only(vesc_driver)
[10.298s] Level 1:colcon.colcon_core.environment:checking '/home/cav330/f1tenth_ws/install/vesc_driver' for CMake module files
[10.302s] Level 1:colcon.colcon_core.environment:checking '/home/cav330/f1tenth_ws/install/vesc_driver' for CMake config files
[10.305s] Level 1:colcon.colcon_core.shell:create_environment_hook('vesc_driver', 'cmake_prefix_path')
[10.306s] INFO:colcon.colcon_core.shell:Creating environment hook '/home/cav330/f1tenth_ws/install/vesc_driver/share/vesc_driver/hook/cmake_prefix_path.ps1'
[10.309s] INFO:colcon.colcon_core.shell:Creating environment descriptor '/home/cav330/f1tenth_ws/install/vesc_driver/share/vesc_driver/hook/cmake_prefix_path.dsv'
[10.317s] INFO:colcon.colcon_core.shell:Creating environment hook '/home/cav330/f1tenth_ws/install/vesc_driver/share/vesc_driver/hook/cmake_prefix_path.sh'
[10.320s] Level 1:colcon.colcon_core.environment:checking '/home/cav330/f1tenth_ws/install/vesc_driver/lib'
[10.321s] Level 1:colcon.colcon_core.shell:create_environment_hook('vesc_driver', 'ld_library_path_lib')
[10.322s] INFO:colcon.colcon_core.shell:Creating environment hook '/home/cav330/f1tenth_ws/install/vesc_driver/share/vesc_driver/hook/ld_library_path_lib.ps1'
[10.324s] INFO:colcon.colcon_core.shell:Creating environment descriptor '/home/cav330/f1tenth_ws/install/vesc_driver/share/vesc_driver/hook/ld_library_path_lib.dsv'
[10.326s] INFO:colcon.colcon_core.shell:Creating environment hook '/home/cav330/f1tenth_ws/install/vesc_driver/share/vesc_driver/hook/ld_library_path_lib.sh'
[10.329s] Level 1:colcon.colcon_core.environment:checking '/home/cav330/f1tenth_ws/install/vesc_driver/bin'
[10.329s] Level 1:colcon.colcon_core.environment:checking '/home/cav330/f1tenth_ws/install/vesc_driver/lib/pkgconfig/vesc_driver.pc'
[10.330s] Level 1:colcon.colcon_core.environment:checking '/home/cav330/f1tenth_ws/install/vesc_driver/lib/python3.8/site-packages'
[10.331s] Level 1:colcon.colcon_core.environment:checking '/home/cav330/f1tenth_ws/install/vesc_driver/bin'
[10.332s] INFO:colcon.colcon_core.shell:Creating package script '/home/cav330/f1tenth_ws/install/vesc_driver/share/vesc_driver/package.ps1'
[10.337s] INFO:colcon.colcon_core.shell:Creating package descriptor '/home/cav330/f1tenth_ws/install/vesc_driver/share/vesc_driver/package.dsv'
[10.340s] INFO:colcon.colcon_core.shell:Creating package script '/home/cav330/f1tenth_ws/install/vesc_driver/share/vesc_driver/package.sh'
[10.344s] INFO:colcon.colcon_core.shell:Creating package script '/home/cav330/f1tenth_ws/install/vesc_driver/share/vesc_driver/package.bash'
[10.347s] INFO:colcon.colcon_core.shell:Creating package script '/home/cav330/f1tenth_ws/install/vesc_driver/share/vesc_driver/package.zsh'
[10.349s] Level 1:colcon.colcon_core.environment:create_file_with_runtime_dependencies(/home/cav330/f1tenth_ws/install/vesc_driver/share/colcon-core/packages/vesc_driver)
[10.354s] INFO:colcon.colcon_ros.task.ament_cmake.build:Building ROS package in '/home/cav330/f1tenth_ws/src/f1tenth_system/vesc/vesc' with build type 'ament_cmake'
[10.355s] INFO:colcon.colcon_cmake.task.cmake.build:Building CMake package in '/home/cav330/f1tenth_ws/src/f1tenth_system/vesc/vesc'
[10.357s] INFO:colcon.colcon_core.shell:Skip shell extension 'powershell' for command environment: Not usable outside of PowerShell
[10.357s] DEBUG:colcon.colcon_core.shell:Skip shell extension 'dsv' for command environment
[10.530s] DEBUG:colcon.colcon_core.event_handler.log_command:Invoking command in '/home/cav330/f1tenth_ws/build/vesc': CMAKE_PREFIX_PATH=/home/cav330/f1tenth_ws/install/vesc_driver:/home/cav330/f1tenth_ws/install/vesc_ackermann:/home/cav330/f1tenth_ws/install/vesc_msgs:/home/cav330/f1tenth_ws/install/wall_follow:/home/cav330/f1tenth_ws/install/vesc:/home/cav330/f1tenth_ws/install/teleop_tools:/home/cav330/f1tenth_ws/install/teleop_tools_msgs:/home/cav330/f1tenth_ws/install/safety_node:/home/cav330/f1tenth_ws/install/ackermann_mux:/home/cav330/f1tenth_ws/install/f1tenth_stack:/home/cav330/f1tenth_ws/install/joy_teleop:/home/cav330/f1tenth_ws/install/mouse_teleop:/home/cav330/f1tenth_ws/install/key_teleop:/home/cav330/f1tenth_ws/install/f1tenth_gym_ros:/opt/ros/foxy LD_LIBRARY_PATH=/home/cav330/f1tenth_ws/install/vesc_driver/lib:/home/cav330/f1tenth_ws/install/vesc_ackermann/lib:/home/cav330/f1tenth_ws/install/vesc_msgs/lib:/home/cav330/f1tenth_ws/install/teleop_tools_msgs/lib:/opt/ros/foxy/opt/yaml_cpp_vendor/lib:/opt/ros/foxy/opt/rviz_ogre_vendor/lib:/opt/ros/foxy/lib/aarch64-linux-gnu:/opt/ros/foxy/lib:/usr/local/cuda-11.4/lib64 NX_CONNECTION=192.168.33.135 50408 192.168.33.130 4000 PYTHONPATH=/home/cav330/f1tenth_ws/install/vesc_msgs/lib/python3.8/site-packages:/home/cav330/f1tenth_ws/install/f1tenth_stack/lib/python3.8/site-packages:/home/cav330/f1tenth_ws/install/joy_teleop/lib/python3.8/site-packages:/home/cav330/f1tenth_ws/install/teleop_tools_msgs/lib/python3.8/site-packages:/home/cav330/f1tenth_ws/install/mouse_teleop/lib/python3.8/site-packages:/home/cav330/f1tenth_ws/install/key_teleop/lib/python3.8/site-packages:/home/cav330/f1tenth_ws/install/f1tenth_gym_ros/lib/python3.8/site-packages:/opt/ros/foxy/lib/python3.8/site-packages /usr/bin/cmake --build /home/cav330/f1tenth_ws/build/vesc -- -j4 -l4
[10.835s] DEBUG:colcon.colcon_core.event_handler.log_command:Invoked command in '/home/cav330/f1tenth_ws/build/vesc' returned '0': CMAKE_PREFIX_PATH=/home/cav330/f1tenth_ws/install/vesc_driver:/home/cav330/f1tenth_ws/install/vesc_ackermann:/home/cav330/f1tenth_ws/install/vesc_msgs:/home/cav330/f1tenth_ws/install/wall_follow:/home/cav330/f1tenth_ws/install/vesc:/home/cav330/f1tenth_ws/install/teleop_tools:/home/cav330/f1tenth_ws/install/teleop_tools_msgs:/home/cav330/f1tenth_ws/install/safety_node:/home/cav330/f1tenth_ws/install/ackermann_mux:/home/cav330/f1tenth_ws/install/f1tenth_stack:/home/cav330/f1tenth_ws/install/joy_teleop:/home/cav330/f1tenth_ws/install/mouse_teleop:/home/cav330/f1tenth_ws/install/key_teleop:/home/cav330/f1tenth_ws/install/f1tenth_gym_ros:/opt/ros/foxy LD_LIBRARY_PATH=/home/cav330/f1tenth_ws/install/vesc_driver/lib:/home/cav330/f1tenth_ws/install/vesc_ackermann/lib:/home/cav330/f1tenth_ws/install/vesc_msgs/lib:/home/cav330/f1tenth_ws/install/teleop_tools_msgs/lib:/opt/ros/foxy/opt/yaml_cpp_vendor/lib:/opt/ros/foxy/opt/rviz_ogre_vendor/lib:/opt/ros/foxy/lib/aarch64-linux-gnu:/opt/ros/foxy/lib:/usr/local/cuda-11.4/lib64 NX_CONNECTION=192.168.33.135 50408 192.168.33.130 4000 PYTHONPATH=/home/cav330/f1tenth_ws/install/vesc_msgs/lib/python3.8/site-packages:/home/cav330/f1tenth_ws/install/f1tenth_stack/lib/python3.8/site-packages:/home/cav330/f1tenth_ws/install/joy_teleop/lib/python3.8/site-packages:/home/cav330/f1tenth_ws/install/teleop_tools_msgs/lib/python3.8/site-packages:/home/cav330/f1tenth_ws/install/mouse_teleop/lib/python3.8/site-packages:/home/cav330/f1tenth_ws/install/key_teleop/lib/python3.8/site-packages:/home/cav330/f1tenth_ws/install/f1tenth_gym_ros/lib/python3.8/site-packages:/opt/ros/foxy/lib/python3.8/site-packages /usr/bin/cmake --build /home/cav330/f1tenth_ws/build/vesc -- -j4 -l4
[10.849s] DEBUG:colcon.colcon_core.event_handler.log_command:Invoking command in '/home/cav330/f1tenth_ws/build/vesc': CMAKE_PREFIX_PATH=/home/cav330/f1tenth_ws/install/vesc_driver:/home/cav330/f1tenth_ws/install/vesc_ackermann:/home/cav330/f1tenth_ws/install/vesc_msgs:/home/cav330/f1tenth_ws/install/wall_follow:/home/cav330/f1tenth_ws/install/vesc:/home/cav330/f1tenth_ws/install/teleop_tools:/home/cav330/f1tenth_ws/install/teleop_tools_msgs:/home/cav330/f1tenth_ws/install/safety_node:/home/cav330/f1tenth_ws/install/ackermann_mux:/home/cav330/f1tenth_ws/install/f1tenth_stack:/home/cav330/f1tenth_ws/install/joy_teleop:/home/cav330/f1tenth_ws/install/mouse_teleop:/home/cav330/f1tenth_ws/install/key_teleop:/home/cav330/f1tenth_ws/install/f1tenth_gym_ros:/opt/ros/foxy LD_LIBRARY_PATH=/home/cav330/f1tenth_ws/install/vesc_driver/lib:/home/cav330/f1tenth_ws/install/vesc_ackermann/lib:/home/cav330/f1tenth_ws/install/vesc_msgs/lib:/home/cav330/f1tenth_ws/install/teleop_tools_msgs/lib:/opt/ros/foxy/opt/yaml_cpp_vendor/lib:/opt/ros/foxy/opt/rviz_ogre_vendor/lib:/opt/ros/foxy/lib/aarch64-linux-gnu:/opt/ros/foxy/lib:/usr/local/cuda-11.4/lib64 NX_CONNECTION=192.168.33.135 50408 192.168.33.130 4000 PYTHONPATH=/home/cav330/f1tenth_ws/install/vesc_msgs/lib/python3.8/site-packages:/home/cav330/f1tenth_ws/install/f1tenth_stack/lib/python3.8/site-packages:/home/cav330/f1tenth_ws/install/joy_teleop/lib/python3.8/site-packages:/home/cav330/f1tenth_ws/install/teleop_tools_msgs/lib/python3.8/site-packages:/home/cav330/f1tenth_ws/install/mouse_teleop/lib/python3.8/site-packages:/home/cav330/f1tenth_ws/install/key_teleop/lib/python3.8/site-packages:/home/cav330/f1tenth_ws/install/f1tenth_gym_ros/lib/python3.8/site-packages:/opt/ros/foxy/lib/python3.8/site-packages /usr/bin/cmake --install /home/cav330/f1tenth_ws/build/vesc
[10.949s] Level 1:colcon.colcon_core.environment:create_environment_scripts_only(vesc)
[10.952s] Level 1:colcon.colcon_core.environment:checking '/home/cav330/f1tenth_ws/install/vesc' for CMake module files
[10.954s] DEBUG:colcon.colcon_core.event_handler.log_command:Invoked command in '/home/cav330/f1tenth_ws/build/vesc' returned '0': CMAKE_PREFIX_PATH=/home/cav330/f1tenth_ws/install/vesc_driver:/home/cav330/f1tenth_ws/install/vesc_ackermann:/home/cav330/f1tenth_ws/install/vesc_msgs:/home/cav330/f1tenth_ws/install/wall_follow:/home/cav330/f1tenth_ws/install/vesc:/home/cav330/f1tenth_ws/install/teleop_tools:/home/cav330/f1tenth_ws/install/teleop_tools_msgs:/home/cav330/f1tenth_ws/install/safety_node:/home/cav330/f1tenth_ws/install/ackermann_mux:/home/cav330/f1tenth_ws/install/f1tenth_stack:/home/cav330/f1tenth_ws/install/joy_teleop:/home/cav330/f1tenth_ws/install/mouse_teleop:/home/cav330/f1tenth_ws/install/key_teleop:/home/cav330/f1tenth_ws/install/f1tenth_gym_ros:/opt/ros/foxy LD_LIBRARY_PATH=/home/cav330/f1tenth_ws/install/vesc_driver/lib:/home/cav330/f1tenth_ws/install/vesc_ackermann/lib:/home/cav330/f1tenth_ws/install/vesc_msgs/lib:/home/cav330/f1tenth_ws/install/teleop_tools_msgs/lib:/opt/ros/foxy/opt/yaml_cpp_vendor/lib:/opt/ros/foxy/opt/rviz_ogre_vendor/lib:/opt/ros/foxy/lib/aarch64-linux-gnu:/opt/ros/foxy/lib:/usr/local/cuda-11.4/lib64 NX_CONNECTION=192.168.33.135 50408 192.168.33.130 4000 PYTHONPATH=/home/cav330/f1tenth_ws/install/vesc_msgs/lib/python3.8/site-packages:/home/cav330/f1tenth_ws/install/f1tenth_stack/lib/python3.8/site-packages:/home/cav330/f1tenth_ws/install/joy_teleop/lib/python3.8/site-packages:/home/cav330/f1tenth_ws/install/teleop_tools_msgs/lib/python3.8/site-packages:/home/cav330/f1tenth_ws/install/mouse_teleop/lib/python3.8/site-packages:/home/cav330/f1tenth_ws/install/key_teleop/lib/python3.8/site-packages:/home/cav330/f1tenth_ws/install/f1tenth_gym_ros/lib/python3.8/site-packages:/opt/ros/foxy/lib/python3.8/site-packages /usr/bin/cmake --install /home/cav330/f1tenth_ws/build/vesc
[10.956s] Level 1:colcon.colcon_core.environment:checking '/home/cav330/f1tenth_ws/install/vesc' for CMake config files
[10.958s] Level 1:colcon.colcon_core.shell:create_environment_hook('vesc', 'cmake_prefix_path')
[10.960s] INFO:colcon.colcon_core.shell:Creating environment hook '/home/cav330/f1tenth_ws/install/vesc/share/vesc/hook/cmake_prefix_path.ps1'
[10.963s] INFO:colcon.colcon_core.shell:Creating environment descriptor '/home/cav330/f1tenth_ws/install/vesc/share/vesc/hook/cmake_prefix_path.dsv'
[10.968s] INFO:colcon.colcon_core.shell:Creating environment hook '/home/cav330/f1tenth_ws/install/vesc/share/vesc/hook/cmake_prefix_path.sh'
[10.973s] Level 1:colcon.colcon_core.environment:checking '/home/cav330/f1tenth_ws/install/vesc/bin'
[10.973s] Level 1:colcon.colcon_core.environment:checking '/home/cav330/f1tenth_ws/install/vesc/lib/pkgconfig/vesc.pc'
[10.974s] Level 1:colcon.colcon_core.environment:checking '/home/cav330/f1tenth_ws/install/vesc/lib/python3.8/site-packages'
[10.975s] Level 1:colcon.colcon_core.environment:checking '/home/cav330/f1tenth_ws/install/vesc/bin'
[10.978s] INFO:colcon.colcon_core.shell:Creating package script '/home/cav330/f1tenth_ws/install/vesc/share/vesc/package.ps1'
[10.980s] INFO:colcon.colcon_core.shell:Creating package descriptor '/home/cav330/f1tenth_ws/install/vesc/share/vesc/package.dsv'
[10.984s] INFO:colcon.colcon_core.shell:Creating package script '/home/cav330/f1tenth_ws/install/vesc/share/vesc/package.sh'
[10.986s] INFO:colcon.colcon_core.shell:Creating package script '/home/cav330/f1tenth_ws/install/vesc/share/vesc/package.bash'
[10.988s] INFO:colcon.colcon_core.shell:Creating package script '/home/cav330/f1tenth_ws/install/vesc/share/vesc/package.zsh'
[10.990s] Level 1:colcon.colcon_core.environment:create_file_with_runtime_dependencies(/home/cav330/f1tenth_ws/install/vesc/share/colcon-core/packages/vesc)
[10.995s] Level 1:colcon.colcon_core.environment:create_environment_scripts_only(vesc)
[10.996s] Level 1:colcon.colcon_core.environment:checking '/home/cav330/f1tenth_ws/install/vesc' for CMake module files
[10.998s] Level 1:colcon.colcon_core.environment:checking '/home/cav330/f1tenth_ws/install/vesc' for CMake config files
[11.001s] Level 1:colcon.colcon_core.shell:create_environment_hook('vesc', 'cmake_prefix_path')
[11.002s] INFO:colcon.colcon_core.shell:Creating environment hook '/home/cav330/f1tenth_ws/install/vesc/share/vesc/hook/cmake_prefix_path.ps1'
[11.004s] INFO:colcon.colcon_core.shell:Creating environment descriptor '/home/cav330/f1tenth_ws/install/vesc/share/vesc/hook/cmake_prefix_path.dsv'
[11.007s] INFO:colcon.colcon_core.shell:Creating environment hook '/home/cav330/f1tenth_ws/install/vesc/share/vesc/hook/cmake_prefix_path.sh'
[11.012s] Level 1:colcon.colcon_core.environment:checking '/home/cav330/f1tenth_ws/install/vesc/bin'
[11.013s] Level 1:colcon.colcon_core.environment:checking '/home/cav330/f1tenth_ws/install/vesc/lib/pkgconfig/vesc.pc'
[11.016s] Level 1:colcon.colcon_core.environment:checking '/home/cav330/f1tenth_ws/install/vesc/lib/python3.8/site-packages'
[11.017s] Level 1:colcon.colcon_core.environment:checking '/home/cav330/f1tenth_ws/install/vesc/bin'
[11.018s] INFO:colcon.colcon_core.shell:Creating package script '/home/cav330/f1tenth_ws/install/vesc/share/vesc/package.ps1'
[11.021s] INFO:colcon.colcon_core.shell:Creating package descriptor '/home/cav330/f1tenth_ws/install/vesc/share/vesc/package.dsv'
[11.024s] INFO:colcon.colcon_core.shell:Creating package script '/home/cav330/f1tenth_ws/install/vesc/share/vesc/package.sh'
[11.030s] INFO:colcon.colcon_core.shell:Creating package script '/home/cav330/f1tenth_ws/install/vesc/share/vesc/package.bash'
[11.033s] INFO:colcon.colcon_core.shell:Creating package script '/home/cav330/f1tenth_ws/install/vesc/share/vesc/package.zsh'
[11.036s] Level 1:colcon.colcon_core.environment:create_file_with_runtime_dependencies(/home/cav330/f1tenth_ws/install/vesc/share/colcon-core/packages/vesc)
[11.038s] INFO:colcon.colcon_ros.task.ament_cmake.build:Building ROS package in '/home/cav330/f1tenth_ws/src/safety_node' with build type 'ament_cmake'
[11.039s] INFO:colcon.colcon_cmake.task.cmake.build:Building CMake package in '/home/cav330/f1tenth_ws/src/safety_node'
[11.040s] INFO:colcon.colcon_core.shell:Skip shell extension 'powershell' for command environment: Not usable outside of PowerShell
[11.041s] DEBUG:colcon.colcon_core.shell:Skip shell extension 'dsv' for command environment
[11.173s] DEBUG:colcon.colcon_core.event_handler.log_command:Invoking command in '/home/cav330/f1tenth_ws/build/safety_node': CMAKE_PREFIX_PATH=${CMAKE_PREFIX_PATH}:/home/cav330/f1tenth_ws/install/f1tenth_stack:/home/cav330/f1tenth_ws/install/joy_teleop:/home/cav330/f1tenth_ws/install/mouse_teleop:/home/cav330/f1tenth_ws/install/key_teleop:/home/cav330/f1tenth_ws/install/f1tenth_gym_ros:/opt/ros/foxy NX_CONNECTION=192.168.33.135 50408 192.168.33.130 4000 /usr/bin/cmake --build /home/cav330/f1tenth_ws/build/safety_node -- -j4 -l4
[11.622s] Level 1:colcon.colcon_core.environment:checking '/home/cav330/f1tenth_ws/install/joy_teleop' for CMake module files
[11.626s] DEBUG:colcon.colcon_core.event_handler.log_command:Invoked command in '/home/cav330/f1tenth_ws/src/f1tenth_system/teleop_tools/joy_teleop' returned '0': CMAKE_PREFIX_PATH=/home/cav330/f1tenth_ws/install/teleop_tools_msgs:/home/cav330/f1tenth_ws/install/wall_follow:/home/cav330/f1tenth_ws/install/vesc:/home/cav330/f1tenth_ws/install/vesc_driver:/home/cav330/f1tenth_ws/install/vesc_ackermann:/home/cav330/f1tenth_ws/install/vesc_msgs:/home/cav330/f1tenth_ws/install/teleop_tools:/home/cav330/f1tenth_ws/install/safety_node:/home/cav330/f1tenth_ws/install/ackermann_mux LD_LIBRARY_PATH=/home/cav330/f1tenth_ws/install/teleop_tools_msgs/lib:/home/cav330/f1tenth_ws/install/vesc_driver/lib:/home/cav330/f1tenth_ws/install/vesc_ackermann/lib:/home/cav330/f1tenth_ws/install/vesc_msgs/lib:/opt/ros/foxy/opt/yaml_cpp_vendor/lib:/opt/ros/foxy/opt/rviz_ogre_vendor/lib:/opt/ros/foxy/lib/aarch64-linux-gnu:/opt/ros/foxy/lib:/usr/local/cuda-11.4/lib64 NX_CONNECTION=192.168.33.135 50408 192.168.33.130 4000 PYTHONPATH=/home/cav330/f1tenth_ws/build/joy_teleop/prefix_override:/usr/lib/python3/dist-packages/colcon_core/task/python/colcon_distutils_commands:/home/cav330/f1tenth_ws/install/joy_teleop/lib/python3.8/site-packages:/home/cav330/f1tenth_ws/install/teleop_tools_msgs/lib/python3.8/site-packages:/home/cav330/f1tenth_ws/install/f1tenth_stack/lib/python3.8/site-packages:/home/cav330/f1tenth_ws/install/vesc_msgs/lib/python3.8/site-packages:/home/cav330/f1tenth_ws/install/joy_teleop/lib/python3.8/site-packages:/home/cav330/f1tenth_ws/install/mouse_teleop/lib/python3.8/site-packages:/home/cav330/f1tenth_ws/install/key_teleop/lib/python3.8/site-packages:/home/cav330/f1tenth_ws/install/f1tenth_gym_ros/lib/python3.8/site-packages:/opt/ros/foxy/lib/python3.8/site-packages /usr/bin/python3 -W ignore:setup.py install is deprecated -W ignore:easy_install command is deprecated setup.py egg_info --egg-base ../../../../build/joy_teleop build --build-base /home/cav330/f1tenth_ws/build/joy_teleop/build install --record /home/cav330/f1tenth_ws/build/joy_teleop/install.log --install-scripts $base/lib/joy_teleop --single-version-externally-managed install_data
[11.631s] Level 1:colcon.colcon_core.environment:checking '/home/cav330/f1tenth_ws/install/joy_teleop' for CMake config files
[11.635s] Level 1:colcon.colcon_core.environment:checking '/home/cav330/f1tenth_ws/install/joy_teleop/lib'
[11.635s] Level 1:colcon.colcon_core.environment:checking '/home/cav330/f1tenth_ws/install/joy_teleop/bin'
[11.636s] Level 1:colcon.colcon_core.environment:checking '/home/cav330/f1tenth_ws/install/joy_teleop/lib/pkgconfig/joy_teleop.pc'
[11.637s] Level 1:colcon.colcon_core.environment:checking '/home/cav330/f1tenth_ws/install/joy_teleop/lib/python3.8/site-packages'
[11.637s] Level 1:colcon.colcon_core.shell:create_environment_hook('joy_teleop', 'pythonpath')
[11.639s] INFO:colcon.colcon_core.shell:Creating environment hook '/home/cav330/f1tenth_ws/install/joy_teleop/share/joy_teleop/hook/pythonpath.ps1'
[11.643s] INFO:colcon.colcon_core.shell:Creating environment descriptor '/home/cav330/f1tenth_ws/install/joy_teleop/share/joy_teleop/hook/pythonpath.dsv'
[11.645s] INFO:colcon.colcon_core.shell:Creating environment hook '/home/cav330/f1tenth_ws/install/joy_teleop/share/joy_teleop/hook/pythonpath.sh'
[11.650s] Level 1:colcon.colcon_core.environment:checking '/home/cav330/f1tenth_ws/install/joy_teleop/bin'
[11.650s] Level 1:colcon.colcon_core.environment:create_environment_scripts_only(joy_teleop)
[11.652s] INFO:colcon.colcon_core.shell:Creating package script '/home/cav330/f1tenth_ws/install/joy_teleop/share/joy_teleop/package.ps1'
[11.659s] INFO:colcon.colcon_core.shell:Creating package descriptor '/home/cav330/f1tenth_ws/install/joy_teleop/share/joy_teleop/package.dsv'
[11.672s] INFO:colcon.colcon_core.shell:Creating package script '/home/cav330/f1tenth_ws/install/joy_teleop/share/joy_teleop/package.sh'
[11.678s] INFO:colcon.colcon_core.shell:Creating package script '/home/cav330/f1tenth_ws/install/joy_teleop/share/joy_teleop/package.bash'
[11.680s] INFO:colcon.colcon_core.shell:Creating package script '/home/cav330/f1tenth_ws/install/joy_teleop/share/joy_teleop/package.zsh'
[11.685s] Level 1:colcon.colcon_core.environment:create_file_with_runtime_dependencies(/home/cav330/f1tenth_ws/install/joy_teleop/share/colcon-core/packages/joy_teleop)
[11.688s] INFO:colcon.colcon_ros.task.ament_cmake.build:Building ROS package in '/home/cav330/f1tenth_ws/src/wall_follow' with build type 'ament_cmake'
[11.690s] INFO:colcon.colcon_cmake.task.cmake.build:Building CMake package in '/home/cav330/f1tenth_ws/src/wall_follow'
[11.691s] INFO:colcon.colcon_core.shell:Skip shell extension 'powershell' for command environment: Not usable outside of PowerShell
[11.691s] DEBUG:colcon.colcon_core.shell:Skip shell extension 'dsv' for command environment
[11.780s] DEBUG:colcon.colcon_core.event_handler.log_command:Invoked command in '/home/cav330/f1tenth_ws/build/safety_node' returned '0': CMAKE_PREFIX_PATH=${CMAKE_PREFIX_PATH}:/home/cav330/f1tenth_ws/install/f1tenth_stack:/home/cav330/f1tenth_ws/install/joy_teleop:/home/cav330/f1tenth_ws/install/mouse_teleop:/home/cav330/f1tenth_ws/install/key_teleop:/home/cav330/f1tenth_ws/install/f1tenth_gym_ros:/opt/ros/foxy NX_CONNECTION=192.168.33.135 50408 192.168.33.130 4000 /usr/bin/cmake --build /home/cav330/f1tenth_ws/build/safety_node -- -j4 -l4
[11.793s] DEBUG:colcon.colcon_core.event_handler.log_command:Invoking command in '/home/cav330/f1tenth_ws/build/safety_node': CMAKE_PREFIX_PATH=${CMAKE_PREFIX_PATH}:/home/cav330/f1tenth_ws/install/f1tenth_stack:/home/cav330/f1tenth_ws/install/joy_teleop:/home/cav330/f1tenth_ws/install/mouse_teleop:/home/cav330/f1tenth_ws/install/key_teleop:/home/cav330/f1tenth_ws/install/f1tenth_gym_ros:/opt/ros/foxy NX_CONNECTION=192.168.33.135 50408 192.168.33.130 4000 /usr/bin/cmake --install /home/cav330/f1tenth_ws/build/safety_node
[11.870s] DEBUG:colcon.colcon_core.event_handler.log_command:Invoking command in '/home/cav330/f1tenth_ws/build/wall_follow': CMAKE_PREFIX_PATH=${CMAKE_PREFIX_PATH}:/home/cav330/f1tenth_ws/install/f1tenth_stack:/home/cav330/f1tenth_ws/install/joy_teleop:/home/cav330/f1tenth_ws/install/mouse_teleop:/home/cav330/f1tenth_ws/install/key_teleop:/home/cav330/f1tenth_ws/install/f1tenth_gym_ros:/opt/ros/foxy NX_CONNECTION=192.168.33.135 50408 192.168.33.130 4000 /usr/bin/cmake --build /home/cav330/f1tenth_ws/build/wall_follow -- -j4 -l4
[11.952s] Level 1:colcon.colcon_core.environment:create_environment_scripts_only(safety_node)
[11.958s] Level 1:colcon.colcon_core.environment:checking '/home/cav330/f1tenth_ws/install/safety_node' for CMake module files
[11.963s] DEBUG:colcon.colcon_core.event_handler.log_command:Invoked command in '/home/cav330/f1tenth_ws/build/safety_node' returned '0': CMAKE_PREFIX_PATH=${CMAKE_PREFIX_PATH}:/home/cav330/f1tenth_ws/install/f1tenth_stack:/home/cav330/f1tenth_ws/install/joy_teleop:/home/cav330/f1tenth_ws/install/mouse_teleop:/home/cav330/f1tenth_ws/install/key_teleop:/home/cav330/f1tenth_ws/install/f1tenth_gym_ros:/opt/ros/foxy NX_CONNECTION=192.168.33.135 50408 192.168.33.130 4000 /usr/bin/cmake --install /home/cav330/f1tenth_ws/build/safety_node
[11.967s] Level 1:colcon.colcon_core.environment:checking '/home/cav330/f1tenth_ws/install/safety_node' for CMake config files
[11.969s] Level 1:colcon.colcon_core.shell:create_environment_hook('safety_node', 'cmake_prefix_path')
[11.971s] INFO:colcon.colcon_core.shell:Creating environment hook '/home/cav330/f1tenth_ws/install/safety_node/share/safety_node/hook/cmake_prefix_path.ps1'
[11.979s] INFO:colcon.colcon_core.shell:Creating environment descriptor '/home/cav330/f1tenth_ws/install/safety_node/share/safety_node/hook/cmake_prefix_path.dsv'
[11.982s] INFO:colcon.colcon_core.shell:Creating environment hook '/home/cav330/f1tenth_ws/install/safety_node/share/safety_node/hook/cmake_prefix_path.sh'
[11.986s] Level 1:colcon.colcon_core.environment:checking '/home/cav330/f1tenth_ws/install/safety_node/lib'
[11.987s] Level 1:colcon.colcon_core.environment:checking '/home/cav330/f1tenth_ws/install/safety_node/bin'
[11.987s] Level 1:colcon.colcon_core.environment:checking '/home/cav330/f1tenth_ws/install/safety_node/lib/pkgconfig/safety_node.pc'
[11.988s] Level 1:colcon.colcon_core.environment:checking '/home/cav330/f1tenth_ws/install/safety_node/lib/python3.8/site-packages'
[11.992s] Level 1:colcon.colcon_core.environment:checking '/home/cav330/f1tenth_ws/install/safety_node/bin'
[11.993s] INFO:colcon.colcon_core.shell:Creating package script '/home/cav330/f1tenth_ws/install/safety_node/share/safety_node/package.ps1'
[11.997s] INFO:colcon.colcon_core.shell:Creating package descriptor '/home/cav330/f1tenth_ws/install/safety_node/share/safety_node/package.dsv'
[12.000s] INFO:colcon.colcon_core.shell:Creating package script '/home/cav330/f1tenth_ws/install/safety_node/share/safety_node/package.sh'
[12.004s] INFO:colcon.colcon_core.shell:Creating package script '/home/cav330/f1tenth_ws/install/safety_node/share/safety_node/package.bash'
[12.006s] INFO:colcon.colcon_core.shell:Creating package script '/home/cav330/f1tenth_ws/install/safety_node/share/safety_node/package.zsh'
[12.012s] Level 1:colcon.colcon_core.environment:create_file_with_runtime_dependencies(/home/cav330/f1tenth_ws/install/safety_node/share/colcon-core/packages/safety_node)
[12.027s] Level 1:colcon.colcon_core.environment:create_environment_scripts_only(safety_node)
[12.029s] Level 1:colcon.colcon_core.environment:checking '/home/cav330/f1tenth_ws/install/safety_node' for CMake module files
[12.032s] Level 1:colcon.colcon_core.environment:checking '/home/cav330/f1tenth_ws/install/safety_node' for CMake config files
[12.035s] Level 1:colcon.colcon_core.shell:create_environment_hook('safety_node', 'cmake_prefix_path')
[12.036s] INFO:colcon.colcon_core.shell:Creating environment hook '/home/cav330/f1tenth_ws/install/safety_node/share/safety_node/hook/cmake_prefix_path.ps1'
[12.041s] INFO:colcon.colcon_core.shell:Creating environment descriptor '/home/cav330/f1tenth_ws/install/safety_node/share/safety_node/hook/cmake_prefix_path.dsv'
[12.043s] INFO:colcon.colcon_core.shell:Creating environment hook '/home/cav330/f1tenth_ws/install/safety_node/share/safety_node/hook/cmake_prefix_path.sh'
[12.048s] Level 1:colcon.colcon_core.environment:checking '/home/cav330/f1tenth_ws/install/safety_node/lib'
[12.048s] Level 1:colcon.colcon_core.environment:checking '/home/cav330/f1tenth_ws/install/safety_node/bin'
[12.049s] Level 1:colcon.colcon_core.environment:checking '/home/cav330/f1tenth_ws/install/safety_node/lib/pkgconfig/safety_node.pc'
[12.049s] Level 1:colcon.colcon_core.environment:checking '/home/cav330/f1tenth_ws/install/safety_node/lib/python3.8/site-packages'
[12.051s] Level 1:colcon.colcon_core.environment:checking '/home/cav330/f1tenth_ws/install/safety_node/bin'
[12.052s] INFO:colcon.colcon_core.shell:Creating package script '/home/cav330/f1tenth_ws/install/safety_node/share/safety_node/package.ps1'
[12.055s] INFO:colcon.colcon_core.shell:Creating package descriptor '/home/cav330/f1tenth_ws/install/safety_node/share/safety_node/package.dsv'
[12.062s] INFO:colcon.colcon_core.shell:Creating package script '/home/cav330/f1tenth_ws/install/safety_node/share/safety_node/package.sh'
[12.065s] INFO:colcon.colcon_core.shell:Creating package script '/home/cav330/f1tenth_ws/install/safety_node/share/safety_node/package.bash'
[12.068s] INFO:colcon.colcon_core.shell:Creating package script '/home/cav330/f1tenth_ws/install/safety_node/share/safety_node/package.zsh'
[12.070s] Level 1:colcon.colcon_core.environment:create_file_with_runtime_dependencies(/home/cav330/f1tenth_ws/install/safety_node/share/colcon-core/packages/safety_node)
[12.077s] INFO:colcon.colcon_ros.task.ament_cmake.build:Building ROS package in '/home/cav330/f1tenth_ws/src/f1tenth_system/teleop_tools/teleop_tools' with build type 'ament_cmake'
[12.079s] INFO:colcon.colcon_cmake.task.cmake.build:Building CMake package in '/home/cav330/f1tenth_ws/src/f1tenth_system/teleop_tools/teleop_tools'
[12.081s] INFO:colcon.colcon_core.shell:Skip shell extension 'powershell' for command environment: Not usable outside of PowerShell
[12.081s] DEBUG:colcon.colcon_core.shell:Skip shell extension 'dsv' for command environment
[12.157s] Level 1:colcon.colcon_core.environment:checking '/home/cav330/f1tenth_ws/install/f1tenth_gym_ros' for CMake module files
[12.163s] DEBUG:colcon.colcon_core.event_handler.log_command:Invoked command in '/home/cav330/f1tenth_ws/src/f1tenth_gym_ros' returned '0': NX_CONNECTION=192.168.33.135 50408 192.168.33.130 4000 PYTHONPATH=/home/cav330/f1tenth_ws/build/f1tenth_gym_ros/prefix_override:/usr/lib/python3/dist-packages/colcon_core/task/python/colcon_distutils_commands:/home/cav330/f1tenth_ws/install/f1tenth_gym_ros/lib/python3.8/site-packages:${PYTHONPATH} /usr/bin/python3 -W ignore:setup.py install is deprecated -W ignore:easy_install command is deprecated setup.py egg_info --egg-base ../../build/f1tenth_gym_ros build --build-base /home/cav330/f1tenth_ws/build/f1tenth_gym_ros/build install --record /home/cav330/f1tenth_ws/build/f1tenth_gym_ros/install.log --single-version-externally-managed install_data
[12.165s] Level 1:colcon.colcon_core.environment:checking '/home/cav330/f1tenth_ws/install/f1tenth_gym_ros' for CMake config files
[12.169s] Level 1:colcon.colcon_core.environment:checking '/home/cav330/f1tenth_ws/install/f1tenth_gym_ros/lib'
[12.169s] Level 1:colcon.colcon_core.environment:checking '/home/cav330/f1tenth_ws/install/f1tenth_gym_ros/bin'
[12.170s] Level 1:colcon.colcon_core.environment:checking '/home/cav330/f1tenth_ws/install/f1tenth_gym_ros/lib/pkgconfig/f1tenth_gym_ros.pc'
[12.171s] Level 1:colcon.colcon_core.environment:checking '/home/cav330/f1tenth_ws/install/f1tenth_gym_ros/lib/python3.8/site-packages'
[12.171s] Level 1:colcon.colcon_core.shell:create_environment_hook('f1tenth_gym_ros', 'pythonpath')
[12.173s] INFO:colcon.colcon_core.shell:Creating environment hook '/home/cav330/f1tenth_ws/install/f1tenth_gym_ros/share/f1tenth_gym_ros/hook/pythonpath.ps1'
[12.179s] INFO:colcon.colcon_core.shell:Creating environment descriptor '/home/cav330/f1tenth_ws/install/f1tenth_gym_ros/share/f1tenth_gym_ros/hook/pythonpath.dsv'
[12.181s] INFO:colcon.colcon_core.shell:Creating environment hook '/home/cav330/f1tenth_ws/install/f1tenth_gym_ros/share/f1tenth_gym_ros/hook/pythonpath.sh'
[12.186s] Level 1:colcon.colcon_core.environment:checking '/home/cav330/f1tenth_ws/install/f1tenth_gym_ros/bin'
[12.186s] Level 1:colcon.colcon_core.environment:create_environment_scripts_only(f1tenth_gym_ros)
[12.195s] INFO:colcon.colcon_core.shell:Creating package script '/home/cav330/f1tenth_ws/install/f1tenth_gym_ros/share/f1tenth_gym_ros/package.ps1'
[12.202s] INFO:colcon.colcon_core.shell:Creating package descriptor '/home/cav330/f1tenth_ws/install/f1tenth_gym_ros/share/f1tenth_gym_ros/package.dsv'
[12.216s] INFO:colcon.colcon_core.shell:Creating package script '/home/cav330/f1tenth_ws/install/f1tenth_gym_ros/share/f1tenth_gym_ros/package.sh'
[12.218s] INFO:colcon.colcon_core.shell:Creating package script '/home/cav330/f1tenth_ws/install/f1tenth_gym_ros/share/f1tenth_gym_ros/package.bash'
[12.230s] INFO:colcon.colcon_core.shell:Creating package script '/home/cav330/f1tenth_ws/install/f1tenth_gym_ros/share/f1tenth_gym_ros/package.zsh'
[12.234s] Level 1:colcon.colcon_core.environment:create_file_with_runtime_dependencies(/home/cav330/f1tenth_ws/install/f1tenth_gym_ros/share/colcon-core/packages/f1tenth_gym_ros)
[12.239s] INFO:colcon.colcon_ros.task.ament_python.build:Building ROS package in '/home/cav330/f1tenth_ws/src/f1tenth_system/f1tenth_stack' with build type 'ament_python'
[12.240s] Level 1:colcon.colcon_core.shell:create_environment_hook('f1tenth_stack', 'ament_prefix_path')
[12.241s] INFO:colcon.colcon_core.shell:Creating environment hook '/home/cav330/f1tenth_ws/install/f1tenth_stack/share/f1tenth_stack/hook/ament_prefix_path.ps1'
[12.245s] INFO:colcon.colcon_core.shell:Creating environment descriptor '/home/cav330/f1tenth_ws/install/f1tenth_stack/share/f1tenth_stack/hook/ament_prefix_path.dsv'
[12.248s] INFO:colcon.colcon_core.shell:Creating environment hook '/home/cav330/f1tenth_ws/install/f1tenth_stack/share/f1tenth_stack/hook/ament_prefix_path.sh'
[12.251s] INFO:colcon.colcon_core.shell:Skip shell extension 'powershell' for command environment: Not usable outside of PowerShell
[12.251s] DEBUG:colcon.colcon_core.shell:Skip shell extension 'dsv' for command environment
[12.372s] DEBUG:colcon.colcon_core.event_handler.log_command:Invoking command in '/home/cav330/f1tenth_ws/build/teleop_tools': AMENT_PREFIX_PATH=/home/cav330/f1tenth_ws/install/joy_teleop:/home/cav330/f1tenth_ws/install/key_teleop:/home/cav330/f1tenth_ws/install/wall_follow:/home/cav330/f1tenth_ws/install/f1tenth_stack:/home/cav330/f1tenth_ws/install/vesc:/home/cav330/f1tenth_ws/install/vesc_driver:/home/cav330/f1tenth_ws/install/vesc_ackermann:/home/cav330/f1tenth_ws/install/vesc_msgs:/home/cav330/f1tenth_ws/install/teleop_tools:/home/cav330/f1tenth_ws/install/teleop_tools_msgs:/home/cav330/f1tenth_ws/install/safety_node:/home/cav330/f1tenth_ws/install/mouse_teleop:/home/cav330/f1tenth_ws/install/f1tenth_gym_ros:/home/cav330/f1tenth_ws/install/ackermann_mux:/opt/ros/foxy CMAKE_PREFIX_PATH=/home/cav330/f1tenth_ws/install/teleop_tools_msgs:/home/cav330/f1tenth_ws/install/wall_follow:/home/cav330/f1tenth_ws/install/vesc:/home/cav330/f1tenth_ws/install/vesc_driver:/home/cav330/f1tenth_ws/install/vesc_ackermann:/home/cav330/f1tenth_ws/install/vesc_msgs:/home/cav330/f1tenth_ws/install/teleop_tools:/home/cav330/f1tenth_ws/install/safety_node:/home/cav330/f1tenth_ws/install/ackermann_mux:/home/cav330/f1tenth_ws/install/f1tenth_stack:/home/cav330/f1tenth_ws/install/joy_teleop:/home/cav330/f1tenth_ws/install/mouse_teleop:/home/cav330/f1tenth_ws/install/key_teleop:/home/cav330/f1tenth_ws/install/f1tenth_gym_ros:/opt/ros/foxy LD_LIBRARY_PATH=/home/cav330/f1tenth_ws/install/teleop_tools_msgs/lib:/home/cav330/f1tenth_ws/install/vesc_driver/lib:/home/cav330/f1tenth_ws/install/vesc_ackermann/lib:/home/cav330/f1tenth_ws/install/vesc_msgs/lib:/opt/ros/foxy/opt/yaml_cpp_vendor/lib:/opt/ros/foxy/opt/rviz_ogre_vendor/lib:/opt/ros/foxy/lib/aarch64-linux-gnu:/opt/ros/foxy/lib:/usr/local/cuda-11.4/lib64 NX_CONNECTION=192.168.33.135 50408 192.168.33.130 4000 PYTHONPATH=/home/cav330/f1tenth_ws/install/joy_teleop/lib/python3.8/site-packages:/home/cav330/f1tenth_ws/install/teleop_tools_msgs/lib/python3.8/site-packages:/home/cav330/f1tenth_ws/install/key_teleop/lib/python3.8/site-packages:/home/cav330/f1tenth_ws/install/f1tenth_stack/lib/python3.8/site-packages:/home/cav330/f1tenth_ws/install/vesc_msgs/lib/python3.8/site-packages:/home/cav330/f1tenth_ws/install/mouse_teleop/lib/python3.8/site-packages:/home/cav330/f1tenth_ws/install/f1tenth_gym_ros/lib/python3.8/site-packages:/opt/ros/foxy/lib/python3.8/site-packages /usr/bin/cmake --build /home/cav330/f1tenth_ws/build/teleop_tools -- -j4 -l4
[12.398s] DEBUG:colcon.colcon_core.event_handler.log_command:Invoking command in '/home/cav330/f1tenth_ws/src/f1tenth_system/teleop_tools/mouse_teleop': NX_CONNECTION=192.168.33.135 50408 192.168.33.130 4000 PYTHONPATH=/home/cav330/f1tenth_ws/build/mouse_teleop/prefix_override:/usr/lib/python3/dist-packages/colcon_core/task/python/colcon_distutils_commands:/home/cav330/f1tenth_ws/install/mouse_teleop/lib/python3.8/site-packages:${PYTHONPATH} /usr/bin/python3 -W ignore:setup.py install is deprecated -W ignore:easy_install command is deprecated setup.py egg_info --egg-base ../../../../build/mouse_teleop build --build-base /home/cav330/f1tenth_ws/build/mouse_teleop/build install --record /home/cav330/f1tenth_ws/build/mouse_teleop/install.log --install-scripts $base/lib/mouse_teleop --single-version-externally-managed install_data
[13.506s] INFO:colcon.colcon_core.task.python.build:Building Python package in '/home/cav330/f1tenth_ws/src/f1tenth_system/f1tenth_stack'
[13.509s] INFO:colcon.colcon_core.shell:Skip shell extension 'powershell' for command environment: Not usable outside of PowerShell
[13.509s] DEBUG:colcon.colcon_core.shell:Skip shell extension 'dsv' for command environment
[13.562s] DEBUG:colcon.colcon_core.event_handler.log_command:Invoked command in '/home/cav330/f1tenth_ws/build/wall_follow' returned '0': CMAKE_PREFIX_PATH=${CMAKE_PREFIX_PATH}:/home/cav330/f1tenth_ws/install/f1tenth_stack:/home/cav330/f1tenth_ws/install/joy_teleop:/home/cav330/f1tenth_ws/install/mouse_teleop:/home/cav330/f1tenth_ws/install/key_teleop:/home/cav330/f1tenth_ws/install/f1tenth_gym_ros:/opt/ros/foxy NX_CONNECTION=192.168.33.135 50408 192.168.33.130 4000 /usr/bin/cmake --build /home/cav330/f1tenth_ws/build/wall_follow -- -j4 -l4
[13.581s] DEBUG:colcon.colcon_core.event_handler.log_command:Invoking command in '/home/cav330/f1tenth_ws/build/wall_follow': CMAKE_PREFIX_PATH=${CMAKE_PREFIX_PATH}:/home/cav330/f1tenth_ws/install/f1tenth_stack:/home/cav330/f1tenth_ws/install/joy_teleop:/home/cav330/f1tenth_ws/install/mouse_teleop:/home/cav330/f1tenth_ws/install/key_teleop:/home/cav330/f1tenth_ws/install/f1tenth_gym_ros:/opt/ros/foxy NX_CONNECTION=192.168.33.135 50408 192.168.33.130 4000 /usr/bin/cmake --install /home/cav330/f1tenth_ws/build/wall_follow
[13.592s] DEBUG:colcon.colcon_core.event_handler.log_command:Invoked command in '/home/cav330/f1tenth_ws/build/teleop_tools' returned '0': AMENT_PREFIX_PATH=/home/cav330/f1tenth_ws/install/joy_teleop:/home/cav330/f1tenth_ws/install/key_teleop:/home/cav330/f1tenth_ws/install/wall_follow:/home/cav330/f1tenth_ws/install/f1tenth_stack:/home/cav330/f1tenth_ws/install/vesc:/home/cav330/f1tenth_ws/install/vesc_driver:/home/cav330/f1tenth_ws/install/vesc_ackermann:/home/cav330/f1tenth_ws/install/vesc_msgs:/home/cav330/f1tenth_ws/install/teleop_tools:/home/cav330/f1tenth_ws/install/teleop_tools_msgs:/home/cav330/f1tenth_ws/install/safety_node:/home/cav330/f1tenth_ws/install/mouse_teleop:/home/cav330/f1tenth_ws/install/f1tenth_gym_ros:/home/cav330/f1tenth_ws/install/ackermann_mux:/opt/ros/foxy CMAKE_PREFIX_PATH=/home/cav330/f1tenth_ws/install/teleop_tools_msgs:/home/cav330/f1tenth_ws/install/wall_follow:/home/cav330/f1tenth_ws/install/vesc:/home/cav330/f1tenth_ws/install/vesc_driver:/home/cav330/f1tenth_ws/install/vesc_ackermann:/home/cav330/f1tenth_ws/install/vesc_msgs:/home/cav330/f1tenth_ws/install/teleop_tools:/home/cav330/f1tenth_ws/install/safety_node:/home/cav330/f1tenth_ws/install/ackermann_mux:/home/cav330/f1tenth_ws/install/f1tenth_stack:/home/cav330/f1tenth_ws/install/joy_teleop:/home/cav330/f1tenth_ws/install/mouse_teleop:/home/cav330/f1tenth_ws/install/key_teleop:/home/cav330/f1tenth_ws/install/f1tenth_gym_ros:/opt/ros/foxy LD_LIBRARY_PATH=/home/cav330/f1tenth_ws/install/teleop_tools_msgs/lib:/home/cav330/f1tenth_ws/install/vesc_driver/lib:/home/cav330/f1tenth_ws/install/vesc_ackermann/lib:/home/cav330/f1tenth_ws/install/vesc_msgs/lib:/opt/ros/foxy/opt/yaml_cpp_vendor/lib:/opt/ros/foxy/opt/rviz_ogre_vendor/lib:/opt/ros/foxy/lib/aarch64-linux-gnu:/opt/ros/foxy/lib:/usr/local/cuda-11.4/lib64 NX_CONNECTION=192.168.33.135 50408 192.168.33.130 4000 PYTHONPATH=/home/cav330/f1tenth_ws/install/joy_teleop/lib/python3.8/site-packages:/home/cav330/f1tenth_ws/install/teleop_tools_msgs/lib/python3.8/site-packages:/home/cav330/f1tenth_ws/install/key_teleop/lib/python3.8/site-packages:/home/cav330/f1tenth_ws/install/f1tenth_stack/lib/python3.8/site-packages:/home/cav330/f1tenth_ws/install/vesc_msgs/lib/python3.8/site-packages:/home/cav330/f1tenth_ws/install/mouse_teleop/lib/python3.8/site-packages:/home/cav330/f1tenth_ws/install/f1tenth_gym_ros/lib/python3.8/site-packages:/opt/ros/foxy/lib/python3.8/site-packages /usr/bin/cmake --build /home/cav330/f1tenth_ws/build/teleop_tools -- -j4 -l4
[13.618s] DEBUG:colcon.colcon_core.event_handler.log_command:Invoking command in '/home/cav330/f1tenth_ws/build/teleop_tools': AMENT_PREFIX_PATH=/home/cav330/f1tenth_ws/install/joy_teleop:/home/cav330/f1tenth_ws/install/key_teleop:/home/cav330/f1tenth_ws/install/wall_follow:/home/cav330/f1tenth_ws/install/f1tenth_stack:/home/cav330/f1tenth_ws/install/vesc:/home/cav330/f1tenth_ws/install/vesc_driver:/home/cav330/f1tenth_ws/install/vesc_ackermann:/home/cav330/f1tenth_ws/install/vesc_msgs:/home/cav330/f1tenth_ws/install/teleop_tools:/home/cav330/f1tenth_ws/install/teleop_tools_msgs:/home/cav330/f1tenth_ws/install/safety_node:/home/cav330/f1tenth_ws/install/mouse_teleop:/home/cav330/f1tenth_ws/install/f1tenth_gym_ros:/home/cav330/f1tenth_ws/install/ackermann_mux:/opt/ros/foxy CMAKE_PREFIX_PATH=/home/cav330/f1tenth_ws/install/teleop_tools_msgs:/home/cav330/f1tenth_ws/install/wall_follow:/home/cav330/f1tenth_ws/install/vesc:/home/cav330/f1tenth_ws/install/vesc_driver:/home/cav330/f1tenth_ws/install/vesc_ackermann:/home/cav330/f1tenth_ws/install/vesc_msgs:/home/cav330/f1tenth_ws/install/teleop_tools:/home/cav330/f1tenth_ws/install/safety_node:/home/cav330/f1tenth_ws/install/ackermann_mux:/home/cav330/f1tenth_ws/install/f1tenth_stack:/home/cav330/f1tenth_ws/install/joy_teleop:/home/cav330/f1tenth_ws/install/mouse_teleop:/home/cav330/f1tenth_ws/install/key_teleop:/home/cav330/f1tenth_ws/install/f1tenth_gym_ros:/opt/ros/foxy LD_LIBRARY_PATH=/home/cav330/f1tenth_ws/install/teleop_tools_msgs/lib:/home/cav330/f1tenth_ws/install/vesc_driver/lib:/home/cav330/f1tenth_ws/install/vesc_ackermann/lib:/home/cav330/f1tenth_ws/install/vesc_msgs/lib:/opt/ros/foxy/opt/yaml_cpp_vendor/lib:/opt/ros/foxy/opt/rviz_ogre_vendor/lib:/opt/ros/foxy/lib/aarch64-linux-gnu:/opt/ros/foxy/lib:/usr/local/cuda-11.4/lib64 NX_CONNECTION=192.168.33.135 50408 192.168.33.130 4000 PYTHONPATH=/home/cav330/f1tenth_ws/install/joy_teleop/lib/python3.8/site-packages:/home/cav330/f1tenth_ws/install/teleop_tools_msgs/lib/python3.8/site-packages:/home/cav330/f1tenth_ws/install/key_teleop/lib/python3.8/site-packages:/home/cav330/f1tenth_ws/install/f1tenth_stack/lib/python3.8/site-packages:/home/cav330/f1tenth_ws/install/vesc_msgs/lib/python3.8/site-packages:/home/cav330/f1tenth_ws/install/mouse_teleop/lib/python3.8/site-packages:/home/cav330/f1tenth_ws/install/f1tenth_gym_ros/lib/python3.8/site-packages:/opt/ros/foxy/lib/python3.8/site-packages /usr/bin/cmake --install /home/cav330/f1tenth_ws/build/teleop_tools
[13.668s] Level 1:colcon.colcon_core.environment:create_environment_scripts_only(wall_follow)
[13.672s] Level 1:colcon.colcon_core.environment:checking '/home/cav330/f1tenth_ws/install/wall_follow' for CMake module files
[13.674s] DEBUG:colcon.colcon_core.event_handler.log_command:Invoked command in '/home/cav330/f1tenth_ws/build/wall_follow' returned '0': CMAKE_PREFIX_PATH=${CMAKE_PREFIX_PATH}:/home/cav330/f1tenth_ws/install/f1tenth_stack:/home/cav330/f1tenth_ws/install/joy_teleop:/home/cav330/f1tenth_ws/install/mouse_teleop:/home/cav330/f1tenth_ws/install/key_teleop:/home/cav330/f1tenth_ws/install/f1tenth_gym_ros:/opt/ros/foxy NX_CONNECTION=192.168.33.135 50408 192.168.33.130 4000 /usr/bin/cmake --install /home/cav330/f1tenth_ws/build/wall_follow
[13.676s] Level 1:colcon.colcon_core.environment:checking '/home/cav330/f1tenth_ws/install/wall_follow' for CMake config files
[13.678s] Level 1:colcon.colcon_core.shell:create_environment_hook('wall_follow', 'cmake_prefix_path')
[13.680s] INFO:colcon.colcon_core.shell:Creating environment hook '/home/cav330/f1tenth_ws/install/wall_follow/share/wall_follow/hook/cmake_prefix_path.ps1'
[13.683s] INFO:colcon.colcon_core.shell:Creating environment descriptor '/home/cav330/f1tenth_ws/install/wall_follow/share/wall_follow/hook/cmake_prefix_path.dsv'
[13.685s] INFO:colcon.colcon_core.shell:Creating environment hook '/home/cav330/f1tenth_ws/install/wall_follow/share/wall_follow/hook/cmake_prefix_path.sh'
[13.688s] Level 1:colcon.colcon_core.environment:checking '/home/cav330/f1tenth_ws/install/wall_follow/lib'
[13.689s] Level 1:colcon.colcon_core.environment:checking '/home/cav330/f1tenth_ws/install/wall_follow/bin'
[13.689s] Level 1:colcon.colcon_core.environment:checking '/home/cav330/f1tenth_ws/install/wall_follow/lib/pkgconfig/wall_follow.pc'
[13.690s] Level 1:colcon.colcon_core.environment:checking '/home/cav330/f1tenth_ws/install/wall_follow/lib/python3.8/site-packages'
[13.691s] Level 1:colcon.colcon_core.environment:checking '/home/cav330/f1tenth_ws/install/wall_follow/bin'
[13.693s] INFO:colcon.colcon_core.shell:Creating package script '/home/cav330/f1tenth_ws/install/wall_follow/share/wall_follow/package.ps1'
[13.696s] INFO:colcon.colcon_core.shell:Creating package descriptor '/home/cav330/f1tenth_ws/install/wall_follow/share/wall_follow/package.dsv'
[13.704s] INFO:colcon.colcon_core.shell:Creating package script '/home/cav330/f1tenth_ws/install/wall_follow/share/wall_follow/package.sh'
[13.708s] INFO:colcon.colcon_core.shell:Creating package script '/home/cav330/f1tenth_ws/install/wall_follow/share/wall_follow/package.bash'
[13.713s] INFO:colcon.colcon_core.shell:Creating package script '/home/cav330/f1tenth_ws/install/wall_follow/share/wall_follow/package.zsh'
[13.714s] Level 1:colcon.colcon_core.environment:create_file_with_runtime_dependencies(/home/cav330/f1tenth_ws/install/wall_follow/share/colcon-core/packages/wall_follow)
[13.718s] Level 1:colcon.colcon_core.environment:create_environment_scripts_only(wall_follow)
[13.718s] Level 1:colcon.colcon_core.environment:checking '/home/cav330/f1tenth_ws/install/wall_follow' for CMake module files
[13.721s] Level 1:colcon.colcon_core.environment:checking '/home/cav330/f1tenth_ws/install/wall_follow' for CMake config files
[13.724s] Level 1:colcon.colcon_core.shell:create_environment_hook('wall_follow', 'cmake_prefix_path')
[13.727s] INFO:colcon.colcon_core.shell:Creating environment hook '/home/cav330/f1tenth_ws/install/wall_follow/share/wall_follow/hook/cmake_prefix_path.ps1'
[13.729s] INFO:colcon.colcon_core.shell:Creating environment descriptor '/home/cav330/f1tenth_ws/install/wall_follow/share/wall_follow/hook/cmake_prefix_path.dsv'
[13.731s] INFO:colcon.colcon_core.shell:Creating environment hook '/home/cav330/f1tenth_ws/install/wall_follow/share/wall_follow/hook/cmake_prefix_path.sh'
[13.734s] Level 1:colcon.colcon_core.environment:checking '/home/cav330/f1tenth_ws/install/wall_follow/lib'
[13.735s] Level 1:colcon.colcon_core.environment:checking '/home/cav330/f1tenth_ws/install/wall_follow/bin'
[13.735s] Level 1:colcon.colcon_core.environment:checking '/home/cav330/f1tenth_ws/install/wall_follow/lib/pkgconfig/wall_follow.pc'
[13.735s] Level 1:colcon.colcon_core.environment:checking '/home/cav330/f1tenth_ws/install/wall_follow/lib/python3.8/site-packages'
[13.736s] Level 1:colcon.colcon_core.environment:checking '/home/cav330/f1tenth_ws/install/wall_follow/bin'
[13.738s] INFO:colcon.colcon_core.shell:Creating package script '/home/cav330/f1tenth_ws/install/wall_follow/share/wall_follow/package.ps1'
[13.742s] INFO:colcon.colcon_core.shell:Creating package descriptor '/home/cav330/f1tenth_ws/install/wall_follow/share/wall_follow/package.dsv'
[13.745s] INFO:colcon.colcon_core.shell:Creating package script '/home/cav330/f1tenth_ws/install/wall_follow/share/wall_follow/package.sh'
[13.748s] INFO:colcon.colcon_core.shell:Creating package script '/home/cav330/f1tenth_ws/install/wall_follow/share/wall_follow/package.bash'
[13.750s] INFO:colcon.colcon_core.shell:Creating package script '/home/cav330/f1tenth_ws/install/wall_follow/share/wall_follow/package.zsh'
[13.752s] Level 1:colcon.colcon_core.environment:create_file_with_runtime_dependencies(/home/cav330/f1tenth_ws/install/wall_follow/share/colcon-core/packages/wall_follow)
[13.792s] DEBUG:colcon.colcon_core.event_handler.log_command:Invoked command in '/home/cav330/f1tenth_ws/build/teleop_tools' returned '0': AMENT_PREFIX_PATH=/home/cav330/f1tenth_ws/install/joy_teleop:/home/cav330/f1tenth_ws/install/key_teleop:/home/cav330/f1tenth_ws/install/wall_follow:/home/cav330/f1tenth_ws/install/f1tenth_stack:/home/cav330/f1tenth_ws/install/vesc:/home/cav330/f1tenth_ws/install/vesc_driver:/home/cav330/f1tenth_ws/install/vesc_ackermann:/home/cav330/f1tenth_ws/install/vesc_msgs:/home/cav330/f1tenth_ws/install/teleop_tools:/home/cav330/f1tenth_ws/install/teleop_tools_msgs:/home/cav330/f1tenth_ws/install/safety_node:/home/cav330/f1tenth_ws/install/mouse_teleop:/home/cav330/f1tenth_ws/install/f1tenth_gym_ros:/home/cav330/f1tenth_ws/install/ackermann_mux:/opt/ros/foxy CMAKE_PREFIX_PATH=/home/cav330/f1tenth_ws/install/teleop_tools_msgs:/home/cav330/f1tenth_ws/install/wall_follow:/home/cav330/f1tenth_ws/install/vesc:/home/cav330/f1tenth_ws/install/vesc_driver:/home/cav330/f1tenth_ws/install/vesc_ackermann:/home/cav330/f1tenth_ws/install/vesc_msgs:/home/cav330/f1tenth_ws/install/teleop_tools:/home/cav330/f1tenth_ws/install/safety_node:/home/cav330/f1tenth_ws/install/ackermann_mux:/home/cav330/f1tenth_ws/install/f1tenth_stack:/home/cav330/f1tenth_ws/install/joy_teleop:/home/cav330/f1tenth_ws/install/mouse_teleop:/home/cav330/f1tenth_ws/install/key_teleop:/home/cav330/f1tenth_ws/install/f1tenth_gym_ros:/opt/ros/foxy LD_LIBRARY_PATH=/home/cav330/f1tenth_ws/install/teleop_tools_msgs/lib:/home/cav330/f1tenth_ws/install/vesc_driver/lib:/home/cav330/f1tenth_ws/install/vesc_ackermann/lib:/home/cav330/f1tenth_ws/install/vesc_msgs/lib:/opt/ros/foxy/opt/yaml_cpp_vendor/lib:/opt/ros/foxy/opt/rviz_ogre_vendor/lib:/opt/ros/foxy/lib/aarch64-linux-gnu:/opt/ros/foxy/lib:/usr/local/cuda-11.4/lib64 NX_CONNECTION=192.168.33.135 50408 192.168.33.130 4000 PYTHONPATH=/home/cav330/f1tenth_ws/install/joy_teleop/lib/python3.8/site-packages:/home/cav330/f1tenth_ws/install/teleop_tools_msgs/lib/python3.8/site-packages:/home/cav330/f1tenth_ws/install/key_teleop/lib/python3.8/site-packages:/home/cav330/f1tenth_ws/install/f1tenth_stack/lib/python3.8/site-packages:/home/cav330/f1tenth_ws/install/vesc_msgs/lib/python3.8/site-packages:/home/cav330/f1tenth_ws/install/mouse_teleop/lib/python3.8/site-packages:/home/cav330/f1tenth_ws/install/f1tenth_gym_ros/lib/python3.8/site-packages:/opt/ros/foxy/lib/python3.8/site-packages /usr/bin/cmake --install /home/cav330/f1tenth_ws/build/teleop_tools
[13.787s] Level 1:colcon.colcon_core.environment:create_environment_scripts_only(teleop_tools)
[13.797s] Level 1:colcon.colcon_core.environment:checking '/home/cav330/f1tenth_ws/install/teleop_tools' for CMake module files
[13.801s] Level 1:colcon.colcon_core.environment:checking '/home/cav330/f1tenth_ws/install/teleop_tools' for CMake config files
[13.803s] Level 1:colcon.colcon_core.shell:create_environment_hook('teleop_tools', 'cmake_prefix_path')
[13.805s] INFO:colcon.colcon_core.shell:Creating environment hook '/home/cav330/f1tenth_ws/install/teleop_tools/share/teleop_tools/hook/cmake_prefix_path.ps1'
[13.809s] INFO:colcon.colcon_core.shell:Creating environment descriptor '/home/cav330/f1tenth_ws/install/teleop_tools/share/teleop_tools/hook/cmake_prefix_path.dsv'
[13.812s] INFO:colcon.colcon_core.shell:Creating environment hook '/home/cav330/f1tenth_ws/install/teleop_tools/share/teleop_tools/hook/cmake_prefix_path.sh'
[13.817s] Level 1:colcon.colcon_core.environment:checking '/home/cav330/f1tenth_ws/install/teleop_tools/bin'
[13.817s] Level 1:colcon.colcon_core.environment:checking '/home/cav330/f1tenth_ws/install/teleop_tools/lib/pkgconfig/teleop_tools.pc'
[13.819s] Level 1:colcon.colcon_core.environment:checking '/home/cav330/f1tenth_ws/install/teleop_tools/lib/python3.8/site-packages'
[13.820s] Level 1:colcon.colcon_core.environment:checking '/home/cav330/f1tenth_ws/install/teleop_tools/bin'
[13.824s] INFO:colcon.colcon_core.shell:Creating package script '/home/cav330/f1tenth_ws/install/teleop_tools/share/teleop_tools/package.ps1'
[13.831s] INFO:colcon.colcon_core.shell:Creating package descriptor '/home/cav330/f1tenth_ws/install/teleop_tools/share/teleop_tools/package.dsv'
[13.834s] INFO:colcon.colcon_core.shell:Creating package script '/home/cav330/f1tenth_ws/install/teleop_tools/share/teleop_tools/package.sh'
[13.843s] INFO:colcon.colcon_core.shell:Creating package script '/home/cav330/f1tenth_ws/install/teleop_tools/share/teleop_tools/package.bash'
[13.847s] INFO:colcon.colcon_core.shell:Creating package script '/home/cav330/f1tenth_ws/install/teleop_tools/share/teleop_tools/package.zsh'
[13.850s] Level 1:colcon.colcon_core.environment:create_file_with_runtime_dependencies(/home/cav330/f1tenth_ws/install/teleop_tools/share/colcon-core/packages/teleop_tools)
[13.853s] Level 1:colcon.colcon_core.environment:create_environment_scripts_only(teleop_tools)
[13.854s] Level 1:colcon.colcon_core.environment:checking '/home/cav330/f1tenth_ws/install/teleop_tools' for CMake module files
[13.856s] Level 1:colcon.colcon_core.environment:checking '/home/cav330/f1tenth_ws/install/teleop_tools' for CMake config files
[13.858s] Level 1:colcon.colcon_core.shell:create_environment_hook('teleop_tools', 'cmake_prefix_path')
[13.859s] INFO:colcon.colcon_core.shell:Creating environment hook '/home/cav330/f1tenth_ws/install/teleop_tools/share/teleop_tools/hook/cmake_prefix_path.ps1'
[13.861s] INFO:colcon.colcon_core.shell:Creating environment descriptor '/home/cav330/f1tenth_ws/install/teleop_tools/share/teleop_tools/hook/cmake_prefix_path.dsv'
[13.862s] INFO:colcon.colcon_core.shell:Creating environment hook '/home/cav330/f1tenth_ws/install/teleop_tools/share/teleop_tools/hook/cmake_prefix_path.sh'
[13.865s] Level 1:colcon.colcon_core.environment:checking '/home/cav330/f1tenth_ws/install/teleop_tools/bin'
[13.865s] Level 1:colcon.colcon_core.environment:checking '/home/cav330/f1tenth_ws/install/teleop_tools/lib/pkgconfig/teleop_tools.pc'
[13.866s] Level 1:colcon.colcon_core.environment:checking '/home/cav330/f1tenth_ws/install/teleop_tools/lib/python3.8/site-packages'
[13.866s] Level 1:colcon.colcon_core.environment:checking '/home/cav330/f1tenth_ws/install/teleop_tools/bin'
[13.868s] INFO:colcon.colcon_core.shell:Creating package script '/home/cav330/f1tenth_ws/install/teleop_tools/share/teleop_tools/package.ps1'
[13.870s] INFO:colcon.colcon_core.shell:Creating package descriptor '/home/cav330/f1tenth_ws/install/teleop_tools/share/teleop_tools/package.dsv'
[13.872s] INFO:colcon.colcon_core.shell:Creating package script '/home/cav330/f1tenth_ws/install/teleop_tools/share/teleop_tools/package.sh'
[13.874s] INFO:colcon.colcon_core.shell:Creating package script '/home/cav330/f1tenth_ws/install/teleop_tools/share/teleop_tools/package.bash'
[13.876s] INFO:colcon.colcon_core.shell:Creating package script '/home/cav330/f1tenth_ws/install/teleop_tools/share/teleop_tools/package.zsh'
[13.878s] Level 1:colcon.colcon_core.environment:create_file_with_runtime_dependencies(/home/cav330/f1tenth_ws/install/teleop_tools/share/colcon-core/packages/teleop_tools)
[13.886s] Level 1:colcon.colcon_core.environment:checking '/home/cav330/f1tenth_ws/install/mouse_teleop' for CMake module files
[13.889s] DEBUG:colcon.colcon_core.event_handler.log_command:Invoked command in '/home/cav330/f1tenth_ws/src/f1tenth_system/teleop_tools/mouse_teleop' returned '0': NX_CONNECTION=192.168.33.135 50408 192.168.33.130 4000 PYTHONPATH=/home/cav330/f1tenth_ws/build/mouse_teleop/prefix_override:/usr/lib/python3/dist-packages/colcon_core/task/python/colcon_distutils_commands:/home/cav330/f1tenth_ws/install/mouse_teleop/lib/python3.8/site-packages:${PYTHONPATH} /usr/bin/python3 -W ignore:setup.py install is deprecated -W ignore:easy_install command is deprecated setup.py egg_info --egg-base ../../../../build/mouse_teleop build --build-base /home/cav330/f1tenth_ws/build/mouse_teleop/build install --record /home/cav330/f1tenth_ws/build/mouse_teleop/install.log --install-scripts $base/lib/mouse_teleop --single-version-externally-managed install_data
[13.890s] Level 1:colcon.colcon_core.environment:checking '/home/cav330/f1tenth_ws/install/mouse_teleop' for CMake config files
[13.893s] Level 1:colcon.colcon_core.environment:checking '/home/cav330/f1tenth_ws/install/mouse_teleop/lib'
[13.894s] Level 1:colcon.colcon_core.environment:checking '/home/cav330/f1tenth_ws/install/mouse_teleop/bin'
[13.894s] Level 1:colcon.colcon_core.environment:checking '/home/cav330/f1tenth_ws/install/mouse_teleop/lib/pkgconfig/mouse_teleop.pc'
[13.895s] Level 1:colcon.colcon_core.environment:checking '/home/cav330/f1tenth_ws/install/mouse_teleop/lib/python3.8/site-packages'
[13.895s] Level 1:colcon.colcon_core.shell:create_environment_hook('mouse_teleop', 'pythonpath')
[13.896s] INFO:colcon.colcon_core.shell:Creating environment hook '/home/cav330/f1tenth_ws/install/mouse_teleop/share/mouse_teleop/hook/pythonpath.ps1'
[13.899s] INFO:colcon.colcon_core.shell:Creating environment descriptor '/home/cav330/f1tenth_ws/install/mouse_teleop/share/mouse_teleop/hook/pythonpath.dsv'
[13.901s] INFO:colcon.colcon_core.shell:Creating environment hook '/home/cav330/f1tenth_ws/install/mouse_teleop/share/mouse_teleop/hook/pythonpath.sh'
[13.904s] Level 1:colcon.colcon_core.environment:checking '/home/cav330/f1tenth_ws/install/mouse_teleop/bin'
[13.905s] Level 1:colcon.colcon_core.environment:create_environment_scripts_only(mouse_teleop)
[13.908s] INFO:colcon.colcon_core.shell:Creating package script '/home/cav330/f1tenth_ws/install/mouse_teleop/share/mouse_teleop/package.ps1'
[13.911s] INFO:colcon.colcon_core.shell:Creating package descriptor '/home/cav330/f1tenth_ws/install/mouse_teleop/share/mouse_teleop/package.dsv'
[13.915s] INFO:colcon.colcon_core.shell:Creating package script '/home/cav330/f1tenth_ws/install/mouse_teleop/share/mouse_teleop/package.sh'
[13.917s] INFO:colcon.colcon_core.shell:Creating package script '/home/cav330/f1tenth_ws/install/mouse_teleop/share/mouse_teleop/package.bash'
[13.920s] INFO:colcon.colcon_core.shell:Creating package script '/home/cav330/f1tenth_ws/install/mouse_teleop/share/mouse_teleop/package.zsh'
[13.922s] Level 1:colcon.colcon_core.environment:create_file_with_runtime_dependencies(/home/cav330/f1tenth_ws/install/mouse_teleop/share/colcon-core/packages/mouse_teleop)
[15.432s] DEBUG:colcon.colcon_core.event_handler.log_command:Invoking command in '/home/cav330/f1tenth_ws/src/f1tenth_system/f1tenth_stack': AMENT_PREFIX_PATH=/home/cav330/f1tenth_ws/install/joy_teleop:/home/cav330/f1tenth_ws/install/wall_follow:/home/cav330/f1tenth_ws/install/f1tenth_stack:/home/cav330/f1tenth_ws/install/vesc:/home/cav330/f1tenth_ws/install/vesc_driver:/home/cav330/f1tenth_ws/install/vesc_ackermann:/home/cav330/f1tenth_ws/install/vesc_msgs:/home/cav330/f1tenth_ws/install/teleop_tools:/home/cav330/f1tenth_ws/install/teleop_tools_msgs:/home/cav330/f1tenth_ws/install/safety_node:/home/cav330/f1tenth_ws/install/mouse_teleop:/home/cav330/f1tenth_ws/install/key_teleop:/home/cav330/f1tenth_ws/install/f1tenth_gym_ros:/home/cav330/f1tenth_ws/install/ackermann_mux:/opt/ros/foxy CMAKE_PREFIX_PATH=/home/cav330/f1tenth_ws/install/vesc:/home/cav330/f1tenth_ws/install/vesc_driver:/home/cav330/f1tenth_ws/install/vesc_ackermann:/home/cav330/f1tenth_ws/install/vesc_msgs:/home/cav330/f1tenth_ws/install/teleop_tools_msgs:/home/cav330/f1tenth_ws/install/ackermann_mux:/home/cav330/f1tenth_ws/install/wall_follow:/home/cav330/f1tenth_ws/install/teleop_tools:/home/cav330/f1tenth_ws/install/safety_node LD_LIBRARY_PATH=/home/cav330/f1tenth_ws/install/vesc_driver/lib:/home/cav330/f1tenth_ws/install/vesc_ackermann/lib:/home/cav330/f1tenth_ws/install/vesc_msgs/lib:/home/cav330/f1tenth_ws/install/teleop_tools_msgs/lib:/opt/ros/foxy/opt/yaml_cpp_vendor/lib:/opt/ros/foxy/opt/rviz_ogre_vendor/lib:/opt/ros/foxy/lib/aarch64-linux-gnu:/opt/ros/foxy/lib:/usr/local/cuda-11.4/lib64 NX_CONNECTION=192.168.33.135 50408 192.168.33.130 4000 PYTHONPATH=/home/cav330/f1tenth_ws/build/f1tenth_stack/prefix_override:/usr/lib/python3/dist-packages/colcon_core/task/python/colcon_distutils_commands:/home/cav330/f1tenth_ws/install/f1tenth_stack/lib/python3.8/site-packages:/home/cav330/f1tenth_ws/install/joy_teleop/lib/python3.8/site-packages:/home/cav330/f1tenth_ws/install/vesc_msgs/lib/python3.8/site-packages:/home/cav330/f1tenth_ws/install/teleop_tools_msgs/lib/python3.8/site-packages:/home/cav330/f1tenth_ws/install/f1tenth_stack/lib/python3.8/site-packages:/home/cav330/f1tenth_ws/install/mouse_teleop/lib/python3.8/site-packages:/home/cav330/f1tenth_ws/install/key_teleop/lib/python3.8/site-packages:/home/cav330/f1tenth_ws/install/f1tenth_gym_ros/lib/python3.8/site-packages:/opt/ros/foxy/lib/python3.8/site-packages /usr/bin/python3 -W ignore:setup.py install is deprecated -W ignore:easy_install command is deprecated setup.py egg_info --egg-base ../../../build/f1tenth_stack build --build-base /home/cav330/f1tenth_ws/build/f1tenth_stack/build install --record /home/cav330/f1tenth_ws/build/f1tenth_stack/install.log --install-scripts $base/lib/f1tenth_stack --single-version-externally-managed install_data
[16.680s] Level 1:colcon.colcon_core.environment:checking '/home/cav330/f1tenth_ws/install/f1tenth_stack' for CMake module files
[16.684s] DEBUG:colcon.colcon_core.event_handler.log_command:Invoked command in '/home/cav330/f1tenth_ws/src/f1tenth_system/f1tenth_stack' returned '0': AMENT_PREFIX_PATH=/home/cav330/f1tenth_ws/install/joy_teleop:/home/cav330/f1tenth_ws/install/wall_follow:/home/cav330/f1tenth_ws/install/f1tenth_stack:/home/cav330/f1tenth_ws/install/vesc:/home/cav330/f1tenth_ws/install/vesc_driver:/home/cav330/f1tenth_ws/install/vesc_ackermann:/home/cav330/f1tenth_ws/install/vesc_msgs:/home/cav330/f1tenth_ws/install/teleop_tools:/home/cav330/f1tenth_ws/install/teleop_tools_msgs:/home/cav330/f1tenth_ws/install/safety_node:/home/cav330/f1tenth_ws/install/mouse_teleop:/home/cav330/f1tenth_ws/install/key_teleop:/home/cav330/f1tenth_ws/install/f1tenth_gym_ros:/home/cav330/f1tenth_ws/install/ackermann_mux:/opt/ros/foxy CMAKE_PREFIX_PATH=/home/cav330/f1tenth_ws/install/vesc:/home/cav330/f1tenth_ws/install/vesc_driver:/home/cav330/f1tenth_ws/install/vesc_ackermann:/home/cav330/f1tenth_ws/install/vesc_msgs:/home/cav330/f1tenth_ws/install/teleop_tools_msgs:/home/cav330/f1tenth_ws/install/ackermann_mux:/home/cav330/f1tenth_ws/install/wall_follow:/home/cav330/f1tenth_ws/install/teleop_tools:/home/cav330/f1tenth_ws/install/safety_node LD_LIBRARY_PATH=/home/cav330/f1tenth_ws/install/vesc_driver/lib:/home/cav330/f1tenth_ws/install/vesc_ackermann/lib:/home/cav330/f1tenth_ws/install/vesc_msgs/lib:/home/cav330/f1tenth_ws/install/teleop_tools_msgs/lib:/opt/ros/foxy/opt/yaml_cpp_vendor/lib:/opt/ros/foxy/opt/rviz_ogre_vendor/lib:/opt/ros/foxy/lib/aarch64-linux-gnu:/opt/ros/foxy/lib:/usr/local/cuda-11.4/lib64 NX_CONNECTION=192.168.33.135 50408 192.168.33.130 4000 PYTHONPATH=/home/cav330/f1tenth_ws/build/f1tenth_stack/prefix_override:/usr/lib/python3/dist-packages/colcon_core/task/python/colcon_distutils_commands:/home/cav330/f1tenth_ws/install/f1tenth_stack/lib/python3.8/site-packages:/home/cav330/f1tenth_ws/install/joy_teleop/lib/python3.8/site-packages:/home/cav330/f1tenth_ws/install/vesc_msgs/lib/python3.8/site-packages:/home/cav330/f1tenth_ws/install/teleop_tools_msgs/lib/python3.8/site-packages:/home/cav330/f1tenth_ws/install/f1tenth_stack/lib/python3.8/site-packages:/home/cav330/f1tenth_ws/install/mouse_teleop/lib/python3.8/site-packages:/home/cav330/f1tenth_ws/install/key_teleop/lib/python3.8/site-packages:/home/cav330/f1tenth_ws/install/f1tenth_gym_ros/lib/python3.8/site-packages:/opt/ros/foxy/lib/python3.8/site-packages /usr/bin/python3 -W ignore:setup.py install is deprecated -W ignore:easy_install command is deprecated setup.py egg_info --egg-base ../../../build/f1tenth_stack build --build-base /home/cav330/f1tenth_ws/build/f1tenth_stack/build install --record /home/cav330/f1tenth_ws/build/f1tenth_stack/install.log --install-scripts $base/lib/f1tenth_stack --single-version-externally-managed install_data
[16.687s] Level 1:colcon.colcon_core.environment:checking '/home/cav330/f1tenth_ws/install/f1tenth_stack' for CMake config files
[16.692s] Level 1:colcon.colcon_core.environment:checking '/home/cav330/f1tenth_ws/install/f1tenth_stack/lib'
[16.692s] Level 1:colcon.colcon_core.environment:checking '/home/cav330/f1tenth_ws/install/f1tenth_stack/bin'
[16.693s] Level 1:colcon.colcon_core.environment:checking '/home/cav330/f1tenth_ws/install/f1tenth_stack/lib/pkgconfig/f1tenth_stack.pc'
[16.694s] Level 1:colcon.colcon_core.environment:checking '/home/cav330/f1tenth_ws/install/f1tenth_stack/lib/python3.8/site-packages'
[16.694s] Level 1:colcon.colcon_core.shell:create_environment_hook('f1tenth_stack', 'pythonpath')
[16.695s] INFO:colcon.colcon_core.shell:Creating environment hook '/home/cav330/f1tenth_ws/install/f1tenth_stack/share/f1tenth_stack/hook/pythonpath.ps1'
[16.699s] INFO:colcon.colcon_core.shell:Creating environment descriptor '/home/cav330/f1tenth_ws/install/f1tenth_stack/share/f1tenth_stack/hook/pythonpath.dsv'
[16.701s] INFO:colcon.colcon_core.shell:Creating environment hook '/home/cav330/f1tenth_ws/install/f1tenth_stack/share/f1tenth_stack/hook/pythonpath.sh'
[16.705s] Level 1:colcon.colcon_core.environment:checking '/home/cav330/f1tenth_ws/install/f1tenth_stack/bin'
[16.706s] Level 1:colcon.colcon_core.environment:create_environment_scripts_only(f1tenth_stack)
[16.707s] INFO:colcon.colcon_core.shell:Creating package script '/home/cav330/f1tenth_ws/install/f1tenth_stack/share/f1tenth_stack/package.ps1'
[16.710s] INFO:colcon.colcon_core.shell:Creating package descriptor '/home/cav330/f1tenth_ws/install/f1tenth_stack/share/f1tenth_stack/package.dsv'
[16.713s] INFO:colcon.colcon_core.shell:Creating package script '/home/cav330/f1tenth_ws/install/f1tenth_stack/share/f1tenth_stack/package.sh'
[16.715s] INFO:colcon.colcon_core.shell:Creating package script '/home/cav330/f1tenth_ws/install/f1tenth_stack/share/f1tenth_stack/package.bash'
[16.717s] INFO:colcon.colcon_core.shell:Creating package script '/home/cav330/f1tenth_ws/install/f1tenth_stack/share/f1tenth_stack/package.zsh'
[16.719s] Level 1:colcon.colcon_core.environment:create_file_with_runtime_dependencies(/home/cav330/f1tenth_ws/install/f1tenth_stack/share/colcon-core/packages/f1tenth_stack)
[16.721s] DEBUG:colcon.colcon_parallel_executor.executor.parallel:closing loop
[16.723s] DEBUG:colcon.colcon_parallel_executor.executor.parallel:loop closed
[16.724s] DEBUG:colcon.colcon_parallel_executor.executor.parallel:run_until_complete finished with '0'
[16.724s] DEBUG:colcon.colcon_core.event_reactor:joining thread
[16.754s] INFO:colcon.colcon_core.plugin_system:Skipping extension 'colcon_notification.desktop_notification.terminal_notifier': Not used on non-Darwin systems
[16.755s] INFO:colcon.colcon_core.plugin_system:Skipping extension 'colcon_notification.desktop_notification.win32': Not used on non-Windows systems
[16.755s] INFO:colcon.colcon_notification.desktop_notification:Sending desktop notification using 'notify2'
[16.842s] DEBUG:colcon.colcon_core.event_reactor:joined thread
[16.844s] INFO:colcon.colcon_core.shell:Creating prefix script '/home/cav330/f1tenth_ws/install/local_setup.ps1'
[16.849s] INFO:colcon.colcon_core.shell:Creating prefix util module '/home/cav330/f1tenth_ws/install/_local_setup_util_ps1.py'
[16.855s] INFO:colcon.colcon_core.shell:Creating prefix chain script '/home/cav330/f1tenth_ws/install/setup.ps1'
[16.867s] INFO:colcon.colcon_core.shell:Creating prefix script '/home/cav330/f1tenth_ws/install/local_setup.sh'
[16.870s] INFO:colcon.colcon_core.shell:Creating prefix util module '/home/cav330/f1tenth_ws/install/_local_setup_util_sh.py'
[16.873s] INFO:colcon.colcon_core.shell:Creating prefix chain script '/home/cav330/f1tenth_ws/install/setup.sh'
[16.881s] INFO:colcon.colcon_core.shell:Creating prefix script '/home/cav330/f1tenth_ws/install/local_setup.bash'
[16.883s] INFO:colcon.colcon_core.shell:Creating prefix chain script '/home/cav330/f1tenth_ws/install/setup.bash'
[16.892s] INFO:colcon.colcon_core.shell:Creating prefix script '/home/cav330/f1tenth_ws/install/local_setup.zsh'
[16.894s] INFO:colcon.colcon_core.shell:Creating prefix chain script '/home/cav330/f1tenth_ws/install/setup.zsh'
