[0.762s] DEBUG:colcon:Command line arguments: ['/usr/bin/colcon', 'build']
[0.763s] DEBUG:colcon:Parsed command line arguments: Namespace(allow_overriding=[], ament_cmake_args=None, base_paths=['.'], build_base='build', catkin_cmake_args=None, catkin_skip_building_tests=False, cmake_args=None, cmake_clean_cache=False, cmake_clean_first=False, cmake_force_configure=False, cmake_target=None, cmake_target_skip_unavailable=False, continue_on_error=False, event_handlers=None, executor='parallel', ignore_user_meta=False, install_base='install', log_base=None, log_level=None, main=<bound method BuildVerb.main of <colcon_core.verb.build.BuildVerb object at 0xffff9ac43250>>, merge_install=False, metas=['./colcon.meta'], packages_above=None, packages_above_and_dependencies=None, packages_above_depth=None, packages_end=None, packages_ignore=None, packages_ignore_regex=None, packages_select=None, packages_select_build_failed=False, packages_select_by_dep=None, packages_select_regex=None, packages_select_test_failures=False, packages_skip=None, packages_skip_build_finished=False, packages_skip_by_dep=None, packages_skip_regex=None, packages_skip_test_passed=False, packages_skip_up_to=None, packages_start=None, packages_up_to=None, packages_up_to_regex=None, parallel_workers=4, paths=None, symlink_install=False, test_result_base=None, verb_extension=<colcon_core.verb.build.BuildVerb object at 0xffff9ac43250>, verb_name='build', verb_parser=<colcon_defaults.argument_parser.defaults.DefaultArgumentsDecorator object at 0xffff9abdeca0>)
[1.462s] Level 1:colcon.colcon_core.package_discovery:discover_packages(colcon_meta) check parameters
[1.463s] Level 1:colcon.colcon_core.package_discovery:discover_packages(recursive) check parameters
[1.463s] Level 1:colcon.colcon_core.package_discovery:discover_packages(ignore) check parameters
[1.463s] Level 1:colcon.colcon_core.package_discovery:discover_packages(path) check parameters
[1.463s] Level 1:colcon.colcon_core.package_discovery:discover_packages(colcon_meta) discover
[1.464s] Level 1:colcon.colcon_core.package_discovery:discover_packages(recursive) discover
[1.464s] INFO:colcon.colcon_core.package_discovery:Crawling recursively for packages in '/home/cav330/f1tenth_ws'
[1.464s] Level 1:colcon.colcon_core.package_identification:_identify(.) by extensions ['ignore', 'ignore_ament_install']
[1.465s] Level 1:colcon.colcon_core.package_identification:_identify(.) by extension 'ignore'
[1.465s] Level 1:colcon.colcon_core.package_identification:_identify(.) by extension 'ignore_ament_install'
[1.466s] Level 1:colcon.colcon_core.package_identification:_identify(.) by extensions ['colcon_pkg']
[1.466s] Level 1:colcon.colcon_core.package_identification:_identify(.) by extension 'colcon_pkg'
[1.466s] Level 1:colcon.colcon_core.package_identification:_identify(.) by extensions ['colcon_meta']
[1.466s] Level 1:colcon.colcon_core.package_identification:_identify(.) by extension 'colcon_meta'
[1.466s] Level 1:colcon.colcon_core.package_identification:_identify(.) by extensions ['ros']
[1.466s] Level 1:colcon.colcon_core.package_identification:_identify(.) by extension 'ros'
[1.510s] Level 1:colcon.colcon_core.package_identification:_identify(.) by extensions ['cmake', 'python']
[1.511s] Level 1:colcon.colcon_core.package_identification:_identify(.) by extension 'cmake'
[1.511s] Level 1:colcon.colcon_core.package_identification:_identify(.) by extension 'python'
[1.511s] Level 1:colcon.colcon_core.package_identification:_identify(.) by extensions ['python_setup_py']
[1.511s] Level 1:colcon.colcon_core.package_identification:_identify(.) by extension 'python_setup_py'
[1.512s] Level 1:colcon.colcon_core.package_identification:_identify(build) by extensions ['ignore', 'ignore_ament_install']
[1.512s] Level 1:colcon.colcon_core.package_identification:_identify(build) by extension 'ignore'
[1.512s] Level 1:colcon.colcon_core.package_identification:_identify(build) ignored
[1.513s] Level 1:colcon.colcon_core.package_identification:_identify(install) by extensions ['ignore', 'ignore_ament_install']
[1.513s] Level 1:colcon.colcon_core.package_identification:_identify(install) by extension 'ignore'
[1.513s] Level 1:colcon.colcon_core.package_identification:_identify(install) ignored
[1.514s] Level 1:colcon.colcon_core.package_identification:_identify(log) by extensions ['ignore', 'ignore_ament_install']
[1.514s] Level 1:colcon.colcon_core.package_identification:_identify(log) by extension 'ignore'
[1.514s] Level 1:colcon.colcon_core.package_identification:_identify(log) ignored
[1.515s] Level 1:colcon.colcon_core.package_identification:_identify(src) by extensions ['ignore', 'ignore_ament_install']
[1.515s] Level 1:colcon.colcon_core.package_identification:_identify(src) by extension 'ignore'
[1.515s] Level 1:colcon.colcon_core.package_identification:_identify(src) by extension 'ignore_ament_install'
[1.515s] Level 1:colcon.colcon_core.package_identification:_identify(src) by extensions ['colcon_pkg']
[1.515s] Level 1:colcon.colcon_core.package_identification:_identify(src) by extension 'colcon_pkg'
[1.516s] Level 1:colcon.colcon_core.package_identification:_identify(src) by extensions ['colcon_meta']
[1.516s] Level 1:colcon.colcon_core.package_identification:_identify(src) by extension 'colcon_meta'
[1.516s] Level 1:colcon.colcon_core.package_identification:_identify(src) by extensions ['ros']
[1.516s] Level 1:colcon.colcon_core.package_identification:_identify(src) by extension 'ros'
[1.516s] Level 1:colcon.colcon_core.package_identification:_identify(src) by extensions ['cmake', 'python']
[1.517s] Level 1:colcon.colcon_core.package_identification:_identify(src) by extension 'cmake'
[1.517s] Level 1:colcon.colcon_core.package_identification:_identify(src) by extension 'python'
[1.517s] Level 1:colcon.colcon_core.package_identification:_identify(src) by extensions ['python_setup_py']
[1.517s] Level 1:colcon.colcon_core.package_identification:_identify(src) by extension 'python_setup_py'
[1.518s] Level 1:colcon.colcon_core.package_identification:_identify(src/f1tenth_gym_ros) by extensions ['ignore', 'ignore_ament_install']
[1.518s] Level 1:colcon.colcon_core.package_identification:_identify(src/f1tenth_gym_ros) by extension 'ignore'
[1.518s] Level 1:colcon.colcon_core.package_identification:_identify(src/f1tenth_gym_ros) by extension 'ignore_ament_install'
[1.518s] Level 1:colcon.colcon_core.package_identification:_identify(src/f1tenth_gym_ros) by extensions ['colcon_pkg']
[1.518s] Level 1:colcon.colcon_core.package_identification:_identify(src/f1tenth_gym_ros) by extension 'colcon_pkg'
[1.519s] Level 1:colcon.colcon_core.package_identification:_identify(src/f1tenth_gym_ros) by extensions ['colcon_meta']
[1.519s] Level 1:colcon.colcon_core.package_identification:_identify(src/f1tenth_gym_ros) by extension 'colcon_meta'
[1.519s] Level 1:colcon.colcon_core.package_identification:_identify(src/f1tenth_gym_ros) by extensions ['ros']
[1.519s] Level 1:colcon.colcon_core.package_identification:_identify(src/f1tenth_gym_ros) by extension 'ros'
[1.529s] DEBUG:colcon.colcon_core.package_identification:Package 'src/f1tenth_gym_ros' with type 'ros.ament_python' and name 'f1tenth_gym_ros'
[1.530s] Level 1:colcon.colcon_core.package_identification:_identify(src/f1tenth_system) by extensions ['ignore', 'ignore_ament_install']
[1.530s] Level 1:colcon.colcon_core.package_identification:_identify(src/f1tenth_system) by extension 'ignore'
[1.531s] Level 1:colcon.colcon_core.package_identification:_identify(src/f1tenth_system) by extension 'ignore_ament_install'
[1.531s] Level 1:colcon.colcon_core.package_identification:_identify(src/f1tenth_system) by extensions ['colcon_pkg']
[1.531s] Level 1:colcon.colcon_core.package_identification:_identify(src/f1tenth_system) by extension 'colcon_pkg'
[1.531s] Level 1:colcon.colcon_core.package_identification:_identify(src/f1tenth_system) by extensions ['colcon_meta']
[1.531s] Level 1:colcon.colcon_core.package_identification:_identify(src/f1tenth_system) by extension 'colcon_meta'
[1.532s] Level 1:colcon.colcon_core.package_identification:_identify(src/f1tenth_system) by extensions ['ros']
[1.532s] Level 1:colcon.colcon_core.package_identification:_identify(src/f1tenth_system) by extension 'ros'
[1.532s] Level 1:colcon.colcon_core.package_identification:_identify(src/f1tenth_system) by extensions ['cmake', 'python']
[1.532s] Level 1:colcon.colcon_core.package_identification:_identify(src/f1tenth_system) by extension 'cmake'
[1.532s] Level 1:colcon.colcon_core.package_identification:_identify(src/f1tenth_system) by extension 'python'
[1.532s] Level 1:colcon.colcon_core.package_identification:_identify(src/f1tenth_system) by extensions ['python_setup_py']
[1.533s] Level 1:colcon.colcon_core.package_identification:_identify(src/f1tenth_system) by extension 'python_setup_py'
[1.533s] Level 1:colcon.colcon_core.package_identification:_identify(src/f1tenth_system/ackermann_mux) by extensions ['ignore', 'ignore_ament_install']
[1.533s] Level 1:colcon.colcon_core.package_identification:_identify(src/f1tenth_system/ackermann_mux) by extension 'ignore'
[1.534s] Level 1:colcon.colcon_core.package_identification:_identify(src/f1tenth_system/ackermann_mux) by extension 'ignore_ament_install'
[1.534s] Level 1:colcon.colcon_core.package_identification:_identify(src/f1tenth_system/ackermann_mux) by extensions ['colcon_pkg']
[1.534s] Level 1:colcon.colcon_core.package_identification:_identify(src/f1tenth_system/ackermann_mux) by extension 'colcon_pkg'
[1.534s] Level 1:colcon.colcon_core.package_identification:_identify(src/f1tenth_system/ackermann_mux) by extensions ['colcon_meta']
[1.534s] Level 1:colcon.colcon_core.package_identification:_identify(src/f1tenth_system/ackermann_mux) by extension 'colcon_meta'
[1.534s] Level 1:colcon.colcon_core.package_identification:_identify(src/f1tenth_system/ackermann_mux) by extensions ['ros']
[1.535s] Level 1:colcon.colcon_core.package_identification:_identify(src/f1tenth_system/ackermann_mux) by extension 'ros'
[1.539s] DEBUG:colcon.colcon_core.package_identification:Package 'src/f1tenth_system/ackermann_mux' with type 'ros.ament_cmake' and name 'ackermann_mux'
[1.540s] Level 1:colcon.colcon_core.package_identification:_identify(src/f1tenth_system/f1tenth_stack) by extensions ['ignore', 'ignore_ament_install']
[1.540s] Level 1:colcon.colcon_core.package_identification:_identify(src/f1tenth_system/f1tenth_stack) by extension 'ignore'
[1.540s] Level 1:colcon.colcon_core.package_identification:_identify(src/f1tenth_system/f1tenth_stack) by extension 'ignore_ament_install'
[1.540s] Level 1:colcon.colcon_core.package_identification:_identify(src/f1tenth_system/f1tenth_stack) by extensions ['colcon_pkg']
[1.541s] Level 1:colcon.colcon_core.package_identification:_identify(src/f1tenth_system/f1tenth_stack) by extension 'colcon_pkg'
[1.541s] Level 1:colcon.colcon_core.package_identification:_identify(src/f1tenth_system/f1tenth_stack) by extensions ['colcon_meta']
[1.541s] Level 1:colcon.colcon_core.package_identification:_identify(src/f1tenth_system/f1tenth_stack) by extension 'colcon_meta'
[1.541s] Level 1:colcon.colcon_core.package_identification:_identify(src/f1tenth_system/f1tenth_stack) by extensions ['ros']
[1.541s] Level 1:colcon.colcon_core.package_identification:_identify(src/f1tenth_system/f1tenth_stack) by extension 'ros'
[1.545s] DEBUG:colcon.colcon_core.package_identification:Package 'src/f1tenth_system/f1tenth_stack' with type 'ros.ament_python' and name 'f1tenth_stack'
[1.546s] Level 1:colcon.colcon_core.package_identification:_identify(src/f1tenth_system/scripts) by extensions ['ignore', 'ignore_ament_install']
[1.546s] Level 1:colcon.colcon_core.package_identification:_identify(src/f1tenth_system/scripts) by extension 'ignore'
[1.546s] Level 1:colcon.colcon_core.package_identification:_identify(src/f1tenth_system/scripts) by extension 'ignore_ament_install'
[1.546s] Level 1:colcon.colcon_core.package_identification:_identify(src/f1tenth_system/scripts) by extensions ['colcon_pkg']
[1.547s] Level 1:colcon.colcon_core.package_identification:_identify(src/f1tenth_system/scripts) by extension 'colcon_pkg'
[1.547s] Level 1:colcon.colcon_core.package_identification:_identify(src/f1tenth_system/scripts) by extensions ['colcon_meta']
[1.547s] Level 1:colcon.colcon_core.package_identification:_identify(src/f1tenth_system/scripts) by extension 'colcon_meta'
[1.547s] Level 1:colcon.colcon_core.package_identification:_identify(src/f1tenth_system/scripts) by extensions ['ros']
[1.547s] Level 1:colcon.colcon_core.package_identification:_identify(src/f1tenth_system/scripts) by extension 'ros'
[1.548s] Level 1:colcon.colcon_core.package_identification:_identify(src/f1tenth_system/scripts) by extensions ['cmake', 'python']
[1.548s] Level 1:colcon.colcon_core.package_identification:_identify(src/f1tenth_system/scripts) by extension 'cmake'
[1.548s] Level 1:colcon.colcon_core.package_identification:_identify(src/f1tenth_system/scripts) by extension 'python'
[1.548s] Level 1:colcon.colcon_core.package_identification:_identify(src/f1tenth_system/scripts) by extensions ['python_setup_py']
[1.548s] Level 1:colcon.colcon_core.package_identification:_identify(src/f1tenth_system/scripts) by extension 'python_setup_py'
[1.549s] Level 1:colcon.colcon_core.package_identification:_identify(src/f1tenth_system/teleop_tools) by extensions ['ignore', 'ignore_ament_install']
[1.549s] Level 1:colcon.colcon_core.package_identification:_identify(src/f1tenth_system/teleop_tools) by extension 'ignore'
[1.549s] Level 1:colcon.colcon_core.package_identification:_identify(src/f1tenth_system/teleop_tools) by extension 'ignore_ament_install'
[1.550s] Level 1:colcon.colcon_core.package_identification:_identify(src/f1tenth_system/teleop_tools) by extensions ['colcon_pkg']
[1.550s] Level 1:colcon.colcon_core.package_identification:_identify(src/f1tenth_system/teleop_tools) by extension 'colcon_pkg'
[1.550s] Level 1:colcon.colcon_core.package_identification:_identify(src/f1tenth_system/teleop_tools) by extensions ['colcon_meta']
[1.550s] Level 1:colcon.colcon_core.package_identification:_identify(src/f1tenth_system/teleop_tools) by extension 'colcon_meta'
[1.550s] Level 1:colcon.colcon_core.package_identification:_identify(src/f1tenth_system/teleop_tools) by extensions ['ros']
[1.550s] Level 1:colcon.colcon_core.package_identification:_identify(src/f1tenth_system/teleop_tools) by extension 'ros'
[1.551s] Level 1:colcon.colcon_core.package_identification:_identify(src/f1tenth_system/teleop_tools) by extensions ['cmake', 'python']
[1.551s] Level 1:colcon.colcon_core.package_identification:_identify(src/f1tenth_system/teleop_tools) by extension 'cmake'
[1.551s] Level 1:colcon.colcon_core.package_identification:_identify(src/f1tenth_system/teleop_tools) by extension 'python'
[1.551s] Level 1:colcon.colcon_core.package_identification:_identify(src/f1tenth_system/teleop_tools) by extensions ['python_setup_py']
[1.551s] Level 1:colcon.colcon_core.package_identification:_identify(src/f1tenth_system/teleop_tools) by extension 'python_setup_py'
[1.552s] Level 1:colcon.colcon_core.package_identification:_identify(src/f1tenth_system/teleop_tools/joy_teleop) by extensions ['ignore', 'ignore_ament_install']
[1.552s] Level 1:colcon.colcon_core.package_identification:_identify(src/f1tenth_system/teleop_tools/joy_teleop) by extension 'ignore'
[1.553s] Level 1:colcon.colcon_core.package_identification:_identify(src/f1tenth_system/teleop_tools/joy_teleop) by extension 'ignore_ament_install'
[1.553s] Level 1:colcon.colcon_core.package_identification:_identify(src/f1tenth_system/teleop_tools/joy_teleop) by extensions ['colcon_pkg']
[1.553s] Level 1:colcon.colcon_core.package_identification:_identify(src/f1tenth_system/teleop_tools/joy_teleop) by extension 'colcon_pkg'
[1.554s] Level 1:colcon.colcon_core.package_identification:_identify(src/f1tenth_system/teleop_tools/joy_teleop) by extensions ['colcon_meta']
[1.554s] Level 1:colcon.colcon_core.package_identification:_identify(src/f1tenth_system/teleop_tools/joy_teleop) by extension 'colcon_meta'
[1.554s] Level 1:colcon.colcon_core.package_identification:_identify(src/f1tenth_system/teleop_tools/joy_teleop) by extensions ['ros']
[1.554s] Level 1:colcon.colcon_core.package_identification:_identify(src/f1tenth_system/teleop_tools/joy_teleop) by extension 'ros'
[1.557s] DEBUG:colcon.colcon_core.package_identification:Package 'src/f1tenth_system/teleop_tools/joy_teleop' with type 'ros.ament_python' and name 'joy_teleop'
[1.558s] Level 1:colcon.colcon_core.package_identification:_identify(src/f1tenth_system/teleop_tools/key_teleop) by extensions ['ignore', 'ignore_ament_install']
[1.558s] Level 1:colcon.colcon_core.package_identification:_identify(src/f1tenth_system/teleop_tools/key_teleop) by extension 'ignore'
[1.558s] Level 1:colcon.colcon_core.package_identification:_identify(src/f1tenth_system/teleop_tools/key_teleop) by extension 'ignore_ament_install'
[1.558s] Level 1:colcon.colcon_core.package_identification:_identify(src/f1tenth_system/teleop_tools/key_teleop) by extensions ['colcon_pkg']
[1.558s] Level 1:colcon.colcon_core.package_identification:_identify(src/f1tenth_system/teleop_tools/key_teleop) by extension 'colcon_pkg'
[1.559s] Level 1:colcon.colcon_core.package_identification:_identify(src/f1tenth_system/teleop_tools/key_teleop) by extensions ['colcon_meta']
[1.559s] Level 1:colcon.colcon_core.package_identification:_identify(src/f1tenth_system/teleop_tools/key_teleop) by extension 'colcon_meta'
[1.559s] Level 1:colcon.colcon_core.package_identification:_identify(src/f1tenth_system/teleop_tools/key_teleop) by extensions ['ros']
[1.559s] Level 1:colcon.colcon_core.package_identification:_identify(src/f1tenth_system/teleop_tools/key_teleop) by extension 'ros'
[1.561s] DEBUG:colcon.colcon_core.package_identification:Package 'src/f1tenth_system/teleop_tools/key_teleop' with type 'ros.ament_python' and name 'key_teleop'
[1.562s] Level 1:colcon.colcon_core.package_identification:_identify(src/f1tenth_system/teleop_tools/mouse_teleop) by extensions ['ignore', 'ignore_ament_install']
[1.562s] Level 1:colcon.colcon_core.package_identification:_identify(src/f1tenth_system/teleop_tools/mouse_teleop) by extension 'ignore'
[1.562s] Level 1:colcon.colcon_core.package_identification:_identify(src/f1tenth_system/teleop_tools/mouse_teleop) by extension 'ignore_ament_install'
[1.563s] Level 1:colcon.colcon_core.package_identification:_identify(src/f1tenth_system/teleop_tools/mouse_teleop) by extensions ['colcon_pkg']
[1.563s] Level 1:colcon.colcon_core.package_identification:_identify(src/f1tenth_system/teleop_tools/mouse_teleop) by extension 'colcon_pkg'
[1.563s] Level 1:colcon.colcon_core.package_identification:_identify(src/f1tenth_system/teleop_tools/mouse_teleop) by extensions ['colcon_meta']
[1.563s] Level 1:colcon.colcon_core.package_identification:_identify(src/f1tenth_system/teleop_tools/mouse_teleop) by extension 'colcon_meta'
[1.563s] Level 1:colcon.colcon_core.package_identification:_identify(src/f1tenth_system/teleop_tools/mouse_teleop) by extensions ['ros']
[1.563s] Level 1:colcon.colcon_core.package_identification:_identify(src/f1tenth_system/teleop_tools/mouse_teleop) by extension 'ros'
[1.565s] DEBUG:colcon.colcon_core.package_identification:Package 'src/f1tenth_system/teleop_tools/mouse_teleop' with type 'ros.ament_python' and name 'mouse_teleop'
[1.566s] Level 1:colcon.colcon_core.package_identification:_identify(src/f1tenth_system/teleop_tools/teleop_tools) by extensions ['ignore', 'ignore_ament_install']
[1.566s] Level 1:colcon.colcon_core.package_identification:_identify(src/f1tenth_system/teleop_tools/teleop_tools) by extension 'ignore'
[1.566s] Level 1:colcon.colcon_core.package_identification:_identify(src/f1tenth_system/teleop_tools/teleop_tools) by extension 'ignore_ament_install'
[1.567s] Level 1:colcon.colcon_core.package_identification:_identify(src/f1tenth_system/teleop_tools/teleop_tools) by extensions ['colcon_pkg']
[1.567s] Level 1:colcon.colcon_core.package_identification:_identify(src/f1tenth_system/teleop_tools/teleop_tools) by extension 'colcon_pkg'
[1.567s] Level 1:colcon.colcon_core.package_identification:_identify(src/f1tenth_system/teleop_tools/teleop_tools) by extensions ['colcon_meta']
[1.567s] Level 1:colcon.colcon_core.package_identification:_identify(src/f1tenth_system/teleop_tools/teleop_tools) by extension 'colcon_meta'
[1.567s] Level 1:colcon.colcon_core.package_identification:_identify(src/f1tenth_system/teleop_tools/teleop_tools) by extensions ['ros']
[1.567s] Level 1:colcon.colcon_core.package_identification:_identify(src/f1tenth_system/teleop_tools/teleop_tools) by extension 'ros'
[1.569s] DEBUG:colcon.colcon_core.package_identification:Package 'src/f1tenth_system/teleop_tools/teleop_tools' with type 'ros.ament_cmake' and name 'teleop_tools'
[1.570s] Level 1:colcon.colcon_core.package_identification:_identify(src/f1tenth_system/teleop_tools/teleop_tools_msgs) by extensions ['ignore', 'ignore_ament_install']
[1.570s] Level 1:colcon.colcon_core.package_identification:_identify(src/f1tenth_system/teleop_tools/teleop_tools_msgs) by extension 'ignore'
[1.570s] Level 1:colcon.colcon_core.package_identification:_identify(src/f1tenth_system/teleop_tools/teleop_tools_msgs) by extension 'ignore_ament_install'
[1.571s] Level 1:colcon.colcon_core.package_identification:_identify(src/f1tenth_system/teleop_tools/teleop_tools_msgs) by extensions ['colcon_pkg']
[1.571s] Level 1:colcon.colcon_core.package_identification:_identify(src/f1tenth_system/teleop_tools/teleop_tools_msgs) by extension 'colcon_pkg'
[1.571s] Level 1:colcon.colcon_core.package_identification:_identify(src/f1tenth_system/teleop_tools/teleop_tools_msgs) by extensions ['colcon_meta']
[1.571s] Level 1:colcon.colcon_core.package_identification:_identify(src/f1tenth_system/teleop_tools/teleop_tools_msgs) by extension 'colcon_meta'
[1.571s] Level 1:colcon.colcon_core.package_identification:_identify(src/f1tenth_system/teleop_tools/teleop_tools_msgs) by extensions ['ros']
[1.571s] Level 1:colcon.colcon_core.package_identification:_identify(src/f1tenth_system/teleop_tools/teleop_tools_msgs) by extension 'ros'
[1.574s] DEBUG:colcon.colcon_core.package_identification:Package 'src/f1tenth_system/teleop_tools/teleop_tools_msgs' with type 'ros.ament_cmake' and name 'teleop_tools_msgs'
[1.574s] Level 1:colcon.colcon_core.package_identification:_identify(src/f1tenth_system/vesc) by extensions ['ignore', 'ignore_ament_install']
[1.575s] Level 1:colcon.colcon_core.package_identification:_identify(src/f1tenth_system/vesc) by extension 'ignore'
[1.575s] Level 1:colcon.colcon_core.package_identification:_identify(src/f1tenth_system/vesc) by extension 'ignore_ament_install'
[1.575s] Level 1:colcon.colcon_core.package_identification:_identify(src/f1tenth_system/vesc) by extensions ['colcon_pkg']
[1.575s] Level 1:colcon.colcon_core.package_identification:_identify(src/f1tenth_system/vesc) by extension 'colcon_pkg'
[1.575s] Level 1:colcon.colcon_core.package_identification:_identify(src/f1tenth_system/vesc) by extensions ['colcon_meta']
[1.575s] Level 1:colcon.colcon_core.package_identification:_identify(src/f1tenth_system/vesc) by extension 'colcon_meta'
[1.576s] Level 1:colcon.colcon_core.package_identification:_identify(src/f1tenth_system/vesc) by extensions ['ros']
[1.576s] Level 1:colcon.colcon_core.package_identification:_identify(src/f1tenth_system/vesc) by extension 'ros'
[1.576s] Level 1:colcon.colcon_core.package_identification:_identify(src/f1tenth_system/vesc) by extensions ['cmake', 'python']
[1.576s] Level 1:colcon.colcon_core.package_identification:_identify(src/f1tenth_system/vesc) by extension 'cmake'
[1.576s] Level 1:colcon.colcon_core.package_identification:_identify(src/f1tenth_system/vesc) by extension 'python'
[1.577s] Level 1:colcon.colcon_core.package_identification:_identify(src/f1tenth_system/vesc) by extensions ['python_setup_py']
[1.577s] Level 1:colcon.colcon_core.package_identification:_identify(src/f1tenth_system/vesc) by extension 'python_setup_py'
[1.577s] Level 1:colcon.colcon_core.package_identification:_identify(src/f1tenth_system/vesc/vesc) by extensions ['ignore', 'ignore_ament_install']
[1.577s] Level 1:colcon.colcon_core.package_identification:_identify(src/f1tenth_system/vesc/vesc) by extension 'ignore'
[1.578s] Level 1:colcon.colcon_core.package_identification:_identify(src/f1tenth_system/vesc/vesc) by extension 'ignore_ament_install'
[1.578s] Level 1:colcon.colcon_core.package_identification:_identify(src/f1tenth_system/vesc/vesc) by extensions ['colcon_pkg']
[1.578s] Level 1:colcon.colcon_core.package_identification:_identify(src/f1tenth_system/vesc/vesc) by extension 'colcon_pkg'
[1.578s] Level 1:colcon.colcon_core.package_identification:_identify(src/f1tenth_system/vesc/vesc) by extensions ['colcon_meta']
[1.578s] Level 1:colcon.colcon_core.package_identification:_identify(src/f1tenth_system/vesc/vesc) by extension 'colcon_meta'
[1.579s] Level 1:colcon.colcon_core.package_identification:_identify(src/f1tenth_system/vesc/vesc) by extensions ['ros']
[1.579s] Level 1:colcon.colcon_core.package_identification:_identify(src/f1tenth_system/vesc/vesc) by extension 'ros'
[1.581s] DEBUG:colcon.colcon_core.package_identification:Package 'src/f1tenth_system/vesc/vesc' with type 'ros.ament_cmake' and name 'vesc'
[1.582s] Level 1:colcon.colcon_core.package_identification:_identify(src/f1tenth_system/vesc/vesc_ackermann) by extensions ['ignore', 'ignore_ament_install']
[1.582s] Level 1:colcon.colcon_core.package_identification:_identify(src/f1tenth_system/vesc/vesc_ackermann) by extension 'ignore'
[1.582s] Level 1:colcon.colcon_core.package_identification:_identify(src/f1tenth_system/vesc/vesc_ackermann) by extension 'ignore_ament_install'
[1.583s] Level 1:colcon.colcon_core.package_identification:_identify(src/f1tenth_system/vesc/vesc_ackermann) by extensions ['colcon_pkg']
[1.583s] Level 1:colcon.colcon_core.package_identification:_identify(src/f1tenth_system/vesc/vesc_ackermann) by extension 'colcon_pkg'
[1.583s] Level 1:colcon.colcon_core.package_identification:_identify(src/f1tenth_system/vesc/vesc_ackermann) by extensions ['colcon_meta']
[1.583s] Level 1:colcon.colcon_core.package_identification:_identify(src/f1tenth_system/vesc/vesc_ackermann) by extension 'colcon_meta'
[1.583s] Level 1:colcon.colcon_core.package_identification:_identify(src/f1tenth_system/vesc/vesc_ackermann) by extensions ['ros']
[1.583s] Level 1:colcon.colcon_core.package_identification:_identify(src/f1tenth_system/vesc/vesc_ackermann) by extension 'ros'
[1.588s] DEBUG:colcon.colcon_core.package_identification:Package 'src/f1tenth_system/vesc/vesc_ackermann' with type 'ros.ament_cmake' and name 'vesc_ackermann'
[1.588s] Level 1:colcon.colcon_core.package_identification:_identify(src/f1tenth_system/vesc/vesc_driver) by extensions ['ignore', 'ignore_ament_install']
[1.589s] Level 1:colcon.colcon_core.package_identification:_identify(src/f1tenth_system/vesc/vesc_driver) by extension 'ignore'
[1.589s] Level 1:colcon.colcon_core.package_identification:_identify(src/f1tenth_system/vesc/vesc_driver) by extension 'ignore_ament_install'
[1.589s] Level 1:colcon.colcon_core.package_identification:_identify(src/f1tenth_system/vesc/vesc_driver) by extensions ['colcon_pkg']
[1.589s] Level 1:colcon.colcon_core.package_identification:_identify(src/f1tenth_system/vesc/vesc_driver) by extension 'colcon_pkg'
[1.589s] Level 1:colcon.colcon_core.package_identification:_identify(src/f1tenth_system/vesc/vesc_driver) by extensions ['colcon_meta']
[1.590s] Level 1:colcon.colcon_core.package_identification:_identify(src/f1tenth_system/vesc/vesc_driver) by extension 'colcon_meta'
[1.590s] Level 1:colcon.colcon_core.package_identification:_identify(src/f1tenth_system/vesc/vesc_driver) by extensions ['ros']
[1.590s] Level 1:colcon.colcon_core.package_identification:_identify(src/f1tenth_system/vesc/vesc_driver) by extension 'ros'
[1.594s] DEBUG:colcon.colcon_core.package_identification:Package 'src/f1tenth_system/vesc/vesc_driver' with type 'ros.ament_cmake' and name 'vesc_driver'
[1.594s] Level 1:colcon.colcon_core.package_identification:_identify(src/f1tenth_system/vesc/vesc_msgs) by extensions ['ignore', 'ignore_ament_install']
[1.594s] Level 1:colcon.colcon_core.package_identification:_identify(src/f1tenth_system/vesc/vesc_msgs) by extension 'ignore'
[1.595s] Level 1:colcon.colcon_core.package_identification:_identify(src/f1tenth_system/vesc/vesc_msgs) by extension 'ignore_ament_install'
[1.595s] Level 1:colcon.colcon_core.package_identification:_identify(src/f1tenth_system/vesc/vesc_msgs) by extensions ['colcon_pkg']
[1.595s] Level 1:colcon.colcon_core.package_identification:_identify(src/f1tenth_system/vesc/vesc_msgs) by extension 'colcon_pkg'
[1.595s] Level 1:colcon.colcon_core.package_identification:_identify(src/f1tenth_system/vesc/vesc_msgs) by extensions ['colcon_meta']
[1.595s] Level 1:colcon.colcon_core.package_identification:_identify(src/f1tenth_system/vesc/vesc_msgs) by extension 'colcon_meta'
[1.595s] Level 1:colcon.colcon_core.package_identification:_identify(src/f1tenth_system/vesc/vesc_msgs) by extensions ['ros']
[1.596s] Level 1:colcon.colcon_core.package_identification:_identify(src/f1tenth_system/vesc/vesc_msgs) by extension 'ros'
[1.598s] DEBUG:colcon.colcon_core.package_identification:Package 'src/f1tenth_system/vesc/vesc_msgs' with type 'ros.ament_cmake' and name 'vesc_msgs'
[1.599s] Level 1:colcon.colcon_core.package_identification:_identify(src/safety_node) by extensions ['ignore', 'ignore_ament_install']
[1.599s] Level 1:colcon.colcon_core.package_identification:_identify(src/safety_node) by extension 'ignore'
[1.599s] Level 1:colcon.colcon_core.package_identification:_identify(src/safety_node) by extension 'ignore_ament_install'
[1.600s] Level 1:colcon.colcon_core.package_identification:_identify(src/safety_node) by extensions ['colcon_pkg']
[1.600s] Level 1:colcon.colcon_core.package_identification:_identify(src/safety_node) by extension 'colcon_pkg'
[1.600s] Level 1:colcon.colcon_core.package_identification:_identify(src/safety_node) by extensions ['colcon_meta']
[1.600s] Level 1:colcon.colcon_core.package_identification:_identify(src/safety_node) by extension 'colcon_meta'
[1.600s] Level 1:colcon.colcon_core.package_identification:_identify(src/safety_node) by extensions ['ros']
[1.600s] Level 1:colcon.colcon_core.package_identification:_identify(src/safety_node) by extension 'ros'
[1.603s] DEBUG:colcon.colcon_core.package_identification:Package 'src/safety_node' with type 'ros.ament_cmake' and name 'safety_node'
[1.604s] Level 1:colcon.colcon_core.package_identification:_identify(src/wall_follow) by extensions ['ignore', 'ignore_ament_install']
[1.604s] Level 1:colcon.colcon_core.package_identification:_identify(src/wall_follow) by extension 'ignore'
[1.604s] Level 1:colcon.colcon_core.package_identification:_identify(src/wall_follow) by extension 'ignore_ament_install'
[1.605s] Level 1:colcon.colcon_core.package_identification:_identify(src/wall_follow) by extensions ['colcon_pkg']
[1.605s] Level 1:colcon.colcon_core.package_identification:_identify(src/wall_follow) by extension 'colcon_pkg'
[1.605s] Level 1:colcon.colcon_core.package_identification:_identify(src/wall_follow) by extensions ['colcon_meta']
[1.605s] Level 1:colcon.colcon_core.package_identification:_identify(src/wall_follow) by extension 'colcon_meta'
[1.606s] Level 1:colcon.colcon_core.package_identification:_identify(src/wall_follow) by extensions ['ros']
[1.606s] Level 1:colcon.colcon_core.package_identification:_identify(src/wall_follow) by extension 'ros'
[1.609s] DEBUG:colcon.colcon_core.package_identification:Package 'src/wall_follow' with type 'ros.ament_cmake' and name 'wall_follow'
[1.610s] Level 1:colcon.colcon_core.package_discovery:discover_packages(recursive) using defaults
[1.610s] Level 1:colcon.colcon_core.package_discovery:discover_packages(ignore) discover
[1.610s] Level 1:colcon.colcon_core.package_discovery:discover_packages(ignore) using defaults
[1.610s] Level 1:colcon.colcon_core.package_discovery:discover_packages(path) discover
[1.610s] Level 1:colcon.colcon_core.package_discovery:discover_packages(path) using defaults
[1.726s] Level 1:colcon.colcon_core.package_discovery:discover_packages(prefix_path) check parameters
[1.726s] Level 1:colcon.colcon_core.package_discovery:discover_packages(prefix_path) discover
[1.738s] DEBUG:colcon.colcon_installed_package_information.package_discovery:Found 14 installed packages in /home/cav330/f1tenth_ws/install
[1.745s] DEBUG:colcon.colcon_installed_package_information.package_discovery:Found 272 installed packages in /opt/ros/foxy
[1.752s] Level 1:colcon.colcon_core.package_discovery:discover_packages(prefix_path) using defaults
[1.996s] Level 5:colcon.colcon_core.verb:set package 'ackermann_mux' build argument 'cmake_args' from command line to 'None'
[1.996s] Level 5:colcon.colcon_core.verb:set package 'ackermann_mux' build argument 'cmake_target' from command line to 'None'
[1.996s] Level 5:colcon.colcon_core.verb:set package 'ackermann_mux' build argument 'cmake_target_skip_unavailable' from command line to 'False'
[1.996s] Level 5:colcon.colcon_core.verb:set package 'ackermann_mux' build argument 'cmake_clean_cache' from command line to 'False'
[1.997s] Level 5:colcon.colcon_core.verb:set package 'ackermann_mux' build argument 'cmake_clean_first' from command line to 'False'
[1.997s] Level 5:colcon.colcon_core.verb:set package 'ackermann_mux' build argument 'cmake_force_configure' from command line to 'False'
[1.997s] Level 5:colcon.colcon_core.verb:set package 'ackermann_mux' build argument 'ament_cmake_args' from command line to 'None'
[1.997s] Level 5:colcon.colcon_core.verb:set package 'ackermann_mux' build argument 'catkin_cmake_args' from command line to 'None'
[1.997s] Level 5:colcon.colcon_core.verb:set package 'ackermann_mux' build argument 'catkin_skip_building_tests' from command line to 'False'
[1.997s] DEBUG:colcon.colcon_core.verb:Building package 'ackermann_mux' with the following arguments: {'ament_cmake_args': None, 'build_base': '/home/cav330/f1tenth_ws/build/ackermann_mux', 'catkin_cmake_args': None, 'catkin_skip_building_tests': False, 'cmake_args': None, 'cmake_clean_cache': False, 'cmake_clean_first': False, 'cmake_force_configure': False, 'cmake_target': None, 'cmake_target_skip_unavailable': False, 'install_base': '/home/cav330/f1tenth_ws/install/ackermann_mux', 'merge_install': False, 'path': '/home/cav330/f1tenth_ws/src/f1tenth_system/ackermann_mux', 'symlink_install': False, 'test_result_base': None}
[1.999s] Level 5:colcon.colcon_core.verb:set package 'f1tenth_gym_ros' build argument 'cmake_args' from command line to 'None'
[1.999s] Level 5:colcon.colcon_core.verb:set package 'f1tenth_gym_ros' build argument 'cmake_target' from command line to 'None'
[1.999s] Level 5:colcon.colcon_core.verb:set package 'f1tenth_gym_ros' build argument 'cmake_target_skip_unavailable' from command line to 'False'
[1.999s] Level 5:colcon.colcon_core.verb:set package 'f1tenth_gym_ros' build argument 'cmake_clean_cache' from command line to 'False'
[1.999s] Level 5:colcon.colcon_core.verb:set package 'f1tenth_gym_ros' build argument 'cmake_clean_first' from command line to 'False'
[1.999s] Level 5:colcon.colcon_core.verb:set package 'f1tenth_gym_ros' build argument 'cmake_force_configure' from command line to 'False'
[1.999s] Level 5:colcon.colcon_core.verb:set package 'f1tenth_gym_ros' build argument 'ament_cmake_args' from command line to 'None'
[1.999s] Level 5:colcon.colcon_core.verb:set package 'f1tenth_gym_ros' build argument 'catkin_cmake_args' from command line to 'None'
[2.000s] Level 5:colcon.colcon_core.verb:set package 'f1tenth_gym_ros' build argument 'catkin_skip_building_tests' from command line to 'False'
[2.000s] DEBUG:colcon.colcon_core.verb:Building package 'f1tenth_gym_ros' with the following arguments: {'ament_cmake_args': None, 'build_base': '/home/cav330/f1tenth_ws/build/f1tenth_gym_ros', 'catkin_cmake_args': None, 'catkin_skip_building_tests': False, 'cmake_args': None, 'cmake_clean_cache': False, 'cmake_clean_first': False, 'cmake_force_configure': False, 'cmake_target': None, 'cmake_target_skip_unavailable': False, 'install_base': '/home/cav330/f1tenth_ws/install/f1tenth_gym_ros', 'merge_install': False, 'path': '/home/cav330/f1tenth_ws/src/f1tenth_gym_ros', 'symlink_install': False, 'test_result_base': None}
[2.001s] Level 5:colcon.colcon_core.verb:set package 'key_teleop' build argument 'cmake_args' from command line to 'None'
[2.001s] Level 5:colcon.colcon_core.verb:set package 'key_teleop' build argument 'cmake_target' from command line to 'None'
[2.001s] Level 5:colcon.colcon_core.verb:set package 'key_teleop' build argument 'cmake_target_skip_unavailable' from command line to 'False'
[2.002s] Level 5:colcon.colcon_core.verb:set package 'key_teleop' build argument 'cmake_clean_cache' from command line to 'False'
[2.002s] Level 5:colcon.colcon_core.verb:set package 'key_teleop' build argument 'cmake_clean_first' from command line to 'False'
[2.002s] Level 5:colcon.colcon_core.verb:set package 'key_teleop' build argument 'cmake_force_configure' from command line to 'False'
[2.002s] Level 5:colcon.colcon_core.verb:set package 'key_teleop' build argument 'ament_cmake_args' from command line to 'None'
[2.002s] Level 5:colcon.colcon_core.verb:set package 'key_teleop' build argument 'catkin_cmake_args' from command line to 'None'
[2.002s] Level 5:colcon.colcon_core.verb:set package 'key_teleop' build argument 'catkin_skip_building_tests' from command line to 'False'
[2.002s] DEBUG:colcon.colcon_core.verb:Building package 'key_teleop' with the following arguments: {'ament_cmake_args': None, 'build_base': '/home/cav330/f1tenth_ws/build/key_teleop', 'catkin_cmake_args': None, 'catkin_skip_building_tests': False, 'cmake_args': None, 'cmake_clean_cache': False, 'cmake_clean_first': False, 'cmake_force_configure': False, 'cmake_target': None, 'cmake_target_skip_unavailable': False, 'install_base': '/home/cav330/f1tenth_ws/install/key_teleop', 'merge_install': False, 'path': '/home/cav330/f1tenth_ws/src/f1tenth_system/teleop_tools/key_teleop', 'symlink_install': False, 'test_result_base': None}
[2.004s] Level 5:colcon.colcon_core.verb:set package 'mouse_teleop' build argument 'cmake_args' from command line to 'None'
[2.004s] Level 5:colcon.colcon_core.verb:set package 'mouse_teleop' build argument 'cmake_target' from command line to 'None'
[2.004s] Level 5:colcon.colcon_core.verb:set package 'mouse_teleop' build argument 'cmake_target_skip_unavailable' from command line to 'False'
[2.004s] Level 5:colcon.colcon_core.verb:set package 'mouse_teleop' build argument 'cmake_clean_cache' from command line to 'False'
[2.004s] Level 5:colcon.colcon_core.verb:set package 'mouse_teleop' build argument 'cmake_clean_first' from command line to 'False'
[2.004s] Level 5:colcon.colcon_core.verb:set package 'mouse_teleop' build argument 'cmake_force_configure' from command line to 'False'
[2.004s] Level 5:colcon.colcon_core.verb:set package 'mouse_teleop' build argument 'ament_cmake_args' from command line to 'None'
[2.004s] Level 5:colcon.colcon_core.verb:set package 'mouse_teleop' build argument 'catkin_cmake_args' from command line to 'None'
[2.005s] Level 5:colcon.colcon_core.verb:set package 'mouse_teleop' build argument 'catkin_skip_building_tests' from command line to 'False'
[2.005s] DEBUG:colcon.colcon_core.verb:Building package 'mouse_teleop' with the following arguments: {'ament_cmake_args': None, 'build_base': '/home/cav330/f1tenth_ws/build/mouse_teleop', 'catkin_cmake_args': None, 'catkin_skip_building_tests': False, 'cmake_args': None, 'cmake_clean_cache': False, 'cmake_clean_first': False, 'cmake_force_configure': False, 'cmake_target': None, 'cmake_target_skip_unavailable': False, 'install_base': '/home/cav330/f1tenth_ws/install/mouse_teleop', 'merge_install': False, 'path': '/home/cav330/f1tenth_ws/src/f1tenth_system/teleop_tools/mouse_teleop', 'symlink_install': False, 'test_result_base': None}
[2.006s] Level 5:colcon.colcon_core.verb:set package 'safety_node' build argument 'cmake_args' from command line to 'None'
[2.006s] Level 5:colcon.colcon_core.verb:set package 'safety_node' build argument 'cmake_target' from command line to 'None'
[2.006s] Level 5:colcon.colcon_core.verb:set package 'safety_node' build argument 'cmake_target_skip_unavailable' from command line to 'False'
[2.006s] Level 5:colcon.colcon_core.verb:set package 'safety_node' build argument 'cmake_clean_cache' from command line to 'False'
[2.006s] Level 5:colcon.colcon_core.verb:set package 'safety_node' build argument 'cmake_clean_first' from command line to 'False'
[2.007s] Level 5:colcon.colcon_core.verb:set package 'safety_node' build argument 'cmake_force_configure' from command line to 'False'
[2.007s] Level 5:colcon.colcon_core.verb:set package 'safety_node' build argument 'ament_cmake_args' from command line to 'None'
[2.007s] Level 5:colcon.colcon_core.verb:set package 'safety_node' build argument 'catkin_cmake_args' from command line to 'None'
[2.007s] Level 5:colcon.colcon_core.verb:set package 'safety_node' build argument 'catkin_skip_building_tests' from command line to 'False'
[2.007s] DEBUG:colcon.colcon_core.verb:Building package 'safety_node' with the following arguments: {'ament_cmake_args': None, 'build_base': '/home/cav330/f1tenth_ws/build/safety_node', 'catkin_cmake_args': None, 'catkin_skip_building_tests': False, 'cmake_args': None, 'cmake_clean_cache': False, 'cmake_clean_first': False, 'cmake_force_configure': False, 'cmake_target': None, 'cmake_target_skip_unavailable': False, 'install_base': '/home/cav330/f1tenth_ws/install/safety_node', 'merge_install': False, 'path': '/home/cav330/f1tenth_ws/src/safety_node', 'symlink_install': False, 'test_result_base': None}
[2.008s] Level 5:colcon.colcon_core.verb:set package 'teleop_tools_msgs' build argument 'cmake_args' from command line to 'None'
[2.009s] Level 5:colcon.colcon_core.verb:set package 'teleop_tools_msgs' build argument 'cmake_target' from command line to 'None'
[2.009s] Level 5:colcon.colcon_core.verb:set package 'teleop_tools_msgs' build argument 'cmake_target_skip_unavailable' from command line to 'False'
[2.009s] Level 5:colcon.colcon_core.verb:set package 'teleop_tools_msgs' build argument 'cmake_clean_cache' from command line to 'False'
[2.009s] Level 5:colcon.colcon_core.verb:set package 'teleop_tools_msgs' build argument 'cmake_clean_first' from command line to 'False'
[2.009s] Level 5:colcon.colcon_core.verb:set package 'teleop_tools_msgs' build argument 'cmake_force_configure' from command line to 'False'
[2.009s] Level 5:colcon.colcon_core.verb:set package 'teleop_tools_msgs' build argument 'ament_cmake_args' from command line to 'None'
[2.009s] Level 5:colcon.colcon_core.verb:set package 'teleop_tools_msgs' build argument 'catkin_cmake_args' from command line to 'None'
[2.009s] Level 5:colcon.colcon_core.verb:set package 'teleop_tools_msgs' build argument 'catkin_skip_building_tests' from command line to 'False'
[2.010s] DEBUG:colcon.colcon_core.verb:Building package 'teleop_tools_msgs' with the following arguments: {'ament_cmake_args': None, 'build_base': '/home/cav330/f1tenth_ws/build/teleop_tools_msgs', 'catkin_cmake_args': None, 'catkin_skip_building_tests': False, 'cmake_args': None, 'cmake_clean_cache': False, 'cmake_clean_first': False, 'cmake_force_configure': False, 'cmake_target': None, 'cmake_target_skip_unavailable': False, 'install_base': '/home/cav330/f1tenth_ws/install/teleop_tools_msgs', 'merge_install': False, 'path': '/home/cav330/f1tenth_ws/src/f1tenth_system/teleop_tools/teleop_tools_msgs', 'symlink_install': False, 'test_result_base': None}
[2.011s] Level 5:colcon.colcon_core.verb:set package 'vesc_msgs' build argument 'cmake_args' from command line to 'None'
[2.011s] Level 5:colcon.colcon_core.verb:set package 'vesc_msgs' build argument 'cmake_target' from command line to 'None'
[2.011s] Level 5:colcon.colcon_core.verb:set package 'vesc_msgs' build argument 'cmake_target_skip_unavailable' from command line to 'False'
[2.011s] Level 5:colcon.colcon_core.verb:set package 'vesc_msgs' build argument 'cmake_clean_cache' from command line to 'False'
[2.011s] Level 5:colcon.colcon_core.verb:set package 'vesc_msgs' build argument 'cmake_clean_first' from command line to 'False'
[2.011s] Level 5:colcon.colcon_core.verb:set package 'vesc_msgs' build argument 'cmake_force_configure' from command line to 'False'
[2.011s] Level 5:colcon.colcon_core.verb:set package 'vesc_msgs' build argument 'ament_cmake_args' from command line to 'None'
[2.012s] Level 5:colcon.colcon_core.verb:set package 'vesc_msgs' build argument 'catkin_cmake_args' from command line to 'None'
[2.012s] Level 5:colcon.colcon_core.verb:set package 'vesc_msgs' build argument 'catkin_skip_building_tests' from command line to 'False'
[2.012s] DEBUG:colcon.colcon_core.verb:Building package 'vesc_msgs' with the following arguments: {'ament_cmake_args': None, 'build_base': '/home/cav330/f1tenth_ws/build/vesc_msgs', 'catkin_cmake_args': None, 'catkin_skip_building_tests': False, 'cmake_args': None, 'cmake_clean_cache': False, 'cmake_clean_first': False, 'cmake_force_configure': False, 'cmake_target': None, 'cmake_target_skip_unavailable': False, 'install_base': '/home/cav330/f1tenth_ws/install/vesc_msgs', 'merge_install': False, 'path': '/home/cav330/f1tenth_ws/src/f1tenth_system/vesc/vesc_msgs', 'symlink_install': False, 'test_result_base': None}
[2.013s] Level 5:colcon.colcon_core.verb:set package 'wall_follow' build argument 'cmake_args' from command line to 'None'
[2.013s] Level 5:colcon.colcon_core.verb:set package 'wall_follow' build argument 'cmake_target' from command line to 'None'
[2.014s] Level 5:colcon.colcon_core.verb:set package 'wall_follow' build argument 'cmake_target_skip_unavailable' from command line to 'False'
[2.014s] Level 5:colcon.colcon_core.verb:set package 'wall_follow' build argument 'cmake_clean_cache' from command line to 'False'
[2.014s] Level 5:colcon.colcon_core.verb:set package 'wall_follow' build argument 'cmake_clean_first' from command line to 'False'
[2.014s] Level 5:colcon.colcon_core.verb:set package 'wall_follow' build argument 'cmake_force_configure' from command line to 'False'
[2.014s] Level 5:colcon.colcon_core.verb:set package 'wall_follow' build argument 'ament_cmake_args' from command line to 'None'
[2.014s] Level 5:colcon.colcon_core.verb:set package 'wall_follow' build argument 'catkin_cmake_args' from command line to 'None'
[2.014s] Level 5:colcon.colcon_core.verb:set package 'wall_follow' build argument 'catkin_skip_building_tests' from command line to 'False'
[2.014s] DEBUG:colcon.colcon_core.verb:Building package 'wall_follow' with the following arguments: {'ament_cmake_args': None, 'build_base': '/home/cav330/f1tenth_ws/build/wall_follow', 'catkin_cmake_args': None, 'catkin_skip_building_tests': False, 'cmake_args': None, 'cmake_clean_cache': False, 'cmake_clean_first': False, 'cmake_force_configure': False, 'cmake_target': None, 'cmake_target_skip_unavailable': False, 'install_base': '/home/cav330/f1tenth_ws/install/wall_follow', 'merge_install': False, 'path': '/home/cav330/f1tenth_ws/src/wall_follow', 'symlink_install': False, 'test_result_base': None}
[2.016s] Level 5:colcon.colcon_core.verb:set package 'joy_teleop' build argument 'cmake_args' from command line to 'None'
[2.016s] Level 5:colcon.colcon_core.verb:set package 'joy_teleop' build argument 'cmake_target' from command line to 'None'
[2.016s] Level 5:colcon.colcon_core.verb:set package 'joy_teleop' build argument 'cmake_target_skip_unavailable' from command line to 'False'
[2.016s] Level 5:colcon.colcon_core.verb:set package 'joy_teleop' build argument 'cmake_clean_cache' from command line to 'False'
[2.016s] Level 5:colcon.colcon_core.verb:set package 'joy_teleop' build argument 'cmake_clean_first' from command line to 'False'
[2.016s] Level 5:colcon.colcon_core.verb:set package 'joy_teleop' build argument 'cmake_force_configure' from command line to 'False'
[2.016s] Level 5:colcon.colcon_core.verb:set package 'joy_teleop' build argument 'ament_cmake_args' from command line to 'None'
[2.017s] Level 5:colcon.colcon_core.verb:set package 'joy_teleop' build argument 'catkin_cmake_args' from command line to 'None'
[2.017s] Level 5:colcon.colcon_core.verb:set package 'joy_teleop' build argument 'catkin_skip_building_tests' from command line to 'False'
[2.017s] DEBUG:colcon.colcon_core.verb:Building package 'joy_teleop' with the following arguments: {'ament_cmake_args': None, 'build_base': '/home/cav330/f1tenth_ws/build/joy_teleop', 'catkin_cmake_args': None, 'catkin_skip_building_tests': False, 'cmake_args': None, 'cmake_clean_cache': False, 'cmake_clean_first': False, 'cmake_force_configure': False, 'cmake_target': None, 'cmake_target_skip_unavailable': False, 'install_base': '/home/cav330/f1tenth_ws/install/joy_teleop', 'merge_install': False, 'path': '/home/cav330/f1tenth_ws/src/f1tenth_system/teleop_tools/joy_teleop', 'symlink_install': False, 'test_result_base': None}
[2.018s] Level 5:colcon.colcon_core.verb:set package 'vesc_ackermann' build argument 'cmake_args' from command line to 'None'
[2.019s] Level 5:colcon.colcon_core.verb:set package 'vesc_ackermann' build argument 'cmake_target' from command line to 'None'
[2.019s] Level 5:colcon.colcon_core.verb:set package 'vesc_ackermann' build argument 'cmake_target_skip_unavailable' from command line to 'False'
[2.019s] Level 5:colcon.colcon_core.verb:set package 'vesc_ackermann' build argument 'cmake_clean_cache' from command line to 'False'
[2.019s] Level 5:colcon.colcon_core.verb:set package 'vesc_ackermann' build argument 'cmake_clean_first' from command line to 'False'
[2.019s] Level 5:colcon.colcon_core.verb:set package 'vesc_ackermann' build argument 'cmake_force_configure' from command line to 'False'
[2.019s] Level 5:colcon.colcon_core.verb:set package 'vesc_ackermann' build argument 'ament_cmake_args' from command line to 'None'
[2.019s] Level 5:colcon.colcon_core.verb:set package 'vesc_ackermann' build argument 'catkin_cmake_args' from command line to 'None'
[2.019s] Level 5:colcon.colcon_core.verb:set package 'vesc_ackermann' build argument 'catkin_skip_building_tests' from command line to 'False'
[2.020s] DEBUG:colcon.colcon_core.verb:Building package 'vesc_ackermann' with the following arguments: {'ament_cmake_args': None, 'build_base': '/home/cav330/f1tenth_ws/build/vesc_ackermann', 'catkin_cmake_args': None, 'catkin_skip_building_tests': False, 'cmake_args': None, 'cmake_clean_cache': False, 'cmake_clean_first': False, 'cmake_force_configure': False, 'cmake_target': None, 'cmake_target_skip_unavailable': False, 'install_base': '/home/cav330/f1tenth_ws/install/vesc_ackermann', 'merge_install': False, 'path': '/home/cav330/f1tenth_ws/src/f1tenth_system/vesc/vesc_ackermann', 'symlink_install': False, 'test_result_base': None}
[2.021s] Level 5:colcon.colcon_core.verb:set package 'vesc_driver' build argument 'cmake_args' from command line to 'None'
[2.021s] Level 5:colcon.colcon_core.verb:set package 'vesc_driver' build argument 'cmake_target' from command line to 'None'
[2.021s] Level 5:colcon.colcon_core.verb:set package 'vesc_driver' build argument 'cmake_target_skip_unavailable' from command line to 'False'
[2.021s] Level 5:colcon.colcon_core.verb:set package 'vesc_driver' build argument 'cmake_clean_cache' from command line to 'False'
[2.021s] Level 5:colcon.colcon_core.verb:set package 'vesc_driver' build argument 'cmake_clean_first' from command line to 'False'
[2.022s] Level 5:colcon.colcon_core.verb:set package 'vesc_driver' build argument 'cmake_force_configure' from command line to 'False'
[2.022s] Level 5:colcon.colcon_core.verb:set package 'vesc_driver' build argument 'ament_cmake_args' from command line to 'None'
[2.022s] Level 5:colcon.colcon_core.verb:set package 'vesc_driver' build argument 'catkin_cmake_args' from command line to 'None'
[2.022s] Level 5:colcon.colcon_core.verb:set package 'vesc_driver' build argument 'catkin_skip_building_tests' from command line to 'False'
[2.022s] DEBUG:colcon.colcon_core.verb:Building package 'vesc_driver' with the following arguments: {'ament_cmake_args': None, 'build_base': '/home/cav330/f1tenth_ws/build/vesc_driver', 'catkin_cmake_args': None, 'catkin_skip_building_tests': False, 'cmake_args': None, 'cmake_clean_cache': False, 'cmake_clean_first': False, 'cmake_force_configure': False, 'cmake_target': None, 'cmake_target_skip_unavailable': False, 'install_base': '/home/cav330/f1tenth_ws/install/vesc_driver', 'merge_install': False, 'path': '/home/cav330/f1tenth_ws/src/f1tenth_system/vesc/vesc_driver', 'symlink_install': False, 'test_result_base': None}
[2.023s] Level 5:colcon.colcon_core.verb:set package 'teleop_tools' build argument 'cmake_args' from command line to 'None'
[2.023s] Level 5:colcon.colcon_core.verb:set package 'teleop_tools' build argument 'cmake_target' from command line to 'None'
[2.024s] Level 5:colcon.colcon_core.verb:set package 'teleop_tools' build argument 'cmake_target_skip_unavailable' from command line to 'False'
[2.024s] Level 5:colcon.colcon_core.verb:set package 'teleop_tools' build argument 'cmake_clean_cache' from command line to 'False'
[2.024s] Level 5:colcon.colcon_core.verb:set package 'teleop_tools' build argument 'cmake_clean_first' from command line to 'False'
[2.024s] Level 5:colcon.colcon_core.verb:set package 'teleop_tools' build argument 'cmake_force_configure' from command line to 'False'
[2.024s] Level 5:colcon.colcon_core.verb:set package 'teleop_tools' build argument 'ament_cmake_args' from command line to 'None'
[2.024s] Level 5:colcon.colcon_core.verb:set package 'teleop_tools' build argument 'catkin_cmake_args' from command line to 'None'
[2.024s] Level 5:colcon.colcon_core.verb:set package 'teleop_tools' build argument 'catkin_skip_building_tests' from command line to 'False'
[2.024s] DEBUG:colcon.colcon_core.verb:Building package 'teleop_tools' with the following arguments: {'ament_cmake_args': None, 'build_base': '/home/cav330/f1tenth_ws/build/teleop_tools', 'catkin_cmake_args': None, 'catkin_skip_building_tests': False, 'cmake_args': None, 'cmake_clean_cache': False, 'cmake_clean_first': False, 'cmake_force_configure': False, 'cmake_target': None, 'cmake_target_skip_unavailable': False, 'install_base': '/home/cav330/f1tenth_ws/install/teleop_tools', 'merge_install': False, 'path': '/home/cav330/f1tenth_ws/src/f1tenth_system/teleop_tools/teleop_tools', 'symlink_install': False, 'test_result_base': None}
[2.026s] Level 5:colcon.colcon_core.verb:set package 'vesc' build argument 'cmake_args' from command line to 'None'
[2.026s] Level 5:colcon.colcon_core.verb:set package 'vesc' build argument 'cmake_target' from command line to 'None'
[2.026s] Level 5:colcon.colcon_core.verb:set package 'vesc' build argument 'cmake_target_skip_unavailable' from command line to 'False'
[2.026s] Level 5:colcon.colcon_core.verb:set package 'vesc' build argument 'cmake_clean_cache' from command line to 'False'
[2.026s] Level 5:colcon.colcon_core.verb:set package 'vesc' build argument 'cmake_clean_first' from command line to 'False'
[2.026s] Level 5:colcon.colcon_core.verb:set package 'vesc' build argument 'cmake_force_configure' from command line to 'False'
[2.026s] Level 5:colcon.colcon_core.verb:set package 'vesc' build argument 'ament_cmake_args' from command line to 'None'
[2.026s] Level 5:colcon.colcon_core.verb:set package 'vesc' build argument 'catkin_cmake_args' from command line to 'None'
[2.027s] Level 5:colcon.colcon_core.verb:set package 'vesc' build argument 'catkin_skip_building_tests' from command line to 'False'
[2.027s] DEBUG:colcon.colcon_core.verb:Building package 'vesc' with the following arguments: {'ament_cmake_args': None, 'build_base': '/home/cav330/f1tenth_ws/build/vesc', 'catkin_cmake_args': None, 'catkin_skip_building_tests': False, 'cmake_args': None, 'cmake_clean_cache': False, 'cmake_clean_first': False, 'cmake_force_configure': False, 'cmake_target': None, 'cmake_target_skip_unavailable': False, 'install_base': '/home/cav330/f1tenth_ws/install/vesc', 'merge_install': False, 'path': '/home/cav330/f1tenth_ws/src/f1tenth_system/vesc/vesc', 'symlink_install': False, 'test_result_base': None}
[2.028s] Level 5:colcon.colcon_core.verb:set package 'f1tenth_stack' build argument 'cmake_args' from command line to 'None'
[2.028s] Level 5:colcon.colcon_core.verb:set package 'f1tenth_stack' build argument 'cmake_target' from command line to 'None'
[2.028s] Level 5:colcon.colcon_core.verb:set package 'f1tenth_stack' build argument 'cmake_target_skip_unavailable' from command line to 'False'
[2.028s] Level 5:colcon.colcon_core.verb:set package 'f1tenth_stack' build argument 'cmake_clean_cache' from command line to 'False'
[2.029s] Level 5:colcon.colcon_core.verb:set package 'f1tenth_stack' build argument 'cmake_clean_first' from command line to 'False'
[2.029s] Level 5:colcon.colcon_core.verb:set package 'f1tenth_stack' build argument 'cmake_force_configure' from command line to 'False'
[2.029s] Level 5:colcon.colcon_core.verb:set package 'f1tenth_stack' build argument 'ament_cmake_args' from command line to 'None'
[2.029s] Level 5:colcon.colcon_core.verb:set package 'f1tenth_stack' build argument 'catkin_cmake_args' from command line to 'None'
[2.029s] Level 5:colcon.colcon_core.verb:set package 'f1tenth_stack' build argument 'catkin_skip_building_tests' from command line to 'False'
[2.029s] DEBUG:colcon.colcon_core.verb:Building package 'f1tenth_stack' with the following arguments: {'ament_cmake_args': None, 'build_base': '/home/cav330/f1tenth_ws/build/f1tenth_stack', 'catkin_cmake_args': None, 'catkin_skip_building_tests': False, 'cmake_args': None, 'cmake_clean_cache': False, 'cmake_clean_first': False, 'cmake_force_configure': False, 'cmake_target': None, 'cmake_target_skip_unavailable': False, 'install_base': '/home/cav330/f1tenth_ws/install/f1tenth_stack', 'merge_install': False, 'path': '/home/cav330/f1tenth_ws/src/f1tenth_system/f1tenth_stack', 'symlink_install': False, 'test_result_base': None}
[2.030s] INFO:colcon.colcon_core.executor:Executing jobs using 'parallel' executor
[2.034s] DEBUG:colcon.colcon_parallel_executor.executor.parallel:run_until_complete
[2.035s] INFO:colcon.colcon_ros.task.ament_cmake.build:Building ROS package in '/home/cav330/f1tenth_ws/src/f1tenth_system/vesc/vesc_msgs' with build type 'ament_cmake'
[2.036s] INFO:colcon.colcon_cmake.task.cmake.build:Building CMake package in '/home/cav330/f1tenth_ws/src/f1tenth_system/vesc/vesc_msgs'
[2.047s] INFO:colcon.colcon_core.plugin_system:Skipping extension 'colcon_core.shell.bat': Not used on non-Windows systems
[2.048s] INFO:colcon.colcon_core.shell:Skip shell extension 'powershell' for command environment: Not usable outside of PowerShell
[2.048s] DEBUG:colcon.colcon_core.shell:Skip shell extension 'dsv' for command environment
[2.075s] INFO:colcon.colcon_ros.task.ament_cmake.build:Building ROS package in '/home/cav330/f1tenth_ws/src/f1tenth_system/teleop_tools/teleop_tools_msgs' with build type 'ament_cmake'
[2.085s] INFO:colcon.colcon_cmake.task.cmake.build:Building CMake package in '/home/cav330/f1tenth_ws/src/f1tenth_system/teleop_tools/teleop_tools_msgs'
[2.087s] INFO:colcon.colcon_core.shell:Skip shell extension 'powershell' for command environment: Not usable outside of PowerShell
[2.088s] DEBUG:colcon.colcon_core.shell:Skip shell extension 'dsv' for command environment
[2.123s] INFO:colcon.colcon_ros.task.ament_cmake.build:Building ROS package in '/home/cav330/f1tenth_ws/src/f1tenth_system/ackermann_mux' with build type 'ament_cmake'
[2.127s] INFO:colcon.colcon_cmake.task.cmake.build:Building CMake package in '/home/cav330/f1tenth_ws/src/f1tenth_system/ackermann_mux'
[2.130s] INFO:colcon.colcon_core.shell:Skip shell extension 'powershell' for command environment: Not usable outside of PowerShell
[2.131s] DEBUG:colcon.colcon_core.shell:Skip shell extension 'dsv' for command environment
[2.170s] INFO:colcon.colcon_ros.task.ament_python.build:Building ROS package in '/home/cav330/f1tenth_ws/src/f1tenth_system/teleop_tools/key_teleop' with build type 'ament_python'
[2.174s] Level 1:colcon.colcon_core.shell:create_environment_hook('key_teleop', 'ament_prefix_path')
[2.178s] INFO:colcon.colcon_core.shell:Creating environment hook '/home/cav330/f1tenth_ws/install/key_teleop/share/key_teleop/hook/ament_prefix_path.ps1'
[2.191s] INFO:colcon.colcon_core.shell:Creating environment descriptor '/home/cav330/f1tenth_ws/install/key_teleop/share/key_teleop/hook/ament_prefix_path.dsv'
[2.193s] INFO:colcon.colcon_core.shell:Creating environment hook '/home/cav330/f1tenth_ws/install/key_teleop/share/key_teleop/hook/ament_prefix_path.sh'
[2.198s] INFO:colcon.colcon_core.shell:Skip shell extension 'powershell' for command environment: Not usable outside of PowerShell
[2.198s] DEBUG:colcon.colcon_core.shell:Skip shell extension 'dsv' for command environment
[2.255s] DEBUG:colcon.colcon_core.event_handler.log_command:Invoking command in '/home/cav330/f1tenth_ws/build/vesc_msgs': CMAKE_PREFIX_PATH=${CMAKE_PREFIX_PATH}:/home/cav330/f1tenth_ws/install/f1tenth_stack:/home/cav330/f1tenth_ws/install/joy_teleop:/home/cav330/f1tenth_ws/install/mouse_teleop:/home/cav330/f1tenth_ws/install/key_teleop:/home/cav330/f1tenth_ws/install/f1tenth_gym_ros:/opt/ros/foxy NX_CONNECTION=192.168.33.135 50807 192.168.33.130 4000 /usr/bin/cmake --build /home/cav330/f1tenth_ws/build/vesc_msgs -- -j4 -l4
[2.302s] DEBUG:colcon.colcon_core.event_handler.log_command:Invoking command in '/home/cav330/f1tenth_ws/build/teleop_tools_msgs': CMAKE_PREFIX_PATH=${CMAKE_PREFIX_PATH}:/home/cav330/f1tenth_ws/install/f1tenth_stack:/home/cav330/f1tenth_ws/install/joy_teleop:/home/cav330/f1tenth_ws/install/mouse_teleop:/home/cav330/f1tenth_ws/install/key_teleop:/home/cav330/f1tenth_ws/install/f1tenth_gym_ros:/opt/ros/foxy NX_CONNECTION=192.168.33.135 50807 192.168.33.130 4000 /usr/bin/cmake --build /home/cav330/f1tenth_ws/build/teleop_tools_msgs -- -j4 -l4
[2.328s] DEBUG:colcon.colcon_core.event_handler.log_command:Invoking command in '/home/cav330/f1tenth_ws/build/ackermann_mux': CMAKE_PREFIX_PATH=${CMAKE_PREFIX_PATH}:/home/cav330/f1tenth_ws/install/f1tenth_stack:/home/cav330/f1tenth_ws/install/joy_teleop:/home/cav330/f1tenth_ws/install/mouse_teleop:/home/cav330/f1tenth_ws/install/key_teleop:/home/cav330/f1tenth_ws/install/f1tenth_gym_ros:/opt/ros/foxy NX_CONNECTION=192.168.33.135 50807 192.168.33.130 4000 /usr/bin/cmake --build /home/cav330/f1tenth_ws/build/ackermann_mux -- -j4 -l4
[3.906s] INFO:colcon.colcon_core.task.python.build:Building Python package in '/home/cav330/f1tenth_ws/src/f1tenth_system/teleop_tools/key_teleop'
[3.922s] INFO:colcon.colcon_core.shell:Skip shell extension 'powershell' for command environment: Not usable outside of PowerShell
[3.922s] DEBUG:colcon.colcon_core.shell:Skip shell extension 'dsv' for command environment
[4.035s] DEBUG:colcon.colcon_core.event_handler.log_command:Invoked command in '/home/cav330/f1tenth_ws/build/ackermann_mux' returned '0': CMAKE_PREFIX_PATH=${CMAKE_PREFIX_PATH}:/home/cav330/f1tenth_ws/install/f1tenth_stack:/home/cav330/f1tenth_ws/install/joy_teleop:/home/cav330/f1tenth_ws/install/mouse_teleop:/home/cav330/f1tenth_ws/install/key_teleop:/home/cav330/f1tenth_ws/install/f1tenth_gym_ros:/opt/ros/foxy NX_CONNECTION=192.168.33.135 50807 192.168.33.130 4000 /usr/bin/cmake --build /home/cav330/f1tenth_ws/build/ackermann_mux -- -j4 -l4
[4.109s] DEBUG:colcon.colcon_core.event_handler.log_command:Invoking command in '/home/cav330/f1tenth_ws/build/ackermann_mux': CMAKE_PREFIX_PATH=${CMAKE_PREFIX_PATH}:/home/cav330/f1tenth_ws/install/f1tenth_stack:/home/cav330/f1tenth_ws/install/joy_teleop:/home/cav330/f1tenth_ws/install/mouse_teleop:/home/cav330/f1tenth_ws/install/key_teleop:/home/cav330/f1tenth_ws/install/f1tenth_gym_ros:/opt/ros/foxy NX_CONNECTION=192.168.33.135 50807 192.168.33.130 4000 /usr/bin/cmake --install /home/cav330/f1tenth_ws/build/ackermann_mux
[4.120s] DEBUG:colcon.colcon_core.event_handler.log_command:Invoked command in '/home/cav330/f1tenth_ws/build/teleop_tools_msgs' returned '0': CMAKE_PREFIX_PATH=${CMAKE_PREFIX_PATH}:/home/cav330/f1tenth_ws/install/f1tenth_stack:/home/cav330/f1tenth_ws/install/joy_teleop:/home/cav330/f1tenth_ws/install/mouse_teleop:/home/cav330/f1tenth_ws/install/key_teleop:/home/cav330/f1tenth_ws/install/f1tenth_gym_ros:/opt/ros/foxy NX_CONNECTION=192.168.33.135 50807 192.168.33.130 4000 /usr/bin/cmake --build /home/cav330/f1tenth_ws/build/teleop_tools_msgs -- -j4 -l4
[4.135s] DEBUG:colcon.colcon_core.event_handler.log_command:Invoking command in '/home/cav330/f1tenth_ws/build/teleop_tools_msgs': CMAKE_PREFIX_PATH=${CMAKE_PREFIX_PATH}:/home/cav330/f1tenth_ws/install/f1tenth_stack:/home/cav330/f1tenth_ws/install/joy_teleop:/home/cav330/f1tenth_ws/install/mouse_teleop:/home/cav330/f1tenth_ws/install/key_teleop:/home/cav330/f1tenth_ws/install/f1tenth_gym_ros:/opt/ros/foxy NX_CONNECTION=192.168.33.135 50807 192.168.33.130 4000 /usr/bin/cmake --install /home/cav330/f1tenth_ws/build/teleop_tools_msgs
[4.147s] DEBUG:colcon.colcon_core.event_handler.log_command:Invoked command in '/home/cav330/f1tenth_ws/build/vesc_msgs' returned '0': CMAKE_PREFIX_PATH=${CMAKE_PREFIX_PATH}:/home/cav330/f1tenth_ws/install/f1tenth_stack:/home/cav330/f1tenth_ws/install/joy_teleop:/home/cav330/f1tenth_ws/install/mouse_teleop:/home/cav330/f1tenth_ws/install/key_teleop:/home/cav330/f1tenth_ws/install/f1tenth_gym_ros:/opt/ros/foxy NX_CONNECTION=192.168.33.135 50807 192.168.33.130 4000 /usr/bin/cmake --build /home/cav330/f1tenth_ws/build/vesc_msgs -- -j4 -l4
[4.163s] DEBUG:colcon.colcon_core.event_handler.log_command:Invoking command in '/home/cav330/f1tenth_ws/build/vesc_msgs': CMAKE_PREFIX_PATH=${CMAKE_PREFIX_PATH}:/home/cav330/f1tenth_ws/install/f1tenth_stack:/home/cav330/f1tenth_ws/install/joy_teleop:/home/cav330/f1tenth_ws/install/mouse_teleop:/home/cav330/f1tenth_ws/install/key_teleop:/home/cav330/f1tenth_ws/install/f1tenth_gym_ros:/opt/ros/foxy NX_CONNECTION=192.168.33.135 50807 192.168.33.130 4000 /usr/bin/cmake --install /home/cav330/f1tenth_ws/build/vesc_msgs
[4.191s] Level 1:colcon.colcon_core.environment:create_environment_scripts_only(ackermann_mux)
[4.207s] DEBUG:colcon.colcon_core.event_handler.log_command:Invoked command in '/home/cav330/f1tenth_ws/build/ackermann_mux' returned '0': CMAKE_PREFIX_PATH=${CMAKE_PREFIX_PATH}:/home/cav330/f1tenth_ws/install/f1tenth_stack:/home/cav330/f1tenth_ws/install/joy_teleop:/home/cav330/f1tenth_ws/install/mouse_teleop:/home/cav330/f1tenth_ws/install/key_teleop:/home/cav330/f1tenth_ws/install/f1tenth_gym_ros:/opt/ros/foxy NX_CONNECTION=192.168.33.135 50807 192.168.33.130 4000 /usr/bin/cmake --install /home/cav330/f1tenth_ws/build/ackermann_mux
[4.236s] Level 1:colcon.colcon_core.environment:checking '/home/cav330/f1tenth_ws/install/ackermann_mux' for CMake module files
[4.249s] Level 1:colcon.colcon_core.environment:checking '/home/cav330/f1tenth_ws/install/ackermann_mux' for CMake config files
[4.290s] Level 1:colcon.colcon_core.shell:create_environment_hook('ackermann_mux', 'cmake_prefix_path')
[4.294s] INFO:colcon.colcon_core.shell:Creating environment hook '/home/cav330/f1tenth_ws/install/ackermann_mux/share/ackermann_mux/hook/cmake_prefix_path.ps1'
[4.299s] INFO:colcon.colcon_core.shell:Creating environment descriptor '/home/cav330/f1tenth_ws/install/ackermann_mux/share/ackermann_mux/hook/cmake_prefix_path.dsv'
[4.301s] INFO:colcon.colcon_core.shell:Creating environment hook '/home/cav330/f1tenth_ws/install/ackermann_mux/share/ackermann_mux/hook/cmake_prefix_path.sh'
[4.307s] Level 1:colcon.colcon_core.environment:checking '/home/cav330/f1tenth_ws/install/ackermann_mux/lib'
[4.308s] Level 1:colcon.colcon_core.environment:checking '/home/cav330/f1tenth_ws/install/ackermann_mux/bin'
[4.308s] Level 1:colcon.colcon_core.environment:checking '/home/cav330/f1tenth_ws/install/ackermann_mux/lib/pkgconfig/ackermann_mux.pc'
[4.309s] Level 1:colcon.colcon_core.environment:checking '/home/cav330/f1tenth_ws/install/ackermann_mux/lib/python3.8/site-packages'
[4.322s] Level 1:colcon.colcon_core.environment:checking '/home/cav330/f1tenth_ws/install/ackermann_mux/bin'
[4.323s] INFO:colcon.colcon_core.shell:Creating package script '/home/cav330/f1tenth_ws/install/ackermann_mux/share/ackermann_mux/package.ps1'
[4.328s] INFO:colcon.colcon_core.shell:Creating package descriptor '/home/cav330/f1tenth_ws/install/ackermann_mux/share/ackermann_mux/package.dsv'
[4.331s] INFO:colcon.colcon_core.shell:Creating package script '/home/cav330/f1tenth_ws/install/ackermann_mux/share/ackermann_mux/package.sh'
[4.341s] INFO:colcon.colcon_core.shell:Creating package script '/home/cav330/f1tenth_ws/install/ackermann_mux/share/ackermann_mux/package.bash'
[4.344s] INFO:colcon.colcon_core.shell:Creating package script '/home/cav330/f1tenth_ws/install/ackermann_mux/share/ackermann_mux/package.zsh'
[4.347s] Level 1:colcon.colcon_core.environment:create_file_with_runtime_dependencies(/home/cav330/f1tenth_ws/install/ackermann_mux/share/colcon-core/packages/ackermann_mux)
[4.354s] Level 1:colcon.colcon_core.environment:create_environment_scripts_only(ackermann_mux)
[4.356s] Level 1:colcon.colcon_core.environment:checking '/home/cav330/f1tenth_ws/install/ackermann_mux' for CMake module files
[4.358s] Level 1:colcon.colcon_core.environment:checking '/home/cav330/f1tenth_ws/install/ackermann_mux' for CMake config files
[4.360s] Level 1:colcon.colcon_core.shell:create_environment_hook('ackermann_mux', 'cmake_prefix_path')
[4.362s] INFO:colcon.colcon_core.shell:Creating environment hook '/home/cav330/f1tenth_ws/install/ackermann_mux/share/ackermann_mux/hook/cmake_prefix_path.ps1'
[4.364s] INFO:colcon.colcon_core.shell:Creating environment descriptor '/home/cav330/f1tenth_ws/install/ackermann_mux/share/ackermann_mux/hook/cmake_prefix_path.dsv'
[4.366s] INFO:colcon.colcon_core.shell:Creating environment hook '/home/cav330/f1tenth_ws/install/ackermann_mux/share/ackermann_mux/hook/cmake_prefix_path.sh'
[4.370s] Level 1:colcon.colcon_core.environment:checking '/home/cav330/f1tenth_ws/install/ackermann_mux/lib'
[4.370s] Level 1:colcon.colcon_core.environment:checking '/home/cav330/f1tenth_ws/install/ackermann_mux/bin'
[4.371s] Level 1:colcon.colcon_core.environment:checking '/home/cav330/f1tenth_ws/install/ackermann_mux/lib/pkgconfig/ackermann_mux.pc'
[4.371s] Level 1:colcon.colcon_core.environment:checking '/home/cav330/f1tenth_ws/install/ackermann_mux/lib/python3.8/site-packages'
[4.372s] Level 1:colcon.colcon_core.environment:checking '/home/cav330/f1tenth_ws/install/ackermann_mux/bin'
[4.373s] INFO:colcon.colcon_core.shell:Creating package script '/home/cav330/f1tenth_ws/install/ackermann_mux/share/ackermann_mux/package.ps1'
[4.375s] INFO:colcon.colcon_core.shell:Creating package descriptor '/home/cav330/f1tenth_ws/install/ackermann_mux/share/ackermann_mux/package.dsv'
[4.378s] INFO:colcon.colcon_core.shell:Creating package script '/home/cav330/f1tenth_ws/install/ackermann_mux/share/ackermann_mux/package.sh'
[4.382s] INFO:colcon.colcon_core.shell:Creating package script '/home/cav330/f1tenth_ws/install/ackermann_mux/share/ackermann_mux/package.bash'
[4.388s] INFO:colcon.colcon_core.shell:Creating package script '/home/cav330/f1tenth_ws/install/ackermann_mux/share/ackermann_mux/package.zsh'
[4.390s] Level 1:colcon.colcon_core.environment:create_file_with_runtime_dependencies(/home/cav330/f1tenth_ws/install/ackermann_mux/share/colcon-core/packages/ackermann_mux)
[4.395s] INFO:colcon.colcon_ros.task.ament_python.build:Building ROS package in '/home/cav330/f1tenth_ws/src/f1tenth_gym_ros' with build type 'ament_python'
[4.396s] Level 1:colcon.colcon_core.shell:create_environment_hook('f1tenth_gym_ros', 'ament_prefix_path')
[4.397s] INFO:colcon.colcon_core.shell:Creating environment hook '/home/cav330/f1tenth_ws/install/f1tenth_gym_ros/share/f1tenth_gym_ros/hook/ament_prefix_path.ps1'
[4.399s] INFO:colcon.colcon_core.shell:Creating environment descriptor '/home/cav330/f1tenth_ws/install/f1tenth_gym_ros/share/f1tenth_gym_ros/hook/ament_prefix_path.dsv'
[4.401s] INFO:colcon.colcon_core.shell:Creating environment hook '/home/cav330/f1tenth_ws/install/f1tenth_gym_ros/share/f1tenth_gym_ros/hook/ament_prefix_path.sh'
[4.403s] INFO:colcon.colcon_core.shell:Skip shell extension 'powershell' for command environment: Not usable outside of PowerShell
[4.404s] DEBUG:colcon.colcon_core.shell:Skip shell extension 'dsv' for command environment
[5.503s] INFO:colcon.colcon_core.task.python.build:Building Python package in '/home/cav330/f1tenth_ws/src/f1tenth_gym_ros'
[5.507s] INFO:colcon.colcon_core.shell:Skip shell extension 'powershell' for command environment: Not usable outside of PowerShell
[5.507s] DEBUG:colcon.colcon_core.shell:Skip shell extension 'dsv' for command environment
[5.549s] Level 1:colcon.colcon_core.environment:create_environment_scripts_only(teleop_tools_msgs)
[5.552s] Level 1:colcon.colcon_core.environment:checking '/home/cav330/f1tenth_ws/install/teleop_tools_msgs' for CMake module files
[5.555s] DEBUG:colcon.colcon_core.event_handler.log_command:Invoked command in '/home/cav330/f1tenth_ws/build/teleop_tools_msgs' returned '0': CMAKE_PREFIX_PATH=${CMAKE_PREFIX_PATH}:/home/cav330/f1tenth_ws/install/f1tenth_stack:/home/cav330/f1tenth_ws/install/joy_teleop:/home/cav330/f1tenth_ws/install/mouse_teleop:/home/cav330/f1tenth_ws/install/key_teleop:/home/cav330/f1tenth_ws/install/f1tenth_gym_ros:/opt/ros/foxy NX_CONNECTION=192.168.33.135 50807 192.168.33.130 4000 /usr/bin/cmake --install /home/cav330/f1tenth_ws/build/teleop_tools_msgs
[5.558s] Level 1:colcon.colcon_core.environment:checking '/home/cav330/f1tenth_ws/install/teleop_tools_msgs' for CMake config files
[5.560s] Level 1:colcon.colcon_core.shell:create_environment_hook('teleop_tools_msgs', 'cmake_prefix_path')
[5.562s] INFO:colcon.colcon_core.shell:Creating environment hook '/home/cav330/f1tenth_ws/install/teleop_tools_msgs/share/teleop_tools_msgs/hook/cmake_prefix_path.ps1'
[5.565s] INFO:colcon.colcon_core.shell:Creating environment descriptor '/home/cav330/f1tenth_ws/install/teleop_tools_msgs/share/teleop_tools_msgs/hook/cmake_prefix_path.dsv'
[5.567s] INFO:colcon.colcon_core.shell:Creating environment hook '/home/cav330/f1tenth_ws/install/teleop_tools_msgs/share/teleop_tools_msgs/hook/cmake_prefix_path.sh'
[5.570s] Level 1:colcon.colcon_core.environment:checking '/home/cav330/f1tenth_ws/install/teleop_tools_msgs/lib'
[5.570s] Level 1:colcon.colcon_core.shell:create_environment_hook('teleop_tools_msgs', 'ld_library_path_lib')
[5.571s] INFO:colcon.colcon_core.shell:Creating environment hook '/home/cav330/f1tenth_ws/install/teleop_tools_msgs/share/teleop_tools_msgs/hook/ld_library_path_lib.ps1'
[5.573s] INFO:colcon.colcon_core.shell:Creating environment descriptor '/home/cav330/f1tenth_ws/install/teleop_tools_msgs/share/teleop_tools_msgs/hook/ld_library_path_lib.dsv'
[5.575s] INFO:colcon.colcon_core.shell:Creating environment hook '/home/cav330/f1tenth_ws/install/teleop_tools_msgs/share/teleop_tools_msgs/hook/ld_library_path_lib.sh'
[5.577s] Level 1:colcon.colcon_core.environment:checking '/home/cav330/f1tenth_ws/install/teleop_tools_msgs/bin'
[5.577s] Level 1:colcon.colcon_core.environment:checking '/home/cav330/f1tenth_ws/install/teleop_tools_msgs/lib/pkgconfig/teleop_tools_msgs.pc'
[5.578s] Level 1:colcon.colcon_core.environment:checking '/home/cav330/f1tenth_ws/install/teleop_tools_msgs/lib/python3.8/site-packages'
[5.578s] Level 1:colcon.colcon_core.shell:create_environment_hook('teleop_tools_msgs', 'pythonpath')
[5.579s] INFO:colcon.colcon_core.shell:Creating environment hook '/home/cav330/f1tenth_ws/install/teleop_tools_msgs/share/teleop_tools_msgs/hook/pythonpath.ps1'
[5.582s] INFO:colcon.colcon_core.shell:Creating environment descriptor '/home/cav330/f1tenth_ws/install/teleop_tools_msgs/share/teleop_tools_msgs/hook/pythonpath.dsv'
[5.584s] INFO:colcon.colcon_core.shell:Creating environment hook '/home/cav330/f1tenth_ws/install/teleop_tools_msgs/share/teleop_tools_msgs/hook/pythonpath.sh'
[5.586s] Level 1:colcon.colcon_core.environment:checking '/home/cav330/f1tenth_ws/install/teleop_tools_msgs/bin'
[5.588s] INFO:colcon.colcon_core.shell:Creating package script '/home/cav330/f1tenth_ws/install/teleop_tools_msgs/share/teleop_tools_msgs/package.ps1'
[5.590s] INFO:colcon.colcon_core.shell:Creating package descriptor '/home/cav330/f1tenth_ws/install/teleop_tools_msgs/share/teleop_tools_msgs/package.dsv'
[5.592s] INFO:colcon.colcon_core.shell:Creating package script '/home/cav330/f1tenth_ws/install/teleop_tools_msgs/share/teleop_tools_msgs/package.sh'
[5.595s] INFO:colcon.colcon_core.shell:Creating package script '/home/cav330/f1tenth_ws/install/teleop_tools_msgs/share/teleop_tools_msgs/package.bash'
[5.596s] INFO:colcon.colcon_core.shell:Creating package script '/home/cav330/f1tenth_ws/install/teleop_tools_msgs/share/teleop_tools_msgs/package.zsh'
[5.598s] Level 1:colcon.colcon_core.environment:create_file_with_runtime_dependencies(/home/cav330/f1tenth_ws/install/teleop_tools_msgs/share/colcon-core/packages/teleop_tools_msgs)
[5.601s] Level 1:colcon.colcon_core.environment:create_environment_scripts_only(teleop_tools_msgs)
[5.602s] Level 1:colcon.colcon_core.environment:checking '/home/cav330/f1tenth_ws/install/teleop_tools_msgs' for CMake module files
[5.605s] Level 1:colcon.colcon_core.environment:checking '/home/cav330/f1tenth_ws/install/teleop_tools_msgs' for CMake config files
[5.607s] Level 1:colcon.colcon_core.shell:create_environment_hook('teleop_tools_msgs', 'cmake_prefix_path')
[5.608s] INFO:colcon.colcon_core.shell:Creating environment hook '/home/cav330/f1tenth_ws/install/teleop_tools_msgs/share/teleop_tools_msgs/hook/cmake_prefix_path.ps1'
[5.610s] INFO:colcon.colcon_core.shell:Creating environment descriptor '/home/cav330/f1tenth_ws/install/teleop_tools_msgs/share/teleop_tools_msgs/hook/cmake_prefix_path.dsv'
[5.612s] INFO:colcon.colcon_core.shell:Creating environment hook '/home/cav330/f1tenth_ws/install/teleop_tools_msgs/share/teleop_tools_msgs/hook/cmake_prefix_path.sh'
[5.615s] Level 1:colcon.colcon_core.environment:checking '/home/cav330/f1tenth_ws/install/teleop_tools_msgs/lib'
[5.616s] Level 1:colcon.colcon_core.shell:create_environment_hook('teleop_tools_msgs', 'ld_library_path_lib')
[5.619s] INFO:colcon.colcon_core.shell:Creating environment hook '/home/cav330/f1tenth_ws/install/teleop_tools_msgs/share/teleop_tools_msgs/hook/ld_library_path_lib.ps1'
[5.622s] INFO:colcon.colcon_core.shell:Creating environment descriptor '/home/cav330/f1tenth_ws/install/teleop_tools_msgs/share/teleop_tools_msgs/hook/ld_library_path_lib.dsv'
[5.623s] INFO:colcon.colcon_core.shell:Creating environment hook '/home/cav330/f1tenth_ws/install/teleop_tools_msgs/share/teleop_tools_msgs/hook/ld_library_path_lib.sh'
[5.625s] Level 1:colcon.colcon_core.environment:checking '/home/cav330/f1tenth_ws/install/teleop_tools_msgs/bin'
[5.625s] Level 1:colcon.colcon_core.environment:checking '/home/cav330/f1tenth_ws/install/teleop_tools_msgs/lib/pkgconfig/teleop_tools_msgs.pc'
[5.626s] Level 1:colcon.colcon_core.environment:checking '/home/cav330/f1tenth_ws/install/teleop_tools_msgs/lib/python3.8/site-packages'
[5.626s] Level 1:colcon.colcon_core.shell:create_environment_hook('teleop_tools_msgs', 'pythonpath')
[5.627s] INFO:colcon.colcon_core.shell:Creating environment hook '/home/cav330/f1tenth_ws/install/teleop_tools_msgs/share/teleop_tools_msgs/hook/pythonpath.ps1'
[5.629s] INFO:colcon.colcon_core.shell:Creating environment descriptor '/home/cav330/f1tenth_ws/install/teleop_tools_msgs/share/teleop_tools_msgs/hook/pythonpath.dsv'
[5.630s] INFO:colcon.colcon_core.shell:Creating environment hook '/home/cav330/f1tenth_ws/install/teleop_tools_msgs/share/teleop_tools_msgs/hook/pythonpath.sh'
[5.632s] Level 1:colcon.colcon_core.environment:checking '/home/cav330/f1tenth_ws/install/teleop_tools_msgs/bin'
[5.634s] INFO:colcon.colcon_core.shell:Creating package script '/home/cav330/f1tenth_ws/install/teleop_tools_msgs/share/teleop_tools_msgs/package.ps1'
[5.636s] INFO:colcon.colcon_core.shell:Creating package descriptor '/home/cav330/f1tenth_ws/install/teleop_tools_msgs/share/teleop_tools_msgs/package.dsv'
[5.639s] INFO:colcon.colcon_core.shell:Creating package script '/home/cav330/f1tenth_ws/install/teleop_tools_msgs/share/teleop_tools_msgs/package.sh'
[5.641s] INFO:colcon.colcon_core.shell:Creating package script '/home/cav330/f1tenth_ws/install/teleop_tools_msgs/share/teleop_tools_msgs/package.bash'
[5.642s] INFO:colcon.colcon_core.shell:Creating package script '/home/cav330/f1tenth_ws/install/teleop_tools_msgs/share/teleop_tools_msgs/package.zsh'
[5.644s] Level 1:colcon.colcon_core.environment:create_file_with_runtime_dependencies(/home/cav330/f1tenth_ws/install/teleop_tools_msgs/share/colcon-core/packages/teleop_tools_msgs)
[5.649s] Level 1:colcon.colcon_core.environment:create_environment_scripts_only(vesc_msgs)
[5.650s] Level 1:colcon.colcon_core.environment:checking '/home/cav330/f1tenth_ws/install/vesc_msgs' for CMake module files
[5.651s] DEBUG:colcon.colcon_core.event_handler.log_command:Invoked command in '/home/cav330/f1tenth_ws/build/vesc_msgs' returned '0': CMAKE_PREFIX_PATH=${CMAKE_PREFIX_PATH}:/home/cav330/f1tenth_ws/install/f1tenth_stack:/home/cav330/f1tenth_ws/install/joy_teleop:/home/cav330/f1tenth_ws/install/mouse_teleop:/home/cav330/f1tenth_ws/install/key_teleop:/home/cav330/f1tenth_ws/install/f1tenth_gym_ros:/opt/ros/foxy NX_CONNECTION=192.168.33.135 50807 192.168.33.130 4000 /usr/bin/cmake --install /home/cav330/f1tenth_ws/build/vesc_msgs
[5.654s] Level 1:colcon.colcon_core.environment:checking '/home/cav330/f1tenth_ws/install/vesc_msgs' for CMake config files
[5.656s] Level 1:colcon.colcon_core.shell:create_environment_hook('vesc_msgs', 'cmake_prefix_path')
[5.657s] INFO:colcon.colcon_core.shell:Creating environment hook '/home/cav330/f1tenth_ws/install/vesc_msgs/share/vesc_msgs/hook/cmake_prefix_path.ps1'
[5.659s] INFO:colcon.colcon_core.shell:Creating environment descriptor '/home/cav330/f1tenth_ws/install/vesc_msgs/share/vesc_msgs/hook/cmake_prefix_path.dsv'
[5.661s] INFO:colcon.colcon_core.shell:Creating environment hook '/home/cav330/f1tenth_ws/install/vesc_msgs/share/vesc_msgs/hook/cmake_prefix_path.sh'
[5.663s] Level 1:colcon.colcon_core.environment:checking '/home/cav330/f1tenth_ws/install/vesc_msgs/lib'
[5.664s] Level 1:colcon.colcon_core.shell:create_environment_hook('vesc_msgs', 'ld_library_path_lib')
[5.665s] INFO:colcon.colcon_core.shell:Creating environment hook '/home/cav330/f1tenth_ws/install/vesc_msgs/share/vesc_msgs/hook/ld_library_path_lib.ps1'
[5.666s] INFO:colcon.colcon_core.shell:Creating environment descriptor '/home/cav330/f1tenth_ws/install/vesc_msgs/share/vesc_msgs/hook/ld_library_path_lib.dsv'
[5.668s] INFO:colcon.colcon_core.shell:Creating environment hook '/home/cav330/f1tenth_ws/install/vesc_msgs/share/vesc_msgs/hook/ld_library_path_lib.sh'
[5.670s] Level 1:colcon.colcon_core.environment:checking '/home/cav330/f1tenth_ws/install/vesc_msgs/bin'
[5.670s] Level 1:colcon.colcon_core.environment:checking '/home/cav330/f1tenth_ws/install/vesc_msgs/lib/pkgconfig/vesc_msgs.pc'
[5.671s] Level 1:colcon.colcon_core.environment:checking '/home/cav330/f1tenth_ws/install/vesc_msgs/lib/python3.8/site-packages'
[5.671s] Level 1:colcon.colcon_core.shell:create_environment_hook('vesc_msgs', 'pythonpath')
[5.672s] INFO:colcon.colcon_core.shell:Creating environment hook '/home/cav330/f1tenth_ws/install/vesc_msgs/share/vesc_msgs/hook/pythonpath.ps1'
[5.674s] INFO:colcon.colcon_core.shell:Creating environment descriptor '/home/cav330/f1tenth_ws/install/vesc_msgs/share/vesc_msgs/hook/pythonpath.dsv'
[5.675s] INFO:colcon.colcon_core.shell:Creating environment hook '/home/cav330/f1tenth_ws/install/vesc_msgs/share/vesc_msgs/hook/pythonpath.sh'
[5.681s] Level 1:colcon.colcon_core.environment:checking '/home/cav330/f1tenth_ws/install/vesc_msgs/bin'
[5.684s] INFO:colcon.colcon_core.shell:Creating package script '/home/cav330/f1tenth_ws/install/vesc_msgs/share/vesc_msgs/package.ps1'
[5.691s] INFO:colcon.colcon_core.shell:Creating package descriptor '/home/cav330/f1tenth_ws/install/vesc_msgs/share/vesc_msgs/package.dsv'
[5.693s] INFO:colcon.colcon_core.shell:Creating package script '/home/cav330/f1tenth_ws/install/vesc_msgs/share/vesc_msgs/package.sh'
[5.696s] INFO:colcon.colcon_core.shell:Creating package script '/home/cav330/f1tenth_ws/install/vesc_msgs/share/vesc_msgs/package.bash'
[5.698s] INFO:colcon.colcon_core.shell:Creating package script '/home/cav330/f1tenth_ws/install/vesc_msgs/share/vesc_msgs/package.zsh'
[5.699s] Level 1:colcon.colcon_core.environment:create_file_with_runtime_dependencies(/home/cav330/f1tenth_ws/install/vesc_msgs/share/colcon-core/packages/vesc_msgs)
[5.702s] Level 1:colcon.colcon_core.environment:create_environment_scripts_only(vesc_msgs)
[5.703s] Level 1:colcon.colcon_core.environment:checking '/home/cav330/f1tenth_ws/install/vesc_msgs' for CMake module files
[5.706s] Level 1:colcon.colcon_core.environment:checking '/home/cav330/f1tenth_ws/install/vesc_msgs' for CMake config files
[5.710s] Level 1:colcon.colcon_core.shell:create_environment_hook('vesc_msgs', 'cmake_prefix_path')
[5.711s] INFO:colcon.colcon_core.shell:Creating environment hook '/home/cav330/f1tenth_ws/install/vesc_msgs/share/vesc_msgs/hook/cmake_prefix_path.ps1'
[5.714s] INFO:colcon.colcon_core.shell:Creating environment descriptor '/home/cav330/f1tenth_ws/install/vesc_msgs/share/vesc_msgs/hook/cmake_prefix_path.dsv'
[5.716s] INFO:colcon.colcon_core.shell:Creating environment hook '/home/cav330/f1tenth_ws/install/vesc_msgs/share/vesc_msgs/hook/cmake_prefix_path.sh'
[5.719s] Level 1:colcon.colcon_core.environment:checking '/home/cav330/f1tenth_ws/install/vesc_msgs/lib'
[5.719s] Level 1:colcon.colcon_core.shell:create_environment_hook('vesc_msgs', 'ld_library_path_lib')
[5.720s] INFO:colcon.colcon_core.shell:Creating environment hook '/home/cav330/f1tenth_ws/install/vesc_msgs/share/vesc_msgs/hook/ld_library_path_lib.ps1'
[5.723s] INFO:colcon.colcon_core.shell:Creating environment descriptor '/home/cav330/f1tenth_ws/install/vesc_msgs/share/vesc_msgs/hook/ld_library_path_lib.dsv'
[5.727s] INFO:colcon.colcon_core.shell:Creating environment hook '/home/cav330/f1tenth_ws/install/vesc_msgs/share/vesc_msgs/hook/ld_library_path_lib.sh'
[5.731s] Level 1:colcon.colcon_core.environment:checking '/home/cav330/f1tenth_ws/install/vesc_msgs/bin'
[5.731s] Level 1:colcon.colcon_core.environment:checking '/home/cav330/f1tenth_ws/install/vesc_msgs/lib/pkgconfig/vesc_msgs.pc'
[5.732s] Level 1:colcon.colcon_core.environment:checking '/home/cav330/f1tenth_ws/install/vesc_msgs/lib/python3.8/site-packages'
[5.732s] Level 1:colcon.colcon_core.shell:create_environment_hook('vesc_msgs', 'pythonpath')
[5.733s] INFO:colcon.colcon_core.shell:Creating environment hook '/home/cav330/f1tenth_ws/install/vesc_msgs/share/vesc_msgs/hook/pythonpath.ps1'
[5.735s] INFO:colcon.colcon_core.shell:Creating environment descriptor '/home/cav330/f1tenth_ws/install/vesc_msgs/share/vesc_msgs/hook/pythonpath.dsv'
[5.737s] INFO:colcon.colcon_core.shell:Creating environment hook '/home/cav330/f1tenth_ws/install/vesc_msgs/share/vesc_msgs/hook/pythonpath.sh'
[5.740s] Level 1:colcon.colcon_core.environment:checking '/home/cav330/f1tenth_ws/install/vesc_msgs/bin'
[5.742s] INFO:colcon.colcon_core.shell:Creating package script '/home/cav330/f1tenth_ws/install/vesc_msgs/share/vesc_msgs/package.ps1'
[5.745s] INFO:colcon.colcon_core.shell:Creating package descriptor '/home/cav330/f1tenth_ws/install/vesc_msgs/share/vesc_msgs/package.dsv'
[5.748s] INFO:colcon.colcon_core.shell:Creating package script '/home/cav330/f1tenth_ws/install/vesc_msgs/share/vesc_msgs/package.sh'
[5.751s] INFO:colcon.colcon_core.shell:Creating package script '/home/cav330/f1tenth_ws/install/vesc_msgs/share/vesc_msgs/package.bash'
[5.753s] INFO:colcon.colcon_core.shell:Creating package script '/home/cav330/f1tenth_ws/install/vesc_msgs/share/vesc_msgs/package.zsh'
[5.755s] Level 1:colcon.colcon_core.environment:create_file_with_runtime_dependencies(/home/cav330/f1tenth_ws/install/vesc_msgs/share/colcon-core/packages/vesc_msgs)
[5.758s] INFO:colcon.colcon_ros.task.ament_python.build:Building ROS package in '/home/cav330/f1tenth_ws/src/f1tenth_system/teleop_tools/joy_teleop' with build type 'ament_python'
[5.759s] Level 1:colcon.colcon_core.shell:create_environment_hook('joy_teleop', 'ament_prefix_path')
[5.761s] INFO:colcon.colcon_core.shell:Creating environment hook '/home/cav330/f1tenth_ws/install/joy_teleop/share/joy_teleop/hook/ament_prefix_path.ps1'
[5.765s] INFO:colcon.colcon_core.shell:Creating environment descriptor '/home/cav330/f1tenth_ws/install/joy_teleop/share/joy_teleop/hook/ament_prefix_path.dsv'
[5.767s] INFO:colcon.colcon_core.shell:Creating environment hook '/home/cav330/f1tenth_ws/install/joy_teleop/share/joy_teleop/hook/ament_prefix_path.sh'
[5.770s] INFO:colcon.colcon_core.shell:Skip shell extension 'powershell' for command environment: Not usable outside of PowerShell
[5.770s] DEBUG:colcon.colcon_core.shell:Skip shell extension 'dsv' for command environment
[5.810s] INFO:colcon.colcon_ros.task.ament_cmake.build:Building ROS package in '/home/cav330/f1tenth_ws/src/f1tenth_system/vesc/vesc_ackermann' with build type 'ament_cmake'
[5.822s] INFO:colcon.colcon_cmake.task.cmake.build:Building CMake package in '/home/cav330/f1tenth_ws/src/f1tenth_system/vesc/vesc_ackermann'
[5.826s] INFO:colcon.colcon_core.shell:Skip shell extension 'powershell' for command environment: Not usable outside of PowerShell
[5.827s] DEBUG:colcon.colcon_core.shell:Skip shell extension 'dsv' for command environment
[6.917s] INFO:colcon.colcon_core.task.python.build:Building Python package in '/home/cav330/f1tenth_ws/src/f1tenth_system/teleop_tools/joy_teleop'
[6.920s] INFO:colcon.colcon_core.shell:Skip shell extension 'powershell' for command environment: Not usable outside of PowerShell
[6.921s] DEBUG:colcon.colcon_core.shell:Skip shell extension 'dsv' for command environment
[6.968s] DEBUG:colcon.colcon_core.event_handler.log_command:Invoking command in '/home/cav330/f1tenth_ws/build/vesc_ackermann': CMAKE_PREFIX_PATH=/home/cav330/f1tenth_ws/install/vesc_msgs:/home/cav330/f1tenth_ws/install/wall_follow:/home/cav330/f1tenth_ws/install/vesc:/home/cav330/f1tenth_ws/install/vesc_driver:/home/cav330/f1tenth_ws/install/vesc_ackermann:/home/cav330/f1tenth_ws/install/teleop_tools:/home/cav330/f1tenth_ws/install/teleop_tools_msgs:/home/cav330/f1tenth_ws/install/safety_node:/home/cav330/f1tenth_ws/install/ackermann_mux:/home/cav330/f1tenth_ws/install/f1tenth_stack:/home/cav330/f1tenth_ws/install/joy_teleop:/home/cav330/f1tenth_ws/install/mouse_teleop:/home/cav330/f1tenth_ws/install/key_teleop:/home/cav330/f1tenth_ws/install/f1tenth_gym_ros:/opt/ros/foxy LD_LIBRARY_PATH=/home/cav330/f1tenth_ws/install/vesc_msgs/lib:/home/cav330/f1tenth_ws/install/vesc_driver/lib:/home/cav330/f1tenth_ws/install/vesc_ackermann/lib:/home/cav330/f1tenth_ws/install/teleop_tools_msgs/lib:/opt/ros/foxy/opt/yaml_cpp_vendor/lib:/opt/ros/foxy/opt/rviz_ogre_vendor/lib:/opt/ros/foxy/lib/aarch64-linux-gnu:/opt/ros/foxy/lib:/usr/local/cuda-11.4/lib64 NX_CONNECTION=192.168.33.135 50807 192.168.33.130 4000 PYTHONPATH=/home/cav330/f1tenth_ws/install/vesc_msgs/lib/python3.8/site-packages:/home/cav330/f1tenth_ws/install/f1tenth_stack/lib/python3.8/site-packages:/home/cav330/f1tenth_ws/install/joy_teleop/lib/python3.8/site-packages:/home/cav330/f1tenth_ws/install/teleop_tools_msgs/lib/python3.8/site-packages:/home/cav330/f1tenth_ws/install/mouse_teleop/lib/python3.8/site-packages:/home/cav330/f1tenth_ws/install/key_teleop/lib/python3.8/site-packages:/home/cav330/f1tenth_ws/install/f1tenth_gym_ros/lib/python3.8/site-packages:/opt/ros/foxy/lib/python3.8/site-packages /usr/bin/cmake --build /home/cav330/f1tenth_ws/build/vesc_ackermann -- -j4 -l4
[7.000s] DEBUG:colcon.colcon_core.event_handler.log_command:Invoking command in '/home/cav330/f1tenth_ws/src/f1tenth_system/teleop_tools/key_teleop': NX_CONNECTION=192.168.33.135 50807 192.168.33.130 4000 PYTHONPATH=/home/cav330/f1tenth_ws/build/key_teleop/prefix_override:/usr/lib/python3/dist-packages/colcon_core/task/python/colcon_distutils_commands:/home/cav330/f1tenth_ws/install/key_teleop/lib/python3.8/site-packages:${PYTHONPATH} /usr/bin/python3 -W ignore:setup.py install is deprecated -W ignore:easy_install command is deprecated setup.py egg_info --egg-base ../../../../build/key_teleop build --build-base /home/cav330/f1tenth_ws/build/key_teleop/build install --record /home/cav330/f1tenth_ws/build/key_teleop/install.log --install-scripts $base/lib/key_teleop --single-version-externally-managed install_data
[7.596s] DEBUG:colcon.colcon_core.event_handler.log_command:Invoked command in '/home/cav330/f1tenth_ws/build/vesc_ackermann' returned '0': CMAKE_PREFIX_PATH=/home/cav330/f1tenth_ws/install/vesc_msgs:/home/cav330/f1tenth_ws/install/wall_follow:/home/cav330/f1tenth_ws/install/vesc:/home/cav330/f1tenth_ws/install/vesc_driver:/home/cav330/f1tenth_ws/install/vesc_ackermann:/home/cav330/f1tenth_ws/install/teleop_tools:/home/cav330/f1tenth_ws/install/teleop_tools_msgs:/home/cav330/f1tenth_ws/install/safety_node:/home/cav330/f1tenth_ws/install/ackermann_mux:/home/cav330/f1tenth_ws/install/f1tenth_stack:/home/cav330/f1tenth_ws/install/joy_teleop:/home/cav330/f1tenth_ws/install/mouse_teleop:/home/cav330/f1tenth_ws/install/key_teleop:/home/cav330/f1tenth_ws/install/f1tenth_gym_ros:/opt/ros/foxy LD_LIBRARY_PATH=/home/cav330/f1tenth_ws/install/vesc_msgs/lib:/home/cav330/f1tenth_ws/install/vesc_driver/lib:/home/cav330/f1tenth_ws/install/vesc_ackermann/lib:/home/cav330/f1tenth_ws/install/teleop_tools_msgs/lib:/opt/ros/foxy/opt/yaml_cpp_vendor/lib:/opt/ros/foxy/opt/rviz_ogre_vendor/lib:/opt/ros/foxy/lib/aarch64-linux-gnu:/opt/ros/foxy/lib:/usr/local/cuda-11.4/lib64 NX_CONNECTION=192.168.33.135 50807 192.168.33.130 4000 PYTHONPATH=/home/cav330/f1tenth_ws/install/vesc_msgs/lib/python3.8/site-packages:/home/cav330/f1tenth_ws/install/f1tenth_stack/lib/python3.8/site-packages:/home/cav330/f1tenth_ws/install/joy_teleop/lib/python3.8/site-packages:/home/cav330/f1tenth_ws/install/teleop_tools_msgs/lib/python3.8/site-packages:/home/cav330/f1tenth_ws/install/mouse_teleop/lib/python3.8/site-packages:/home/cav330/f1tenth_ws/install/key_teleop/lib/python3.8/site-packages:/home/cav330/f1tenth_ws/install/f1tenth_gym_ros/lib/python3.8/site-packages:/opt/ros/foxy/lib/python3.8/site-packages /usr/bin/cmake --build /home/cav330/f1tenth_ws/build/vesc_ackermann -- -j4 -l4
[7.611s] DEBUG:colcon.colcon_core.event_handler.log_command:Invoking command in '/home/cav330/f1tenth_ws/build/vesc_ackermann': CMAKE_PREFIX_PATH=/home/cav330/f1tenth_ws/install/vesc_msgs:/home/cav330/f1tenth_ws/install/wall_follow:/home/cav330/f1tenth_ws/install/vesc:/home/cav330/f1tenth_ws/install/vesc_driver:/home/cav330/f1tenth_ws/install/vesc_ackermann:/home/cav330/f1tenth_ws/install/teleop_tools:/home/cav330/f1tenth_ws/install/teleop_tools_msgs:/home/cav330/f1tenth_ws/install/safety_node:/home/cav330/f1tenth_ws/install/ackermann_mux:/home/cav330/f1tenth_ws/install/f1tenth_stack:/home/cav330/f1tenth_ws/install/joy_teleop:/home/cav330/f1tenth_ws/install/mouse_teleop:/home/cav330/f1tenth_ws/install/key_teleop:/home/cav330/f1tenth_ws/install/f1tenth_gym_ros:/opt/ros/foxy LD_LIBRARY_PATH=/home/cav330/f1tenth_ws/install/vesc_msgs/lib:/home/cav330/f1tenth_ws/install/vesc_driver/lib:/home/cav330/f1tenth_ws/install/vesc_ackermann/lib:/home/cav330/f1tenth_ws/install/teleop_tools_msgs/lib:/opt/ros/foxy/opt/yaml_cpp_vendor/lib:/opt/ros/foxy/opt/rviz_ogre_vendor/lib:/opt/ros/foxy/lib/aarch64-linux-gnu:/opt/ros/foxy/lib:/usr/local/cuda-11.4/lib64 NX_CONNECTION=192.168.33.135 50807 192.168.33.130 4000 PYTHONPATH=/home/cav330/f1tenth_ws/install/vesc_msgs/lib/python3.8/site-packages:/home/cav330/f1tenth_ws/install/f1tenth_stack/lib/python3.8/site-packages:/home/cav330/f1tenth_ws/install/joy_teleop/lib/python3.8/site-packages:/home/cav330/f1tenth_ws/install/teleop_tools_msgs/lib/python3.8/site-packages:/home/cav330/f1tenth_ws/install/mouse_teleop/lib/python3.8/site-packages:/home/cav330/f1tenth_ws/install/key_teleop/lib/python3.8/site-packages:/home/cav330/f1tenth_ws/install/f1tenth_gym_ros/lib/python3.8/site-packages:/opt/ros/foxy/lib/python3.8/site-packages /usr/bin/cmake --install /home/cav330/f1tenth_ws/build/vesc_ackermann
[7.711s] Level 1:colcon.colcon_core.environment:create_environment_scripts_only(vesc_ackermann)
[7.714s] Level 1:colcon.colcon_core.environment:checking '/home/cav330/f1tenth_ws/install/vesc_ackermann' for CMake module files
[7.717s] Level 1:colcon.colcon_core.environment:checking '/home/cav330/f1tenth_ws/install/vesc_ackermann' for CMake config files
[7.718s] Level 1:colcon.colcon_core.shell:create_environment_hook('vesc_ackermann', 'cmake_prefix_path')
[7.720s] INFO:colcon.colcon_core.shell:Creating environment hook '/home/cav330/f1tenth_ws/install/vesc_ackermann/share/vesc_ackermann/hook/cmake_prefix_path.ps1'
[7.724s] INFO:colcon.colcon_core.shell:Creating environment descriptor '/home/cav330/f1tenth_ws/install/vesc_ackermann/share/vesc_ackermann/hook/cmake_prefix_path.dsv'
[7.728s] DEBUG:colcon.colcon_core.event_handler.log_command:Invoked command in '/home/cav330/f1tenth_ws/build/vesc_ackermann' returned '0': CMAKE_PREFIX_PATH=/home/cav330/f1tenth_ws/install/vesc_msgs:/home/cav330/f1tenth_ws/install/wall_follow:/home/cav330/f1tenth_ws/install/vesc:/home/cav330/f1tenth_ws/install/vesc_driver:/home/cav330/f1tenth_ws/install/vesc_ackermann:/home/cav330/f1tenth_ws/install/teleop_tools:/home/cav330/f1tenth_ws/install/teleop_tools_msgs:/home/cav330/f1tenth_ws/install/safety_node:/home/cav330/f1tenth_ws/install/ackermann_mux:/home/cav330/f1tenth_ws/install/f1tenth_stack:/home/cav330/f1tenth_ws/install/joy_teleop:/home/cav330/f1tenth_ws/install/mouse_teleop:/home/cav330/f1tenth_ws/install/key_teleop:/home/cav330/f1tenth_ws/install/f1tenth_gym_ros:/opt/ros/foxy LD_LIBRARY_PATH=/home/cav330/f1tenth_ws/install/vesc_msgs/lib:/home/cav330/f1tenth_ws/install/vesc_driver/lib:/home/cav330/f1tenth_ws/install/vesc_ackermann/lib:/home/cav330/f1tenth_ws/install/teleop_tools_msgs/lib:/opt/ros/foxy/opt/yaml_cpp_vendor/lib:/opt/ros/foxy/opt/rviz_ogre_vendor/lib:/opt/ros/foxy/lib/aarch64-linux-gnu:/opt/ros/foxy/lib:/usr/local/cuda-11.4/lib64 NX_CONNECTION=192.168.33.135 50807 192.168.33.130 4000 PYTHONPATH=/home/cav330/f1tenth_ws/install/vesc_msgs/lib/python3.8/site-packages:/home/cav330/f1tenth_ws/install/f1tenth_stack/lib/python3.8/site-packages:/home/cav330/f1tenth_ws/install/joy_teleop/lib/python3.8/site-packages:/home/cav330/f1tenth_ws/install/teleop_tools_msgs/lib/python3.8/site-packages:/home/cav330/f1tenth_ws/install/mouse_teleop/lib/python3.8/site-packages:/home/cav330/f1tenth_ws/install/key_teleop/lib/python3.8/site-packages:/home/cav330/f1tenth_ws/install/f1tenth_gym_ros/lib/python3.8/site-packages:/opt/ros/foxy/lib/python3.8/site-packages /usr/bin/cmake --install /home/cav330/f1tenth_ws/build/vesc_ackermann
[7.730s] INFO:colcon.colcon_core.shell:Creating environment hook '/home/cav330/f1tenth_ws/install/vesc_ackermann/share/vesc_ackermann/hook/cmake_prefix_path.sh'
[7.733s] Level 1:colcon.colcon_core.environment:checking '/home/cav330/f1tenth_ws/install/vesc_ackermann/lib'
[7.734s] Level 1:colcon.colcon_core.shell:create_environment_hook('vesc_ackermann', 'ld_library_path_lib')
[7.735s] INFO:colcon.colcon_core.shell:Creating environment hook '/home/cav330/f1tenth_ws/install/vesc_ackermann/share/vesc_ackermann/hook/ld_library_path_lib.ps1'
[7.738s] INFO:colcon.colcon_core.shell:Creating environment descriptor '/home/cav330/f1tenth_ws/install/vesc_ackermann/share/vesc_ackermann/hook/ld_library_path_lib.dsv'
[7.740s] INFO:colcon.colcon_core.shell:Creating environment hook '/home/cav330/f1tenth_ws/install/vesc_ackermann/share/vesc_ackermann/hook/ld_library_path_lib.sh'
[7.742s] Level 1:colcon.colcon_core.environment:checking '/home/cav330/f1tenth_ws/install/vesc_ackermann/bin'
[7.743s] Level 1:colcon.colcon_core.environment:checking '/home/cav330/f1tenth_ws/install/vesc_ackermann/lib/pkgconfig/vesc_ackermann.pc'
[7.744s] Level 1:colcon.colcon_core.environment:checking '/home/cav330/f1tenth_ws/install/vesc_ackermann/lib/python3.8/site-packages'
[7.747s] Level 1:colcon.colcon_core.environment:checking '/home/cav330/f1tenth_ws/install/vesc_ackermann/bin'
[7.751s] INFO:colcon.colcon_core.shell:Creating package script '/home/cav330/f1tenth_ws/install/vesc_ackermann/share/vesc_ackermann/package.ps1'
[7.755s] INFO:colcon.colcon_core.shell:Creating package descriptor '/home/cav330/f1tenth_ws/install/vesc_ackermann/share/vesc_ackermann/package.dsv'
[7.760s] INFO:colcon.colcon_core.shell:Creating package script '/home/cav330/f1tenth_ws/install/vesc_ackermann/share/vesc_ackermann/package.sh'
[7.763s] INFO:colcon.colcon_core.shell:Creating package script '/home/cav330/f1tenth_ws/install/vesc_ackermann/share/vesc_ackermann/package.bash'
[7.766s] INFO:colcon.colcon_core.shell:Creating package script '/home/cav330/f1tenth_ws/install/vesc_ackermann/share/vesc_ackermann/package.zsh'
[7.772s] Level 1:colcon.colcon_core.environment:create_file_with_runtime_dependencies(/home/cav330/f1tenth_ws/install/vesc_ackermann/share/colcon-core/packages/vesc_ackermann)
[7.776s] Level 1:colcon.colcon_core.environment:create_environment_scripts_only(vesc_ackermann)
[7.777s] Level 1:colcon.colcon_core.environment:checking '/home/cav330/f1tenth_ws/install/vesc_ackermann' for CMake module files
[7.779s] Level 1:colcon.colcon_core.environment:checking '/home/cav330/f1tenth_ws/install/vesc_ackermann' for CMake config files
[7.780s] Level 1:colcon.colcon_core.shell:create_environment_hook('vesc_ackermann', 'cmake_prefix_path')
[7.781s] INFO:colcon.colcon_core.shell:Creating environment hook '/home/cav330/f1tenth_ws/install/vesc_ackermann/share/vesc_ackermann/hook/cmake_prefix_path.ps1'
[7.783s] INFO:colcon.colcon_core.shell:Creating environment descriptor '/home/cav330/f1tenth_ws/install/vesc_ackermann/share/vesc_ackermann/hook/cmake_prefix_path.dsv'
[7.785s] INFO:colcon.colcon_core.shell:Creating environment hook '/home/cav330/f1tenth_ws/install/vesc_ackermann/share/vesc_ackermann/hook/cmake_prefix_path.sh'
[7.788s] Level 1:colcon.colcon_core.environment:checking '/home/cav330/f1tenth_ws/install/vesc_ackermann/lib'
[7.788s] Level 1:colcon.colcon_core.shell:create_environment_hook('vesc_ackermann', 'ld_library_path_lib')
[7.789s] INFO:colcon.colcon_core.shell:Creating environment hook '/home/cav330/f1tenth_ws/install/vesc_ackermann/share/vesc_ackermann/hook/ld_library_path_lib.ps1'
[7.791s] INFO:colcon.colcon_core.shell:Creating environment descriptor '/home/cav330/f1tenth_ws/install/vesc_ackermann/share/vesc_ackermann/hook/ld_library_path_lib.dsv'
[7.792s] INFO:colcon.colcon_core.shell:Creating environment hook '/home/cav330/f1tenth_ws/install/vesc_ackermann/share/vesc_ackermann/hook/ld_library_path_lib.sh'
[7.795s] Level 1:colcon.colcon_core.environment:checking '/home/cav330/f1tenth_ws/install/vesc_ackermann/bin'
[7.796s] Level 1:colcon.colcon_core.environment:checking '/home/cav330/f1tenth_ws/install/vesc_ackermann/lib/pkgconfig/vesc_ackermann.pc'
[7.796s] Level 1:colcon.colcon_core.environment:checking '/home/cav330/f1tenth_ws/install/vesc_ackermann/lib/python3.8/site-packages'
[7.797s] Level 1:colcon.colcon_core.environment:checking '/home/cav330/f1tenth_ws/install/vesc_ackermann/bin'
[7.799s] INFO:colcon.colcon_core.shell:Creating package script '/home/cav330/f1tenth_ws/install/vesc_ackermann/share/vesc_ackermann/package.ps1'
[7.801s] INFO:colcon.colcon_core.shell:Creating package descriptor '/home/cav330/f1tenth_ws/install/vesc_ackermann/share/vesc_ackermann/package.dsv'
[7.807s] INFO:colcon.colcon_core.shell:Creating package script '/home/cav330/f1tenth_ws/install/vesc_ackermann/share/vesc_ackermann/package.sh'
[7.810s] INFO:colcon.colcon_core.shell:Creating package script '/home/cav330/f1tenth_ws/install/vesc_ackermann/share/vesc_ackermann/package.bash'
[7.812s] INFO:colcon.colcon_core.shell:Creating package script '/home/cav330/f1tenth_ws/install/vesc_ackermann/share/vesc_ackermann/package.zsh'
[7.814s] Level 1:colcon.colcon_core.environment:create_file_with_runtime_dependencies(/home/cav330/f1tenth_ws/install/vesc_ackermann/share/colcon-core/packages/vesc_ackermann)
[7.819s] INFO:colcon.colcon_ros.task.ament_cmake.build:Building ROS package in '/home/cav330/f1tenth_ws/src/f1tenth_system/vesc/vesc_driver' with build type 'ament_cmake'
[7.820s] INFO:colcon.colcon_cmake.task.cmake.build:Building CMake package in '/home/cav330/f1tenth_ws/src/f1tenth_system/vesc/vesc_driver'
[7.821s] INFO:colcon.colcon_core.shell:Skip shell extension 'powershell' for command environment: Not usable outside of PowerShell
[7.822s] DEBUG:colcon.colcon_core.shell:Skip shell extension 'dsv' for command environment
[7.898s] DEBUG:colcon.colcon_core.event_handler.log_command:Invoking command in '/home/cav330/f1tenth_ws/src/f1tenth_gym_ros': NX_CONNECTION=192.168.33.135 50807 192.168.33.130 4000 PYTHONPATH=/home/cav330/f1tenth_ws/build/f1tenth_gym_ros/prefix_override:/usr/lib/python3/dist-packages/colcon_core/task/python/colcon_distutils_commands:/home/cav330/f1tenth_ws/install/f1tenth_gym_ros/lib/python3.8/site-packages:${PYTHONPATH} /usr/bin/python3 -W ignore:setup.py install is deprecated -W ignore:easy_install command is deprecated setup.py egg_info --egg-base ../../build/f1tenth_gym_ros build --build-base /home/cav330/f1tenth_ws/build/f1tenth_gym_ros/build install --record /home/cav330/f1tenth_ws/build/f1tenth_gym_ros/install.log --single-version-externally-managed install_data
[7.926s] DEBUG:colcon.colcon_core.event_handler.log_command:Invoking command in '/home/cav330/f1tenth_ws/build/vesc_driver': CMAKE_PREFIX_PATH=/home/cav330/f1tenth_ws/install/vesc_msgs:/home/cav330/f1tenth_ws/install/wall_follow:/home/cav330/f1tenth_ws/install/vesc:/home/cav330/f1tenth_ws/install/vesc_driver:/home/cav330/f1tenth_ws/install/vesc_ackermann:/home/cav330/f1tenth_ws/install/teleop_tools:/home/cav330/f1tenth_ws/install/teleop_tools_msgs:/home/cav330/f1tenth_ws/install/safety_node:/home/cav330/f1tenth_ws/install/ackermann_mux:/home/cav330/f1tenth_ws/install/f1tenth_stack:/home/cav330/f1tenth_ws/install/joy_teleop:/home/cav330/f1tenth_ws/install/mouse_teleop:/home/cav330/f1tenth_ws/install/key_teleop:/home/cav330/f1tenth_ws/install/f1tenth_gym_ros:/opt/ros/foxy LD_LIBRARY_PATH=/home/cav330/f1tenth_ws/install/vesc_msgs/lib:/home/cav330/f1tenth_ws/install/vesc_driver/lib:/home/cav330/f1tenth_ws/install/vesc_ackermann/lib:/home/cav330/f1tenth_ws/install/teleop_tools_msgs/lib:/opt/ros/foxy/opt/yaml_cpp_vendor/lib:/opt/ros/foxy/opt/rviz_ogre_vendor/lib:/opt/ros/foxy/lib/aarch64-linux-gnu:/opt/ros/foxy/lib:/usr/local/cuda-11.4/lib64 NX_CONNECTION=192.168.33.135 50807 192.168.33.130 4000 PYTHONPATH=/home/cav330/f1tenth_ws/install/vesc_msgs/lib/python3.8/site-packages:/home/cav330/f1tenth_ws/install/f1tenth_stack/lib/python3.8/site-packages:/home/cav330/f1tenth_ws/install/joy_teleop/lib/python3.8/site-packages:/home/cav330/f1tenth_ws/install/teleop_tools_msgs/lib/python3.8/site-packages:/home/cav330/f1tenth_ws/install/mouse_teleop/lib/python3.8/site-packages:/home/cav330/f1tenth_ws/install/key_teleop/lib/python3.8/site-packages:/home/cav330/f1tenth_ws/install/f1tenth_gym_ros/lib/python3.8/site-packages:/opt/ros/foxy/lib/python3.8/site-packages /usr/bin/cmake --build /home/cav330/f1tenth_ws/build/vesc_driver -- -j4 -l4
[8.597s] DEBUG:colcon.colcon_core.event_handler.log_command:Invoked command in '/home/cav330/f1tenth_ws/build/vesc_driver' returned '0': CMAKE_PREFIX_PATH=/home/cav330/f1tenth_ws/install/vesc_msgs:/home/cav330/f1tenth_ws/install/wall_follow:/home/cav330/f1tenth_ws/install/vesc:/home/cav330/f1tenth_ws/install/vesc_driver:/home/cav330/f1tenth_ws/install/vesc_ackermann:/home/cav330/f1tenth_ws/install/teleop_tools:/home/cav330/f1tenth_ws/install/teleop_tools_msgs:/home/cav330/f1tenth_ws/install/safety_node:/home/cav330/f1tenth_ws/install/ackermann_mux:/home/cav330/f1tenth_ws/install/f1tenth_stack:/home/cav330/f1tenth_ws/install/joy_teleop:/home/cav330/f1tenth_ws/install/mouse_teleop:/home/cav330/f1tenth_ws/install/key_teleop:/home/cav330/f1tenth_ws/install/f1tenth_gym_ros:/opt/ros/foxy LD_LIBRARY_PATH=/home/cav330/f1tenth_ws/install/vesc_msgs/lib:/home/cav330/f1tenth_ws/install/vesc_driver/lib:/home/cav330/f1tenth_ws/install/vesc_ackermann/lib:/home/cav330/f1tenth_ws/install/teleop_tools_msgs/lib:/opt/ros/foxy/opt/yaml_cpp_vendor/lib:/opt/ros/foxy/opt/rviz_ogre_vendor/lib:/opt/ros/foxy/lib/aarch64-linux-gnu:/opt/ros/foxy/lib:/usr/local/cuda-11.4/lib64 NX_CONNECTION=192.168.33.135 50807 192.168.33.130 4000 PYTHONPATH=/home/cav330/f1tenth_ws/install/vesc_msgs/lib/python3.8/site-packages:/home/cav330/f1tenth_ws/install/f1tenth_stack/lib/python3.8/site-packages:/home/cav330/f1tenth_ws/install/joy_teleop/lib/python3.8/site-packages:/home/cav330/f1tenth_ws/install/teleop_tools_msgs/lib/python3.8/site-packages:/home/cav330/f1tenth_ws/install/mouse_teleop/lib/python3.8/site-packages:/home/cav330/f1tenth_ws/install/key_teleop/lib/python3.8/site-packages:/home/cav330/f1tenth_ws/install/f1tenth_gym_ros/lib/python3.8/site-packages:/opt/ros/foxy/lib/python3.8/site-packages /usr/bin/cmake --build /home/cav330/f1tenth_ws/build/vesc_driver -- -j4 -l4
[8.617s] DEBUG:colcon.colcon_core.event_handler.log_command:Invoking command in '/home/cav330/f1tenth_ws/build/vesc_driver': CMAKE_PREFIX_PATH=/home/cav330/f1tenth_ws/install/vesc_msgs:/home/cav330/f1tenth_ws/install/wall_follow:/home/cav330/f1tenth_ws/install/vesc:/home/cav330/f1tenth_ws/install/vesc_driver:/home/cav330/f1tenth_ws/install/vesc_ackermann:/home/cav330/f1tenth_ws/install/teleop_tools:/home/cav330/f1tenth_ws/install/teleop_tools_msgs:/home/cav330/f1tenth_ws/install/safety_node:/home/cav330/f1tenth_ws/install/ackermann_mux:/home/cav330/f1tenth_ws/install/f1tenth_stack:/home/cav330/f1tenth_ws/install/joy_teleop:/home/cav330/f1tenth_ws/install/mouse_teleop:/home/cav330/f1tenth_ws/install/key_teleop:/home/cav330/f1tenth_ws/install/f1tenth_gym_ros:/opt/ros/foxy LD_LIBRARY_PATH=/home/cav330/f1tenth_ws/install/vesc_msgs/lib:/home/cav330/f1tenth_ws/install/vesc_driver/lib:/home/cav330/f1tenth_ws/install/vesc_ackermann/lib:/home/cav330/f1tenth_ws/install/teleop_tools_msgs/lib:/opt/ros/foxy/opt/yaml_cpp_vendor/lib:/opt/ros/foxy/opt/rviz_ogre_vendor/lib:/opt/ros/foxy/lib/aarch64-linux-gnu:/opt/ros/foxy/lib:/usr/local/cuda-11.4/lib64 NX_CONNECTION=192.168.33.135 50807 192.168.33.130 4000 PYTHONPATH=/home/cav330/f1tenth_ws/install/vesc_msgs/lib/python3.8/site-packages:/home/cav330/f1tenth_ws/install/f1tenth_stack/lib/python3.8/site-packages:/home/cav330/f1tenth_ws/install/joy_teleop/lib/python3.8/site-packages:/home/cav330/f1tenth_ws/install/teleop_tools_msgs/lib/python3.8/site-packages:/home/cav330/f1tenth_ws/install/mouse_teleop/lib/python3.8/site-packages:/home/cav330/f1tenth_ws/install/key_teleop/lib/python3.8/site-packages:/home/cav330/f1tenth_ws/install/f1tenth_gym_ros/lib/python3.8/site-packages:/opt/ros/foxy/lib/python3.8/site-packages /usr/bin/cmake --install /home/cav330/f1tenth_ws/build/vesc_driver
[8.746s] Level 1:colcon.colcon_core.environment:create_environment_scripts_only(vesc_driver)
[8.749s] Level 1:colcon.colcon_core.environment:checking '/home/cav330/f1tenth_ws/install/vesc_driver' for CMake module files
[8.753s] DEBUG:colcon.colcon_core.event_handler.log_command:Invoked command in '/home/cav330/f1tenth_ws/build/vesc_driver' returned '0': CMAKE_PREFIX_PATH=/home/cav330/f1tenth_ws/install/vesc_msgs:/home/cav330/f1tenth_ws/install/wall_follow:/home/cav330/f1tenth_ws/install/vesc:/home/cav330/f1tenth_ws/install/vesc_driver:/home/cav330/f1tenth_ws/install/vesc_ackermann:/home/cav330/f1tenth_ws/install/teleop_tools:/home/cav330/f1tenth_ws/install/teleop_tools_msgs:/home/cav330/f1tenth_ws/install/safety_node:/home/cav330/f1tenth_ws/install/ackermann_mux:/home/cav330/f1tenth_ws/install/f1tenth_stack:/home/cav330/f1tenth_ws/install/joy_teleop:/home/cav330/f1tenth_ws/install/mouse_teleop:/home/cav330/f1tenth_ws/install/key_teleop:/home/cav330/f1tenth_ws/install/f1tenth_gym_ros:/opt/ros/foxy LD_LIBRARY_PATH=/home/cav330/f1tenth_ws/install/vesc_msgs/lib:/home/cav330/f1tenth_ws/install/vesc_driver/lib:/home/cav330/f1tenth_ws/install/vesc_ackermann/lib:/home/cav330/f1tenth_ws/install/teleop_tools_msgs/lib:/opt/ros/foxy/opt/yaml_cpp_vendor/lib:/opt/ros/foxy/opt/rviz_ogre_vendor/lib:/opt/ros/foxy/lib/aarch64-linux-gnu:/opt/ros/foxy/lib:/usr/local/cuda-11.4/lib64 NX_CONNECTION=192.168.33.135 50807 192.168.33.130 4000 PYTHONPATH=/home/cav330/f1tenth_ws/install/vesc_msgs/lib/python3.8/site-packages:/home/cav330/f1tenth_ws/install/f1tenth_stack/lib/python3.8/site-packages:/home/cav330/f1tenth_ws/install/joy_teleop/lib/python3.8/site-packages:/home/cav330/f1tenth_ws/install/teleop_tools_msgs/lib/python3.8/site-packages:/home/cav330/f1tenth_ws/install/mouse_teleop/lib/python3.8/site-packages:/home/cav330/f1tenth_ws/install/key_teleop/lib/python3.8/site-packages:/home/cav330/f1tenth_ws/install/f1tenth_gym_ros/lib/python3.8/site-packages:/opt/ros/foxy/lib/python3.8/site-packages /usr/bin/cmake --install /home/cav330/f1tenth_ws/build/vesc_driver
[8.755s] Level 1:colcon.colcon_core.environment:checking '/home/cav330/f1tenth_ws/install/vesc_driver' for CMake config files
[8.758s] Level 1:colcon.colcon_core.shell:create_environment_hook('vesc_driver', 'cmake_prefix_path')
[8.759s] INFO:colcon.colcon_core.shell:Creating environment hook '/home/cav330/f1tenth_ws/install/vesc_driver/share/vesc_driver/hook/cmake_prefix_path.ps1'
[8.762s] INFO:colcon.colcon_core.shell:Creating environment descriptor '/home/cav330/f1tenth_ws/install/vesc_driver/share/vesc_driver/hook/cmake_prefix_path.dsv'
[8.764s] INFO:colcon.colcon_core.shell:Creating environment hook '/home/cav330/f1tenth_ws/install/vesc_driver/share/vesc_driver/hook/cmake_prefix_path.sh'
[8.768s] Level 1:colcon.colcon_core.environment:checking '/home/cav330/f1tenth_ws/install/vesc_driver/lib'
[8.768s] Level 1:colcon.colcon_core.shell:create_environment_hook('vesc_driver', 'ld_library_path_lib')
[8.769s] INFO:colcon.colcon_core.shell:Creating environment hook '/home/cav330/f1tenth_ws/install/vesc_driver/share/vesc_driver/hook/ld_library_path_lib.ps1'
[8.772s] INFO:colcon.colcon_core.shell:Creating environment descriptor '/home/cav330/f1tenth_ws/install/vesc_driver/share/vesc_driver/hook/ld_library_path_lib.dsv'
[8.774s] INFO:colcon.colcon_core.shell:Creating environment hook '/home/cav330/f1tenth_ws/install/vesc_driver/share/vesc_driver/hook/ld_library_path_lib.sh'
[8.794s] Level 1:colcon.colcon_core.environment:checking '/home/cav330/f1tenth_ws/install/vesc_driver/bin'
[8.795s] Level 1:colcon.colcon_core.environment:checking '/home/cav330/f1tenth_ws/install/vesc_driver/lib/pkgconfig/vesc_driver.pc'
[8.799s] Level 1:colcon.colcon_core.environment:checking '/home/cav330/f1tenth_ws/install/vesc_driver/lib/python3.8/site-packages'
[8.800s] Level 1:colcon.colcon_core.environment:checking '/home/cav330/f1tenth_ws/install/vesc_driver/bin'
[8.803s] INFO:colcon.colcon_core.shell:Creating package script '/home/cav330/f1tenth_ws/install/vesc_driver/share/vesc_driver/package.ps1'
[8.806s] INFO:colcon.colcon_core.shell:Creating package descriptor '/home/cav330/f1tenth_ws/install/vesc_driver/share/vesc_driver/package.dsv'
[8.809s] INFO:colcon.colcon_core.shell:Creating package script '/home/cav330/f1tenth_ws/install/vesc_driver/share/vesc_driver/package.sh'
[8.812s] INFO:colcon.colcon_core.shell:Creating package script '/home/cav330/f1tenth_ws/install/vesc_driver/share/vesc_driver/package.bash'
[8.815s] INFO:colcon.colcon_core.shell:Creating package script '/home/cav330/f1tenth_ws/install/vesc_driver/share/vesc_driver/package.zsh'
[8.817s] Level 1:colcon.colcon_core.environment:create_file_with_runtime_dependencies(/home/cav330/f1tenth_ws/install/vesc_driver/share/colcon-core/packages/vesc_driver)
[8.820s] Level 1:colcon.colcon_core.environment:create_environment_scripts_only(vesc_driver)
[8.821s] Level 1:colcon.colcon_core.environment:checking '/home/cav330/f1tenth_ws/install/vesc_driver' for CMake module files
[8.824s] Level 1:colcon.colcon_core.environment:checking '/home/cav330/f1tenth_ws/install/vesc_driver' for CMake config files
[8.827s] Level 1:colcon.colcon_core.shell:create_environment_hook('vesc_driver', 'cmake_prefix_path')
[8.828s] INFO:colcon.colcon_core.shell:Creating environment hook '/home/cav330/f1tenth_ws/install/vesc_driver/share/vesc_driver/hook/cmake_prefix_path.ps1'
[8.831s] INFO:colcon.colcon_core.shell:Creating environment descriptor '/home/cav330/f1tenth_ws/install/vesc_driver/share/vesc_driver/hook/cmake_prefix_path.dsv'
[8.834s] INFO:colcon.colcon_core.shell:Creating environment hook '/home/cav330/f1tenth_ws/install/vesc_driver/share/vesc_driver/hook/cmake_prefix_path.sh'
[8.840s] Level 1:colcon.colcon_core.environment:checking '/home/cav330/f1tenth_ws/install/vesc_driver/lib'
[8.840s] Level 1:colcon.colcon_core.shell:create_environment_hook('vesc_driver', 'ld_library_path_lib')
[8.841s] INFO:colcon.colcon_core.shell:Creating environment hook '/home/cav330/f1tenth_ws/install/vesc_driver/share/vesc_driver/hook/ld_library_path_lib.ps1'
[8.843s] INFO:colcon.colcon_core.shell:Creating environment descriptor '/home/cav330/f1tenth_ws/install/vesc_driver/share/vesc_driver/hook/ld_library_path_lib.dsv'
[8.845s] INFO:colcon.colcon_core.shell:Creating environment hook '/home/cav330/f1tenth_ws/install/vesc_driver/share/vesc_driver/hook/ld_library_path_lib.sh'
[8.847s] Level 1:colcon.colcon_core.environment:checking '/home/cav330/f1tenth_ws/install/vesc_driver/bin'
[8.848s] Level 1:colcon.colcon_core.environment:checking '/home/cav330/f1tenth_ws/install/vesc_driver/lib/pkgconfig/vesc_driver.pc'
[8.848s] Level 1:colcon.colcon_core.environment:checking '/home/cav330/f1tenth_ws/install/vesc_driver/lib/python3.8/site-packages'
[8.851s] Level 1:colcon.colcon_core.environment:checking '/home/cav330/f1tenth_ws/install/vesc_driver/bin'
[8.853s] INFO:colcon.colcon_core.shell:Creating package script '/home/cav330/f1tenth_ws/install/vesc_driver/share/vesc_driver/package.ps1'
[8.856s] INFO:colcon.colcon_core.shell:Creating package descriptor '/home/cav330/f1tenth_ws/install/vesc_driver/share/vesc_driver/package.dsv'
[8.858s] INFO:colcon.colcon_core.shell:Creating package script '/home/cav330/f1tenth_ws/install/vesc_driver/share/vesc_driver/package.sh'
[8.860s] INFO:colcon.colcon_core.shell:Creating package script '/home/cav330/f1tenth_ws/install/vesc_driver/share/vesc_driver/package.bash'
[8.863s] INFO:colcon.colcon_core.shell:Creating package script '/home/cav330/f1tenth_ws/install/vesc_driver/share/vesc_driver/package.zsh'
[8.867s] Level 1:colcon.colcon_core.environment:create_file_with_runtime_dependencies(/home/cav330/f1tenth_ws/install/vesc_driver/share/colcon-core/packages/vesc_driver)
[8.873s] INFO:colcon.colcon_ros.task.ament_cmake.build:Building ROS package in '/home/cav330/f1tenth_ws/src/f1tenth_system/vesc/vesc' with build type 'ament_cmake'
[8.878s] INFO:colcon.colcon_cmake.task.cmake.build:Building CMake package in '/home/cav330/f1tenth_ws/src/f1tenth_system/vesc/vesc'
[8.879s] INFO:colcon.colcon_core.shell:Skip shell extension 'powershell' for command environment: Not usable outside of PowerShell
[8.879s] DEBUG:colcon.colcon_core.shell:Skip shell extension 'dsv' for command environment
[8.929s] DEBUG:colcon.colcon_core.event_handler.log_command:Invoked command in '/home/cav330/f1tenth_ws/src/f1tenth_system/teleop_tools/key_teleop' returned '0': NX_CONNECTION=192.168.33.135 50807 192.168.33.130 4000 PYTHONPATH=/home/cav330/f1tenth_ws/build/key_teleop/prefix_override:/usr/lib/python3/dist-packages/colcon_core/task/python/colcon_distutils_commands:/home/cav330/f1tenth_ws/install/key_teleop/lib/python3.8/site-packages:${PYTHONPATH} /usr/bin/python3 -W ignore:setup.py install is deprecated -W ignore:easy_install command is deprecated setup.py egg_info --egg-base ../../../../build/key_teleop build --build-base /home/cav330/f1tenth_ws/build/key_teleop/build install --record /home/cav330/f1tenth_ws/build/key_teleop/install.log --install-scripts $base/lib/key_teleop --single-version-externally-managed install_data
[8.931s] Level 1:colcon.colcon_core.environment:checking '/home/cav330/f1tenth_ws/install/key_teleop' for CMake module files
[8.934s] Level 1:colcon.colcon_core.environment:checking '/home/cav330/f1tenth_ws/install/key_teleop' for CMake config files
[8.949s] Level 1:colcon.colcon_core.environment:checking '/home/cav330/f1tenth_ws/install/key_teleop/lib'
[8.950s] Level 1:colcon.colcon_core.environment:checking '/home/cav330/f1tenth_ws/install/key_teleop/bin'
[8.950s] Level 1:colcon.colcon_core.environment:checking '/home/cav330/f1tenth_ws/install/key_teleop/lib/pkgconfig/key_teleop.pc'
[8.951s] Level 1:colcon.colcon_core.environment:checking '/home/cav330/f1tenth_ws/install/key_teleop/lib/python3.8/site-packages'
[8.952s] Level 1:colcon.colcon_core.shell:create_environment_hook('key_teleop', 'pythonpath')
[8.953s] INFO:colcon.colcon_core.shell:Creating environment hook '/home/cav330/f1tenth_ws/install/key_teleop/share/key_teleop/hook/pythonpath.ps1'
[8.957s] INFO:colcon.colcon_core.shell:Creating environment descriptor '/home/cav330/f1tenth_ws/install/key_teleop/share/key_teleop/hook/pythonpath.dsv'
[8.959s] INFO:colcon.colcon_core.shell:Creating environment hook '/home/cav330/f1tenth_ws/install/key_teleop/share/key_teleop/hook/pythonpath.sh'
[8.965s] Level 1:colcon.colcon_core.environment:checking '/home/cav330/f1tenth_ws/install/key_teleop/bin'
[8.966s] Level 1:colcon.colcon_core.environment:create_environment_scripts_only(key_teleop)
[8.967s] INFO:colcon.colcon_core.shell:Creating package script '/home/cav330/f1tenth_ws/install/key_teleop/share/key_teleop/package.ps1'
[8.971s] INFO:colcon.colcon_core.shell:Creating package descriptor '/home/cav330/f1tenth_ws/install/key_teleop/share/key_teleop/package.dsv'
[8.973s] INFO:colcon.colcon_core.shell:Creating package script '/home/cav330/f1tenth_ws/install/key_teleop/share/key_teleop/package.sh'
[8.975s] INFO:colcon.colcon_core.shell:Creating package script '/home/cav330/f1tenth_ws/install/key_teleop/share/key_teleop/package.bash'
[8.978s] INFO:colcon.colcon_core.shell:Creating package script '/home/cav330/f1tenth_ws/install/key_teleop/share/key_teleop/package.zsh'
[8.980s] Level 1:colcon.colcon_core.environment:create_file_with_runtime_dependencies(/home/cav330/f1tenth_ws/install/key_teleop/share/colcon-core/packages/key_teleop)
[8.983s] INFO:colcon.colcon_ros.task.ament_python.build:Building ROS package in '/home/cav330/f1tenth_ws/src/f1tenth_system/teleop_tools/mouse_teleop' with build type 'ament_python'
[8.988s] Level 1:colcon.colcon_core.shell:create_environment_hook('mouse_teleop', 'ament_prefix_path')
[8.990s] INFO:colcon.colcon_core.shell:Creating environment hook '/home/cav330/f1tenth_ws/install/mouse_teleop/share/mouse_teleop/hook/ament_prefix_path.ps1'
[8.992s] INFO:colcon.colcon_core.shell:Creating environment descriptor '/home/cav330/f1tenth_ws/install/mouse_teleop/share/mouse_teleop/hook/ament_prefix_path.dsv'
[8.996s] INFO:colcon.colcon_core.shell:Creating environment hook '/home/cav330/f1tenth_ws/install/mouse_teleop/share/mouse_teleop/hook/ament_prefix_path.sh'
[8.999s] INFO:colcon.colcon_core.shell:Skip shell extension 'powershell' for command environment: Not usable outside of PowerShell
[9.000s] DEBUG:colcon.colcon_core.shell:Skip shell extension 'dsv' for command environment
[9.104s] DEBUG:colcon.colcon_core.event_handler.log_command:Invoking command in '/home/cav330/f1tenth_ws/build/vesc': CMAKE_PREFIX_PATH=/home/cav330/f1tenth_ws/install/vesc_driver:/home/cav330/f1tenth_ws/install/vesc_ackermann:/home/cav330/f1tenth_ws/install/vesc_msgs:/home/cav330/f1tenth_ws/install/wall_follow:/home/cav330/f1tenth_ws/install/vesc:/home/cav330/f1tenth_ws/install/teleop_tools:/home/cav330/f1tenth_ws/install/teleop_tools_msgs:/home/cav330/f1tenth_ws/install/safety_node:/home/cav330/f1tenth_ws/install/ackermann_mux:/home/cav330/f1tenth_ws/install/f1tenth_stack:/home/cav330/f1tenth_ws/install/joy_teleop:/home/cav330/f1tenth_ws/install/mouse_teleop:/home/cav330/f1tenth_ws/install/key_teleop:/home/cav330/f1tenth_ws/install/f1tenth_gym_ros:/opt/ros/foxy LD_LIBRARY_PATH=/home/cav330/f1tenth_ws/install/vesc_driver/lib:/home/cav330/f1tenth_ws/install/vesc_ackermann/lib:/home/cav330/f1tenth_ws/install/vesc_msgs/lib:/home/cav330/f1tenth_ws/install/teleop_tools_msgs/lib:/opt/ros/foxy/opt/yaml_cpp_vendor/lib:/opt/ros/foxy/opt/rviz_ogre_vendor/lib:/opt/ros/foxy/lib/aarch64-linux-gnu:/opt/ros/foxy/lib:/usr/local/cuda-11.4/lib64 NX_CONNECTION=192.168.33.135 50807 192.168.33.130 4000 PYTHONPATH=/home/cav330/f1tenth_ws/install/vesc_msgs/lib/python3.8/site-packages:/home/cav330/f1tenth_ws/install/f1tenth_stack/lib/python3.8/site-packages:/home/cav330/f1tenth_ws/install/joy_teleop/lib/python3.8/site-packages:/home/cav330/f1tenth_ws/install/teleop_tools_msgs/lib/python3.8/site-packages:/home/cav330/f1tenth_ws/install/mouse_teleop/lib/python3.8/site-packages:/home/cav330/f1tenth_ws/install/key_teleop/lib/python3.8/site-packages:/home/cav330/f1tenth_ws/install/f1tenth_gym_ros/lib/python3.8/site-packages:/opt/ros/foxy/lib/python3.8/site-packages /usr/bin/cmake --build /home/cav330/f1tenth_ws/build/vesc -- -j4 -l4
[10.197s] INFO:colcon.colcon_core.task.python.build:Building Python package in '/home/cav330/f1tenth_ws/src/f1tenth_system/teleop_tools/mouse_teleop'
[10.201s] INFO:colcon.colcon_core.shell:Skip shell extension 'powershell' for command environment: Not usable outside of PowerShell
[10.202s] DEBUG:colcon.colcon_core.shell:Skip shell extension 'dsv' for command environment
[10.242s] Level 1:colcon.colcon_core.environment:checking '/home/cav330/f1tenth_ws/install/f1tenth_gym_ros' for CMake module files
[10.246s] DEBUG:colcon.colcon_core.event_handler.log_command:Invoked command in '/home/cav330/f1tenth_ws/src/f1tenth_gym_ros' returned '0': NX_CONNECTION=192.168.33.135 50807 192.168.33.130 4000 PYTHONPATH=/home/cav330/f1tenth_ws/build/f1tenth_gym_ros/prefix_override:/usr/lib/python3/dist-packages/colcon_core/task/python/colcon_distutils_commands:/home/cav330/f1tenth_ws/install/f1tenth_gym_ros/lib/python3.8/site-packages:${PYTHONPATH} /usr/bin/python3 -W ignore:setup.py install is deprecated -W ignore:easy_install command is deprecated setup.py egg_info --egg-base ../../build/f1tenth_gym_ros build --build-base /home/cav330/f1tenth_ws/build/f1tenth_gym_ros/build install --record /home/cav330/f1tenth_ws/build/f1tenth_gym_ros/install.log --single-version-externally-managed install_data
[10.248s] Level 1:colcon.colcon_core.environment:checking '/home/cav330/f1tenth_ws/install/f1tenth_gym_ros' for CMake config files
[10.251s] Level 1:colcon.colcon_core.environment:checking '/home/cav330/f1tenth_ws/install/f1tenth_gym_ros/lib'
[10.251s] Level 1:colcon.colcon_core.environment:checking '/home/cav330/f1tenth_ws/install/f1tenth_gym_ros/bin'
[10.252s] Level 1:colcon.colcon_core.environment:checking '/home/cav330/f1tenth_ws/install/f1tenth_gym_ros/lib/pkgconfig/f1tenth_gym_ros.pc'
[10.253s] Level 1:colcon.colcon_core.environment:checking '/home/cav330/f1tenth_ws/install/f1tenth_gym_ros/lib/python3.8/site-packages'
[10.253s] Level 1:colcon.colcon_core.shell:create_environment_hook('f1tenth_gym_ros', 'pythonpath')
[10.254s] INFO:colcon.colcon_core.shell:Creating environment hook '/home/cav330/f1tenth_ws/install/f1tenth_gym_ros/share/f1tenth_gym_ros/hook/pythonpath.ps1'
[10.260s] INFO:colcon.colcon_core.shell:Creating environment descriptor '/home/cav330/f1tenth_ws/install/f1tenth_gym_ros/share/f1tenth_gym_ros/hook/pythonpath.dsv'
[10.261s] INFO:colcon.colcon_core.shell:Creating environment hook '/home/cav330/f1tenth_ws/install/f1tenth_gym_ros/share/f1tenth_gym_ros/hook/pythonpath.sh'
[10.264s] Level 1:colcon.colcon_core.environment:checking '/home/cav330/f1tenth_ws/install/f1tenth_gym_ros/bin'
[10.264s] Level 1:colcon.colcon_core.environment:create_environment_scripts_only(f1tenth_gym_ros)
[10.266s] INFO:colcon.colcon_core.shell:Creating package script '/home/cav330/f1tenth_ws/install/f1tenth_gym_ros/share/f1tenth_gym_ros/package.ps1'
[10.268s] INFO:colcon.colcon_core.shell:Creating package descriptor '/home/cav330/f1tenth_ws/install/f1tenth_gym_ros/share/f1tenth_gym_ros/package.dsv'
[10.270s] INFO:colcon.colcon_core.shell:Creating package script '/home/cav330/f1tenth_ws/install/f1tenth_gym_ros/share/f1tenth_gym_ros/package.sh'
[10.272s] INFO:colcon.colcon_core.shell:Creating package script '/home/cav330/f1tenth_ws/install/f1tenth_gym_ros/share/f1tenth_gym_ros/package.bash'
[10.273s] INFO:colcon.colcon_core.shell:Creating package script '/home/cav330/f1tenth_ws/install/f1tenth_gym_ros/share/f1tenth_gym_ros/package.zsh'
[10.275s] Level 1:colcon.colcon_core.environment:create_file_with_runtime_dependencies(/home/cav330/f1tenth_ws/install/f1tenth_gym_ros/share/colcon-core/packages/f1tenth_gym_ros)
[10.281s] DEBUG:colcon.colcon_core.event_handler.log_command:Invoked command in '/home/cav330/f1tenth_ws/build/vesc' returned '0': CMAKE_PREFIX_PATH=/home/cav330/f1tenth_ws/install/vesc_driver:/home/cav330/f1tenth_ws/install/vesc_ackermann:/home/cav330/f1tenth_ws/install/vesc_msgs:/home/cav330/f1tenth_ws/install/wall_follow:/home/cav330/f1tenth_ws/install/vesc:/home/cav330/f1tenth_ws/install/teleop_tools:/home/cav330/f1tenth_ws/install/teleop_tools_msgs:/home/cav330/f1tenth_ws/install/safety_node:/home/cav330/f1tenth_ws/install/ackermann_mux:/home/cav330/f1tenth_ws/install/f1tenth_stack:/home/cav330/f1tenth_ws/install/joy_teleop:/home/cav330/f1tenth_ws/install/mouse_teleop:/home/cav330/f1tenth_ws/install/key_teleop:/home/cav330/f1tenth_ws/install/f1tenth_gym_ros:/opt/ros/foxy LD_LIBRARY_PATH=/home/cav330/f1tenth_ws/install/vesc_driver/lib:/home/cav330/f1tenth_ws/install/vesc_ackermann/lib:/home/cav330/f1tenth_ws/install/vesc_msgs/lib:/home/cav330/f1tenth_ws/install/teleop_tools_msgs/lib:/opt/ros/foxy/opt/yaml_cpp_vendor/lib:/opt/ros/foxy/opt/rviz_ogre_vendor/lib:/opt/ros/foxy/lib/aarch64-linux-gnu:/opt/ros/foxy/lib:/usr/local/cuda-11.4/lib64 NX_CONNECTION=192.168.33.135 50807 192.168.33.130 4000 PYTHONPATH=/home/cav330/f1tenth_ws/install/vesc_msgs/lib/python3.8/site-packages:/home/cav330/f1tenth_ws/install/f1tenth_stack/lib/python3.8/site-packages:/home/cav330/f1tenth_ws/install/joy_teleop/lib/python3.8/site-packages:/home/cav330/f1tenth_ws/install/teleop_tools_msgs/lib/python3.8/site-packages:/home/cav330/f1tenth_ws/install/mouse_teleop/lib/python3.8/site-packages:/home/cav330/f1tenth_ws/install/key_teleop/lib/python3.8/site-packages:/home/cav330/f1tenth_ws/install/f1tenth_gym_ros/lib/python3.8/site-packages:/opt/ros/foxy/lib/python3.8/site-packages /usr/bin/cmake --build /home/cav330/f1tenth_ws/build/vesc -- -j4 -l4
[10.299s] DEBUG:colcon.colcon_core.event_handler.log_command:Invoking command in '/home/cav330/f1tenth_ws/build/vesc': CMAKE_PREFIX_PATH=/home/cav330/f1tenth_ws/install/vesc_driver:/home/cav330/f1tenth_ws/install/vesc_ackermann:/home/cav330/f1tenth_ws/install/vesc_msgs:/home/cav330/f1tenth_ws/install/wall_follow:/home/cav330/f1tenth_ws/install/vesc:/home/cav330/f1tenth_ws/install/teleop_tools:/home/cav330/f1tenth_ws/install/teleop_tools_msgs:/home/cav330/f1tenth_ws/install/safety_node:/home/cav330/f1tenth_ws/install/ackermann_mux:/home/cav330/f1tenth_ws/install/f1tenth_stack:/home/cav330/f1tenth_ws/install/joy_teleop:/home/cav330/f1tenth_ws/install/mouse_teleop:/home/cav330/f1tenth_ws/install/key_teleop:/home/cav330/f1tenth_ws/install/f1tenth_gym_ros:/opt/ros/foxy LD_LIBRARY_PATH=/home/cav330/f1tenth_ws/install/vesc_driver/lib:/home/cav330/f1tenth_ws/install/vesc_ackermann/lib:/home/cav330/f1tenth_ws/install/vesc_msgs/lib:/home/cav330/f1tenth_ws/install/teleop_tools_msgs/lib:/opt/ros/foxy/opt/yaml_cpp_vendor/lib:/opt/ros/foxy/opt/rviz_ogre_vendor/lib:/opt/ros/foxy/lib/aarch64-linux-gnu:/opt/ros/foxy/lib:/usr/local/cuda-11.4/lib64 NX_CONNECTION=192.168.33.135 50807 192.168.33.130 4000 PYTHONPATH=/home/cav330/f1tenth_ws/install/vesc_msgs/lib/python3.8/site-packages:/home/cav330/f1tenth_ws/install/f1tenth_stack/lib/python3.8/site-packages:/home/cav330/f1tenth_ws/install/joy_teleop/lib/python3.8/site-packages:/home/cav330/f1tenth_ws/install/teleop_tools_msgs/lib/python3.8/site-packages:/home/cav330/f1tenth_ws/install/mouse_teleop/lib/python3.8/site-packages:/home/cav330/f1tenth_ws/install/key_teleop/lib/python3.8/site-packages:/home/cav330/f1tenth_ws/install/f1tenth_gym_ros/lib/python3.8/site-packages:/opt/ros/foxy/lib/python3.8/site-packages /usr/bin/cmake --install /home/cav330/f1tenth_ws/build/vesc
[10.313s] DEBUG:colcon.colcon_core.event_handler.log_command:Invoking command in '/home/cav330/f1tenth_ws/src/f1tenth_system/teleop_tools/joy_teleop': CMAKE_PREFIX_PATH=/home/cav330/f1tenth_ws/install/teleop_tools_msgs:/home/cav330/f1tenth_ws/install/wall_follow:/home/cav330/f1tenth_ws/install/vesc:/home/cav330/f1tenth_ws/install/vesc_driver:/home/cav330/f1tenth_ws/install/vesc_ackermann:/home/cav330/f1tenth_ws/install/vesc_msgs:/home/cav330/f1tenth_ws/install/teleop_tools:/home/cav330/f1tenth_ws/install/safety_node:/home/cav330/f1tenth_ws/install/ackermann_mux LD_LIBRARY_PATH=/home/cav330/f1tenth_ws/install/teleop_tools_msgs/lib:/home/cav330/f1tenth_ws/install/vesc_driver/lib:/home/cav330/f1tenth_ws/install/vesc_ackermann/lib:/home/cav330/f1tenth_ws/install/vesc_msgs/lib:/opt/ros/foxy/opt/yaml_cpp_vendor/lib:/opt/ros/foxy/opt/rviz_ogre_vendor/lib:/opt/ros/foxy/lib/aarch64-linux-gnu:/opt/ros/foxy/lib:/usr/local/cuda-11.4/lib64 NX_CONNECTION=192.168.33.135 50807 192.168.33.130 4000 PYTHONPATH=/home/cav330/f1tenth_ws/build/joy_teleop/prefix_override:/usr/lib/python3/dist-packages/colcon_core/task/python/colcon_distutils_commands:/home/cav330/f1tenth_ws/install/joy_teleop/lib/python3.8/site-packages:/home/cav330/f1tenth_ws/install/teleop_tools_msgs/lib/python3.8/site-packages:/home/cav330/f1tenth_ws/install/f1tenth_stack/lib/python3.8/site-packages:/home/cav330/f1tenth_ws/install/vesc_msgs/lib/python3.8/site-packages:/home/cav330/f1tenth_ws/install/joy_teleop/lib/python3.8/site-packages:/home/cav330/f1tenth_ws/install/mouse_teleop/lib/python3.8/site-packages:/home/cav330/f1tenth_ws/install/key_teleop/lib/python3.8/site-packages:/home/cav330/f1tenth_ws/install/f1tenth_gym_ros/lib/python3.8/site-packages:/opt/ros/foxy/lib/python3.8/site-packages /usr/bin/python3 -W ignore:setup.py install is deprecated -W ignore:easy_install command is deprecated setup.py egg_info --egg-base ../../../../build/joy_teleop build --build-base /home/cav330/f1tenth_ws/build/joy_teleop/build install --record /home/cav330/f1tenth_ws/build/joy_teleop/install.log --install-scripts $base/lib/joy_teleop --single-version-externally-managed install_data
[10.331s] INFO:colcon.colcon_ros.task.ament_cmake.build:Building ROS package in '/home/cav330/f1tenth_ws/src/safety_node' with build type 'ament_cmake'
[10.334s] INFO:colcon.colcon_cmake.task.cmake.build:Building CMake package in '/home/cav330/f1tenth_ws/src/safety_node'
[10.338s] INFO:colcon.colcon_core.shell:Skip shell extension 'powershell' for command environment: Not usable outside of PowerShell
[10.338s] DEBUG:colcon.colcon_core.shell:Skip shell extension 'dsv' for command environment
[10.436s] Level 1:colcon.colcon_core.environment:create_environment_scripts_only(vesc)
[10.439s] DEBUG:colcon.colcon_core.event_handler.log_command:Invoked command in '/home/cav330/f1tenth_ws/build/vesc' returned '0': CMAKE_PREFIX_PATH=/home/cav330/f1tenth_ws/install/vesc_driver:/home/cav330/f1tenth_ws/install/vesc_ackermann:/home/cav330/f1tenth_ws/install/vesc_msgs:/home/cav330/f1tenth_ws/install/wall_follow:/home/cav330/f1tenth_ws/install/vesc:/home/cav330/f1tenth_ws/install/teleop_tools:/home/cav330/f1tenth_ws/install/teleop_tools_msgs:/home/cav330/f1tenth_ws/install/safety_node:/home/cav330/f1tenth_ws/install/ackermann_mux:/home/cav330/f1tenth_ws/install/f1tenth_stack:/home/cav330/f1tenth_ws/install/joy_teleop:/home/cav330/f1tenth_ws/install/mouse_teleop:/home/cav330/f1tenth_ws/install/key_teleop:/home/cav330/f1tenth_ws/install/f1tenth_gym_ros:/opt/ros/foxy LD_LIBRARY_PATH=/home/cav330/f1tenth_ws/install/vesc_driver/lib:/home/cav330/f1tenth_ws/install/vesc_ackermann/lib:/home/cav330/f1tenth_ws/install/vesc_msgs/lib:/home/cav330/f1tenth_ws/install/teleop_tools_msgs/lib:/opt/ros/foxy/opt/yaml_cpp_vendor/lib:/opt/ros/foxy/opt/rviz_ogre_vendor/lib:/opt/ros/foxy/lib/aarch64-linux-gnu:/opt/ros/foxy/lib:/usr/local/cuda-11.4/lib64 NX_CONNECTION=192.168.33.135 50807 192.168.33.130 4000 PYTHONPATH=/home/cav330/f1tenth_ws/install/vesc_msgs/lib/python3.8/site-packages:/home/cav330/f1tenth_ws/install/f1tenth_stack/lib/python3.8/site-packages:/home/cav330/f1tenth_ws/install/joy_teleop/lib/python3.8/site-packages:/home/cav330/f1tenth_ws/install/teleop_tools_msgs/lib/python3.8/site-packages:/home/cav330/f1tenth_ws/install/mouse_teleop/lib/python3.8/site-packages:/home/cav330/f1tenth_ws/install/key_teleop/lib/python3.8/site-packages:/home/cav330/f1tenth_ws/install/f1tenth_gym_ros/lib/python3.8/site-packages:/opt/ros/foxy/lib/python3.8/site-packages /usr/bin/cmake --install /home/cav330/f1tenth_ws/build/vesc
[10.442s] Level 1:colcon.colcon_core.environment:checking '/home/cav330/f1tenth_ws/install/vesc' for CMake module files
[10.445s] Level 1:colcon.colcon_core.environment:checking '/home/cav330/f1tenth_ws/install/vesc' for CMake config files
[10.446s] Level 1:colcon.colcon_core.shell:create_environment_hook('vesc', 'cmake_prefix_path')
[10.448s] INFO:colcon.colcon_core.shell:Creating environment hook '/home/cav330/f1tenth_ws/install/vesc/share/vesc/hook/cmake_prefix_path.ps1'
[10.451s] INFO:colcon.colcon_core.shell:Creating environment descriptor '/home/cav330/f1tenth_ws/install/vesc/share/vesc/hook/cmake_prefix_path.dsv'
[10.453s] INFO:colcon.colcon_core.shell:Creating environment hook '/home/cav330/f1tenth_ws/install/vesc/share/vesc/hook/cmake_prefix_path.sh'
[10.456s] Level 1:colcon.colcon_core.environment:checking '/home/cav330/f1tenth_ws/install/vesc/bin'
[10.457s] Level 1:colcon.colcon_core.environment:checking '/home/cav330/f1tenth_ws/install/vesc/lib/pkgconfig/vesc.pc'
[10.458s] Level 1:colcon.colcon_core.environment:checking '/home/cav330/f1tenth_ws/install/vesc/lib/python3.8/site-packages'
[10.459s] Level 1:colcon.colcon_core.environment:checking '/home/cav330/f1tenth_ws/install/vesc/bin'
[10.462s] INFO:colcon.colcon_core.shell:Creating package script '/home/cav330/f1tenth_ws/install/vesc/share/vesc/package.ps1'
[10.465s] INFO:colcon.colcon_core.shell:Creating package descriptor '/home/cav330/f1tenth_ws/install/vesc/share/vesc/package.dsv'
[10.467s] INFO:colcon.colcon_core.shell:Creating package script '/home/cav330/f1tenth_ws/install/vesc/share/vesc/package.sh'
[10.469s] INFO:colcon.colcon_core.shell:Creating package script '/home/cav330/f1tenth_ws/install/vesc/share/vesc/package.bash'
[10.471s] INFO:colcon.colcon_core.shell:Creating package script '/home/cav330/f1tenth_ws/install/vesc/share/vesc/package.zsh'
[10.472s] Level 1:colcon.colcon_core.environment:create_file_with_runtime_dependencies(/home/cav330/f1tenth_ws/install/vesc/share/colcon-core/packages/vesc)
[10.476s] Level 1:colcon.colcon_core.environment:create_environment_scripts_only(vesc)
[10.476s] Level 1:colcon.colcon_core.environment:checking '/home/cav330/f1tenth_ws/install/vesc' for CMake module files
[10.479s] Level 1:colcon.colcon_core.environment:checking '/home/cav330/f1tenth_ws/install/vesc' for CMake config files
[10.480s] Level 1:colcon.colcon_core.shell:create_environment_hook('vesc', 'cmake_prefix_path')
[10.481s] INFO:colcon.colcon_core.shell:Creating environment hook '/home/cav330/f1tenth_ws/install/vesc/share/vesc/hook/cmake_prefix_path.ps1'
[10.483s] INFO:colcon.colcon_core.shell:Creating environment descriptor '/home/cav330/f1tenth_ws/install/vesc/share/vesc/hook/cmake_prefix_path.dsv'
[10.485s] INFO:colcon.colcon_core.shell:Creating environment hook '/home/cav330/f1tenth_ws/install/vesc/share/vesc/hook/cmake_prefix_path.sh'
[10.488s] Level 1:colcon.colcon_core.environment:checking '/home/cav330/f1tenth_ws/install/vesc/bin'
[10.488s] Level 1:colcon.colcon_core.environment:checking '/home/cav330/f1tenth_ws/install/vesc/lib/pkgconfig/vesc.pc'
[10.489s] Level 1:colcon.colcon_core.environment:checking '/home/cav330/f1tenth_ws/install/vesc/lib/python3.8/site-packages'
[10.490s] Level 1:colcon.colcon_core.environment:checking '/home/cav330/f1tenth_ws/install/vesc/bin'
[10.492s] INFO:colcon.colcon_core.shell:Creating package script '/home/cav330/f1tenth_ws/install/vesc/share/vesc/package.ps1'
[10.495s] INFO:colcon.colcon_core.shell:Creating package descriptor '/home/cav330/f1tenth_ws/install/vesc/share/vesc/package.dsv'
[10.498s] INFO:colcon.colcon_core.shell:Creating package script '/home/cav330/f1tenth_ws/install/vesc/share/vesc/package.sh'
[10.500s] INFO:colcon.colcon_core.shell:Creating package script '/home/cav330/f1tenth_ws/install/vesc/share/vesc/package.bash'
[10.502s] INFO:colcon.colcon_core.shell:Creating package script '/home/cav330/f1tenth_ws/install/vesc/share/vesc/package.zsh'
[10.505s] Level 1:colcon.colcon_core.environment:create_file_with_runtime_dependencies(/home/cav330/f1tenth_ws/install/vesc/share/colcon-core/packages/vesc)
[10.510s] INFO:colcon.colcon_ros.task.ament_cmake.build:Building ROS package in '/home/cav330/f1tenth_ws/src/wall_follow' with build type 'ament_cmake'
[10.511s] INFO:colcon.colcon_cmake.task.cmake.build:Building CMake package in '/home/cav330/f1tenth_ws/src/wall_follow'
[10.512s] INFO:colcon.colcon_core.shell:Skip shell extension 'powershell' for command environment: Not usable outside of PowerShell
[10.512s] DEBUG:colcon.colcon_core.shell:Skip shell extension 'dsv' for command environment
[10.575s] DEBUG:colcon.colcon_core.event_handler.log_command:Invoking command in '/home/cav330/f1tenth_ws/build/safety_node': CMAKE_PREFIX_PATH=${CMAKE_PREFIX_PATH}:/home/cav330/f1tenth_ws/install/f1tenth_stack:/home/cav330/f1tenth_ws/install/joy_teleop:/home/cav330/f1tenth_ws/install/mouse_teleop:/home/cav330/f1tenth_ws/install/key_teleop:/home/cav330/f1tenth_ws/install/f1tenth_gym_ros:/opt/ros/foxy NX_CONNECTION=192.168.33.135 50807 192.168.33.130 4000 /usr/bin/cmake --build /home/cav330/f1tenth_ws/build/safety_node -- -j4 -l4
[10.622s] DEBUG:colcon.colcon_core.event_handler.log_command:Invoking command in '/home/cav330/f1tenth_ws/build/wall_follow': CMAKE_PREFIX_PATH=${CMAKE_PREFIX_PATH}:/home/cav330/f1tenth_ws/install/f1tenth_stack:/home/cav330/f1tenth_ws/install/joy_teleop:/home/cav330/f1tenth_ws/install/mouse_teleop:/home/cav330/f1tenth_ws/install/key_teleop:/home/cav330/f1tenth_ws/install/f1tenth_gym_ros:/opt/ros/foxy NX_CONNECTION=192.168.33.135 50807 192.168.33.130 4000 /usr/bin/cmake --build /home/cav330/f1tenth_ws/build/wall_follow -- -j4 -l4
[11.101s] DEBUG:colcon.colcon_core.event_handler.log_command:Invoked command in '/home/cav330/f1tenth_ws/build/safety_node' returned '0': CMAKE_PREFIX_PATH=${CMAKE_PREFIX_PATH}:/home/cav330/f1tenth_ws/install/f1tenth_stack:/home/cav330/f1tenth_ws/install/joy_teleop:/home/cav330/f1tenth_ws/install/mouse_teleop:/home/cav330/f1tenth_ws/install/key_teleop:/home/cav330/f1tenth_ws/install/f1tenth_gym_ros:/opt/ros/foxy NX_CONNECTION=192.168.33.135 50807 192.168.33.130 4000 /usr/bin/cmake --build /home/cav330/f1tenth_ws/build/safety_node -- -j4 -l4
[11.109s] DEBUG:colcon.colcon_core.event_handler.log_command:Invoking command in '/home/cav330/f1tenth_ws/build/safety_node': CMAKE_PREFIX_PATH=${CMAKE_PREFIX_PATH}:/home/cav330/f1tenth_ws/install/f1tenth_stack:/home/cav330/f1tenth_ws/install/joy_teleop:/home/cav330/f1tenth_ws/install/mouse_teleop:/home/cav330/f1tenth_ws/install/key_teleop:/home/cav330/f1tenth_ws/install/f1tenth_gym_ros:/opt/ros/foxy NX_CONNECTION=192.168.33.135 50807 192.168.33.130 4000 /usr/bin/cmake --install /home/cav330/f1tenth_ws/build/safety_node
[11.135s] DEBUG:colcon.colcon_core.event_handler.log_command:Invoked command in '/home/cav330/f1tenth_ws/build/wall_follow' returned '0': CMAKE_PREFIX_PATH=${CMAKE_PREFIX_PATH}:/home/cav330/f1tenth_ws/install/f1tenth_stack:/home/cav330/f1tenth_ws/install/joy_teleop:/home/cav330/f1tenth_ws/install/mouse_teleop:/home/cav330/f1tenth_ws/install/key_teleop:/home/cav330/f1tenth_ws/install/f1tenth_gym_ros:/opt/ros/foxy NX_CONNECTION=192.168.33.135 50807 192.168.33.130 4000 /usr/bin/cmake --build /home/cav330/f1tenth_ws/build/wall_follow -- -j4 -l4
[11.154s] DEBUG:colcon.colcon_core.event_handler.log_command:Invoking command in '/home/cav330/f1tenth_ws/build/wall_follow': CMAKE_PREFIX_PATH=${CMAKE_PREFIX_PATH}:/home/cav330/f1tenth_ws/install/f1tenth_stack:/home/cav330/f1tenth_ws/install/joy_teleop:/home/cav330/f1tenth_ws/install/mouse_teleop:/home/cav330/f1tenth_ws/install/key_teleop:/home/cav330/f1tenth_ws/install/f1tenth_gym_ros:/opt/ros/foxy NX_CONNECTION=192.168.33.135 50807 192.168.33.130 4000 /usr/bin/cmake --install /home/cav330/f1tenth_ws/build/wall_follow
[11.196s] Level 1:colcon.colcon_core.environment:create_environment_scripts_only(safety_node)
[11.199s] Level 1:colcon.colcon_core.environment:checking '/home/cav330/f1tenth_ws/install/safety_node' for CMake module files
[11.202s] DEBUG:colcon.colcon_core.event_handler.log_command:Invoked command in '/home/cav330/f1tenth_ws/build/safety_node' returned '0': CMAKE_PREFIX_PATH=${CMAKE_PREFIX_PATH}:/home/cav330/f1tenth_ws/install/f1tenth_stack:/home/cav330/f1tenth_ws/install/joy_teleop:/home/cav330/f1tenth_ws/install/mouse_teleop:/home/cav330/f1tenth_ws/install/key_teleop:/home/cav330/f1tenth_ws/install/f1tenth_gym_ros:/opt/ros/foxy NX_CONNECTION=192.168.33.135 50807 192.168.33.130 4000 /usr/bin/cmake --install /home/cav330/f1tenth_ws/build/safety_node
[11.224s] Level 1:colcon.colcon_core.environment:checking '/home/cav330/f1tenth_ws/install/safety_node' for CMake config files
[11.226s] Level 1:colcon.colcon_core.shell:create_environment_hook('safety_node', 'cmake_prefix_path')
[11.227s] INFO:colcon.colcon_core.shell:Creating environment hook '/home/cav330/f1tenth_ws/install/safety_node/share/safety_node/hook/cmake_prefix_path.ps1'
[11.231s] INFO:colcon.colcon_core.shell:Creating environment descriptor '/home/cav330/f1tenth_ws/install/safety_node/share/safety_node/hook/cmake_prefix_path.dsv'
[11.233s] INFO:colcon.colcon_core.shell:Creating environment hook '/home/cav330/f1tenth_ws/install/safety_node/share/safety_node/hook/cmake_prefix_path.sh'
[11.238s] Level 1:colcon.colcon_core.environment:checking '/home/cav330/f1tenth_ws/install/safety_node/lib'
[11.240s] Level 1:colcon.colcon_core.environment:checking '/home/cav330/f1tenth_ws/install/safety_node/bin'
[11.241s] Level 1:colcon.colcon_core.environment:checking '/home/cav330/f1tenth_ws/install/safety_node/lib/pkgconfig/safety_node.pc'
[11.242s] Level 1:colcon.colcon_core.environment:checking '/home/cav330/f1tenth_ws/install/safety_node/lib/python3.8/site-packages'
[11.243s] Level 1:colcon.colcon_core.environment:checking '/home/cav330/f1tenth_ws/install/safety_node/bin'
[11.245s] INFO:colcon.colcon_core.shell:Creating package script '/home/cav330/f1tenth_ws/install/safety_node/share/safety_node/package.ps1'
[11.248s] INFO:colcon.colcon_core.shell:Creating package descriptor '/home/cav330/f1tenth_ws/install/safety_node/share/safety_node/package.dsv'
[11.250s] INFO:colcon.colcon_core.shell:Creating package script '/home/cav330/f1tenth_ws/install/safety_node/share/safety_node/package.sh'
[11.252s] INFO:colcon.colcon_core.shell:Creating package script '/home/cav330/f1tenth_ws/install/safety_node/share/safety_node/package.bash'
[11.254s] INFO:colcon.colcon_core.shell:Creating package script '/home/cav330/f1tenth_ws/install/safety_node/share/safety_node/package.zsh'
[11.256s] Level 1:colcon.colcon_core.environment:create_file_with_runtime_dependencies(/home/cav330/f1tenth_ws/install/safety_node/share/colcon-core/packages/safety_node)
[11.259s] Level 1:colcon.colcon_core.environment:create_environment_scripts_only(safety_node)
[11.260s] Level 1:colcon.colcon_core.environment:checking '/home/cav330/f1tenth_ws/install/safety_node' for CMake module files
[11.262s] Level 1:colcon.colcon_core.environment:checking '/home/cav330/f1tenth_ws/install/safety_node' for CMake config files
[11.263s] Level 1:colcon.colcon_core.shell:create_environment_hook('safety_node', 'cmake_prefix_path')
[11.264s] INFO:colcon.colcon_core.shell:Creating environment hook '/home/cav330/f1tenth_ws/install/safety_node/share/safety_node/hook/cmake_prefix_path.ps1'
[11.266s] INFO:colcon.colcon_core.shell:Creating environment descriptor '/home/cav330/f1tenth_ws/install/safety_node/share/safety_node/hook/cmake_prefix_path.dsv'
[11.269s] INFO:colcon.colcon_core.shell:Creating environment hook '/home/cav330/f1tenth_ws/install/safety_node/share/safety_node/hook/cmake_prefix_path.sh'
[11.271s] Level 1:colcon.colcon_core.environment:checking '/home/cav330/f1tenth_ws/install/safety_node/lib'
[11.271s] Level 1:colcon.colcon_core.environment:checking '/home/cav330/f1tenth_ws/install/safety_node/bin'
[11.272s] Level 1:colcon.colcon_core.environment:checking '/home/cav330/f1tenth_ws/install/safety_node/lib/pkgconfig/safety_node.pc'
[11.272s] Level 1:colcon.colcon_core.environment:checking '/home/cav330/f1tenth_ws/install/safety_node/lib/python3.8/site-packages'
[11.274s] Level 1:colcon.colcon_core.environment:checking '/home/cav330/f1tenth_ws/install/safety_node/bin'
[11.275s] INFO:colcon.colcon_core.shell:Creating package script '/home/cav330/f1tenth_ws/install/safety_node/share/safety_node/package.ps1'
[11.278s] INFO:colcon.colcon_core.shell:Creating package descriptor '/home/cav330/f1tenth_ws/install/safety_node/share/safety_node/package.dsv'
[11.281s] INFO:colcon.colcon_core.shell:Creating package script '/home/cav330/f1tenth_ws/install/safety_node/share/safety_node/package.sh'
[11.283s] INFO:colcon.colcon_core.shell:Creating package script '/home/cav330/f1tenth_ws/install/safety_node/share/safety_node/package.bash'
[11.286s] INFO:colcon.colcon_core.shell:Creating package script '/home/cav330/f1tenth_ws/install/safety_node/share/safety_node/package.zsh'
[11.287s] Level 1:colcon.colcon_core.environment:create_file_with_runtime_dependencies(/home/cav330/f1tenth_ws/install/safety_node/share/colcon-core/packages/safety_node)
[11.294s] Level 1:colcon.colcon_core.environment:create_environment_scripts_only(wall_follow)
[11.295s] DEBUG:colcon.colcon_core.event_handler.log_command:Invoked command in '/home/cav330/f1tenth_ws/build/wall_follow' returned '0': CMAKE_PREFIX_PATH=${CMAKE_PREFIX_PATH}:/home/cav330/f1tenth_ws/install/f1tenth_stack:/home/cav330/f1tenth_ws/install/joy_teleop:/home/cav330/f1tenth_ws/install/mouse_teleop:/home/cav330/f1tenth_ws/install/key_teleop:/home/cav330/f1tenth_ws/install/f1tenth_gym_ros:/opt/ros/foxy NX_CONNECTION=192.168.33.135 50807 192.168.33.130 4000 /usr/bin/cmake --install /home/cav330/f1tenth_ws/build/wall_follow
[11.297s] Level 1:colcon.colcon_core.environment:checking '/home/cav330/f1tenth_ws/install/wall_follow' for CMake module files
[11.304s] Level 1:colcon.colcon_core.environment:checking '/home/cav330/f1tenth_ws/install/wall_follow' for CMake config files
[11.306s] Level 1:colcon.colcon_core.shell:create_environment_hook('wall_follow', 'cmake_prefix_path')
[11.307s] INFO:colcon.colcon_core.shell:Creating environment hook '/home/cav330/f1tenth_ws/install/wall_follow/share/wall_follow/hook/cmake_prefix_path.ps1'
[11.309s] INFO:colcon.colcon_core.shell:Creating environment descriptor '/home/cav330/f1tenth_ws/install/wall_follow/share/wall_follow/hook/cmake_prefix_path.dsv'
[11.320s] INFO:colcon.colcon_core.shell:Creating environment hook '/home/cav330/f1tenth_ws/install/wall_follow/share/wall_follow/hook/cmake_prefix_path.sh'
[11.323s] Level 1:colcon.colcon_core.environment:checking '/home/cav330/f1tenth_ws/install/wall_follow/lib'
[11.324s] Level 1:colcon.colcon_core.environment:checking '/home/cav330/f1tenth_ws/install/wall_follow/bin'
[11.324s] Level 1:colcon.colcon_core.environment:checking '/home/cav330/f1tenth_ws/install/wall_follow/lib/pkgconfig/wall_follow.pc'
[11.325s] Level 1:colcon.colcon_core.environment:checking '/home/cav330/f1tenth_ws/install/wall_follow/lib/python3.8/site-packages'
[11.327s] Level 1:colcon.colcon_core.environment:checking '/home/cav330/f1tenth_ws/install/wall_follow/bin'
[11.328s] INFO:colcon.colcon_core.shell:Creating package script '/home/cav330/f1tenth_ws/install/wall_follow/share/wall_follow/package.ps1'
[11.331s] INFO:colcon.colcon_core.shell:Creating package descriptor '/home/cav330/f1tenth_ws/install/wall_follow/share/wall_follow/package.dsv'
[11.333s] INFO:colcon.colcon_core.shell:Creating package script '/home/cav330/f1tenth_ws/install/wall_follow/share/wall_follow/package.sh'
[11.335s] INFO:colcon.colcon_core.shell:Creating package script '/home/cav330/f1tenth_ws/install/wall_follow/share/wall_follow/package.bash'
[11.337s] INFO:colcon.colcon_core.shell:Creating package script '/home/cav330/f1tenth_ws/install/wall_follow/share/wall_follow/package.zsh'
[11.339s] Level 1:colcon.colcon_core.environment:create_file_with_runtime_dependencies(/home/cav330/f1tenth_ws/install/wall_follow/share/colcon-core/packages/wall_follow)
[11.341s] Level 1:colcon.colcon_core.environment:create_environment_scripts_only(wall_follow)
[11.342s] Level 1:colcon.colcon_core.environment:checking '/home/cav330/f1tenth_ws/install/wall_follow' for CMake module files
[11.345s] Level 1:colcon.colcon_core.environment:checking '/home/cav330/f1tenth_ws/install/wall_follow' for CMake config files
[11.347s] Level 1:colcon.colcon_core.shell:create_environment_hook('wall_follow', 'cmake_prefix_path')
[11.348s] INFO:colcon.colcon_core.shell:Creating environment hook '/home/cav330/f1tenth_ws/install/wall_follow/share/wall_follow/hook/cmake_prefix_path.ps1'
[11.350s] INFO:colcon.colcon_core.shell:Creating environment descriptor '/home/cav330/f1tenth_ws/install/wall_follow/share/wall_follow/hook/cmake_prefix_path.dsv'
[11.352s] INFO:colcon.colcon_core.shell:Creating environment hook '/home/cav330/f1tenth_ws/install/wall_follow/share/wall_follow/hook/cmake_prefix_path.sh'
[11.355s] Level 1:colcon.colcon_core.environment:checking '/home/cav330/f1tenth_ws/install/wall_follow/lib'
[11.356s] Level 1:colcon.colcon_core.environment:checking '/home/cav330/f1tenth_ws/install/wall_follow/bin'
[11.356s] Level 1:colcon.colcon_core.environment:checking '/home/cav330/f1tenth_ws/install/wall_follow/lib/pkgconfig/wall_follow.pc'
[11.357s] Level 1:colcon.colcon_core.environment:checking '/home/cav330/f1tenth_ws/install/wall_follow/lib/python3.8/site-packages'
[11.358s] Level 1:colcon.colcon_core.environment:checking '/home/cav330/f1tenth_ws/install/wall_follow/bin'
[11.359s] INFO:colcon.colcon_core.shell:Creating package script '/home/cav330/f1tenth_ws/install/wall_follow/share/wall_follow/package.ps1'
[11.362s] INFO:colcon.colcon_core.shell:Creating package descriptor '/home/cav330/f1tenth_ws/install/wall_follow/share/wall_follow/package.dsv'
[11.365s] INFO:colcon.colcon_core.shell:Creating package script '/home/cav330/f1tenth_ws/install/wall_follow/share/wall_follow/package.sh'
[11.368s] INFO:colcon.colcon_core.shell:Creating package script '/home/cav330/f1tenth_ws/install/wall_follow/share/wall_follow/package.bash'
[11.371s] INFO:colcon.colcon_core.shell:Creating package script '/home/cav330/f1tenth_ws/install/wall_follow/share/wall_follow/package.zsh'
[11.373s] Level 1:colcon.colcon_core.environment:create_file_with_runtime_dependencies(/home/cav330/f1tenth_ws/install/wall_follow/share/colcon-core/packages/wall_follow)
[11.846s] Level 1:colcon.colcon_core.environment:checking '/home/cav330/f1tenth_ws/install/joy_teleop' for CMake module files
[11.849s] DEBUG:colcon.colcon_core.event_handler.log_command:Invoked command in '/home/cav330/f1tenth_ws/src/f1tenth_system/teleop_tools/joy_teleop' returned '0': CMAKE_PREFIX_PATH=/home/cav330/f1tenth_ws/install/teleop_tools_msgs:/home/cav330/f1tenth_ws/install/wall_follow:/home/cav330/f1tenth_ws/install/vesc:/home/cav330/f1tenth_ws/install/vesc_driver:/home/cav330/f1tenth_ws/install/vesc_ackermann:/home/cav330/f1tenth_ws/install/vesc_msgs:/home/cav330/f1tenth_ws/install/teleop_tools:/home/cav330/f1tenth_ws/install/safety_node:/home/cav330/f1tenth_ws/install/ackermann_mux LD_LIBRARY_PATH=/home/cav330/f1tenth_ws/install/teleop_tools_msgs/lib:/home/cav330/f1tenth_ws/install/vesc_driver/lib:/home/cav330/f1tenth_ws/install/vesc_ackermann/lib:/home/cav330/f1tenth_ws/install/vesc_msgs/lib:/opt/ros/foxy/opt/yaml_cpp_vendor/lib:/opt/ros/foxy/opt/rviz_ogre_vendor/lib:/opt/ros/foxy/lib/aarch64-linux-gnu:/opt/ros/foxy/lib:/usr/local/cuda-11.4/lib64 NX_CONNECTION=192.168.33.135 50807 192.168.33.130 4000 PYTHONPATH=/home/cav330/f1tenth_ws/build/joy_teleop/prefix_override:/usr/lib/python3/dist-packages/colcon_core/task/python/colcon_distutils_commands:/home/cav330/f1tenth_ws/install/joy_teleop/lib/python3.8/site-packages:/home/cav330/f1tenth_ws/install/teleop_tools_msgs/lib/python3.8/site-packages:/home/cav330/f1tenth_ws/install/f1tenth_stack/lib/python3.8/site-packages:/home/cav330/f1tenth_ws/install/vesc_msgs/lib/python3.8/site-packages:/home/cav330/f1tenth_ws/install/joy_teleop/lib/python3.8/site-packages:/home/cav330/f1tenth_ws/install/mouse_teleop/lib/python3.8/site-packages:/home/cav330/f1tenth_ws/install/key_teleop/lib/python3.8/site-packages:/home/cav330/f1tenth_ws/install/f1tenth_gym_ros/lib/python3.8/site-packages:/opt/ros/foxy/lib/python3.8/site-packages /usr/bin/python3 -W ignore:setup.py install is deprecated -W ignore:easy_install command is deprecated setup.py egg_info --egg-base ../../../../build/joy_teleop build --build-base /home/cav330/f1tenth_ws/build/joy_teleop/build install --record /home/cav330/f1tenth_ws/build/joy_teleop/install.log --install-scripts $base/lib/joy_teleop --single-version-externally-managed install_data
[11.850s] Level 1:colcon.colcon_core.environment:checking '/home/cav330/f1tenth_ws/install/joy_teleop' for CMake config files
[11.853s] Level 1:colcon.colcon_core.environment:checking '/home/cav330/f1tenth_ws/install/joy_teleop/lib'
[11.853s] Level 1:colcon.colcon_core.environment:checking '/home/cav330/f1tenth_ws/install/joy_teleop/bin'
[11.854s] Level 1:colcon.colcon_core.environment:checking '/home/cav330/f1tenth_ws/install/joy_teleop/lib/pkgconfig/joy_teleop.pc'
[11.854s] Level 1:colcon.colcon_core.environment:checking '/home/cav330/f1tenth_ws/install/joy_teleop/lib/python3.8/site-packages'
[11.855s] Level 1:colcon.colcon_core.shell:create_environment_hook('joy_teleop', 'pythonpath')
[11.856s] INFO:colcon.colcon_core.shell:Creating environment hook '/home/cav330/f1tenth_ws/install/joy_teleop/share/joy_teleop/hook/pythonpath.ps1'
[11.858s] INFO:colcon.colcon_core.shell:Creating environment descriptor '/home/cav330/f1tenth_ws/install/joy_teleop/share/joy_teleop/hook/pythonpath.dsv'
[11.859s] INFO:colcon.colcon_core.shell:Creating environment hook '/home/cav330/f1tenth_ws/install/joy_teleop/share/joy_teleop/hook/pythonpath.sh'
[11.862s] Level 1:colcon.colcon_core.environment:checking '/home/cav330/f1tenth_ws/install/joy_teleop/bin'
[11.862s] Level 1:colcon.colcon_core.environment:create_environment_scripts_only(joy_teleop)
[11.863s] INFO:colcon.colcon_core.shell:Creating package script '/home/cav330/f1tenth_ws/install/joy_teleop/share/joy_teleop/package.ps1'
[11.865s] INFO:colcon.colcon_core.shell:Creating package descriptor '/home/cav330/f1tenth_ws/install/joy_teleop/share/joy_teleop/package.dsv'
[11.867s] INFO:colcon.colcon_core.shell:Creating package script '/home/cav330/f1tenth_ws/install/joy_teleop/share/joy_teleop/package.sh'
[11.870s] INFO:colcon.colcon_core.shell:Creating package script '/home/cav330/f1tenth_ws/install/joy_teleop/share/joy_teleop/package.bash'
[11.872s] INFO:colcon.colcon_core.shell:Creating package script '/home/cav330/f1tenth_ws/install/joy_teleop/share/joy_teleop/package.zsh'
[11.873s] Level 1:colcon.colcon_core.environment:create_file_with_runtime_dependencies(/home/cav330/f1tenth_ws/install/joy_teleop/share/colcon-core/packages/joy_teleop)
[11.875s] INFO:colcon.colcon_ros.task.ament_cmake.build:Building ROS package in '/home/cav330/f1tenth_ws/src/f1tenth_system/teleop_tools/teleop_tools' with build type 'ament_cmake'
[11.877s] INFO:colcon.colcon_cmake.task.cmake.build:Building CMake package in '/home/cav330/f1tenth_ws/src/f1tenth_system/teleop_tools/teleop_tools'
[11.878s] INFO:colcon.colcon_core.shell:Skip shell extension 'powershell' for command environment: Not usable outside of PowerShell
[11.878s] DEBUG:colcon.colcon_core.shell:Skip shell extension 'dsv' for command environment
[11.919s] INFO:colcon.colcon_ros.task.ament_python.build:Building ROS package in '/home/cav330/f1tenth_ws/src/f1tenth_system/f1tenth_stack' with build type 'ament_python'
[11.924s] Level 1:colcon.colcon_core.shell:create_environment_hook('f1tenth_stack', 'ament_prefix_path')
[11.928s] INFO:colcon.colcon_core.shell:Creating environment hook '/home/cav330/f1tenth_ws/install/f1tenth_stack/share/f1tenth_stack/hook/ament_prefix_path.ps1'
[11.932s] INFO:colcon.colcon_core.shell:Creating environment descriptor '/home/cav330/f1tenth_ws/install/f1tenth_stack/share/f1tenth_stack/hook/ament_prefix_path.dsv'
[11.934s] INFO:colcon.colcon_core.shell:Creating environment hook '/home/cav330/f1tenth_ws/install/f1tenth_stack/share/f1tenth_stack/hook/ament_prefix_path.sh'
[11.939s] INFO:colcon.colcon_core.shell:Skip shell extension 'powershell' for command environment: Not usable outside of PowerShell
[11.940s] DEBUG:colcon.colcon_core.shell:Skip shell extension 'dsv' for command environment
[12.002s] DEBUG:colcon.colcon_core.event_handler.log_command:Invoking command in '/home/cav330/f1tenth_ws/build/teleop_tools': AMENT_PREFIX_PATH=/home/cav330/f1tenth_ws/install/joy_teleop:/home/cav330/f1tenth_ws/install/key_teleop:/home/cav330/f1tenth_ws/install/wall_follow:/home/cav330/f1tenth_ws/install/f1tenth_stack:/home/cav330/f1tenth_ws/install/vesc:/home/cav330/f1tenth_ws/install/vesc_driver:/home/cav330/f1tenth_ws/install/vesc_ackermann:/home/cav330/f1tenth_ws/install/vesc_msgs:/home/cav330/f1tenth_ws/install/teleop_tools:/home/cav330/f1tenth_ws/install/teleop_tools_msgs:/home/cav330/f1tenth_ws/install/safety_node:/home/cav330/f1tenth_ws/install/mouse_teleop:/home/cav330/f1tenth_ws/install/f1tenth_gym_ros:/home/cav330/f1tenth_ws/install/ackermann_mux:/opt/ros/foxy CMAKE_PREFIX_PATH=/home/cav330/f1tenth_ws/install/teleop_tools_msgs:/home/cav330/f1tenth_ws/install/wall_follow:/home/cav330/f1tenth_ws/install/vesc:/home/cav330/f1tenth_ws/install/vesc_driver:/home/cav330/f1tenth_ws/install/vesc_ackermann:/home/cav330/f1tenth_ws/install/vesc_msgs:/home/cav330/f1tenth_ws/install/teleop_tools:/home/cav330/f1tenth_ws/install/safety_node:/home/cav330/f1tenth_ws/install/ackermann_mux:/home/cav330/f1tenth_ws/install/f1tenth_stack:/home/cav330/f1tenth_ws/install/joy_teleop:/home/cav330/f1tenth_ws/install/mouse_teleop:/home/cav330/f1tenth_ws/install/key_teleop:/home/cav330/f1tenth_ws/install/f1tenth_gym_ros:/opt/ros/foxy LD_LIBRARY_PATH=/home/cav330/f1tenth_ws/install/teleop_tools_msgs/lib:/home/cav330/f1tenth_ws/install/vesc_driver/lib:/home/cav330/f1tenth_ws/install/vesc_ackermann/lib:/home/cav330/f1tenth_ws/install/vesc_msgs/lib:/opt/ros/foxy/opt/yaml_cpp_vendor/lib:/opt/ros/foxy/opt/rviz_ogre_vendor/lib:/opt/ros/foxy/lib/aarch64-linux-gnu:/opt/ros/foxy/lib:/usr/local/cuda-11.4/lib64 NX_CONNECTION=192.168.33.135 50807 192.168.33.130 4000 PYTHONPATH=/home/cav330/f1tenth_ws/install/joy_teleop/lib/python3.8/site-packages:/home/cav330/f1tenth_ws/install/teleop_tools_msgs/lib/python3.8/site-packages:/home/cav330/f1tenth_ws/install/key_teleop/lib/python3.8/site-packages:/home/cav330/f1tenth_ws/install/f1tenth_stack/lib/python3.8/site-packages:/home/cav330/f1tenth_ws/install/vesc_msgs/lib/python3.8/site-packages:/home/cav330/f1tenth_ws/install/mouse_teleop/lib/python3.8/site-packages:/home/cav330/f1tenth_ws/install/f1tenth_gym_ros/lib/python3.8/site-packages:/opt/ros/foxy/lib/python3.8/site-packages /usr/bin/cmake --build /home/cav330/f1tenth_ws/build/teleop_tools -- -j4 -l4
[13.039s] INFO:colcon.colcon_core.task.python.build:Building Python package in '/home/cav330/f1tenth_ws/src/f1tenth_system/f1tenth_stack'
[13.043s] INFO:colcon.colcon_core.shell:Skip shell extension 'powershell' for command environment: Not usable outside of PowerShell
[13.044s] DEBUG:colcon.colcon_core.shell:Skip shell extension 'dsv' for command environment
[13.107s] DEBUG:colcon.colcon_core.event_handler.log_command:Invoking command in '/home/cav330/f1tenth_ws/src/f1tenth_system/teleop_tools/mouse_teleop': NX_CONNECTION=192.168.33.135 50807 192.168.33.130 4000 PYTHONPATH=/home/cav330/f1tenth_ws/build/mouse_teleop/prefix_override:/usr/lib/python3/dist-packages/colcon_core/task/python/colcon_distutils_commands:/home/cav330/f1tenth_ws/install/mouse_teleop/lib/python3.8/site-packages:${PYTHONPATH} /usr/bin/python3 -W ignore:setup.py install is deprecated -W ignore:easy_install command is deprecated setup.py egg_info --egg-base ../../../../build/mouse_teleop build --build-base /home/cav330/f1tenth_ws/build/mouse_teleop/build install --record /home/cav330/f1tenth_ws/build/mouse_teleop/install.log --install-scripts $base/lib/mouse_teleop --single-version-externally-managed install_data
[13.127s] DEBUG:colcon.colcon_core.event_handler.log_command:Invoked command in '/home/cav330/f1tenth_ws/build/teleop_tools' returned '0': AMENT_PREFIX_PATH=/home/cav330/f1tenth_ws/install/joy_teleop:/home/cav330/f1tenth_ws/install/key_teleop:/home/cav330/f1tenth_ws/install/wall_follow:/home/cav330/f1tenth_ws/install/f1tenth_stack:/home/cav330/f1tenth_ws/install/vesc:/home/cav330/f1tenth_ws/install/vesc_driver:/home/cav330/f1tenth_ws/install/vesc_ackermann:/home/cav330/f1tenth_ws/install/vesc_msgs:/home/cav330/f1tenth_ws/install/teleop_tools:/home/cav330/f1tenth_ws/install/teleop_tools_msgs:/home/cav330/f1tenth_ws/install/safety_node:/home/cav330/f1tenth_ws/install/mouse_teleop:/home/cav330/f1tenth_ws/install/f1tenth_gym_ros:/home/cav330/f1tenth_ws/install/ackermann_mux:/opt/ros/foxy CMAKE_PREFIX_PATH=/home/cav330/f1tenth_ws/install/teleop_tools_msgs:/home/cav330/f1tenth_ws/install/wall_follow:/home/cav330/f1tenth_ws/install/vesc:/home/cav330/f1tenth_ws/install/vesc_driver:/home/cav330/f1tenth_ws/install/vesc_ackermann:/home/cav330/f1tenth_ws/install/vesc_msgs:/home/cav330/f1tenth_ws/install/teleop_tools:/home/cav330/f1tenth_ws/install/safety_node:/home/cav330/f1tenth_ws/install/ackermann_mux:/home/cav330/f1tenth_ws/install/f1tenth_stack:/home/cav330/f1tenth_ws/install/joy_teleop:/home/cav330/f1tenth_ws/install/mouse_teleop:/home/cav330/f1tenth_ws/install/key_teleop:/home/cav330/f1tenth_ws/install/f1tenth_gym_ros:/opt/ros/foxy LD_LIBRARY_PATH=/home/cav330/f1tenth_ws/install/teleop_tools_msgs/lib:/home/cav330/f1tenth_ws/install/vesc_driver/lib:/home/cav330/f1tenth_ws/install/vesc_ackermann/lib:/home/cav330/f1tenth_ws/install/vesc_msgs/lib:/opt/ros/foxy/opt/yaml_cpp_vendor/lib:/opt/ros/foxy/opt/rviz_ogre_vendor/lib:/opt/ros/foxy/lib/aarch64-linux-gnu:/opt/ros/foxy/lib:/usr/local/cuda-11.4/lib64 NX_CONNECTION=192.168.33.135 50807 192.168.33.130 4000 PYTHONPATH=/home/cav330/f1tenth_ws/install/joy_teleop/lib/python3.8/site-packages:/home/cav330/f1tenth_ws/install/teleop_tools_msgs/lib/python3.8/site-packages:/home/cav330/f1tenth_ws/install/key_teleop/lib/python3.8/site-packages:/home/cav330/f1tenth_ws/install/f1tenth_stack/lib/python3.8/site-packages:/home/cav330/f1tenth_ws/install/vesc_msgs/lib/python3.8/site-packages:/home/cav330/f1tenth_ws/install/mouse_teleop/lib/python3.8/site-packages:/home/cav330/f1tenth_ws/install/f1tenth_gym_ros/lib/python3.8/site-packages:/opt/ros/foxy/lib/python3.8/site-packages /usr/bin/cmake --build /home/cav330/f1tenth_ws/build/teleop_tools -- -j4 -l4
[13.143s] DEBUG:colcon.colcon_core.event_handler.log_command:Invoking command in '/home/cav330/f1tenth_ws/build/teleop_tools': AMENT_PREFIX_PATH=/home/cav330/f1tenth_ws/install/joy_teleop:/home/cav330/f1tenth_ws/install/key_teleop:/home/cav330/f1tenth_ws/install/wall_follow:/home/cav330/f1tenth_ws/install/f1tenth_stack:/home/cav330/f1tenth_ws/install/vesc:/home/cav330/f1tenth_ws/install/vesc_driver:/home/cav330/f1tenth_ws/install/vesc_ackermann:/home/cav330/f1tenth_ws/install/vesc_msgs:/home/cav330/f1tenth_ws/install/teleop_tools:/home/cav330/f1tenth_ws/install/teleop_tools_msgs:/home/cav330/f1tenth_ws/install/safety_node:/home/cav330/f1tenth_ws/install/mouse_teleop:/home/cav330/f1tenth_ws/install/f1tenth_gym_ros:/home/cav330/f1tenth_ws/install/ackermann_mux:/opt/ros/foxy CMAKE_PREFIX_PATH=/home/cav330/f1tenth_ws/install/teleop_tools_msgs:/home/cav330/f1tenth_ws/install/wall_follow:/home/cav330/f1tenth_ws/install/vesc:/home/cav330/f1tenth_ws/install/vesc_driver:/home/cav330/f1tenth_ws/install/vesc_ackermann:/home/cav330/f1tenth_ws/install/vesc_msgs:/home/cav330/f1tenth_ws/install/teleop_tools:/home/cav330/f1tenth_ws/install/safety_node:/home/cav330/f1tenth_ws/install/ackermann_mux:/home/cav330/f1tenth_ws/install/f1tenth_stack:/home/cav330/f1tenth_ws/install/joy_teleop:/home/cav330/f1tenth_ws/install/mouse_teleop:/home/cav330/f1tenth_ws/install/key_teleop:/home/cav330/f1tenth_ws/install/f1tenth_gym_ros:/opt/ros/foxy LD_LIBRARY_PATH=/home/cav330/f1tenth_ws/install/teleop_tools_msgs/lib:/home/cav330/f1tenth_ws/install/vesc_driver/lib:/home/cav330/f1tenth_ws/install/vesc_ackermann/lib:/home/cav330/f1tenth_ws/install/vesc_msgs/lib:/opt/ros/foxy/opt/yaml_cpp_vendor/lib:/opt/ros/foxy/opt/rviz_ogre_vendor/lib:/opt/ros/foxy/lib/aarch64-linux-gnu:/opt/ros/foxy/lib:/usr/local/cuda-11.4/lib64 NX_CONNECTION=192.168.33.135 50807 192.168.33.130 4000 PYTHONPATH=/home/cav330/f1tenth_ws/install/joy_teleop/lib/python3.8/site-packages:/home/cav330/f1tenth_ws/install/teleop_tools_msgs/lib/python3.8/site-packages:/home/cav330/f1tenth_ws/install/key_teleop/lib/python3.8/site-packages:/home/cav330/f1tenth_ws/install/f1tenth_stack/lib/python3.8/site-packages:/home/cav330/f1tenth_ws/install/vesc_msgs/lib/python3.8/site-packages:/home/cav330/f1tenth_ws/install/mouse_teleop/lib/python3.8/site-packages:/home/cav330/f1tenth_ws/install/f1tenth_gym_ros/lib/python3.8/site-packages:/opt/ros/foxy/lib/python3.8/site-packages /usr/bin/cmake --install /home/cav330/f1tenth_ws/build/teleop_tools
[13.223s] Level 1:colcon.colcon_core.environment:create_environment_scripts_only(teleop_tools)
[13.226s] DEBUG:colcon.colcon_core.event_handler.log_command:Invoked command in '/home/cav330/f1tenth_ws/build/teleop_tools' returned '0': AMENT_PREFIX_PATH=/home/cav330/f1tenth_ws/install/joy_teleop:/home/cav330/f1tenth_ws/install/key_teleop:/home/cav330/f1tenth_ws/install/wall_follow:/home/cav330/f1tenth_ws/install/f1tenth_stack:/home/cav330/f1tenth_ws/install/vesc:/home/cav330/f1tenth_ws/install/vesc_driver:/home/cav330/f1tenth_ws/install/vesc_ackermann:/home/cav330/f1tenth_ws/install/vesc_msgs:/home/cav330/f1tenth_ws/install/teleop_tools:/home/cav330/f1tenth_ws/install/teleop_tools_msgs:/home/cav330/f1tenth_ws/install/safety_node:/home/cav330/f1tenth_ws/install/mouse_teleop:/home/cav330/f1tenth_ws/install/f1tenth_gym_ros:/home/cav330/f1tenth_ws/install/ackermann_mux:/opt/ros/foxy CMAKE_PREFIX_PATH=/home/cav330/f1tenth_ws/install/teleop_tools_msgs:/home/cav330/f1tenth_ws/install/wall_follow:/home/cav330/f1tenth_ws/install/vesc:/home/cav330/f1tenth_ws/install/vesc_driver:/home/cav330/f1tenth_ws/install/vesc_ackermann:/home/cav330/f1tenth_ws/install/vesc_msgs:/home/cav330/f1tenth_ws/install/teleop_tools:/home/cav330/f1tenth_ws/install/safety_node:/home/cav330/f1tenth_ws/install/ackermann_mux:/home/cav330/f1tenth_ws/install/f1tenth_stack:/home/cav330/f1tenth_ws/install/joy_teleop:/home/cav330/f1tenth_ws/install/mouse_teleop:/home/cav330/f1tenth_ws/install/key_teleop:/home/cav330/f1tenth_ws/install/f1tenth_gym_ros:/opt/ros/foxy LD_LIBRARY_PATH=/home/cav330/f1tenth_ws/install/teleop_tools_msgs/lib:/home/cav330/f1tenth_ws/install/vesc_driver/lib:/home/cav330/f1tenth_ws/install/vesc_ackermann/lib:/home/cav330/f1tenth_ws/install/vesc_msgs/lib:/opt/ros/foxy/opt/yaml_cpp_vendor/lib:/opt/ros/foxy/opt/rviz_ogre_vendor/lib:/opt/ros/foxy/lib/aarch64-linux-gnu:/opt/ros/foxy/lib:/usr/local/cuda-11.4/lib64 NX_CONNECTION=192.168.33.135 50807 192.168.33.130 4000 PYTHONPATH=/home/cav330/f1tenth_ws/install/joy_teleop/lib/python3.8/site-packages:/home/cav330/f1tenth_ws/install/teleop_tools_msgs/lib/python3.8/site-packages:/home/cav330/f1tenth_ws/install/key_teleop/lib/python3.8/site-packages:/home/cav330/f1tenth_ws/install/f1tenth_stack/lib/python3.8/site-packages:/home/cav330/f1tenth_ws/install/vesc_msgs/lib/python3.8/site-packages:/home/cav330/f1tenth_ws/install/mouse_teleop/lib/python3.8/site-packages:/home/cav330/f1tenth_ws/install/f1tenth_gym_ros/lib/python3.8/site-packages:/opt/ros/foxy/lib/python3.8/site-packages /usr/bin/cmake --install /home/cav330/f1tenth_ws/build/teleop_tools
[13.229s] Level 1:colcon.colcon_core.environment:checking '/home/cav330/f1tenth_ws/install/teleop_tools' for CMake module files
[13.233s] Level 1:colcon.colcon_core.environment:checking '/home/cav330/f1tenth_ws/install/teleop_tools' for CMake config files
[13.236s] Level 1:colcon.colcon_core.shell:create_environment_hook('teleop_tools', 'cmake_prefix_path')
[13.239s] INFO:colcon.colcon_core.shell:Creating environment hook '/home/cav330/f1tenth_ws/install/teleop_tools/share/teleop_tools/hook/cmake_prefix_path.ps1'
[13.244s] INFO:colcon.colcon_core.shell:Creating environment descriptor '/home/cav330/f1tenth_ws/install/teleop_tools/share/teleop_tools/hook/cmake_prefix_path.dsv'
[13.246s] INFO:colcon.colcon_core.shell:Creating environment hook '/home/cav330/f1tenth_ws/install/teleop_tools/share/teleop_tools/hook/cmake_prefix_path.sh'
[13.253s] Level 1:colcon.colcon_core.environment:checking '/home/cav330/f1tenth_ws/install/teleop_tools/bin'
[13.254s] Level 1:colcon.colcon_core.environment:checking '/home/cav330/f1tenth_ws/install/teleop_tools/lib/pkgconfig/teleop_tools.pc'
[13.255s] Level 1:colcon.colcon_core.environment:checking '/home/cav330/f1tenth_ws/install/teleop_tools/lib/python3.8/site-packages'
[13.256s] Level 1:colcon.colcon_core.environment:checking '/home/cav330/f1tenth_ws/install/teleop_tools/bin'
[13.257s] INFO:colcon.colcon_core.shell:Creating package script '/home/cav330/f1tenth_ws/install/teleop_tools/share/teleop_tools/package.ps1'
[13.260s] INFO:colcon.colcon_core.shell:Creating package descriptor '/home/cav330/f1tenth_ws/install/teleop_tools/share/teleop_tools/package.dsv'
[13.263s] INFO:colcon.colcon_core.shell:Creating package script '/home/cav330/f1tenth_ws/install/teleop_tools/share/teleop_tools/package.sh'
[13.266s] INFO:colcon.colcon_core.shell:Creating package script '/home/cav330/f1tenth_ws/install/teleop_tools/share/teleop_tools/package.bash'
[13.268s] INFO:colcon.colcon_core.shell:Creating package script '/home/cav330/f1tenth_ws/install/teleop_tools/share/teleop_tools/package.zsh'
[13.270s] Level 1:colcon.colcon_core.environment:create_file_with_runtime_dependencies(/home/cav330/f1tenth_ws/install/teleop_tools/share/colcon-core/packages/teleop_tools)
[13.273s] Level 1:colcon.colcon_core.environment:create_environment_scripts_only(teleop_tools)
[13.274s] Level 1:colcon.colcon_core.environment:checking '/home/cav330/f1tenth_ws/install/teleop_tools' for CMake module files
[13.276s] Level 1:colcon.colcon_core.environment:checking '/home/cav330/f1tenth_ws/install/teleop_tools' for CMake config files
[13.278s] Level 1:colcon.colcon_core.shell:create_environment_hook('teleop_tools', 'cmake_prefix_path')
[13.278s] INFO:colcon.colcon_core.shell:Creating environment hook '/home/cav330/f1tenth_ws/install/teleop_tools/share/teleop_tools/hook/cmake_prefix_path.ps1'
[13.281s] INFO:colcon.colcon_core.shell:Creating environment descriptor '/home/cav330/f1tenth_ws/install/teleop_tools/share/teleop_tools/hook/cmake_prefix_path.dsv'
[13.283s] INFO:colcon.colcon_core.shell:Creating environment hook '/home/cav330/f1tenth_ws/install/teleop_tools/share/teleop_tools/hook/cmake_prefix_path.sh'
[13.285s] Level 1:colcon.colcon_core.environment:checking '/home/cav330/f1tenth_ws/install/teleop_tools/bin'
[13.286s] Level 1:colcon.colcon_core.environment:checking '/home/cav330/f1tenth_ws/install/teleop_tools/lib/pkgconfig/teleop_tools.pc'
[13.286s] Level 1:colcon.colcon_core.environment:checking '/home/cav330/f1tenth_ws/install/teleop_tools/lib/python3.8/site-packages'
[13.287s] Level 1:colcon.colcon_core.environment:checking '/home/cav330/f1tenth_ws/install/teleop_tools/bin'
[13.288s] INFO:colcon.colcon_core.shell:Creating package script '/home/cav330/f1tenth_ws/install/teleop_tools/share/teleop_tools/package.ps1'
[13.291s] INFO:colcon.colcon_core.shell:Creating package descriptor '/home/cav330/f1tenth_ws/install/teleop_tools/share/teleop_tools/package.dsv'
[13.294s] INFO:colcon.colcon_core.shell:Creating package script '/home/cav330/f1tenth_ws/install/teleop_tools/share/teleop_tools/package.sh'
[13.296s] INFO:colcon.colcon_core.shell:Creating package script '/home/cav330/f1tenth_ws/install/teleop_tools/share/teleop_tools/package.bash'
[13.300s] INFO:colcon.colcon_core.shell:Creating package script '/home/cav330/f1tenth_ws/install/teleop_tools/share/teleop_tools/package.zsh'
[13.303s] Level 1:colcon.colcon_core.environment:create_file_with_runtime_dependencies(/home/cav330/f1tenth_ws/install/teleop_tools/share/colcon-core/packages/teleop_tools)
[14.438s] Level 1:colcon.colcon_core.environment:checking '/home/cav330/f1tenth_ws/install/mouse_teleop' for CMake module files
[14.440s] Level 1:colcon.colcon_core.environment:checking '/home/cav330/f1tenth_ws/install/mouse_teleop' for CMake config files
[14.442s] DEBUG:colcon.colcon_core.event_handler.log_command:Invoked command in '/home/cav330/f1tenth_ws/src/f1tenth_system/teleop_tools/mouse_teleop' returned '0': NX_CONNECTION=192.168.33.135 50807 192.168.33.130 4000 PYTHONPATH=/home/cav330/f1tenth_ws/build/mouse_teleop/prefix_override:/usr/lib/python3/dist-packages/colcon_core/task/python/colcon_distutils_commands:/home/cav330/f1tenth_ws/install/mouse_teleop/lib/python3.8/site-packages:${PYTHONPATH} /usr/bin/python3 -W ignore:setup.py install is deprecated -W ignore:easy_install command is deprecated setup.py egg_info --egg-base ../../../../build/mouse_teleop build --build-base /home/cav330/f1tenth_ws/build/mouse_teleop/build install --record /home/cav330/f1tenth_ws/build/mouse_teleop/install.log --install-scripts $base/lib/mouse_teleop --single-version-externally-managed install_data
[14.444s] Level 1:colcon.colcon_core.environment:checking '/home/cav330/f1tenth_ws/install/mouse_teleop/lib'
[14.446s] Level 1:colcon.colcon_core.environment:checking '/home/cav330/f1tenth_ws/install/mouse_teleop/bin'
[14.446s] Level 1:colcon.colcon_core.environment:checking '/home/cav330/f1tenth_ws/install/mouse_teleop/lib/pkgconfig/mouse_teleop.pc'
[14.447s] Level 1:colcon.colcon_core.environment:checking '/home/cav330/f1tenth_ws/install/mouse_teleop/lib/python3.8/site-packages'
[14.447s] Level 1:colcon.colcon_core.shell:create_environment_hook('mouse_teleop', 'pythonpath')
[14.448s] INFO:colcon.colcon_core.shell:Creating environment hook '/home/cav330/f1tenth_ws/install/mouse_teleop/share/mouse_teleop/hook/pythonpath.ps1'
[14.450s] INFO:colcon.colcon_core.shell:Creating environment descriptor '/home/cav330/f1tenth_ws/install/mouse_teleop/share/mouse_teleop/hook/pythonpath.dsv'
[14.451s] INFO:colcon.colcon_core.shell:Creating environment hook '/home/cav330/f1tenth_ws/install/mouse_teleop/share/mouse_teleop/hook/pythonpath.sh'
[14.454s] Level 1:colcon.colcon_core.environment:checking '/home/cav330/f1tenth_ws/install/mouse_teleop/bin'
[14.455s] Level 1:colcon.colcon_core.environment:create_environment_scripts_only(mouse_teleop)
[14.456s] INFO:colcon.colcon_core.shell:Creating package script '/home/cav330/f1tenth_ws/install/mouse_teleop/share/mouse_teleop/package.ps1'
[14.460s] INFO:colcon.colcon_core.shell:Creating package descriptor '/home/cav330/f1tenth_ws/install/mouse_teleop/share/mouse_teleop/package.dsv'
[14.463s] INFO:colcon.colcon_core.shell:Creating package script '/home/cav330/f1tenth_ws/install/mouse_teleop/share/mouse_teleop/package.sh'
[14.466s] INFO:colcon.colcon_core.shell:Creating package script '/home/cav330/f1tenth_ws/install/mouse_teleop/share/mouse_teleop/package.bash'
[14.468s] INFO:colcon.colcon_core.shell:Creating package script '/home/cav330/f1tenth_ws/install/mouse_teleop/share/mouse_teleop/package.zsh'
[14.469s] Level 1:colcon.colcon_core.environment:create_file_with_runtime_dependencies(/home/cav330/f1tenth_ws/install/mouse_teleop/share/colcon-core/packages/mouse_teleop)
[14.799s] DEBUG:colcon.colcon_core.event_handler.log_command:Invoking command in '/home/cav330/f1tenth_ws/src/f1tenth_system/f1tenth_stack': AMENT_PREFIX_PATH=/home/cav330/f1tenth_ws/install/joy_teleop:/home/cav330/f1tenth_ws/install/wall_follow:/home/cav330/f1tenth_ws/install/f1tenth_stack:/home/cav330/f1tenth_ws/install/vesc:/home/cav330/f1tenth_ws/install/vesc_driver:/home/cav330/f1tenth_ws/install/vesc_ackermann:/home/cav330/f1tenth_ws/install/vesc_msgs:/home/cav330/f1tenth_ws/install/teleop_tools:/home/cav330/f1tenth_ws/install/teleop_tools_msgs:/home/cav330/f1tenth_ws/install/safety_node:/home/cav330/f1tenth_ws/install/mouse_teleop:/home/cav330/f1tenth_ws/install/key_teleop:/home/cav330/f1tenth_ws/install/f1tenth_gym_ros:/home/cav330/f1tenth_ws/install/ackermann_mux:/opt/ros/foxy CMAKE_PREFIX_PATH=/home/cav330/f1tenth_ws/install/vesc:/home/cav330/f1tenth_ws/install/vesc_driver:/home/cav330/f1tenth_ws/install/vesc_ackermann:/home/cav330/f1tenth_ws/install/vesc_msgs:/home/cav330/f1tenth_ws/install/teleop_tools_msgs:/home/cav330/f1tenth_ws/install/ackermann_mux:/home/cav330/f1tenth_ws/install/wall_follow:/home/cav330/f1tenth_ws/install/teleop_tools:/home/cav330/f1tenth_ws/install/safety_node LD_LIBRARY_PATH=/home/cav330/f1tenth_ws/install/vesc_driver/lib:/home/cav330/f1tenth_ws/install/vesc_ackermann/lib:/home/cav330/f1tenth_ws/install/vesc_msgs/lib:/home/cav330/f1tenth_ws/install/teleop_tools_msgs/lib:/opt/ros/foxy/opt/yaml_cpp_vendor/lib:/opt/ros/foxy/opt/rviz_ogre_vendor/lib:/opt/ros/foxy/lib/aarch64-linux-gnu:/opt/ros/foxy/lib:/usr/local/cuda-11.4/lib64 NX_CONNECTION=192.168.33.135 50807 192.168.33.130 4000 PYTHONPATH=/home/cav330/f1tenth_ws/build/f1tenth_stack/prefix_override:/usr/lib/python3/dist-packages/colcon_core/task/python/colcon_distutils_commands:/home/cav330/f1tenth_ws/install/f1tenth_stack/lib/python3.8/site-packages:/home/cav330/f1tenth_ws/install/joy_teleop/lib/python3.8/site-packages:/home/cav330/f1tenth_ws/install/vesc_msgs/lib/python3.8/site-packages:/home/cav330/f1tenth_ws/install/teleop_tools_msgs/lib/python3.8/site-packages:/home/cav330/f1tenth_ws/install/f1tenth_stack/lib/python3.8/site-packages:/home/cav330/f1tenth_ws/install/mouse_teleop/lib/python3.8/site-packages:/home/cav330/f1tenth_ws/install/key_teleop/lib/python3.8/site-packages:/home/cav330/f1tenth_ws/install/f1tenth_gym_ros/lib/python3.8/site-packages:/opt/ros/foxy/lib/python3.8/site-packages /usr/bin/python3 -W ignore:setup.py install is deprecated -W ignore:easy_install command is deprecated setup.py egg_info --egg-base ../../../build/f1tenth_stack build --build-base /home/cav330/f1tenth_ws/build/f1tenth_stack/build install --record /home/cav330/f1tenth_ws/build/f1tenth_stack/install.log --install-scripts $base/lib/f1tenth_stack --single-version-externally-managed install_data
[16.000s] Level 1:colcon.colcon_core.environment:checking '/home/cav330/f1tenth_ws/install/f1tenth_stack' for CMake module files
[16.003s] DEBUG:colcon.colcon_core.event_handler.log_command:Invoked command in '/home/cav330/f1tenth_ws/src/f1tenth_system/f1tenth_stack' returned '0': AMENT_PREFIX_PATH=/home/cav330/f1tenth_ws/install/joy_teleop:/home/cav330/f1tenth_ws/install/wall_follow:/home/cav330/f1tenth_ws/install/f1tenth_stack:/home/cav330/f1tenth_ws/install/vesc:/home/cav330/f1tenth_ws/install/vesc_driver:/home/cav330/f1tenth_ws/install/vesc_ackermann:/home/cav330/f1tenth_ws/install/vesc_msgs:/home/cav330/f1tenth_ws/install/teleop_tools:/home/cav330/f1tenth_ws/install/teleop_tools_msgs:/home/cav330/f1tenth_ws/install/safety_node:/home/cav330/f1tenth_ws/install/mouse_teleop:/home/cav330/f1tenth_ws/install/key_teleop:/home/cav330/f1tenth_ws/install/f1tenth_gym_ros:/home/cav330/f1tenth_ws/install/ackermann_mux:/opt/ros/foxy CMAKE_PREFIX_PATH=/home/cav330/f1tenth_ws/install/vesc:/home/cav330/f1tenth_ws/install/vesc_driver:/home/cav330/f1tenth_ws/install/vesc_ackermann:/home/cav330/f1tenth_ws/install/vesc_msgs:/home/cav330/f1tenth_ws/install/teleop_tools_msgs:/home/cav330/f1tenth_ws/install/ackermann_mux:/home/cav330/f1tenth_ws/install/wall_follow:/home/cav330/f1tenth_ws/install/teleop_tools:/home/cav330/f1tenth_ws/install/safety_node LD_LIBRARY_PATH=/home/cav330/f1tenth_ws/install/vesc_driver/lib:/home/cav330/f1tenth_ws/install/vesc_ackermann/lib:/home/cav330/f1tenth_ws/install/vesc_msgs/lib:/home/cav330/f1tenth_ws/install/teleop_tools_msgs/lib:/opt/ros/foxy/opt/yaml_cpp_vendor/lib:/opt/ros/foxy/opt/rviz_ogre_vendor/lib:/opt/ros/foxy/lib/aarch64-linux-gnu:/opt/ros/foxy/lib:/usr/local/cuda-11.4/lib64 NX_CONNECTION=192.168.33.135 50807 192.168.33.130 4000 PYTHONPATH=/home/cav330/f1tenth_ws/build/f1tenth_stack/prefix_override:/usr/lib/python3/dist-packages/colcon_core/task/python/colcon_distutils_commands:/home/cav330/f1tenth_ws/install/f1tenth_stack/lib/python3.8/site-packages:/home/cav330/f1tenth_ws/install/joy_teleop/lib/python3.8/site-packages:/home/cav330/f1tenth_ws/install/vesc_msgs/lib/python3.8/site-packages:/home/cav330/f1tenth_ws/install/teleop_tools_msgs/lib/python3.8/site-packages:/home/cav330/f1tenth_ws/install/f1tenth_stack/lib/python3.8/site-packages:/home/cav330/f1tenth_ws/install/mouse_teleop/lib/python3.8/site-packages:/home/cav330/f1tenth_ws/install/key_teleop/lib/python3.8/site-packages:/home/cav330/f1tenth_ws/install/f1tenth_gym_ros/lib/python3.8/site-packages:/opt/ros/foxy/lib/python3.8/site-packages /usr/bin/python3 -W ignore:setup.py install is deprecated -W ignore:easy_install command is deprecated setup.py egg_info --egg-base ../../../build/f1tenth_stack build --build-base /home/cav330/f1tenth_ws/build/f1tenth_stack/build install --record /home/cav330/f1tenth_ws/build/f1tenth_stack/install.log --install-scripts $base/lib/f1tenth_stack --single-version-externally-managed install_data
[16.005s] Level 1:colcon.colcon_core.environment:checking '/home/cav330/f1tenth_ws/install/f1tenth_stack' for CMake config files
[16.010s] Level 1:colcon.colcon_core.environment:checking '/home/cav330/f1tenth_ws/install/f1tenth_stack/lib'
[16.011s] Level 1:colcon.colcon_core.environment:checking '/home/cav330/f1tenth_ws/install/f1tenth_stack/bin'
[16.011s] Level 1:colcon.colcon_core.environment:checking '/home/cav330/f1tenth_ws/install/f1tenth_stack/lib/pkgconfig/f1tenth_stack.pc'
[16.013s] Level 1:colcon.colcon_core.environment:checking '/home/cav330/f1tenth_ws/install/f1tenth_stack/lib/python3.8/site-packages'
[16.013s] Level 1:colcon.colcon_core.shell:create_environment_hook('f1tenth_stack', 'pythonpath')
[16.015s] INFO:colcon.colcon_core.shell:Creating environment hook '/home/cav330/f1tenth_ws/install/f1tenth_stack/share/f1tenth_stack/hook/pythonpath.ps1'
[16.019s] INFO:colcon.colcon_core.shell:Creating environment descriptor '/home/cav330/f1tenth_ws/install/f1tenth_stack/share/f1tenth_stack/hook/pythonpath.dsv'
[16.021s] INFO:colcon.colcon_core.shell:Creating environment hook '/home/cav330/f1tenth_ws/install/f1tenth_stack/share/f1tenth_stack/hook/pythonpath.sh'
[16.023s] Level 1:colcon.colcon_core.environment:checking '/home/cav330/f1tenth_ws/install/f1tenth_stack/bin'
[16.024s] Level 1:colcon.colcon_core.environment:create_environment_scripts_only(f1tenth_stack)
[16.025s] INFO:colcon.colcon_core.shell:Creating package script '/home/cav330/f1tenth_ws/install/f1tenth_stack/share/f1tenth_stack/package.ps1'
[16.028s] INFO:colcon.colcon_core.shell:Creating package descriptor '/home/cav330/f1tenth_ws/install/f1tenth_stack/share/f1tenth_stack/package.dsv'
[16.030s] INFO:colcon.colcon_core.shell:Creating package script '/home/cav330/f1tenth_ws/install/f1tenth_stack/share/f1tenth_stack/package.sh'
[16.033s] INFO:colcon.colcon_core.shell:Creating package script '/home/cav330/f1tenth_ws/install/f1tenth_stack/share/f1tenth_stack/package.bash'
[16.035s] INFO:colcon.colcon_core.shell:Creating package script '/home/cav330/f1tenth_ws/install/f1tenth_stack/share/f1tenth_stack/package.zsh'
[16.037s] Level 1:colcon.colcon_core.environment:create_file_with_runtime_dependencies(/home/cav330/f1tenth_ws/install/f1tenth_stack/share/colcon-core/packages/f1tenth_stack)
[16.039s] DEBUG:colcon.colcon_parallel_executor.executor.parallel:closing loop
[16.041s] DEBUG:colcon.colcon_parallel_executor.executor.parallel:loop closed
[16.041s] DEBUG:colcon.colcon_parallel_executor.executor.parallel:run_until_complete finished with '0'
[16.044s] DEBUG:colcon.colcon_core.event_reactor:joining thread
[16.077s] INFO:colcon.colcon_core.plugin_system:Skipping extension 'colcon_notification.desktop_notification.terminal_notifier': Not used on non-Darwin systems
[16.078s] INFO:colcon.colcon_core.plugin_system:Skipping extension 'colcon_notification.desktop_notification.win32': Not used on non-Windows systems
[16.078s] INFO:colcon.colcon_notification.desktop_notification:Sending desktop notification using 'notify2'
[16.164s] DEBUG:colcon.colcon_core.event_reactor:joined thread
[16.166s] INFO:colcon.colcon_core.shell:Creating prefix script '/home/cav330/f1tenth_ws/install/local_setup.ps1'
[16.171s] INFO:colcon.colcon_core.shell:Creating prefix util module '/home/cav330/f1tenth_ws/install/_local_setup_util_ps1.py'
[16.177s] INFO:colcon.colcon_core.shell:Creating prefix chain script '/home/cav330/f1tenth_ws/install/setup.ps1'
[16.186s] INFO:colcon.colcon_core.shell:Creating prefix script '/home/cav330/f1tenth_ws/install/local_setup.sh'
[16.191s] INFO:colcon.colcon_core.shell:Creating prefix util module '/home/cav330/f1tenth_ws/install/_local_setup_util_sh.py'
[16.194s] INFO:colcon.colcon_core.shell:Creating prefix chain script '/home/cav330/f1tenth_ws/install/setup.sh'
[16.203s] INFO:colcon.colcon_core.shell:Creating prefix script '/home/cav330/f1tenth_ws/install/local_setup.bash'
[16.207s] INFO:colcon.colcon_core.shell:Creating prefix chain script '/home/cav330/f1tenth_ws/install/setup.bash'
[16.214s] INFO:colcon.colcon_core.shell:Creating prefix script '/home/cav330/f1tenth_ws/install/local_setup.zsh'
[16.218s] INFO:colcon.colcon_core.shell:Creating prefix chain script '/home/cav330/f1tenth_ws/install/setup.zsh'
