[0.000000] (-) TimerEvent: {}
[0.002182] (ackermann_mux) JobQueued: {'identifier': 'ackermann_mux', 'dependencies': OrderedDict()}
[0.003238] (key_teleop) JobQueued: {'identifier': 'key_teleop', 'dependencies': OrderedDict()}
[0.003469] (mouse_teleop) JobQueued: {'identifier': 'mouse_teleop', 'dependencies': OrderedDict()}
[0.003646] (teleop_tools_msgs) JobQueued: {'identifier': 'teleop_tools_msgs', 'dependencies': OrderedDict()}
[0.003827] (vesc_msgs) JobQueued: {'identifier': 'vesc_msgs', 'dependencies': OrderedDict()}
[0.003991] (joy_teleop) JobQueued: {'identifier': 'joy_teleop', 'dependencies': OrderedDict([('teleop_tools_msgs', '/home/cav330/f1tenth_ws/install/teleop_tools_msgs')])}
[0.004159] (vesc_ackermann) JobQueued: {'identifier': 'vesc_ackermann', 'dependencies': OrderedDict([('vesc_msgs', '/home/cav330/f1tenth_ws/install/vesc_msgs')])}
[0.004315] (vesc_driver) JobQueued: {'identifier': 'vesc_driver', 'dependencies': OrderedDict([('vesc_msgs', '/home/cav330/f1tenth_ws/install/vesc_msgs')])}
[0.004744] (teleop_tools) JobQueued: {'identifier': 'teleop_tools', 'dependencies': OrderedDict([('key_teleop', '/home/cav330/f1tenth_ws/install/key_teleop'), ('teleop_tools_msgs', '/home/cav330/f1tenth_ws/install/teleop_tools_msgs'), ('joy_teleop', '/home/cav330/f1tenth_ws/install/joy_teleop')])}
[0.004945] (vesc) JobQueued: {'identifier': 'vesc', 'dependencies': OrderedDict([('vesc_msgs', '/home/cav330/f1tenth_ws/install/vesc_msgs'), ('vesc_ackermann', '/home/cav330/f1tenth_ws/install/vesc_ackermann'), ('vesc_driver', '/home/cav330/f1tenth_ws/install/vesc_driver')])}
[0.005281] (f1tenth_stack) JobQueued: {'identifier': 'f1tenth_stack', 'dependencies': OrderedDict([('ackermann_mux', '/home/cav330/f1tenth_ws/install/ackermann_mux'), ('teleop_tools_msgs', '/home/cav330/f1tenth_ws/install/teleop_tools_msgs'), ('vesc_msgs', '/home/cav330/f1tenth_ws/install/vesc_msgs'), ('joy_teleop', '/home/cav330/f1tenth_ws/install/joy_teleop'), ('vesc_ackermann', '/home/cav330/f1tenth_ws/install/vesc_ackermann'), ('vesc_driver', '/home/cav330/f1tenth_ws/install/vesc_driver'), ('vesc', '/home/cav330/f1tenth_ws/install/vesc')])}
[0.005537] (vesc_msgs) JobStarted: {'identifier': 'vesc_msgs'}
[0.053240] (teleop_tools_msgs) JobStarted: {'identifier': 'teleop_tools_msgs'}
[0.096208] (ackermann_mux) JobStarted: {'identifier': 'ackermann_mux'}
[0.102287] (-) TimerEvent: {}
[0.163526] (key_teleop) JobStarted: {'identifier': 'key_teleop'}
[0.203575] (-) TimerEvent: {}
[0.225457] (vesc_msgs) JobProgress: {'identifier': 'vesc_msgs', 'progress': 'cmake'}
[0.231108] (vesc_msgs) Command: {'cmd': ['/usr/bin/cmake', '/home/cav330/f1tenth_ws/src/f1tenth_system/vesc/vesc_msgs', '-DCMAKE_INSTALL_PREFIX=/home/cav330/f1tenth_ws/install/vesc_msgs'], 'cwd': '/home/cav330/f1tenth_ws/build/vesc_msgs', 'env': OrderedDict([('GJS_DEBUG_TOPICS', 'JS ERROR;JS LOG'), ('LESSOPEN', '| /usr/bin/lesspipe %s'), ('USER', 'cav330'), ('SSH_AGENT_PID', '3256'), ('XDG_SESSION_TYPE', 'x11'), ('SHLVL', '1'), ('LD_LIBRARY_PATH', '/opt/ros/foxy/opt/yaml_cpp_vendor/lib:/opt/ros/foxy/opt/rviz_ogre_vendor/lib:/opt/ros/foxy/lib/aarch64-linux-gnu:/opt/ros/foxy/lib:/usr/local/cuda-11.4/lib64:'), ('HOME', '/home/cav330'), ('OLDPWD', '/home/cav330/f1tenth_ws/src'), ('DESKTOP_SESSION', 'ubuntu'), ('ROS_PYTHON_VERSION', '3'), ('GNOME_SHELL_SESSION_MODE', 'ubuntu'), ('GTK_MODULES', 'gail:atk-bridge'), ('MANAGERPID', '2241'), ('DBUS_SESSION_BUS_ADDRESS', 'unix:path=/run/user/1000/bus'), ('COLORTERM', 'truecolor'), ('IM_CONFIG_PHASE', '1'), ('ROS_DISTRO', 'foxy'), ('LOGNAME', 'cav330'), ('JOURNAL_STREAM', '8:59348'), ('_', '/usr/bin/colcon'), ('ROS_VERSION', '2'), ('XDG_SESSION_CLASS', 'user'), ('USERNAME', 'cav330'), ('TERM', 'xterm-256color'), ('GNOME_DESKTOP_SESSION_ID', 'this-is-deprecated'), ('ROS_LOCALHOST_ONLY', '0'), ('WINDOWPATH', '3'), ('PATH', '/opt/ros/foxy/bin:/usr/local/cuda-11.4/bin:/usr/local/sbin:/usr/local/bin:/usr/sbin:/usr/bin:/sbin:/bin:/usr/games:/usr/local/games:/snap/bin'), ('SESSION_MANAGER', 'local/ubuntu:@/tmp/.ICE-unix/3308,unix/ubuntu:/tmp/.ICE-unix/3308'), ('INVOCATION_ID', 'bf49e6a9c0ee431ca47543a5b4a2e888'), ('XDG_MENU_PREFIX', 'gnome-'), ('GNOME_TERMINAL_SCREEN', '/org/gnome/Terminal/screen/cf3d13d9_a795_4efc_b844_cdf06d1a71bd'), ('XDG_RUNTIME_DIR', '/run/user/1000'), ('DISPLAY', ':1'), ('LANG', 'en_CA.UTF-8'), ('XDG_CURRENT_DESKTOP', 'ubuntu:GNOME'), ('XMODIFIERS', '@im=ibus'), ('XDG_SESSION_DESKTOP', 'ubuntu'), ('XAUTHORITY', '/run/user/1000/gdm/Xauthority'), ('LS_COLORS', 'rs=0:di=01;34:ln=01;36:mh=00:pi=40;33:so=01;35:do=01;35:bd=40;33;01:cd=40;33;01:or=40;31;01:mi=00:su=37;41:sg=30;43:ca=30;41:tw=30;42:ow=34;42:st=37;44:ex=01;32:*.tar=01;31:*.tgz=01;31:*.arc=01;31:*.arj=01;31:*.taz=01;31:*.lha=01;31:*.lz4=01;31:*.lzh=01;31:*.lzma=01;31:*.tlz=01;31:*.txz=01;31:*.tzo=01;31:*.t7z=01;31:*.zip=01;31:*.z=01;31:*.dz=01;31:*.gz=01;31:*.lrz=01;31:*.lz=01;31:*.lzo=01;31:*.xz=01;31:*.zst=01;31:*.tzst=01;31:*.bz2=01;31:*.bz=01;31:*.tbz=01;31:*.tbz2=01;31:*.tz=01;31:*.deb=01;31:*.rpm=01;31:*.jar=01;31:*.war=01;31:*.ear=01;31:*.sar=01;31:*.rar=01;31:*.alz=01;31:*.ace=01;31:*.zoo=01;31:*.cpio=01;31:*.7z=01;31:*.rz=01;31:*.cab=01;31:*.wim=01;31:*.swm=01;31:*.dwm=01;31:*.esd=01;31:*.jpg=01;35:*.jpeg=01;35:*.mjpg=01;35:*.mjpeg=01;35:*.gif=01;35:*.bmp=01;35:*.pbm=01;35:*.pgm=01;35:*.ppm=01;35:*.tga=01;35:*.xbm=01;35:*.xpm=01;35:*.tif=01;35:*.tiff=01;35:*.png=01;35:*.svg=01;35:*.svgz=01;35:*.mng=01;35:*.pcx=01;35:*.mov=01;35:*.mpg=01;35:*.mpeg=01;35:*.m2v=01;35:*.mkv=01;35:*.webm=01;35:*.ogm=01;35:*.mp4=01;35:*.m4v=01;35:*.mp4v=01;35:*.vob=01;35:*.qt=01;35:*.nuv=01;35:*.wmv=01;35:*.asf=01;35:*.rm=01;35:*.rmvb=01;35:*.flc=01;35:*.avi=01;35:*.fli=01;35:*.flv=01;35:*.gl=01;35:*.dl=01;35:*.xcf=01;35:*.xwd=01;35:*.yuv=01;35:*.cgm=01;35:*.emf=01;35:*.ogv=01;35:*.ogx=01;35:*.aac=00;36:*.au=00;36:*.flac=00;36:*.m4a=00;36:*.mid=00;36:*.midi=00;36:*.mka=00;36:*.mp3=00;36:*.mpc=00;36:*.ogg=00;36:*.ra=00;36:*.wav=00;36:*.oga=00;36:*.opus=00;36:*.spx=00;36:*.xspf=00;36:'), ('GNOME_TERMINAL_SERVICE', ':1.113'), ('SSH_AUTH_SOCK', '/run/user/1000/keyring/ssh'), ('AMENT_PREFIX_PATH', '/opt/ros/foxy'), ('SHELL', '/bin/bash'), ('QT_ACCESSIBILITY', '1'), ('GDMSESSION', 'ubuntu'), ('LESSCLOSE', '/usr/bin/lesspipe %s %s'), ('GPG_AGENT_INFO', '/run/user/1000/gnupg/S.gpg-agent:0:1'), ('GJS_DEBUG_OUTPUT', 'stderr'), ('QT_IM_MODULE', 'ibus'), ('PWD', '/home/cav330/f1tenth_ws/build/vesc_msgs'), ('XDG_CONFIG_DIRS', '/etc/xdg/xdg-ubuntu:/etc/xdg'), ('XDG_DATA_DIRS', '/usr/share/ubuntu:/usr/local/share/:/usr/share/:/var/lib/snapd/desktop'), ('PYTHONPATH', '/opt/ros/foxy/lib/python3.8/site-packages'), ('COLCON', '1'), ('VTE_VERSION', '6003'), ('CMAKE_PREFIX_PATH', '/opt/ros/foxy')]), 'shell': False}
[0.297652] (teleop_tools_msgs) JobProgress: {'identifier': 'teleop_tools_msgs', 'progress': 'cmake'}
[0.303529] (-) TimerEvent: {}
[0.305441] (teleop_tools_msgs) Command: {'cmd': ['/usr/bin/cmake', '/home/cav330/f1tenth_ws/src/f1tenth_system/teleop_tools/teleop_tools_msgs', '-DCMAKE_INSTALL_PREFIX=/home/cav330/f1tenth_ws/install/teleop_tools_msgs'], 'cwd': '/home/cav330/f1tenth_ws/build/teleop_tools_msgs', 'env': OrderedDict([('GJS_DEBUG_TOPICS', 'JS ERROR;JS LOG'), ('LESSOPEN', '| /usr/bin/lesspipe %s'), ('USER', 'cav330'), ('SSH_AGENT_PID', '3256'), ('XDG_SESSION_TYPE', 'x11'), ('SHLVL', '1'), ('LD_LIBRARY_PATH', '/opt/ros/foxy/opt/yaml_cpp_vendor/lib:/opt/ros/foxy/opt/rviz_ogre_vendor/lib:/opt/ros/foxy/lib/aarch64-linux-gnu:/opt/ros/foxy/lib:/usr/local/cuda-11.4/lib64:'), ('HOME', '/home/cav330'), ('OLDPWD', '/home/cav330/f1tenth_ws/src'), ('DESKTOP_SESSION', 'ubuntu'), ('ROS_PYTHON_VERSION', '3'), ('GNOME_SHELL_SESSION_MODE', 'ubuntu'), ('GTK_MODULES', 'gail:atk-bridge'), ('MANAGERPID', '2241'), ('DBUS_SESSION_BUS_ADDRESS', 'unix:path=/run/user/1000/bus'), ('COLORTERM', 'truecolor'), ('IM_CONFIG_PHASE', '1'), ('ROS_DISTRO', 'foxy'), ('LOGNAME', 'cav330'), ('JOURNAL_STREAM', '8:59348'), ('_', '/usr/bin/colcon'), ('ROS_VERSION', '2'), ('XDG_SESSION_CLASS', 'user'), ('USERNAME', 'cav330'), ('TERM', 'xterm-256color'), ('GNOME_DESKTOP_SESSION_ID', 'this-is-deprecated'), ('ROS_LOCALHOST_ONLY', '0'), ('WINDOWPATH', '3'), ('PATH', '/opt/ros/foxy/bin:/usr/local/cuda-11.4/bin:/usr/local/sbin:/usr/local/bin:/usr/sbin:/usr/bin:/sbin:/bin:/usr/games:/usr/local/games:/snap/bin'), ('SESSION_MANAGER', 'local/ubuntu:@/tmp/.ICE-unix/3308,unix/ubuntu:/tmp/.ICE-unix/3308'), ('INVOCATION_ID', 'bf49e6a9c0ee431ca47543a5b4a2e888'), ('XDG_MENU_PREFIX', 'gnome-'), ('GNOME_TERMINAL_SCREEN', '/org/gnome/Terminal/screen/cf3d13d9_a795_4efc_b844_cdf06d1a71bd'), ('XDG_RUNTIME_DIR', '/run/user/1000'), ('DISPLAY', ':1'), ('LANG', 'en_CA.UTF-8'), ('XDG_CURRENT_DESKTOP', 'ubuntu:GNOME'), ('XMODIFIERS', '@im=ibus'), ('XDG_SESSION_DESKTOP', 'ubuntu'), ('XAUTHORITY', '/run/user/1000/gdm/Xauthority'), ('LS_COLORS', 'rs=0:di=01;34:ln=01;36:mh=00:pi=40;33:so=01;35:do=01;35:bd=40;33;01:cd=40;33;01:or=40;31;01:mi=00:su=37;41:sg=30;43:ca=30;41:tw=30;42:ow=34;42:st=37;44:ex=01;32:*.tar=01;31:*.tgz=01;31:*.arc=01;31:*.arj=01;31:*.taz=01;31:*.lha=01;31:*.lz4=01;31:*.lzh=01;31:*.lzma=01;31:*.tlz=01;31:*.txz=01;31:*.tzo=01;31:*.t7z=01;31:*.zip=01;31:*.z=01;31:*.dz=01;31:*.gz=01;31:*.lrz=01;31:*.lz=01;31:*.lzo=01;31:*.xz=01;31:*.zst=01;31:*.tzst=01;31:*.bz2=01;31:*.bz=01;31:*.tbz=01;31:*.tbz2=01;31:*.tz=01;31:*.deb=01;31:*.rpm=01;31:*.jar=01;31:*.war=01;31:*.ear=01;31:*.sar=01;31:*.rar=01;31:*.alz=01;31:*.ace=01;31:*.zoo=01;31:*.cpio=01;31:*.7z=01;31:*.rz=01;31:*.cab=01;31:*.wim=01;31:*.swm=01;31:*.dwm=01;31:*.esd=01;31:*.jpg=01;35:*.jpeg=01;35:*.mjpg=01;35:*.mjpeg=01;35:*.gif=01;35:*.bmp=01;35:*.pbm=01;35:*.pgm=01;35:*.ppm=01;35:*.tga=01;35:*.xbm=01;35:*.xpm=01;35:*.tif=01;35:*.tiff=01;35:*.png=01;35:*.svg=01;35:*.svgz=01;35:*.mng=01;35:*.pcx=01;35:*.mov=01;35:*.mpg=01;35:*.mpeg=01;35:*.m2v=01;35:*.mkv=01;35:*.webm=01;35:*.ogm=01;35:*.mp4=01;35:*.m4v=01;35:*.mp4v=01;35:*.vob=01;35:*.qt=01;35:*.nuv=01;35:*.wmv=01;35:*.asf=01;35:*.rm=01;35:*.rmvb=01;35:*.flc=01;35:*.avi=01;35:*.fli=01;35:*.flv=01;35:*.gl=01;35:*.dl=01;35:*.xcf=01;35:*.xwd=01;35:*.yuv=01;35:*.cgm=01;35:*.emf=01;35:*.ogv=01;35:*.ogx=01;35:*.aac=00;36:*.au=00;36:*.flac=00;36:*.m4a=00;36:*.mid=00;36:*.midi=00;36:*.mka=00;36:*.mp3=00;36:*.mpc=00;36:*.ogg=00;36:*.ra=00;36:*.wav=00;36:*.oga=00;36:*.opus=00;36:*.spx=00;36:*.xspf=00;36:'), ('GNOME_TERMINAL_SERVICE', ':1.113'), ('SSH_AUTH_SOCK', '/run/user/1000/keyring/ssh'), ('AMENT_PREFIX_PATH', '/opt/ros/foxy'), ('SHELL', '/bin/bash'), ('QT_ACCESSIBILITY', '1'), ('GDMSESSION', 'ubuntu'), ('LESSCLOSE', '/usr/bin/lesspipe %s %s'), ('GPG_AGENT_INFO', '/run/user/1000/gnupg/S.gpg-agent:0:1'), ('GJS_DEBUG_OUTPUT', 'stderr'), ('QT_IM_MODULE', 'ibus'), ('PWD', '/home/cav330/f1tenth_ws/build/teleop_tools_msgs'), ('XDG_CONFIG_DIRS', '/etc/xdg/xdg-ubuntu:/etc/xdg'), ('XDG_DATA_DIRS', '/usr/share/ubuntu:/usr/local/share/:/usr/share/:/var/lib/snapd/desktop'), ('PYTHONPATH', '/opt/ros/foxy/lib/python3.8/site-packages'), ('COLCON', '1'), ('VTE_VERSION', '6003'), ('CMAKE_PREFIX_PATH', '/opt/ros/foxy')]), 'shell': False}
[0.337697] (ackermann_mux) JobProgress: {'identifier': 'ackermann_mux', 'progress': 'cmake'}
[0.343060] (ackermann_mux) Command: {'cmd': ['/usr/bin/cmake', '/home/cav330/f1tenth_ws/src/f1tenth_system/ackermann_mux', '-DCMAKE_INSTALL_PREFIX=/home/cav330/f1tenth_ws/install/ackermann_mux'], 'cwd': '/home/cav330/f1tenth_ws/build/ackermann_mux', 'env': OrderedDict([('GJS_DEBUG_TOPICS', 'JS ERROR;JS LOG'), ('LESSOPEN', '| /usr/bin/lesspipe %s'), ('USER', 'cav330'), ('SSH_AGENT_PID', '3256'), ('XDG_SESSION_TYPE', 'x11'), ('SHLVL', '1'), ('LD_LIBRARY_PATH', '/opt/ros/foxy/opt/yaml_cpp_vendor/lib:/opt/ros/foxy/opt/rviz_ogre_vendor/lib:/opt/ros/foxy/lib/aarch64-linux-gnu:/opt/ros/foxy/lib:/usr/local/cuda-11.4/lib64:'), ('HOME', '/home/cav330'), ('OLDPWD', '/home/cav330/f1tenth_ws/src'), ('DESKTOP_SESSION', 'ubuntu'), ('ROS_PYTHON_VERSION', '3'), ('GNOME_SHELL_SESSION_MODE', 'ubuntu'), ('GTK_MODULES', 'gail:atk-bridge'), ('MANAGERPID', '2241'), ('DBUS_SESSION_BUS_ADDRESS', 'unix:path=/run/user/1000/bus'), ('COLORTERM', 'truecolor'), ('IM_CONFIG_PHASE', '1'), ('ROS_DISTRO', 'foxy'), ('LOGNAME', 'cav330'), ('JOURNAL_STREAM', '8:59348'), ('_', '/usr/bin/colcon'), ('ROS_VERSION', '2'), ('XDG_SESSION_CLASS', 'user'), ('USERNAME', 'cav330'), ('TERM', 'xterm-256color'), ('GNOME_DESKTOP_SESSION_ID', 'this-is-deprecated'), ('ROS_LOCALHOST_ONLY', '0'), ('WINDOWPATH', '3'), ('PATH', '/opt/ros/foxy/bin:/usr/local/cuda-11.4/bin:/usr/local/sbin:/usr/local/bin:/usr/sbin:/usr/bin:/sbin:/bin:/usr/games:/usr/local/games:/snap/bin'), ('SESSION_MANAGER', 'local/ubuntu:@/tmp/.ICE-unix/3308,unix/ubuntu:/tmp/.ICE-unix/3308'), ('INVOCATION_ID', 'bf49e6a9c0ee431ca47543a5b4a2e888'), ('XDG_MENU_PREFIX', 'gnome-'), ('GNOME_TERMINAL_SCREEN', '/org/gnome/Terminal/screen/cf3d13d9_a795_4efc_b844_cdf06d1a71bd'), ('XDG_RUNTIME_DIR', '/run/user/1000'), ('DISPLAY', ':1'), ('LANG', 'en_CA.UTF-8'), ('XDG_CURRENT_DESKTOP', 'ubuntu:GNOME'), ('XMODIFIERS', '@im=ibus'), ('XDG_SESSION_DESKTOP', 'ubuntu'), ('XAUTHORITY', '/run/user/1000/gdm/Xauthority'), ('LS_COLORS', 'rs=0:di=01;34:ln=01;36:mh=00:pi=40;33:so=01;35:do=01;35:bd=40;33;01:cd=40;33;01:or=40;31;01:mi=00:su=37;41:sg=30;43:ca=30;41:tw=30;42:ow=34;42:st=37;44:ex=01;32:*.tar=01;31:*.tgz=01;31:*.arc=01;31:*.arj=01;31:*.taz=01;31:*.lha=01;31:*.lz4=01;31:*.lzh=01;31:*.lzma=01;31:*.tlz=01;31:*.txz=01;31:*.tzo=01;31:*.t7z=01;31:*.zip=01;31:*.z=01;31:*.dz=01;31:*.gz=01;31:*.lrz=01;31:*.lz=01;31:*.lzo=01;31:*.xz=01;31:*.zst=01;31:*.tzst=01;31:*.bz2=01;31:*.bz=01;31:*.tbz=01;31:*.tbz2=01;31:*.tz=01;31:*.deb=01;31:*.rpm=01;31:*.jar=01;31:*.war=01;31:*.ear=01;31:*.sar=01;31:*.rar=01;31:*.alz=01;31:*.ace=01;31:*.zoo=01;31:*.cpio=01;31:*.7z=01;31:*.rz=01;31:*.cab=01;31:*.wim=01;31:*.swm=01;31:*.dwm=01;31:*.esd=01;31:*.jpg=01;35:*.jpeg=01;35:*.mjpg=01;35:*.mjpeg=01;35:*.gif=01;35:*.bmp=01;35:*.pbm=01;35:*.pgm=01;35:*.ppm=01;35:*.tga=01;35:*.xbm=01;35:*.xpm=01;35:*.tif=01;35:*.tiff=01;35:*.png=01;35:*.svg=01;35:*.svgz=01;35:*.mng=01;35:*.pcx=01;35:*.mov=01;35:*.mpg=01;35:*.mpeg=01;35:*.m2v=01;35:*.mkv=01;35:*.webm=01;35:*.ogm=01;35:*.mp4=01;35:*.m4v=01;35:*.mp4v=01;35:*.vob=01;35:*.qt=01;35:*.nuv=01;35:*.wmv=01;35:*.asf=01;35:*.rm=01;35:*.rmvb=01;35:*.flc=01;35:*.avi=01;35:*.fli=01;35:*.flv=01;35:*.gl=01;35:*.dl=01;35:*.xcf=01;35:*.xwd=01;35:*.yuv=01;35:*.cgm=01;35:*.emf=01;35:*.ogv=01;35:*.ogx=01;35:*.aac=00;36:*.au=00;36:*.flac=00;36:*.m4a=00;36:*.mid=00;36:*.midi=00;36:*.mka=00;36:*.mp3=00;36:*.mpc=00;36:*.ogg=00;36:*.ra=00;36:*.wav=00;36:*.oga=00;36:*.opus=00;36:*.spx=00;36:*.xspf=00;36:'), ('GNOME_TERMINAL_SERVICE', ':1.113'), ('SSH_AUTH_SOCK', '/run/user/1000/keyring/ssh'), ('AMENT_PREFIX_PATH', '/opt/ros/foxy'), ('SHELL', '/bin/bash'), ('QT_ACCESSIBILITY', '1'), ('GDMSESSION', 'ubuntu'), ('LESSCLOSE', '/usr/bin/lesspipe %s %s'), ('GPG_AGENT_INFO', '/run/user/1000/gnupg/S.gpg-agent:0:1'), ('GJS_DEBUG_OUTPUT', 'stderr'), ('QT_IM_MODULE', 'ibus'), ('PWD', '/home/cav330/f1tenth_ws/build/ackermann_mux'), ('XDG_CONFIG_DIRS', '/etc/xdg/xdg-ubuntu:/etc/xdg'), ('XDG_DATA_DIRS', '/usr/share/ubuntu:/usr/local/share/:/usr/share/:/var/lib/snapd/desktop'), ('PYTHONPATH', '/opt/ros/foxy/lib/python3.8/site-packages'), ('COLCON', '1'), ('VTE_VERSION', '6003'), ('CMAKE_PREFIX_PATH', '/opt/ros/foxy')]), 'shell': False}
[0.404127] (-) TimerEvent: {}
[0.509190] (-) TimerEvent: {}
[0.623192] (-) TimerEvent: {}
[0.725946] (-) TimerEvent: {}
[0.826842] (-) TimerEvent: {}
[0.928340] (-) TimerEvent: {}
[1.032147] (-) TimerEvent: {}
[1.035924] (teleop_tools_msgs) StdoutLine: {'line': b'-- The C compiler identification is GNU 9.4.0\n'}
[1.037849] (ackermann_mux) StdoutLine: {'line': b'-- The C compiler identification is GNU 9.4.0\n'}
[1.132570] (-) TimerEvent: {}
[1.171207] (vesc_msgs) StdoutLine: {'line': b'-- The C compiler identification is GNU 9.4.0\n'}
[1.232758] (-) TimerEvent: {}
[1.333705] (-) TimerEvent: {}
[1.435122] (-) TimerEvent: {}
[1.536553] (-) TimerEvent: {}
[1.634560] (ackermann_mux) StdoutLine: {'line': b'-- The CXX compiler identification is GNU 9.4.0\n'}
[1.636790] (-) TimerEvent: {}
[1.647214] (vesc_msgs) StdoutLine: {'line': b'-- The CXX compiler identification is GNU 9.4.0\n'}
[1.708856] (ackermann_mux) StdoutLine: {'line': b'-- Check for working C compiler: /usr/bin/cc\n'}
[1.712267] (vesc_msgs) StdoutLine: {'line': b'-- Check for working C compiler: /usr/bin/cc\n'}
[1.737082] (-) TimerEvent: {}
[1.739941] (teleop_tools_msgs) StdoutLine: {'line': b'-- The CXX compiler identification is GNU 9.4.0\n'}
[1.779418] (teleop_tools_msgs) StdoutLine: {'line': b'-- Check for working C compiler: /usr/bin/cc\n'}
[1.837286] (-) TimerEvent: {}
[1.938161] (-) TimerEvent: {}
[2.039113] (-) TimerEvent: {}
[2.140696] (-) TimerEvent: {}
[2.242703] (-) TimerEvent: {}
[2.346527] (-) TimerEvent: {}
[2.381977] (teleop_tools_msgs) StdoutLine: {'line': b'-- Check for working C compiler: /usr/bin/cc -- works\n'}
[2.390450] (teleop_tools_msgs) StdoutLine: {'line': b'-- Detecting C compiler ABI info\n'}
[2.430649] (ackermann_mux) StdoutLine: {'line': b'-- Check for working C compiler: /usr/bin/cc -- works\n'}
[2.434045] (ackermann_mux) StdoutLine: {'line': b'-- Detecting C compiler ABI info\n'}
[2.446848] (-) TimerEvent: {}
[2.517500] (vesc_msgs) StdoutLine: {'line': b'-- Check for working C compiler: /usr/bin/cc -- works\n'}
[2.524832] (vesc_msgs) StdoutLine: {'line': b'-- Detecting C compiler ABI info\n'}
[2.547466] (-) TimerEvent: {}
[2.649808] (-) TimerEvent: {}
[2.752685] (-) TimerEvent: {}
[2.854323] (-) TimerEvent: {}
[2.955413] (-) TimerEvent: {}
[3.056680] (-) TimerEvent: {}
[3.147098] (ackermann_mux) StdoutLine: {'line': b'-- Detecting C compiler ABI info - done\n'}
[3.158236] (-) TimerEvent: {}
[3.178161] (teleop_tools_msgs) StdoutLine: {'line': b'-- Detecting C compiler ABI info - done\n'}
[3.237482] (vesc_msgs) StdoutLine: {'line': b'-- Detecting C compiler ABI info - done\n'}
[3.258270] (-) TimerEvent: {}
[3.267773] (teleop_tools_msgs) StdoutLine: {'line': b'-- Detecting C compile features\n'}
[3.271497] (teleop_tools_msgs) StdoutLine: {'line': b'-- Detecting C compile features - done\n'}
[3.295577] (teleop_tools_msgs) StdoutLine: {'line': b'-- Check for working CXX compiler: /usr/bin/c++\n'}
[3.305990] (ackermann_mux) StdoutLine: {'line': b'-- Detecting C compile features\n'}
[3.321037] (ackermann_mux) StdoutLine: {'line': b'-- Detecting C compile features - done\n'}
[3.355682] (ackermann_mux) StdoutLine: {'line': b'-- Check for working CXX compiler: /usr/bin/c++\n'}
[3.358571] (-) TimerEvent: {}
[3.397343] (vesc_msgs) StdoutLine: {'line': b'-- Detecting C compile features\n'}
[3.398172] (vesc_msgs) StdoutLine: {'line': b'-- Detecting C compile features - done\n'}
[3.408680] (vesc_msgs) StdoutLine: {'line': b'-- Check for working CXX compiler: /usr/bin/c++\n'}
[3.458785] (-) TimerEvent: {}
[3.560120] (-) TimerEvent: {}
[3.661557] (-) TimerEvent: {}
[3.762939] (-) TimerEvent: {}
[3.864895] (-) TimerEvent: {}
[3.966442] (-) TimerEvent: {}
[4.067952] (-) TimerEvent: {}
[4.174671] (-) TimerEvent: {}
[4.175945] (teleop_tools_msgs) StdoutLine: {'line': b'-- Check for working CXX compiler: /usr/bin/c++ -- works\n'}
[4.182847] (teleop_tools_msgs) StdoutLine: {'line': b'-- Detecting CXX compiler ABI info\n'}
[4.242763] (vesc_msgs) StdoutLine: {'line': b'-- Check for working CXX compiler: /usr/bin/c++ -- works\n'}
[4.258781] (vesc_msgs) StdoutLine: {'line': b'-- Detecting CXX compiler ABI info\n'}
[4.274913] (-) TimerEvent: {}
[4.376928] (-) TimerEvent: {}
[4.430899] (ackermann_mux) StdoutLine: {'line': b'-- Check for working CXX compiler: /usr/bin/c++ -- works\n'}
[4.436232] (ackermann_mux) StdoutLine: {'line': b'-- Detecting CXX compiler ABI info\n'}
[4.477108] (-) TimerEvent: {}
[4.578502] (-) TimerEvent: {}
[4.680350] (-) TimerEvent: {}
[4.781958] (-) TimerEvent: {}
[4.844078] (teleop_tools_msgs) StdoutLine: {'line': b'-- Detecting CXX compiler ABI info - done\n'}
[4.883087] (-) TimerEvent: {}
[4.979102] (teleop_tools_msgs) StdoutLine: {'line': b'-- Detecting CXX compile features\n'}
[4.983286] (-) TimerEvent: {}
[4.985512] (teleop_tools_msgs) StdoutLine: {'line': b'-- Detecting CXX compile features - done\n'}
[5.013305] (teleop_tools_msgs) StdoutLine: {'line': b'-- Found ament_cmake: 0.9.12 (/opt/ros/foxy/share/ament_cmake/cmake)\n'}
[5.043644] (vesc_msgs) StdoutLine: {'line': b'-- Detecting CXX compiler ABI info - done\n'}
[5.083500] (-) TimerEvent: {}
[5.176173] (vesc_msgs) StdoutLine: {'line': b'-- Detecting CXX compile features\n'}
[5.184029] (vesc_msgs) StdoutLine: {'line': b'-- Detecting CXX compile features - done\n'}
[5.185385] (-) TimerEvent: {}
[5.187083] (ackermann_mux) StdoutLine: {'line': b'-- Detecting CXX compiler ABI info - done\n'}
[5.196599] (vesc_msgs) StdoutLine: {'line': b'-- Found ament_cmake_auto: 0.9.12 (/opt/ros/foxy/share/ament_cmake_auto/cmake)\n'}
[5.248864] (teleop_tools_msgs) StdoutLine: {'line': b'-- Found PythonInterp: /usr/bin/python3 (found suitable version "3.8.10", minimum required is "3") \n'}
[5.249902] (teleop_tools_msgs) StdoutLine: {'line': b'-- Using PYTHON_EXECUTABLE: /usr/bin/python3\n'}
[5.285696] (-) TimerEvent: {}
[5.294154] (ackermann_mux) StdoutLine: {'line': b'-- Detecting CXX compile features\n'}
[5.300637] (ackermann_mux) StdoutLine: {'line': b'-- Detecting CXX compile features - done\n'}
[5.345876] (ackermann_mux) StdoutLine: {'line': b'-- Found ament_cmake: 0.9.12 (/opt/ros/foxy/share/ament_cmake/cmake)\n'}
[5.385914] (-) TimerEvent: {}
[5.386921] (vesc_msgs) StdoutLine: {'line': b'-- Found PythonInterp: /usr/bin/python3 (found suitable version "3.8.10", minimum required is "3") \n'}
[5.387734] (vesc_msgs) StdoutLine: {'line': b'-- Using PYTHON_EXECUTABLE: /usr/bin/python3\n'}
[5.486130] (-) TimerEvent: {}
[5.586999] (-) TimerEvent: {}
[5.620904] (ackermann_mux) StdoutLine: {'line': b'-- Found PythonInterp: /usr/bin/python3 (found suitable version "3.8.10", minimum required is "3") \n'}
[5.621946] (ackermann_mux) StdoutLine: {'line': b'-- Using PYTHON_EXECUTABLE: /usr/bin/python3\n'}
[5.692736] (key_teleop) Command: {'cmd': ['/usr/bin/python3', '-W', 'ignore:setup.py install is deprecated', '-W', 'ignore:easy_install command is deprecated', 'setup.py', 'egg_info', '--egg-base', '../../../../build/key_teleop', 'build', '--build-base', '/home/cav330/f1tenth_ws/build/key_teleop/build', 'install', '--record', '/home/cav330/f1tenth_ws/build/key_teleop/install.log', '--install-scripts', '$base/lib/key_teleop', '--single-version-externally-managed', 'install_data'], 'cwd': '/home/cav330/f1tenth_ws/src/f1tenth_system/teleop_tools/key_teleop', 'env': {'GJS_DEBUG_TOPICS': 'JS ERROR;JS LOG', 'LESSOPEN': '| /usr/bin/lesspipe %s', 'USER': 'cav330', 'SSH_AGENT_PID': '3256', 'XDG_SESSION_TYPE': 'x11', 'SHLVL': '1', 'LD_LIBRARY_PATH': '/opt/ros/foxy/opt/yaml_cpp_vendor/lib:/opt/ros/foxy/opt/rviz_ogre_vendor/lib:/opt/ros/foxy/lib/aarch64-linux-gnu:/opt/ros/foxy/lib:/usr/local/cuda-11.4/lib64:', 'HOME': '/home/cav330', 'OLDPWD': '/home/cav330/f1tenth_ws/src', 'DESKTOP_SESSION': 'ubuntu', 'ROS_PYTHON_VERSION': '3', 'GNOME_SHELL_SESSION_MODE': 'ubuntu', 'GTK_MODULES': 'gail:atk-bridge', 'MANAGERPID': '2241', 'DBUS_SESSION_BUS_ADDRESS': 'unix:path=/run/user/1000/bus', 'COLORTERM': 'truecolor', 'IM_CONFIG_PHASE': '1', 'ROS_DISTRO': 'foxy', 'LOGNAME': 'cav330', 'JOURNAL_STREAM': '8:59348', '_': '/usr/bin/colcon', 'ROS_VERSION': '2', 'XDG_SESSION_CLASS': 'user', 'USERNAME': 'cav330', 'TERM': 'xterm-256color', 'GNOME_DESKTOP_SESSION_ID': 'this-is-deprecated', 'ROS_LOCALHOST_ONLY': '0', 'WINDOWPATH': '3', 'PATH': '/opt/ros/foxy/bin:/usr/local/cuda-11.4/bin:/usr/local/sbin:/usr/local/bin:/usr/sbin:/usr/bin:/sbin:/bin:/usr/games:/usr/local/games:/snap/bin', 'SESSION_MANAGER': 'local/ubuntu:@/tmp/.ICE-unix/3308,unix/ubuntu:/tmp/.ICE-unix/3308', 'INVOCATION_ID': 'bf49e6a9c0ee431ca47543a5b4a2e888', 'XDG_MENU_PREFIX': 'gnome-', 'GNOME_TERMINAL_SCREEN': '/org/gnome/Terminal/screen/cf3d13d9_a795_4efc_b844_cdf06d1a71bd', 'XDG_RUNTIME_DIR': '/run/user/1000', 'DISPLAY': ':1', 'LANG': 'en_CA.UTF-8', 'XDG_CURRENT_DESKTOP': 'ubuntu:GNOME', 'XMODIFIERS': '@im=ibus', 'XDG_SESSION_DESKTOP': 'ubuntu', 'XAUTHORITY': '/run/user/1000/gdm/Xauthority', 'LS_COLORS': 'rs=0:di=01;34:ln=01;36:mh=00:pi=40;33:so=01;35:do=01;35:bd=40;33;01:cd=40;33;01:or=40;31;01:mi=00:su=37;41:sg=30;43:ca=30;41:tw=30;42:ow=34;42:st=37;44:ex=01;32:*.tar=01;31:*.tgz=01;31:*.arc=01;31:*.arj=01;31:*.taz=01;31:*.lha=01;31:*.lz4=01;31:*.lzh=01;31:*.lzma=01;31:*.tlz=01;31:*.txz=01;31:*.tzo=01;31:*.t7z=01;31:*.zip=01;31:*.z=01;31:*.dz=01;31:*.gz=01;31:*.lrz=01;31:*.lz=01;31:*.lzo=01;31:*.xz=01;31:*.zst=01;31:*.tzst=01;31:*.bz2=01;31:*.bz=01;31:*.tbz=01;31:*.tbz2=01;31:*.tz=01;31:*.deb=01;31:*.rpm=01;31:*.jar=01;31:*.war=01;31:*.ear=01;31:*.sar=01;31:*.rar=01;31:*.alz=01;31:*.ace=01;31:*.zoo=01;31:*.cpio=01;31:*.7z=01;31:*.rz=01;31:*.cab=01;31:*.wim=01;31:*.swm=01;31:*.dwm=01;31:*.esd=01;31:*.jpg=01;35:*.jpeg=01;35:*.mjpg=01;35:*.mjpeg=01;35:*.gif=01;35:*.bmp=01;35:*.pbm=01;35:*.pgm=01;35:*.ppm=01;35:*.tga=01;35:*.xbm=01;35:*.xpm=01;35:*.tif=01;35:*.tiff=01;35:*.png=01;35:*.svg=01;35:*.svgz=01;35:*.mng=01;35:*.pcx=01;35:*.mov=01;35:*.mpg=01;35:*.mpeg=01;35:*.m2v=01;35:*.mkv=01;35:*.webm=01;35:*.ogm=01;35:*.mp4=01;35:*.m4v=01;35:*.mp4v=01;35:*.vob=01;35:*.qt=01;35:*.nuv=01;35:*.wmv=01;35:*.asf=01;35:*.rm=01;35:*.rmvb=01;35:*.flc=01;35:*.avi=01;35:*.fli=01;35:*.flv=01;35:*.gl=01;35:*.dl=01;35:*.xcf=01;35:*.xwd=01;35:*.yuv=01;35:*.cgm=01;35:*.emf=01;35:*.ogv=01;35:*.ogx=01;35:*.aac=00;36:*.au=00;36:*.flac=00;36:*.m4a=00;36:*.mid=00;36:*.midi=00;36:*.mka=00;36:*.mp3=00;36:*.mpc=00;36:*.ogg=00;36:*.ra=00;36:*.wav=00;36:*.oga=00;36:*.opus=00;36:*.spx=00;36:*.xspf=00;36:', 'GNOME_TERMINAL_SERVICE': ':1.113', 'SSH_AUTH_SOCK': '/run/user/1000/keyring/ssh', 'AMENT_PREFIX_PATH': '/opt/ros/foxy', 'SHELL': '/bin/bash', 'QT_ACCESSIBILITY': '1', 'GDMSESSION': 'ubuntu', 'LESSCLOSE': '/usr/bin/lesspipe %s %s', 'GPG_AGENT_INFO': '/run/user/1000/gnupg/S.gpg-agent:0:1', 'GJS_DEBUG_OUTPUT': 'stderr', 'QT_IM_MODULE': 'ibus', 'PWD': '/home/cav330/f1tenth_ws/build/key_teleop', 'XDG_CONFIG_DIRS': '/etc/xdg/xdg-ubuntu:/etc/xdg', 'XDG_DATA_DIRS': '/usr/share/ubuntu:/usr/local/share/:/usr/share/:/var/lib/snapd/desktop', 'PYTHONPATH': '/home/cav330/f1tenth_ws/build/key_teleop/prefix_override:/usr/lib/python3/dist-packages/colcon_core/task/python/colcon_distutils_commands:/home/cav330/f1tenth_ws/install/key_teleop/lib/python3.8/site-packages:/opt/ros/foxy/lib/python3.8/site-packages', 'COLCON': '1', 'VTE_VERSION': '6003'}, 'shell': False}
[5.700929] (-) TimerEvent: {}
[5.812988] (-) TimerEvent: {}
[5.913842] (-) TimerEvent: {}
[6.014675] (-) TimerEvent: {}
[6.115547] (-) TimerEvent: {}
[6.216456] (-) TimerEvent: {}
[6.317314] (-) TimerEvent: {}
[6.418145] (-) TimerEvent: {}
[6.518994] (-) TimerEvent: {}
[6.619879] (-) TimerEvent: {}
[6.720740] (-) TimerEvent: {}
[6.728677] (teleop_tools_msgs) StdoutLine: {'line': b'-- Found rosidl_default_generators: 1.0.1 (/opt/ros/foxy/share/rosidl_default_generators/cmake)\n'}
[6.752852] (teleop_tools_msgs) StdoutLine: {'line': b'-- Using all available rosidl_typesupport_c: rosidl_typesupport_fastrtps_c;rosidl_typesupport_introspection_c\n'}
[6.797678] (teleop_tools_msgs) StdoutLine: {'line': b'-- Found rosidl_adapter: 1.3.1 (/opt/ros/foxy/share/rosidl_adapter/cmake)\n'}
[6.820955] (-) TimerEvent: {}
[6.921773] (-) TimerEvent: {}
[7.022774] (-) TimerEvent: {}
[7.051255] (key_teleop) StdoutLine: {'line': b'running egg_info\n'}
[7.056460] (key_teleop) StdoutLine: {'line': b'creating ../../../../build/key_teleop/key_teleop.egg-info\n'}
[7.058091] (key_teleop) StdoutLine: {'line': b'writing ../../../../build/key_teleop/key_teleop.egg-info/PKG-INFO\n'}
[7.060231] (key_teleop) StdoutLine: {'line': b'writing dependency_links to ../../../../build/key_teleop/key_teleop.egg-info/dependency_links.txt\n'}
[7.062412] (key_teleop) StdoutLine: {'line': b'writing entry points to ../../../../build/key_teleop/key_teleop.egg-info/entry_points.txt\n'}
[7.064629] (key_teleop) StdoutLine: {'line': b'writing requirements to ../../../../build/key_teleop/key_teleop.egg-info/requires.txt\n'}
[7.066517] (key_teleop) StdoutLine: {'line': b'writing top-level names to ../../../../build/key_teleop/key_teleop.egg-info/top_level.txt\n'}
[7.078350] (key_teleop) StdoutLine: {'line': b"writing manifest file '../../../../build/key_teleop/key_teleop.egg-info/SOURCES.txt'\n"}
[7.123069] (-) TimerEvent: {}
[7.224329] (-) TimerEvent: {}
[7.257262] (key_teleop) StdoutLine: {'line': b"reading manifest file '../../../../build/key_teleop/key_teleop.egg-info/SOURCES.txt'\n"}
[7.262267] (key_teleop) StdoutLine: {'line': b"writing manifest file '../../../../build/key_teleop/key_teleop.egg-info/SOURCES.txt'\n"}
[7.263726] (key_teleop) StdoutLine: {'line': b'running build\n'}
[7.264809] (key_teleop) StdoutLine: {'line': b'running build_py\n'}
[7.266485] (key_teleop) StdoutLine: {'line': b'creating /home/cav330/f1tenth_ws/build/key_teleop/build\n'}
[7.267553] (key_teleop) StdoutLine: {'line': b'creating /home/cav330/f1tenth_ws/build/key_teleop/build/lib\n'}
[7.268897] (key_teleop) StdoutLine: {'line': b'creating /home/cav330/f1tenth_ws/build/key_teleop/build/lib/key_teleop\n'}
[7.271238] (key_teleop) StdoutLine: {'line': b'copying key_teleop/key_teleop.py -> /home/cav330/f1tenth_ws/build/key_teleop/build/lib/key_teleop\n'}
[7.272949] (key_teleop) StdoutLine: {'line': b'copying key_teleop/__init__.py -> /home/cav330/f1tenth_ws/build/key_teleop/build/lib/key_teleop\n'}
[7.274665] (key_teleop) StdoutLine: {'line': b'running install\n'}
[7.278832] (key_teleop) StdoutLine: {'line': b'running install_lib\n'}
[7.285927] (key_teleop) StdoutLine: {'line': b'creating /home/cav330/f1tenth_ws/install/key_teleop/lib/python3.8/site-packages/key_teleop\n'}
[7.288107] (key_teleop) StdoutLine: {'line': b'copying /home/cav330/f1tenth_ws/build/key_teleop/build/lib/key_teleop/key_teleop.py -> /home/cav330/f1tenth_ws/install/key_teleop/lib/python3.8/site-packages/key_teleop\n'}
[7.290663] (key_teleop) StdoutLine: {'line': b'copying /home/cav330/f1tenth_ws/build/key_teleop/build/lib/key_teleop/__init__.py -> /home/cav330/f1tenth_ws/install/key_teleop/lib/python3.8/site-packages/key_teleop\n'}
[7.295855] (key_teleop) StdoutLine: {'line': b'byte-compiling /home/cav330/f1tenth_ws/install/key_teleop/lib/python3.8/site-packages/key_teleop/key_teleop.py to key_teleop.cpython-38.pyc\n'}
[7.305911] (key_teleop) StdoutLine: {'line': b'byte-compiling /home/cav330/f1tenth_ws/install/key_teleop/lib/python3.8/site-packages/key_teleop/__init__.py to __init__.cpython-38.pyc\n'}
[7.308163] (key_teleop) StdoutLine: {'line': b'running install_data\n'}
[7.309722] (key_teleop) StdoutLine: {'line': b'copying package.xml -> /home/cav330/f1tenth_ws/install/key_teleop/share/key_teleop\n'}
[7.312486] (key_teleop) StdoutLine: {'line': b'creating /home/cav330/f1tenth_ws/install/key_teleop/share/key_teleop/config\n'}
[7.313745] (key_teleop) StdoutLine: {'line': b'copying config/key_teleop.yaml -> /home/cav330/f1tenth_ws/install/key_teleop/share/key_teleop/config\n'}
[7.315323] (key_teleop) StdoutLine: {'line': b'creating /home/cav330/f1tenth_ws/install/key_teleop/share/ament_index\n'}
[7.316249] (key_teleop) StdoutLine: {'line': b'creating /home/cav330/f1tenth_ws/install/key_teleop/share/ament_index/resource_index\n'}
[7.317266] (key_teleop) StdoutLine: {'line': b'creating /home/cav330/f1tenth_ws/install/key_teleop/share/ament_index/resource_index/packages\n'}
[7.318431] (key_teleop) StdoutLine: {'line': b'copying resource/key_teleop -> /home/cav330/f1tenth_ws/install/key_teleop/share/ament_index/resource_index/packages\n'}
[7.319593] (key_teleop) StdoutLine: {'line': b'running install_egg_info\n'}
[7.324682] (-) TimerEvent: {}
[7.332667] (key_teleop) StdoutLine: {'line': b'Copying ../../../../build/key_teleop/key_teleop.egg-info to /home/cav330/f1tenth_ws/install/key_teleop/lib/python3.8/site-packages/key_teleop-0.3.0-py3.8.egg-info\n'}
[7.339996] (key_teleop) StdoutLine: {'line': b'running install_scripts\n'}
[7.346607] (ackermann_mux) StdoutLine: {'line': b'-- Found rclcpp: 2.4.3 (/opt/ros/foxy/share/rclcpp/cmake)\n'}
[7.424890] (-) TimerEvent: {}
[7.435961] (key_teleop) StdoutLine: {'line': b'Installing key_teleop script to /home/cav330/f1tenth_ws/install/key_teleop/lib/key_teleop\n'}
[7.440475] (key_teleop) StdoutLine: {'line': b"writing list of installed files to '/home/cav330/f1tenth_ws/build/key_teleop/install.log'\n"}
[7.481677] (vesc_msgs) StdoutLine: {'line': b'-- Using all available rosidl_typesupport_c: rosidl_typesupport_fastrtps_c;rosidl_typesupport_introspection_c\n'}
[7.519694] (vesc_msgs) StdoutLine: {'line': b'-- Found rosidl_adapter: 1.3.1 (/opt/ros/foxy/share/rosidl_adapter/cmake)\n'}
[7.525117] (-) TimerEvent: {}
[7.561367] (key_teleop) CommandEnded: {'returncode': 0}
[7.627149] (-) TimerEvent: {}
[7.666988] (key_teleop) JobEnded: {'identifier': 'key_teleop', 'rc': 0}
[7.671106] (mouse_teleop) JobStarted: {'identifier': 'mouse_teleop'}
[7.676972] (ackermann_mux) StdoutLine: {'line': b'-- Using all available rosidl_typesupport_c: rosidl_typesupport_fastrtps_c;rosidl_typesupport_introspection_c\n'}
[7.727718] (-) TimerEvent: {}
[7.757103] (ackermann_mux) StdoutLine: {'line': b'-- Found rosidl_adapter: 1.3.1 (/opt/ros/foxy/share/rosidl_adapter/cmake)\n'}
[7.829429] (-) TimerEvent: {}
[7.931589] (-) TimerEvent: {}
[7.946053] (teleop_tools_msgs) StdoutLine: {'line': b'-- Found OpenSSL: /usr/lib/aarch64-linux-gnu/libcrypto.so (found version "1.1.1f")  \n'}
[8.031833] (-) TimerEvent: {}
[8.133099] (-) TimerEvent: {}
[8.140014] (teleop_tools_msgs) StdoutLine: {'line': b'-- Found FastRTPS: /opt/ros/foxy/include  \n'}
[8.233349] (-) TimerEvent: {}
[8.336498] (-) TimerEvent: {}
[8.441292] (-) TimerEvent: {}
[8.495807] (vesc_msgs) StdoutLine: {'line': b'-- Found OpenSSL: /usr/lib/aarch64-linux-gnu/libcrypto.so (found version "1.1.1f")  \n'}
[8.541506] (-) TimerEvent: {}
[8.643666] (-) TimerEvent: {}
[8.681416] (ackermann_mux) StdoutLine: {'line': b'-- Found OpenSSL: /usr/lib/aarch64-linux-gnu/libcrypto.so (found version "1.1.1f")  \n'}
[8.743924] (-) TimerEvent: {}
[8.744986] (teleop_tools_msgs) StdoutLine: {'line': b'-- Using all available rosidl_typesupport_cpp: rosidl_typesupport_fastrtps_cpp;rosidl_typesupport_introspection_cpp\n'}
[8.780633] (vesc_msgs) StdoutLine: {'line': b'-- Found FastRTPS: /opt/ros/foxy/include  \n'}
[8.844164] (-) TimerEvent: {}
[8.848944] (ackermann_mux) StdoutLine: {'line': b'-- Found FastRTPS: /opt/ros/foxy/include  \n'}
[8.925005] (teleop_tools_msgs) StdoutLine: {'line': b'-- Found ament_lint_auto: 0.9.8 (/opt/ros/foxy/share/ament_lint_auto/cmake)\n'}
[8.944735] (-) TimerEvent: {}
[9.045651] (-) TimerEvent: {}
[9.146562] (-) TimerEvent: {}
[9.247465] (-) TimerEvent: {}
[9.348505] (-) TimerEvent: {}
[9.396286] (vesc_msgs) StdoutLine: {'line': b'-- Using all available rosidl_typesupport_cpp: rosidl_typesupport_fastrtps_cpp;rosidl_typesupport_introspection_cpp\n'}
[9.428650] (ackermann_mux) StdoutLine: {'line': b'-- Using all available rosidl_typesupport_cpp: rosidl_typesupport_fastrtps_cpp;rosidl_typesupport_introspection_cpp\n'}
[9.448690] (-) TimerEvent: {}
[9.497100] (teleop_tools_msgs) StdoutLine: {'line': b'-- Found PythonInterp: /usr/bin/python3 (found version "3.8.10") \n'}
[9.549030] (-) TimerEvent: {}
[9.650804] (-) TimerEvent: {}
[9.753443] (-) TimerEvent: {}
[9.809020] (ackermann_mux) StdoutLine: {'line': b'-- Found rmw_implementation_cmake: 1.0.4 (/opt/ros/foxy/share/rmw_implementation_cmake/cmake)\n'}
[9.822490] (ackermann_mux) StdoutLine: {'line': b"-- Using RMW implementation 'rmw_fastrtps_cpp' as default\n"}
[9.829382] (ackermann_mux) StdoutLine: {'line': b'-- Looking for pthread.h\n'}
[9.853447] (-) TimerEvent: {}
[9.955666] (-) TimerEvent: {}
[10.057461] (-) TimerEvent: {}
[10.158786] (-) TimerEvent: {}
[10.261747] (-) TimerEvent: {}
[10.365727] (-) TimerEvent: {}
[10.368927] (vesc_msgs) StdoutLine: {'line': b'-- Found PythonInterp: /usr/bin/python3 (found version "3.8.10") \n'}
[10.465924] (-) TimerEvent: {}
[10.567415] (-) TimerEvent: {}
[10.573716] (teleop_tools_msgs) StdoutLine: {'line': b'-- Found ament_cmake_ros: 0.9.2 (/opt/ros/foxy/share/ament_cmake_ros/cmake)\n'}
[10.667581] (-) TimerEvent: {}
[10.682134] (ackermann_mux) StdoutLine: {'line': b'-- Looking for pthread.h - found\n'}
[10.683937] (ackermann_mux) StdoutLine: {'line': b'-- Performing Test CMAKE_HAVE_LIBC_PTHREAD\n'}
[10.767954] (-) TimerEvent: {}
[10.871699] (-) TimerEvent: {}
[10.973855] (-) TimerEvent: {}
[11.075315] (-) TimerEvent: {}
[11.176834] (-) TimerEvent: {}
[11.280012] (-) TimerEvent: {}
[11.381720] (-) TimerEvent: {}
[11.396217] (ackermann_mux) StdoutLine: {'line': b'-- Performing Test CMAKE_HAVE_LIBC_PTHREAD - Failed\n'}
[11.397476] (ackermann_mux) StdoutLine: {'line': b'-- Looking for pthread_create in pthreads\n'}
[11.480963] (teleop_tools_msgs) StdoutLine: {'line': b'-- Using all available rosidl_typesupport_c: rosidl_typesupport_fastrtps_c;rosidl_typesupport_introspection_c\n'}
[11.481632] (-) TimerEvent: {}
[11.564006] (vesc_msgs) StdoutLine: {'line': b'-- Found ament_cmake_ros: 0.9.2 (/opt/ros/foxy/share/ament_cmake_ros/cmake)\n'}
[11.581869] (-) TimerEvent: {}
[11.683205] (-) TimerEvent: {}
[11.714012] (teleop_tools_msgs) StdoutLine: {'line': b'-- Using all available rosidl_typesupport_cpp: rosidl_typesupport_fastrtps_cpp;rosidl_typesupport_introspection_cpp\n'}
[11.783408] (-) TimerEvent: {}
[11.863104] (teleop_tools_msgs) StdoutLine: {'line': b'-- Found PythonInterp: /usr/bin/python3 (found suitable version "3.8.10", minimum required is "3.5") \n'}
[11.869476] (teleop_tools_msgs) StdoutLine: {'line': b'-- Found python_cmake_module: 0.8.1 (/opt/ros/foxy/share/python_cmake_module/cmake)\n'}
[11.883638] (-) TimerEvent: {}
[11.984704] (-) TimerEvent: {}
[12.079049] (teleop_tools_msgs) StdoutLine: {'line': b'-- Found PythonLibs: /usr/lib/aarch64-linux-gnu/libpython3.8.so (found suitable version "3.8.10", minimum required is "3.5") \n'}
[12.080140] (teleop_tools_msgs) StdoutLine: {'line': b'-- Using PYTHON_EXECUTABLE: /usr/bin/python3\n'}
[12.080663] (teleop_tools_msgs) StdoutLine: {'line': b'-- Using PYTHON_INCLUDE_DIRS: /usr/include/python3.8\n'}
[12.080988] (teleop_tools_msgs) StdoutLine: {'line': b'-- Using PYTHON_LIBRARIES: /usr/lib/aarch64-linux-gnu/libpython3.8.so\n'}
[12.084910] (-) TimerEvent: {}
[12.173213] (ackermann_mux) StdoutLine: {'line': b'-- Looking for pthread_create in pthreads - not found\n'}
[12.174483] (ackermann_mux) StdoutLine: {'line': b'-- Looking for pthread_create in pthread\n'}
[12.185137] (-) TimerEvent: {}
[12.233465] (teleop_tools_msgs) StdoutLine: {'line': b'-- Found PythonExtra: .so  \n'}
[12.285599] (-) TimerEvent: {}
[12.395796] (-) TimerEvent: {}
[12.499450] (-) TimerEvent: {}
[12.606790] (-) TimerEvent: {}
[12.708555] (-) TimerEvent: {}
[12.732870] (teleop_tools_msgs) StdoutLine: {'line': b"-- Added test 'copyright' to check source files copyright and LICENSE\n"}
[12.748839] (mouse_teleop) Command: {'cmd': ['/usr/bin/python3', '-W', 'ignore:setup.py install is deprecated', '-W', 'ignore:easy_install command is deprecated', 'setup.py', 'egg_info', '--egg-base', '../../../../build/mouse_teleop', 'build', '--build-base', '/home/cav330/f1tenth_ws/build/mouse_teleop/build', 'install', '--record', '/home/cav330/f1tenth_ws/build/mouse_teleop/install.log', '--install-scripts', '$base/lib/mouse_teleop', '--single-version-externally-managed', 'install_data'], 'cwd': '/home/cav330/f1tenth_ws/src/f1tenth_system/teleop_tools/mouse_teleop', 'env': {'GJS_DEBUG_TOPICS': 'JS ERROR;JS LOG', 'LESSOPEN': '| /usr/bin/lesspipe %s', 'USER': 'cav330', 'SSH_AGENT_PID': '3256', 'XDG_SESSION_TYPE': 'x11', 'SHLVL': '1', 'LD_LIBRARY_PATH': '/opt/ros/foxy/opt/yaml_cpp_vendor/lib:/opt/ros/foxy/opt/rviz_ogre_vendor/lib:/opt/ros/foxy/lib/aarch64-linux-gnu:/opt/ros/foxy/lib:/usr/local/cuda-11.4/lib64:', 'HOME': '/home/cav330', 'OLDPWD': '/home/cav330/f1tenth_ws/src', 'DESKTOP_SESSION': 'ubuntu', 'ROS_PYTHON_VERSION': '3', 'GNOME_SHELL_SESSION_MODE': 'ubuntu', 'GTK_MODULES': 'gail:atk-bridge', 'MANAGERPID': '2241', 'DBUS_SESSION_BUS_ADDRESS': 'unix:path=/run/user/1000/bus', 'COLORTERM': 'truecolor', 'IM_CONFIG_PHASE': '1', 'ROS_DISTRO': 'foxy', 'LOGNAME': 'cav330', 'JOURNAL_STREAM': '8:59348', '_': '/usr/bin/colcon', 'ROS_VERSION': '2', 'XDG_SESSION_CLASS': 'user', 'USERNAME': 'cav330', 'TERM': 'xterm-256color', 'GNOME_DESKTOP_SESSION_ID': 'this-is-deprecated', 'ROS_LOCALHOST_ONLY': '0', 'WINDOWPATH': '3', 'PATH': '/opt/ros/foxy/bin:/usr/local/cuda-11.4/bin:/usr/local/sbin:/usr/local/bin:/usr/sbin:/usr/bin:/sbin:/bin:/usr/games:/usr/local/games:/snap/bin', 'SESSION_MANAGER': 'local/ubuntu:@/tmp/.ICE-unix/3308,unix/ubuntu:/tmp/.ICE-unix/3308', 'INVOCATION_ID': 'bf49e6a9c0ee431ca47543a5b4a2e888', 'XDG_MENU_PREFIX': 'gnome-', 'GNOME_TERMINAL_SCREEN': '/org/gnome/Terminal/screen/cf3d13d9_a795_4efc_b844_cdf06d1a71bd', 'XDG_RUNTIME_DIR': '/run/user/1000', 'DISPLAY': ':1', 'LANG': 'en_CA.UTF-8', 'XDG_CURRENT_DESKTOP': 'ubuntu:GNOME', 'XMODIFIERS': '@im=ibus', 'XDG_SESSION_DESKTOP': 'ubuntu', 'XAUTHORITY': '/run/user/1000/gdm/Xauthority', 'LS_COLORS': 'rs=0:di=01;34:ln=01;36:mh=00:pi=40;33:so=01;35:do=01;35:bd=40;33;01:cd=40;33;01:or=40;31;01:mi=00:su=37;41:sg=30;43:ca=30;41:tw=30;42:ow=34;42:st=37;44:ex=01;32:*.tar=01;31:*.tgz=01;31:*.arc=01;31:*.arj=01;31:*.taz=01;31:*.lha=01;31:*.lz4=01;31:*.lzh=01;31:*.lzma=01;31:*.tlz=01;31:*.txz=01;31:*.tzo=01;31:*.t7z=01;31:*.zip=01;31:*.z=01;31:*.dz=01;31:*.gz=01;31:*.lrz=01;31:*.lz=01;31:*.lzo=01;31:*.xz=01;31:*.zst=01;31:*.tzst=01;31:*.bz2=01;31:*.bz=01;31:*.tbz=01;31:*.tbz2=01;31:*.tz=01;31:*.deb=01;31:*.rpm=01;31:*.jar=01;31:*.war=01;31:*.ear=01;31:*.sar=01;31:*.rar=01;31:*.alz=01;31:*.ace=01;31:*.zoo=01;31:*.cpio=01;31:*.7z=01;31:*.rz=01;31:*.cab=01;31:*.wim=01;31:*.swm=01;31:*.dwm=01;31:*.esd=01;31:*.jpg=01;35:*.jpeg=01;35:*.mjpg=01;35:*.mjpeg=01;35:*.gif=01;35:*.bmp=01;35:*.pbm=01;35:*.pgm=01;35:*.ppm=01;35:*.tga=01;35:*.xbm=01;35:*.xpm=01;35:*.tif=01;35:*.tiff=01;35:*.png=01;35:*.svg=01;35:*.svgz=01;35:*.mng=01;35:*.pcx=01;35:*.mov=01;35:*.mpg=01;35:*.mpeg=01;35:*.m2v=01;35:*.mkv=01;35:*.webm=01;35:*.ogm=01;35:*.mp4=01;35:*.m4v=01;35:*.mp4v=01;35:*.vob=01;35:*.qt=01;35:*.nuv=01;35:*.wmv=01;35:*.asf=01;35:*.rm=01;35:*.rmvb=01;35:*.flc=01;35:*.avi=01;35:*.fli=01;35:*.flv=01;35:*.gl=01;35:*.dl=01;35:*.xcf=01;35:*.xwd=01;35:*.yuv=01;35:*.cgm=01;35:*.emf=01;35:*.ogv=01;35:*.ogx=01;35:*.aac=00;36:*.au=00;36:*.flac=00;36:*.m4a=00;36:*.mid=00;36:*.midi=00;36:*.mka=00;36:*.mp3=00;36:*.mpc=00;36:*.ogg=00;36:*.ra=00;36:*.wav=00;36:*.oga=00;36:*.opus=00;36:*.spx=00;36:*.xspf=00;36:', 'GNOME_TERMINAL_SERVICE': ':1.113', 'SSH_AUTH_SOCK': '/run/user/1000/keyring/ssh', 'AMENT_PREFIX_PATH': '/opt/ros/foxy', 'SHELL': '/bin/bash', 'QT_ACCESSIBILITY': '1', 'GDMSESSION': 'ubuntu', 'LESSCLOSE': '/usr/bin/lesspipe %s %s', 'GPG_AGENT_INFO': '/run/user/1000/gnupg/S.gpg-agent:0:1', 'GJS_DEBUG_OUTPUT': 'stderr', 'QT_IM_MODULE': 'ibus', 'PWD': '/home/cav330/f1tenth_ws/build/mouse_teleop', 'XDG_CONFIG_DIRS': '/etc/xdg/xdg-ubuntu:/etc/xdg', 'XDG_DATA_DIRS': '/usr/share/ubuntu:/usr/local/share/:/usr/share/:/var/lib/snapd/desktop', 'PYTHONPATH': '/home/cav330/f1tenth_ws/build/mouse_teleop/prefix_override:/usr/lib/python3/dist-packages/colcon_core/task/python/colcon_distutils_commands:/home/cav330/f1tenth_ws/install/mouse_teleop/lib/python3.8/site-packages:/opt/ros/foxy/lib/python3.8/site-packages', 'COLCON': '1', 'VTE_VERSION': '6003'}, 'shell': False}
[12.762116] (teleop_tools_msgs) StdoutLine: {'line': b"-- Added test 'lint_cmake' to check CMake code style\n"}
[12.763009] (teleop_tools_msgs) StdoutLine: {'line': b"-- Added test 'xmllint' to check XML markup files\n"}
[12.808786] (-) TimerEvent: {}
[12.816118] (ackermann_mux) StdoutLine: {'line': b'-- Looking for pthread_create in pthread - found\n'}
[12.829681] (ackermann_mux) StdoutLine: {'line': b'-- Found Threads: TRUE  \n'}
[12.884723] (teleop_tools_msgs) StdoutLine: {'line': b'-- Configuring done\n'}
[12.909089] (-) TimerEvent: {}
[13.011365] (-) TimerEvent: {}
[13.112247] (-) TimerEvent: {}
[13.213305] (-) TimerEvent: {}
[13.314792] (-) TimerEvent: {}
[13.400465] (teleop_tools_msgs) StdoutLine: {'line': b'-- Generating done\n'}
[13.415056] (-) TimerEvent: {}
[13.516159] (-) TimerEvent: {}
[13.609297] (teleop_tools_msgs) StdoutLine: {'line': b'-- Build files have been written to: /home/cav330/f1tenth_ws/build/teleop_tools_msgs\n'}
[13.616504] (-) TimerEvent: {}
[13.685420] (teleop_tools_msgs) CommandEnded: {'returncode': 0}
[13.686847] (teleop_tools_msgs) JobProgress: {'identifier': 'teleop_tools_msgs', 'progress': 'build'}
[13.686964] (teleop_tools_msgs) Command: {'cmd': ['/usr/bin/cmake', '--build', '/home/cav330/f1tenth_ws/build/teleop_tools_msgs', '--', '-j4', '-l4'], 'cwd': '/home/cav330/f1tenth_ws/build/teleop_tools_msgs', 'env': OrderedDict([('GJS_DEBUG_TOPICS', 'JS ERROR;JS LOG'), ('LESSOPEN', '| /usr/bin/lesspipe %s'), ('USER', 'cav330'), ('SSH_AGENT_PID', '3256'), ('XDG_SESSION_TYPE', 'x11'), ('SHLVL', '1'), ('LD_LIBRARY_PATH', '/opt/ros/foxy/opt/yaml_cpp_vendor/lib:/opt/ros/foxy/opt/rviz_ogre_vendor/lib:/opt/ros/foxy/lib/aarch64-linux-gnu:/opt/ros/foxy/lib:/usr/local/cuda-11.4/lib64:'), ('HOME', '/home/cav330'), ('OLDPWD', '/home/cav330/f1tenth_ws/src'), ('DESKTOP_SESSION', 'ubuntu'), ('ROS_PYTHON_VERSION', '3'), ('GNOME_SHELL_SESSION_MODE', 'ubuntu'), ('GTK_MODULES', 'gail:atk-bridge'), ('MANAGERPID', '2241'), ('DBUS_SESSION_BUS_ADDRESS', 'unix:path=/run/user/1000/bus'), ('COLORTERM', 'truecolor'), ('IM_CONFIG_PHASE', '1'), ('ROS_DISTRO', 'foxy'), ('LOGNAME', 'cav330'), ('JOURNAL_STREAM', '8:59348'), ('_', '/usr/bin/colcon'), ('ROS_VERSION', '2'), ('XDG_SESSION_CLASS', 'user'), ('USERNAME', 'cav330'), ('TERM', 'xterm-256color'), ('GNOME_DESKTOP_SESSION_ID', 'this-is-deprecated'), ('ROS_LOCALHOST_ONLY', '0'), ('WINDOWPATH', '3'), ('PATH', '/opt/ros/foxy/bin:/usr/local/cuda-11.4/bin:/usr/local/sbin:/usr/local/bin:/usr/sbin:/usr/bin:/sbin:/bin:/usr/games:/usr/local/games:/snap/bin'), ('SESSION_MANAGER', 'local/ubuntu:@/tmp/.ICE-unix/3308,unix/ubuntu:/tmp/.ICE-unix/3308'), ('INVOCATION_ID', 'bf49e6a9c0ee431ca47543a5b4a2e888'), ('XDG_MENU_PREFIX', 'gnome-'), ('GNOME_TERMINAL_SCREEN', '/org/gnome/Terminal/screen/cf3d13d9_a795_4efc_b844_cdf06d1a71bd'), ('XDG_RUNTIME_DIR', '/run/user/1000'), ('DISPLAY', ':1'), ('LANG', 'en_CA.UTF-8'), ('XDG_CURRENT_DESKTOP', 'ubuntu:GNOME'), ('XMODIFIERS', '@im=ibus'), ('XDG_SESSION_DESKTOP', 'ubuntu'), ('XAUTHORITY', '/run/user/1000/gdm/Xauthority'), ('LS_COLORS', 'rs=0:di=01;34:ln=01;36:mh=00:pi=40;33:so=01;35:do=01;35:bd=40;33;01:cd=40;33;01:or=40;31;01:mi=00:su=37;41:sg=30;43:ca=30;41:tw=30;42:ow=34;42:st=37;44:ex=01;32:*.tar=01;31:*.tgz=01;31:*.arc=01;31:*.arj=01;31:*.taz=01;31:*.lha=01;31:*.lz4=01;31:*.lzh=01;31:*.lzma=01;31:*.tlz=01;31:*.txz=01;31:*.tzo=01;31:*.t7z=01;31:*.zip=01;31:*.z=01;31:*.dz=01;31:*.gz=01;31:*.lrz=01;31:*.lz=01;31:*.lzo=01;31:*.xz=01;31:*.zst=01;31:*.tzst=01;31:*.bz2=01;31:*.bz=01;31:*.tbz=01;31:*.tbz2=01;31:*.tz=01;31:*.deb=01;31:*.rpm=01;31:*.jar=01;31:*.war=01;31:*.ear=01;31:*.sar=01;31:*.rar=01;31:*.alz=01;31:*.ace=01;31:*.zoo=01;31:*.cpio=01;31:*.7z=01;31:*.rz=01;31:*.cab=01;31:*.wim=01;31:*.swm=01;31:*.dwm=01;31:*.esd=01;31:*.jpg=01;35:*.jpeg=01;35:*.mjpg=01;35:*.mjpeg=01;35:*.gif=01;35:*.bmp=01;35:*.pbm=01;35:*.pgm=01;35:*.ppm=01;35:*.tga=01;35:*.xbm=01;35:*.xpm=01;35:*.tif=01;35:*.tiff=01;35:*.png=01;35:*.svg=01;35:*.svgz=01;35:*.mng=01;35:*.pcx=01;35:*.mov=01;35:*.mpg=01;35:*.mpeg=01;35:*.m2v=01;35:*.mkv=01;35:*.webm=01;35:*.ogm=01;35:*.mp4=01;35:*.m4v=01;35:*.mp4v=01;35:*.vob=01;35:*.qt=01;35:*.nuv=01;35:*.wmv=01;35:*.asf=01;35:*.rm=01;35:*.rmvb=01;35:*.flc=01;35:*.avi=01;35:*.fli=01;35:*.flv=01;35:*.gl=01;35:*.dl=01;35:*.xcf=01;35:*.xwd=01;35:*.yuv=01;35:*.cgm=01;35:*.emf=01;35:*.ogv=01;35:*.ogx=01;35:*.aac=00;36:*.au=00;36:*.flac=00;36:*.m4a=00;36:*.mid=00;36:*.midi=00;36:*.mka=00;36:*.mp3=00;36:*.mpc=00;36:*.ogg=00;36:*.ra=00;36:*.wav=00;36:*.oga=00;36:*.opus=00;36:*.spx=00;36:*.xspf=00;36:'), ('GNOME_TERMINAL_SERVICE', ':1.113'), ('SSH_AUTH_SOCK', '/run/user/1000/keyring/ssh'), ('AMENT_PREFIX_PATH', '/opt/ros/foxy'), ('SHELL', '/bin/bash'), ('QT_ACCESSIBILITY', '1'), ('GDMSESSION', 'ubuntu'), ('LESSCLOSE', '/usr/bin/lesspipe %s %s'), ('GPG_AGENT_INFO', '/run/user/1000/gnupg/S.gpg-agent:0:1'), ('GJS_DEBUG_OUTPUT', 'stderr'), ('QT_IM_MODULE', 'ibus'), ('PWD', '/home/cav330/f1tenth_ws/build/teleop_tools_msgs'), ('XDG_CONFIG_DIRS', '/etc/xdg/xdg-ubuntu:/etc/xdg'), ('XDG_DATA_DIRS', '/usr/share/ubuntu:/usr/local/share/:/usr/share/:/var/lib/snapd/desktop'), ('PYTHONPATH', '/opt/ros/foxy/lib/python3.8/site-packages'), ('COLCON', '1'), ('VTE_VERSION', '6003'), ('CMAKE_PREFIX_PATH', '/opt/ros/foxy')]), 'shell': False}
[13.712001] (vesc_msgs) StdoutLine: {'line': b'-- Using all available rosidl_typesupport_c: rosidl_typesupport_fastrtps_c;rosidl_typesupport_introspection_c\n'}
[13.716774] (-) TimerEvent: {}
[13.818247] (-) TimerEvent: {}
[13.920123] (-) TimerEvent: {}
[14.023411] (-) TimerEvent: {}
[14.124804] (-) TimerEvent: {}
[14.225712] (-) TimerEvent: {}
[14.275455] (teleop_tools_msgs) StdoutLine: {'line': b'[  3%] \x1b[34m\x1b[1mGenerating C code for ROS interfaces\x1b[0m\n'}
[14.314033] (teleop_tools_msgs) StdoutLine: {'line': b'\x1b[35m\x1b[1mScanning dependencies of target teleop_tools_msgs__cpp\x1b[0m\n'}
[14.326316] (-) TimerEvent: {}
[14.425564] (ackermann_mux) StdoutLine: {'line': b'-- Found ackermann_msgs: 2.0.2 (/opt/ros/foxy/share/ackermann_msgs/cmake)\n'}
[14.426288] (-) TimerEvent: {}
[14.491241] (teleop_tools_msgs) StdoutLine: {'line': b'[  6%] \x1b[34m\x1b[1mGenerating C++ code for ROS interfaces\x1b[0m\n'}
[14.527035] (-) TimerEvent: {}
[14.579861] (mouse_teleop) StdoutLine: {'line': b'running egg_info\n'}
[14.582700] (mouse_teleop) StdoutLine: {'line': b'creating ../../../../build/mouse_teleop/mouse_teleop.egg-info\n'}
[14.583606] (mouse_teleop) StdoutLine: {'line': b'writing ../../../../build/mouse_teleop/mouse_teleop.egg-info/PKG-INFO\n'}
[14.585052] (mouse_teleop) StdoutLine: {'line': b'writing dependency_links to ../../../../build/mouse_teleop/mouse_teleop.egg-info/dependency_links.txt\n'}
[14.585845] (mouse_teleop) StdoutLine: {'line': b'writing entry points to ../../../../build/mouse_teleop/mouse_teleop.egg-info/entry_points.txt\n'}
[14.586663] (mouse_teleop) StdoutLine: {'line': b'writing requirements to ../../../../build/mouse_teleop/mouse_teleop.egg-info/requires.txt\n'}
[14.587050] (mouse_teleop) StdoutLine: {'line': b'writing top-level names to ../../../../build/mouse_teleop/mouse_teleop.egg-info/top_level.txt\n'}
[14.594095] (mouse_teleop) StdoutLine: {'line': b"writing manifest file '../../../../build/mouse_teleop/mouse_teleop.egg-info/SOURCES.txt'\n"}
[14.627192] (-) TimerEvent: {}
[14.728217] (-) TimerEvent: {}
[14.831913] (-) TimerEvent: {}
[14.839767] (vesc_msgs) StdoutLine: {'line': b'-- Using all available rosidl_typesupport_cpp: rosidl_typesupport_fastrtps_cpp;rosidl_typesupport_introspection_cpp\n'}
[14.868459] (mouse_teleop) StdoutLine: {'line': b"reading manifest file '../../../../build/mouse_teleop/mouse_teleop.egg-info/SOURCES.txt'\n"}
[14.874635] (mouse_teleop) StdoutLine: {'line': b"writing manifest file '../../../../build/mouse_teleop/mouse_teleop.egg-info/SOURCES.txt'\n"}
[14.885845] (mouse_teleop) StdoutLine: {'line': b'running build\n'}
[14.888043] (mouse_teleop) StdoutLine: {'line': b'running build_py\n'}
[14.893162] (mouse_teleop) StdoutLine: {'line': b'creating /home/cav330/f1tenth_ws/build/mouse_teleop/build\n'}
[14.895560] (ackermann_mux) StdoutLine: {'line': b'-- Found diagnostic_updater: 3.1.2 (/opt/ros/foxy/share/diagnostic_updater/cmake)\n'}
[14.896137] (mouse_teleop) StdoutLine: {'line': b'creating /home/cav330/f1tenth_ws/build/mouse_teleop/build/lib\n'}
[14.896751] (mouse_teleop) StdoutLine: {'line': b'creating /home/cav330/f1tenth_ws/build/mouse_teleop/build/lib/mouse_teleop\n'}
[14.897271] (mouse_teleop) StdoutLine: {'line': b'copying mouse_teleop/__init__.py -> /home/cav330/f1tenth_ws/build/mouse_teleop/build/lib/mouse_teleop\n'}
[14.898229] (mouse_teleop) StdoutLine: {'line': b'copying mouse_teleop/mouse_teleop.py -> /home/cav330/f1tenth_ws/build/mouse_teleop/build/lib/mouse_teleop\n'}
[14.899481] (mouse_teleop) StdoutLine: {'line': b'running install\n'}
[14.907582] (mouse_teleop) StdoutLine: {'line': b'running install_lib\n'}
[14.912114] (mouse_teleop) StdoutLine: {'line': b'creating /home/cav330/f1tenth_ws/install/mouse_teleop/lib/python3.8/site-packages/mouse_teleop\n'}
[14.913234] (mouse_teleop) StdoutLine: {'line': b'copying /home/cav330/f1tenth_ws/build/mouse_teleop/build/lib/mouse_teleop/__init__.py -> /home/cav330/f1tenth_ws/install/mouse_teleop/lib/python3.8/site-packages/mouse_teleop\n'}
[14.913911] (mouse_teleop) StdoutLine: {'line': b'copying /home/cav330/f1tenth_ws/build/mouse_teleop/build/lib/mouse_teleop/mouse_teleop.py -> /home/cav330/f1tenth_ws/install/mouse_teleop/lib/python3.8/site-packages/mouse_teleop\n'}
[14.917486] (mouse_teleop) StdoutLine: {'line': b'byte-compiling /home/cav330/f1tenth_ws/install/mouse_teleop/lib/python3.8/site-packages/mouse_teleop/__init__.py to __init__.cpython-38.pyc\n'}
[14.921850] (mouse_teleop) StdoutLine: {'line': b'byte-compiling /home/cav330/f1tenth_ws/install/mouse_teleop/lib/python3.8/site-packages/mouse_teleop/mouse_teleop.py to mouse_teleop.cpython-38.pyc\n'}
[14.928012] (mouse_teleop) StdoutLine: {'line': b'running install_data\n'}
[14.928863] (mouse_teleop) StdoutLine: {'line': b'copying package.xml -> /home/cav330/f1tenth_ws/install/mouse_teleop/share/mouse_teleop\n'}
[14.929416] (mouse_teleop) StdoutLine: {'line': b'creating /home/cav330/f1tenth_ws/install/mouse_teleop/share/mouse_teleop/config\n'}
[14.929900] (mouse_teleop) StdoutLine: {'line': b'copying config/mouse_teleop.yaml -> /home/cav330/f1tenth_ws/install/mouse_teleop/share/mouse_teleop/config\n'}
[14.930364] (mouse_teleop) StdoutLine: {'line': b'creating /home/cav330/f1tenth_ws/install/mouse_teleop/share/mouse_teleop/launch\n'}
[14.930822] (mouse_teleop) StdoutLine: {'line': b'copying launch/mouse_teleop.launch.py -> /home/cav330/f1tenth_ws/install/mouse_teleop/share/mouse_teleop/launch\n'}
[14.932980] (-) TimerEvent: {}
[14.934031] (mouse_teleop) StdoutLine: {'line': b'creating /home/cav330/f1tenth_ws/install/mouse_teleop/share/ament_index\n'}
[14.934419] (mouse_teleop) StdoutLine: {'line': b'creating /home/cav330/f1tenth_ws/install/mouse_teleop/share/ament_index/resource_index\n'}
[14.934720] (mouse_teleop) StdoutLine: {'line': b'creating /home/cav330/f1tenth_ws/install/mouse_teleop/share/ament_index/resource_index/packages\n'}
[14.935007] (mouse_teleop) StdoutLine: {'line': b'copying resource/mouse_teleop -> /home/cav330/f1tenth_ws/install/mouse_teleop/share/ament_index/resource_index/packages\n'}
[14.935293] (mouse_teleop) StdoutLine: {'line': b'running install_egg_info\n'}
[14.952144] (mouse_teleop) StdoutLine: {'line': b'Copying ../../../../build/mouse_teleop/mouse_teleop.egg-info to /home/cav330/f1tenth_ws/install/mouse_teleop/lib/python3.8/site-packages/mouse_teleop-0.3.0-py3.8.egg-info\n'}
[14.959175] (mouse_teleop) StdoutLine: {'line': b'running install_scripts\n'}
[15.033215] (-) TimerEvent: {}
[15.092767] (mouse_teleop) StdoutLine: {'line': b'Installing mouse_teleop script to /home/cav330/f1tenth_ws/install/mouse_teleop/lib/mouse_teleop\n'}
[15.094274] (mouse_teleop) StdoutLine: {'line': b"writing list of installed files to '/home/cav330/f1tenth_ws/build/mouse_teleop/install.log'\n"}
[15.133556] (-) TimerEvent: {}
[15.186832] (vesc_msgs) StdoutLine: {'line': b'-- Found PythonInterp: /usr/bin/python3 (found suitable version "3.8.10", minimum required is "3.5") \n'}
[15.198701] (vesc_msgs) StdoutLine: {'line': b'-- Found python_cmake_module: 0.8.1 (/opt/ros/foxy/share/python_cmake_module/cmake)\n'}
[15.233901] (-) TimerEvent: {}
[15.243538] (mouse_teleop) CommandEnded: {'returncode': 0}
[15.320988] (mouse_teleop) JobEnded: {'identifier': 'mouse_teleop', 'rc': 0}
[15.335189] (-) TimerEvent: {}
[15.424483] (vesc_msgs) StdoutLine: {'line': b'-- Found PythonLibs: /usr/lib/aarch64-linux-gnu/libpython3.8.so (found suitable version "3.8.10", minimum required is "3.5") \n'}
[15.429873] (vesc_msgs) StdoutLine: {'line': b'-- Using PYTHON_EXECUTABLE: /usr/bin/python3\n'}
[15.431296] (vesc_msgs) StdoutLine: {'line': b'-- Using PYTHON_INCLUDE_DIRS: /usr/include/python3.8\n'}
[15.432251] (vesc_msgs) StdoutLine: {'line': b'-- Using PYTHON_LIBRARIES: /usr/lib/aarch64-linux-gnu/libpython3.8.so\n'}
[15.436566] (-) TimerEvent: {}
[15.539231] (-) TimerEvent: {}
[15.571763] (ackermann_mux) StdoutLine: {'line': b'-- Found ament_lint_auto: 0.9.8 (/opt/ros/foxy/share/ament_lint_auto/cmake)\n'}
[15.593040] (vesc_msgs) StdoutLine: {'line': b'-- Found PythonExtra: .so  \n'}
[15.639422] (-) TimerEvent: {}
[15.740251] (-) TimerEvent: {}
[15.841190] (-) TimerEvent: {}
[15.941993] (-) TimerEvent: {}
[16.043571] (-) TimerEvent: {}
[16.144477] (-) TimerEvent: {}
[16.241293] (vesc_msgs) StdoutLine: {'line': b'-- Found ament_lint_auto: 0.9.8 (/opt/ros/foxy/share/ament_lint_auto/cmake)\n'}
[16.244884] (-) TimerEvent: {}
[16.346028] (-) TimerEvent: {}
[16.387130] (ackermann_mux) StdoutLine: {'line': b'-- Found python_cmake_module: 0.8.1 (/opt/ros/foxy/share/python_cmake_module/cmake)\n'}
[16.390786] (vesc_msgs) StdoutLine: {'line': b"-- Added test 'copyright' to check source files copyright and LICENSE\n"}
[16.403749] (vesc_msgs) StdoutLine: {'line': b"-- Added test 'lint_cmake' to check CMake code style\n"}
[16.415470] (vesc_msgs) StdoutLine: {'line': b"-- Added test 'xmllint' to check XML markup files\n"}
[16.446300] (-) TimerEvent: {}
[16.462782] (vesc_msgs) StdoutLine: {'line': b'-- Configuring done\n'}
[16.500658] (ackermann_mux) StdoutLine: {'line': b'-- Found PythonInterp: /usr/bin/python3 (found suitable version "3.8.10", minimum required is "3.5") \n'}
[16.528106] (ackermann_mux) StdoutLine: {'line': b'-- Found PythonLibs: /usr/lib/aarch64-linux-gnu/libpython3.8.so (found suitable version "3.8.10", minimum required is "3.5") \n'}
[16.531130] (ackermann_mux) StdoutLine: {'line': b'-- Using PYTHON_EXECUTABLE: /usr/bin/python3\n'}
[16.534823] (ackermann_mux) StdoutLine: {'line': b'-- Using PYTHON_INCLUDE_DIRS: /usr/include/python3.8\n'}
[16.536505] (ackermann_mux) StdoutLine: {'line': b'-- Using PYTHON_LIBRARIES: /usr/lib/aarch64-linux-gnu/libpython3.8.so\n'}
[16.546486] (-) TimerEvent: {}
[16.647815] (-) TimerEvent: {}
[16.685552] (ackermann_mux) StdoutLine: {'line': b'-- Found PythonExtra: .so  \n'}
[16.748007] (-) TimerEvent: {}
[16.771777] (ackermann_mux) StdoutLine: {'line': b"-- Added test 'xmllint' to check XML markup files\n"}
[16.779561] (ackermann_mux) StdoutLine: {'line': b"-- Added test 'copyright' to check source files copyright and LICENSE\n"}
[16.803680] (ackermann_mux) StdoutLine: {'line': b"-- Added test 'cppcheck' to perform static code analysis on C / C++ code\n"}
[16.805777] (ackermann_mux) StdoutLine: {'line': b'-- Configured cppcheck include dirs: /home/cav330/f1tenth_ws/src/f1tenth_system/ackermann_mux/include\n'}
[16.806408] (ackermann_mux) StdoutLine: {'line': b'-- Configured cppcheck exclude dirs and/or files: \n'}
[16.819297] (ackermann_mux) StdoutLine: {'line': b"-- Added test 'cpplint' to check C / C++ code against the Google style\n"}
[16.820272] (ackermann_mux) StdoutLine: {'line': b'-- Configured cpplint exclude dirs and/or files: \n'}
[16.824593] (ackermann_mux) StdoutLine: {'line': b"-- Added test 'flake8' to check Python code syntax and style conventions\n"}
[16.830185] (ackermann_mux) StdoutLine: {'line': b"-- Added test 'lint_cmake' to check CMake code style\n"}
[16.838201] (ackermann_mux) StdoutLine: {'line': b"-- Added test 'pep257' to check Python code against some of the style conventions in PEP 257\n"}
[16.848245] (-) TimerEvent: {}
[16.852854] (ackermann_mux) StdoutLine: {'line': b"-- Added test 'uncrustify' to check C / C++ code style\n"}
[16.853839] (ackermann_mux) StdoutLine: {'line': b'-- Configured uncrustify additional arguments: \n'}
[16.916304] (ackermann_mux) StdoutLine: {'line': b'-- Configuring done\n'}
[16.948510] (-) TimerEvent: {}
[16.972478] (ackermann_mux) StdoutLine: {'line': b'-- Generating done\n'}
[16.999299] (ackermann_mux) StdoutLine: {'line': b'-- Build files have been written to: /home/cav330/f1tenth_ws/build/ackermann_mux\n'}
[17.054138] (ackermann_mux) CommandEnded: {'returncode': 0}
[17.060945] (-) TimerEvent: {}
[17.065037] (ackermann_mux) JobProgress: {'identifier': 'ackermann_mux', 'progress': 'build'}
[17.065402] (ackermann_mux) Command: {'cmd': ['/usr/bin/cmake', '--build', '/home/cav330/f1tenth_ws/build/ackermann_mux', '--', '-j4', '-l4'], 'cwd': '/home/cav330/f1tenth_ws/build/ackermann_mux', 'env': OrderedDict([('GJS_DEBUG_TOPICS', 'JS ERROR;JS LOG'), ('LESSOPEN', '| /usr/bin/lesspipe %s'), ('USER', 'cav330'), ('SSH_AGENT_PID', '3256'), ('XDG_SESSION_TYPE', 'x11'), ('SHLVL', '1'), ('LD_LIBRARY_PATH', '/opt/ros/foxy/opt/yaml_cpp_vendor/lib:/opt/ros/foxy/opt/rviz_ogre_vendor/lib:/opt/ros/foxy/lib/aarch64-linux-gnu:/opt/ros/foxy/lib:/usr/local/cuda-11.4/lib64:'), ('HOME', '/home/cav330'), ('OLDPWD', '/home/cav330/f1tenth_ws/src'), ('DESKTOP_SESSION', 'ubuntu'), ('ROS_PYTHON_VERSION', '3'), ('GNOME_SHELL_SESSION_MODE', 'ubuntu'), ('GTK_MODULES', 'gail:atk-bridge'), ('MANAGERPID', '2241'), ('DBUS_SESSION_BUS_ADDRESS', 'unix:path=/run/user/1000/bus'), ('COLORTERM', 'truecolor'), ('IM_CONFIG_PHASE', '1'), ('ROS_DISTRO', 'foxy'), ('LOGNAME', 'cav330'), ('JOURNAL_STREAM', '8:59348'), ('_', '/usr/bin/colcon'), ('ROS_VERSION', '2'), ('XDG_SESSION_CLASS', 'user'), ('USERNAME', 'cav330'), ('TERM', 'xterm-256color'), ('GNOME_DESKTOP_SESSION_ID', 'this-is-deprecated'), ('ROS_LOCALHOST_ONLY', '0'), ('WINDOWPATH', '3'), ('PATH', '/opt/ros/foxy/bin:/usr/local/cuda-11.4/bin:/usr/local/sbin:/usr/local/bin:/usr/sbin:/usr/bin:/sbin:/bin:/usr/games:/usr/local/games:/snap/bin'), ('SESSION_MANAGER', 'local/ubuntu:@/tmp/.ICE-unix/3308,unix/ubuntu:/tmp/.ICE-unix/3308'), ('INVOCATION_ID', 'bf49e6a9c0ee431ca47543a5b4a2e888'), ('XDG_MENU_PREFIX', 'gnome-'), ('GNOME_TERMINAL_SCREEN', '/org/gnome/Terminal/screen/cf3d13d9_a795_4efc_b844_cdf06d1a71bd'), ('XDG_RUNTIME_DIR', '/run/user/1000'), ('DISPLAY', ':1'), ('LANG', 'en_CA.UTF-8'), ('XDG_CURRENT_DESKTOP', 'ubuntu:GNOME'), ('XMODIFIERS', '@im=ibus'), ('XDG_SESSION_DESKTOP', 'ubuntu'), ('XAUTHORITY', '/run/user/1000/gdm/Xauthority'), ('LS_COLORS', 'rs=0:di=01;34:ln=01;36:mh=00:pi=40;33:so=01;35:do=01;35:bd=40;33;01:cd=40;33;01:or=40;31;01:mi=00:su=37;41:sg=30;43:ca=30;41:tw=30;42:ow=34;42:st=37;44:ex=01;32:*.tar=01;31:*.tgz=01;31:*.arc=01;31:*.arj=01;31:*.taz=01;31:*.lha=01;31:*.lz4=01;31:*.lzh=01;31:*.lzma=01;31:*.tlz=01;31:*.txz=01;31:*.tzo=01;31:*.t7z=01;31:*.zip=01;31:*.z=01;31:*.dz=01;31:*.gz=01;31:*.lrz=01;31:*.lz=01;31:*.lzo=01;31:*.xz=01;31:*.zst=01;31:*.tzst=01;31:*.bz2=01;31:*.bz=01;31:*.tbz=01;31:*.tbz2=01;31:*.tz=01;31:*.deb=01;31:*.rpm=01;31:*.jar=01;31:*.war=01;31:*.ear=01;31:*.sar=01;31:*.rar=01;31:*.alz=01;31:*.ace=01;31:*.zoo=01;31:*.cpio=01;31:*.7z=01;31:*.rz=01;31:*.cab=01;31:*.wim=01;31:*.swm=01;31:*.dwm=01;31:*.esd=01;31:*.jpg=01;35:*.jpeg=01;35:*.mjpg=01;35:*.mjpeg=01;35:*.gif=01;35:*.bmp=01;35:*.pbm=01;35:*.pgm=01;35:*.ppm=01;35:*.tga=01;35:*.xbm=01;35:*.xpm=01;35:*.tif=01;35:*.tiff=01;35:*.png=01;35:*.svg=01;35:*.svgz=01;35:*.mng=01;35:*.pcx=01;35:*.mov=01;35:*.mpg=01;35:*.mpeg=01;35:*.m2v=01;35:*.mkv=01;35:*.webm=01;35:*.ogm=01;35:*.mp4=01;35:*.m4v=01;35:*.mp4v=01;35:*.vob=01;35:*.qt=01;35:*.nuv=01;35:*.wmv=01;35:*.asf=01;35:*.rm=01;35:*.rmvb=01;35:*.flc=01;35:*.avi=01;35:*.fli=01;35:*.flv=01;35:*.gl=01;35:*.dl=01;35:*.xcf=01;35:*.xwd=01;35:*.yuv=01;35:*.cgm=01;35:*.emf=01;35:*.ogv=01;35:*.ogx=01;35:*.aac=00;36:*.au=00;36:*.flac=00;36:*.m4a=00;36:*.mid=00;36:*.midi=00;36:*.mka=00;36:*.mp3=00;36:*.mpc=00;36:*.ogg=00;36:*.ra=00;36:*.wav=00;36:*.oga=00;36:*.opus=00;36:*.spx=00;36:*.xspf=00;36:'), ('GNOME_TERMINAL_SERVICE', ':1.113'), ('SSH_AUTH_SOCK', '/run/user/1000/keyring/ssh'), ('AMENT_PREFIX_PATH', '/opt/ros/foxy'), ('SHELL', '/bin/bash'), ('QT_ACCESSIBILITY', '1'), ('GDMSESSION', 'ubuntu'), ('LESSCLOSE', '/usr/bin/lesspipe %s %s'), ('GPG_AGENT_INFO', '/run/user/1000/gnupg/S.gpg-agent:0:1'), ('GJS_DEBUG_OUTPUT', 'stderr'), ('QT_IM_MODULE', 'ibus'), ('PWD', '/home/cav330/f1tenth_ws/build/ackermann_mux'), ('XDG_CONFIG_DIRS', '/etc/xdg/xdg-ubuntu:/etc/xdg'), ('XDG_DATA_DIRS', '/usr/share/ubuntu:/usr/local/share/:/usr/share/:/var/lib/snapd/desktop'), ('PYTHONPATH', '/opt/ros/foxy/lib/python3.8/site-packages'), ('COLCON', '1'), ('VTE_VERSION', '6003'), ('CMAKE_PREFIX_PATH', '/opt/ros/foxy')]), 'shell': False}
[17.161199] (-) TimerEvent: {}
[17.262113] (-) TimerEvent: {}
[17.357824] (vesc_msgs) StdoutLine: {'line': b'-- Generating done\n'}
[17.362819] (-) TimerEvent: {}
[17.464294] (-) TimerEvent: {}
[17.565613] (-) TimerEvent: {}
[17.610099] (teleop_tools_msgs) StdoutLine: {'line': b'\x1b[35m\x1b[1mScanning dependencies of target teleop_tools_msgs__rosidl_generator_c\x1b[0m\n'}
[17.647044] (vesc_msgs) StdoutLine: {'line': b'-- Build files have been written to: /home/cav330/f1tenth_ws/build/vesc_msgs\n'}
[17.662710] (ackermann_mux) StdoutLine: {'line': b'\x1b[35m\x1b[1mScanning dependencies of target ackermann_mux\x1b[0m\n'}
[17.665861] (-) TimerEvent: {}
[17.695606] (teleop_tools_msgs) StdoutLine: {'line': b'[  6%] Built target teleop_tools_msgs__cpp\n'}
[17.709363] (vesc_msgs) CommandEnded: {'returncode': 0}
[17.722471] (vesc_msgs) JobProgress: {'identifier': 'vesc_msgs', 'progress': 'build'}
[17.723747] (vesc_msgs) Command: {'cmd': ['/usr/bin/cmake', '--build', '/home/cav330/f1tenth_ws/build/vesc_msgs', '--', '-j4', '-l4'], 'cwd': '/home/cav330/f1tenth_ws/build/vesc_msgs', 'env': OrderedDict([('GJS_DEBUG_TOPICS', 'JS ERROR;JS LOG'), ('LESSOPEN', '| /usr/bin/lesspipe %s'), ('USER', 'cav330'), ('SSH_AGENT_PID', '3256'), ('XDG_SESSION_TYPE', 'x11'), ('SHLVL', '1'), ('LD_LIBRARY_PATH', '/opt/ros/foxy/opt/yaml_cpp_vendor/lib:/opt/ros/foxy/opt/rviz_ogre_vendor/lib:/opt/ros/foxy/lib/aarch64-linux-gnu:/opt/ros/foxy/lib:/usr/local/cuda-11.4/lib64:'), ('HOME', '/home/cav330'), ('OLDPWD', '/home/cav330/f1tenth_ws/src'), ('DESKTOP_SESSION', 'ubuntu'), ('ROS_PYTHON_VERSION', '3'), ('GNOME_SHELL_SESSION_MODE', 'ubuntu'), ('GTK_MODULES', 'gail:atk-bridge'), ('MANAGERPID', '2241'), ('DBUS_SESSION_BUS_ADDRESS', 'unix:path=/run/user/1000/bus'), ('COLORTERM', 'truecolor'), ('IM_CONFIG_PHASE', '1'), ('ROS_DISTRO', 'foxy'), ('LOGNAME', 'cav330'), ('JOURNAL_STREAM', '8:59348'), ('_', '/usr/bin/colcon'), ('ROS_VERSION', '2'), ('XDG_SESSION_CLASS', 'user'), ('USERNAME', 'cav330'), ('TERM', 'xterm-256color'), ('GNOME_DESKTOP_SESSION_ID', 'this-is-deprecated'), ('ROS_LOCALHOST_ONLY', '0'), ('WINDOWPATH', '3'), ('PATH', '/opt/ros/foxy/bin:/usr/local/cuda-11.4/bin:/usr/local/sbin:/usr/local/bin:/usr/sbin:/usr/bin:/sbin:/bin:/usr/games:/usr/local/games:/snap/bin'), ('SESSION_MANAGER', 'local/ubuntu:@/tmp/.ICE-unix/3308,unix/ubuntu:/tmp/.ICE-unix/3308'), ('INVOCATION_ID', 'bf49e6a9c0ee431ca47543a5b4a2e888'), ('XDG_MENU_PREFIX', 'gnome-'), ('GNOME_TERMINAL_SCREEN', '/org/gnome/Terminal/screen/cf3d13d9_a795_4efc_b844_cdf06d1a71bd'), ('XDG_RUNTIME_DIR', '/run/user/1000'), ('DISPLAY', ':1'), ('LANG', 'en_CA.UTF-8'), ('XDG_CURRENT_DESKTOP', 'ubuntu:GNOME'), ('XMODIFIERS', '@im=ibus'), ('XDG_SESSION_DESKTOP', 'ubuntu'), ('XAUTHORITY', '/run/user/1000/gdm/Xauthority'), ('LS_COLORS', 'rs=0:di=01;34:ln=01;36:mh=00:pi=40;33:so=01;35:do=01;35:bd=40;33;01:cd=40;33;01:or=40;31;01:mi=00:su=37;41:sg=30;43:ca=30;41:tw=30;42:ow=34;42:st=37;44:ex=01;32:*.tar=01;31:*.tgz=01;31:*.arc=01;31:*.arj=01;31:*.taz=01;31:*.lha=01;31:*.lz4=01;31:*.lzh=01;31:*.lzma=01;31:*.tlz=01;31:*.txz=01;31:*.tzo=01;31:*.t7z=01;31:*.zip=01;31:*.z=01;31:*.dz=01;31:*.gz=01;31:*.lrz=01;31:*.lz=01;31:*.lzo=01;31:*.xz=01;31:*.zst=01;31:*.tzst=01;31:*.bz2=01;31:*.bz=01;31:*.tbz=01;31:*.tbz2=01;31:*.tz=01;31:*.deb=01;31:*.rpm=01;31:*.jar=01;31:*.war=01;31:*.ear=01;31:*.sar=01;31:*.rar=01;31:*.alz=01;31:*.ace=01;31:*.zoo=01;31:*.cpio=01;31:*.7z=01;31:*.rz=01;31:*.cab=01;31:*.wim=01;31:*.swm=01;31:*.dwm=01;31:*.esd=01;31:*.jpg=01;35:*.jpeg=01;35:*.mjpg=01;35:*.mjpeg=01;35:*.gif=01;35:*.bmp=01;35:*.pbm=01;35:*.pgm=01;35:*.ppm=01;35:*.tga=01;35:*.xbm=01;35:*.xpm=01;35:*.tif=01;35:*.tiff=01;35:*.png=01;35:*.svg=01;35:*.svgz=01;35:*.mng=01;35:*.pcx=01;35:*.mov=01;35:*.mpg=01;35:*.mpeg=01;35:*.m2v=01;35:*.mkv=01;35:*.webm=01;35:*.ogm=01;35:*.mp4=01;35:*.m4v=01;35:*.mp4v=01;35:*.vob=01;35:*.qt=01;35:*.nuv=01;35:*.wmv=01;35:*.asf=01;35:*.rm=01;35:*.rmvb=01;35:*.flc=01;35:*.avi=01;35:*.fli=01;35:*.flv=01;35:*.gl=01;35:*.dl=01;35:*.xcf=01;35:*.xwd=01;35:*.yuv=01;35:*.cgm=01;35:*.emf=01;35:*.ogv=01;35:*.ogx=01;35:*.aac=00;36:*.au=00;36:*.flac=00;36:*.m4a=00;36:*.mid=00;36:*.midi=00;36:*.mka=00;36:*.mp3=00;36:*.mpc=00;36:*.ogg=00;36:*.ra=00;36:*.wav=00;36:*.oga=00;36:*.opus=00;36:*.spx=00;36:*.xspf=00;36:'), ('GNOME_TERMINAL_SERVICE', ':1.113'), ('SSH_AUTH_SOCK', '/run/user/1000/keyring/ssh'), ('AMENT_PREFIX_PATH', '/opt/ros/foxy'), ('SHELL', '/bin/bash'), ('QT_ACCESSIBILITY', '1'), ('GDMSESSION', 'ubuntu'), ('LESSCLOSE', '/usr/bin/lesspipe %s %s'), ('GPG_AGENT_INFO', '/run/user/1000/gnupg/S.gpg-agent:0:1'), ('GJS_DEBUG_OUTPUT', 'stderr'), ('QT_IM_MODULE', 'ibus'), ('PWD', '/home/cav330/f1tenth_ws/build/vesc_msgs'), ('XDG_CONFIG_DIRS', '/etc/xdg/xdg-ubuntu:/etc/xdg'), ('XDG_DATA_DIRS', '/usr/share/ubuntu:/usr/local/share/:/usr/share/:/var/lib/snapd/desktop'), ('PYTHONPATH', '/opt/ros/foxy/lib/python3.8/site-packages'), ('COLCON', '1'), ('VTE_VERSION', '6003'), ('CMAKE_PREFIX_PATH', '/opt/ros/foxy')]), 'shell': False}
[17.743880] (teleop_tools_msgs) StdoutLine: {'line': b'[  9%] \x1b[32mBuilding C object CMakeFiles/teleop_tools_msgs__rosidl_generator_c.dir/rosidl_generator_c/teleop_tools_msgs/action/detail/increment__functions.c.o\x1b[0m\n'}
[17.766126] (-) TimerEvent: {}
[17.789110] (teleop_tools_msgs) StdoutLine: {'line': b'[ 12%] \x1b[34m\x1b[1mGenerating C++ introspection for ROS interfaces\x1b[0m\n'}
[17.866420] (-) TimerEvent: {}
[17.967495] (-) TimerEvent: {}
[18.068312] (-) TimerEvent: {}
[18.108069] (vesc_msgs) StdoutLine: {'line': b'\x1b[35m\x1b[1mScanning dependencies of target vesc_msgs__cpp\x1b[0m\n'}
[18.168576] (-) TimerEvent: {}
[18.198711] (vesc_msgs) StdoutLine: {'line': b'[  1%] \x1b[34m\x1b[1mGenerating C code for ROS interfaces\x1b[0m\n'}
[18.268795] (-) TimerEvent: {}
[18.276894] (vesc_msgs) StdoutLine: {'line': b'[  3%] \x1b[34m\x1b[1mGenerating C++ code for ROS interfaces\x1b[0m\n'}
[18.281838] (ackermann_mux) StdoutLine: {'line': b'[ 25%] \x1b[32mBuilding CXX object CMakeFiles/ackermann_mux.dir/src/ackermann_mux.cpp.o\x1b[0m\n'}
[18.327381] (ackermann_mux) StdoutLine: {'line': b'[ 50%] \x1b[32mBuilding CXX object CMakeFiles/ackermann_mux.dir/src/ackermann_mux_node.cpp.o\x1b[0m\n'}
[18.368988] (-) TimerEvent: {}
[18.470966] (-) TimerEvent: {}
[18.571897] (-) TimerEvent: {}
[18.672801] (-) TimerEvent: {}
[18.773813] (-) TimerEvent: {}
[18.874867] (-) TimerEvent: {}
[18.975732] (-) TimerEvent: {}
[19.076574] (-) TimerEvent: {}
[19.178750] (-) TimerEvent: {}
[19.279594] (-) TimerEvent: {}
[19.381336] (-) TimerEvent: {}
[19.401861] (teleop_tools_msgs) StdoutLine: {'line': b'[ 16%] \x1b[32m\x1b[1mLinking C shared library libteleop_tools_msgs__rosidl_generator_c.so\x1b[0m\n'}
[19.481537] (-) TimerEvent: {}
[19.582403] (-) TimerEvent: {}
[19.683605] (-) TimerEvent: {}
[19.784623] (-) TimerEvent: {}
[19.885463] (-) TimerEvent: {}
[19.940969] (teleop_tools_msgs) StdoutLine: {'line': b'[ 16%] Built target teleop_tools_msgs__rosidl_generator_c\n'}
[19.991547] (-) TimerEvent: {}
[20.038058] (teleop_tools_msgs) StdoutLine: {'line': b'[ 19%] \x1b[34m\x1b[1mGenerating C++ type support for eProsima Fast-RTPS\x1b[0m\n'}
[20.091759] (-) TimerEvent: {}
[20.192749] (-) TimerEvent: {}
[20.294845] (-) TimerEvent: {}
[20.397114] (-) TimerEvent: {}
[20.498202] (-) TimerEvent: {}
[20.599648] (-) TimerEvent: {}
[20.700720] (-) TimerEvent: {}
[20.801674] (-) TimerEvent: {}
[20.847739] (teleop_tools_msgs) StdoutLine: {'line': b'\x1b[35m\x1b[1mScanning dependencies of target teleop_tools_msgs__rosidl_typesupport_introspection_cpp\x1b[0m\n'}
[20.901858] (-) TimerEvent: {}
[21.002801] (-) TimerEvent: {}
[21.100701] (teleop_tools_msgs) StdoutLine: {'line': b'[ 22%] \x1b[32mBuilding CXX object CMakeFiles/teleop_tools_msgs__rosidl_typesupport_introspection_cpp.dir/rosidl_typesupport_introspection_cpp/teleop_tools_msgs/action/detail/increment__type_support.cpp.o\x1b[0m\n'}
[21.103057] (-) TimerEvent: {}
[21.132347] (teleop_tools_msgs) StdoutLine: {'line': b'[ 25%] \x1b[34m\x1b[1mGenerating C introspection for ROS interfaces\x1b[0m\n'}
[21.203338] (-) TimerEvent: {}
[21.305516] (-) TimerEvent: {}
[21.407006] (-) TimerEvent: {}
[21.507916] (-) TimerEvent: {}
[21.608930] (-) TimerEvent: {}
[21.710953] (-) TimerEvent: {}
[21.811875] (-) TimerEvent: {}
[21.914452] (-) TimerEvent: {}
[22.015396] (-) TimerEvent: {}
[22.116502] (-) TimerEvent: {}
[22.217445] (-) TimerEvent: {}
[22.318399] (-) TimerEvent: {}
[22.419565] (-) TimerEvent: {}
[22.521581] (-) TimerEvent: {}
[22.622607] (-) TimerEvent: {}
[22.724720] (-) TimerEvent: {}
[22.826049] (-) TimerEvent: {}
[22.927110] (-) TimerEvent: {}
[23.034407] (-) TimerEvent: {}
[23.075907] (teleop_tools_msgs) StdoutLine: {'line': b'\x1b[35m\x1b[1mScanning dependencies of target teleop_tools_msgs__rosidl_typesupport_fastrtps_cpp\x1b[0m\n'}
[23.134749] (-) TimerEvent: {}
[23.235871] (-) TimerEvent: {}
[23.348582] (-) TimerEvent: {}
[23.449624] (-) TimerEvent: {}
[23.490035] (teleop_tools_msgs) StdoutLine: {'line': b'[ 29%] \x1b[32mBuilding CXX object CMakeFiles/teleop_tools_msgs__rosidl_typesupport_fastrtps_cpp.dir/rosidl_typesupport_fastrtps_cpp/teleop_tools_msgs/action/detail/dds_fastrtps/increment__type_support.cpp.o\x1b[0m\n'}
[23.549848] (-) TimerEvent: {}
[23.656769] (-) TimerEvent: {}
[23.757661] (-) TimerEvent: {}
[23.858910] (-) TimerEvent: {}
[23.959859] (-) TimerEvent: {}
[24.066971] (-) TimerEvent: {}
[24.170398] (-) TimerEvent: {}
[24.272536] (-) TimerEvent: {}
[24.373529] (-) TimerEvent: {}
[24.474936] (-) TimerEvent: {}
[24.579623] (-) TimerEvent: {}
[24.681335] (-) TimerEvent: {}
[24.718790] (teleop_tools_msgs) StdoutLine: {'line': b'\x1b[35m\x1b[1mScanning dependencies of target teleop_tools_msgs__rosidl_typesupport_introspection_c\x1b[0m\n'}
[24.781574] (-) TimerEvent: {}
[24.882817] (-) TimerEvent: {}
[24.983823] (-) TimerEvent: {}
[24.995573] (teleop_tools_msgs) StdoutLine: {'line': b'[ 32%] \x1b[32mBuilding C object CMakeFiles/teleop_tools_msgs__rosidl_typesupport_introspection_c.dir/rosidl_typesupport_introspection_c/teleop_tools_msgs/action/detail/increment__type_support.c.o\x1b[0m\n'}
[25.084214] (-) TimerEvent: {}
[25.185651] (-) TimerEvent: {}
[25.286665] (-) TimerEvent: {}
[25.387605] (-) TimerEvent: {}
[25.488980] (-) TimerEvent: {}
[25.591114] (-) TimerEvent: {}
[25.694234] (-) TimerEvent: {}
[25.704549] (teleop_tools_msgs) StdoutLine: {'line': b'[ 35%] \x1b[32m\x1b[1mLinking C shared library libteleop_tools_msgs__rosidl_typesupport_introspection_c.so\x1b[0m\n'}
[25.794608] (-) TimerEvent: {}
[25.897507] (-) TimerEvent: {}
[25.963380] (teleop_tools_msgs) StdoutLine: {'line': b'[ 38%] \x1b[32m\x1b[1mLinking CXX shared library libteleop_tools_msgs__rosidl_typesupport_introspection_cpp.so\x1b[0m\n'}
[25.997707] (-) TimerEvent: {}
[26.094423] (teleop_tools_msgs) StdoutLine: {'line': b'[ 38%] Built target teleop_tools_msgs__rosidl_typesupport_introspection_c\n'}
[26.097955] (-) TimerEvent: {}
[26.145772] (vesc_msgs) StdoutLine: {'line': b'[  3%] Built target vesc_msgs__cpp\n'}
[26.198214] (-) TimerEvent: {}
[26.299169] (-) TimerEvent: {}
[26.400156] (-) TimerEvent: {}
[26.501231] (-) TimerEvent: {}
[26.569315] (teleop_tools_msgs) StdoutLine: {'line': b'[ 38%] Built target teleop_tools_msgs__rosidl_typesupport_introspection_cpp\n'}
[26.601424] (-) TimerEvent: {}
[26.702393] (-) TimerEvent: {}
[26.765880] (vesc_msgs) StdoutLine: {'line': b'\x1b[35m\x1b[1mScanning dependencies of target vesc_msgs__rosidl_generator_c\x1b[0m\n'}
[26.802650] (-) TimerEvent: {}
[26.877241] (vesc_msgs) StdoutLine: {'line': b'[  5%] \x1b[32mBuilding C object CMakeFiles/vesc_msgs__rosidl_generator_c.dir/rosidl_generator_c/vesc_msgs/msg/detail/vesc_state__functions.c.o\x1b[0m\n'}
[26.902987] (-) TimerEvent: {}
[27.004935] (-) TimerEvent: {}
[27.106685] (-) TimerEvent: {}
[27.208822] (-) TimerEvent: {}
[27.310540] (-) TimerEvent: {}
[27.412211] (-) TimerEvent: {}
[27.468706] (vesc_msgs) StdoutLine: {'line': b'[  7%] \x1b[32mBuilding C object CMakeFiles/vesc_msgs__rosidl_generator_c.dir/rosidl_generator_c/vesc_msgs/msg/detail/vesc_state_stamped__functions.c.o\x1b[0m\n'}
[27.512542] (-) TimerEvent: {}
[27.613732] (-) TimerEvent: {}
[27.717318] (-) TimerEvent: {}
[27.819024] (-) TimerEvent: {}
[27.920186] (-) TimerEvent: {}
[28.021433] (-) TimerEvent: {}
[28.050151] (vesc_msgs) StdoutLine: {'line': b'[  9%] \x1b[32mBuilding C object CMakeFiles/vesc_msgs__rosidl_generator_c.dir/rosidl_generator_c/vesc_msgs/msg/detail/vesc_imu__functions.c.o\x1b[0m\n'}
[28.121736] (-) TimerEvent: {}
[28.222801] (-) TimerEvent: {}
[28.323843] (-) TimerEvent: {}
[28.424999] (-) TimerEvent: {}
[28.460076] (teleop_tools_msgs) StdoutLine: {'line': b'[ 41%] \x1b[32m\x1b[1mLinking CXX shared library libteleop_tools_msgs__rosidl_typesupport_fastrtps_cpp.so\x1b[0m\n'}
[28.499460] (vesc_msgs) StdoutLine: {'line': b'[ 10%] \x1b[32mBuilding C object CMakeFiles/vesc_msgs__rosidl_generator_c.dir/rosidl_generator_c/vesc_msgs/msg/detail/vesc_imu_stamped__functions.c.o\x1b[0m\n'}
[28.525206] (-) TimerEvent: {}
[28.626217] (-) TimerEvent: {}
[28.727267] (-) TimerEvent: {}
[28.828307] (-) TimerEvent: {}
[28.920529] (vesc_msgs) StdoutLine: {'line': b'[ 12%] \x1b[32m\x1b[1mLinking C shared library libvesc_msgs__rosidl_generator_c.so\x1b[0m\n'}
[28.928639] (-) TimerEvent: {}
[29.029822] (-) TimerEvent: {}
[29.131320] (-) TimerEvent: {}
[29.140792] (teleop_tools_msgs) StdoutLine: {'line': b'[ 41%] Built target teleop_tools_msgs__rosidl_typesupport_fastrtps_cpp\n'}
[29.231850] (-) TimerEvent: {}
[29.257849] (vesc_msgs) StdoutLine: {'line': b'[ 12%] Built target vesc_msgs__rosidl_generator_c\n'}
[29.283041] (teleop_tools_msgs) StdoutLine: {'line': b'[ 45%] \x1b[34m\x1b[1mGenerating C type support dispatch for ROS interfaces\x1b[0m\n'}
[29.332088] (-) TimerEvent: {}
[29.402923] (vesc_msgs) StdoutLine: {'line': b'[ 14%] \x1b[34m\x1b[1mGenerating C++ introspection for ROS interfaces\x1b[0m\n'}
[29.432642] (-) TimerEvent: {}
[29.534155] (-) TimerEvent: {}
[29.635200] (-) TimerEvent: {}
[29.736970] (-) TimerEvent: {}
[29.838531] (-) TimerEvent: {}
[29.939551] (-) TimerEvent: {}
[30.040607] (-) TimerEvent: {}
[30.141584] (-) TimerEvent: {}
[30.242552] (-) TimerEvent: {}
[30.343539] (-) TimerEvent: {}
[30.444511] (-) TimerEvent: {}
[30.547048] (-) TimerEvent: {}
[30.648284] (-) TimerEvent: {}
[30.698807] (teleop_tools_msgs) StdoutLine: {'line': b'\x1b[35m\x1b[1mScanning dependencies of target teleop_tools_msgs__rosidl_typesupport_c\x1b[0m\n'}
[30.748595] (-) TimerEvent: {}
[30.815370] (teleop_tools_msgs) StdoutLine: {'line': b'[ 48%] \x1b[32mBuilding CXX object CMakeFiles/teleop_tools_msgs__rosidl_typesupport_c.dir/rosidl_typesupport_c/teleop_tools_msgs/action/increment__type_support.cpp.o\x1b[0m\n'}
[30.848833] (-) TimerEvent: {}
[30.949871] (-) TimerEvent: {}
[31.051899] (-) TimerEvent: {}
[31.154584] (-) TimerEvent: {}
[31.256175] (-) TimerEvent: {}
[31.299008] (teleop_tools_msgs) StdoutLine: {'line': b'[ 51%] \x1b[32m\x1b[1mLinking CXX shared library libteleop_tools_msgs__rosidl_typesupport_c.so\x1b[0m\n'}
[31.356455] (-) TimerEvent: {}
[31.458143] (-) TimerEvent: {}
[31.559823] (-) TimerEvent: {}
[31.661728] (-) TimerEvent: {}
[31.763363] (-) TimerEvent: {}
[31.864930] (-) TimerEvent: {}
[31.875857] (teleop_tools_msgs) StdoutLine: {'line': b'[ 51%] Built target teleop_tools_msgs__rosidl_typesupport_c\n'}
[31.965171] (-) TimerEvent: {}
[32.054747] (teleop_tools_msgs) StdoutLine: {'line': b'[ 54%] \x1b[34m\x1b[1mGenerating C type support for eProsima Fast-RTPS\x1b[0m\n'}
[32.065410] (-) TimerEvent: {}
[32.166988] (-) TimerEvent: {}
[32.279482] (-) TimerEvent: {}
[32.380344] (-) TimerEvent: {}
[32.481285] (-) TimerEvent: {}
[32.583245] (-) TimerEvent: {}
[32.684174] (-) TimerEvent: {}
[32.785245] (-) TimerEvent: {}
[32.886618] (-) TimerEvent: {}
[32.987461] (-) TimerEvent: {}
[33.088289] (-) TimerEvent: {}
[33.189239] (-) TimerEvent: {}
[33.290423] (-) TimerEvent: {}
[33.347855] (vesc_msgs) StdoutLine: {'line': b'\x1b[35m\x1b[1mScanning dependencies of target vesc_msgs__rosidl_typesupport_introspection_cpp\x1b[0m\n'}
[33.390524] (-) TimerEvent: {}
[33.491485] (-) TimerEvent: {}
[33.558560] (vesc_msgs) StdoutLine: {'line': b'[ 16%] \x1b[32mBuilding CXX object CMakeFiles/vesc_msgs__rosidl_typesupport_introspection_cpp.dir/rosidl_typesupport_introspection_cpp/vesc_msgs/msg/detail/vesc_state__type_support.cpp.o\x1b[0m\n'}
[33.591711] (-) TimerEvent: {}
[33.693364] (-) TimerEvent: {}
[33.795356] (-) TimerEvent: {}
[33.896326] (-) TimerEvent: {}
[33.997547] (-) TimerEvent: {}
[34.098461] (-) TimerEvent: {}
[34.201086] (-) TimerEvent: {}
[34.303093] (-) TimerEvent: {}
[34.404072] (-) TimerEvent: {}
[34.448040] (teleop_tools_msgs) StdoutLine: {'line': b'\x1b[35m\x1b[1mScanning dependencies of target teleop_tools_msgs__rosidl_typesupport_fastrtps_c\x1b[0m\n'}
[34.505683] (-) TimerEvent: {}
[34.606633] (-) TimerEvent: {}
[34.707609] (-) TimerEvent: {}
[34.713787] (teleop_tools_msgs) StdoutLine: {'line': b'[ 58%] \x1b[32mBuilding CXX object CMakeFiles/teleop_tools_msgs__rosidl_typesupport_fastrtps_c.dir/rosidl_typesupport_fastrtps_c/teleop_tools_msgs/action/detail/increment__type_support_c.cpp.o\x1b[0m\n'}
[34.809495] (-) TimerEvent: {}
[34.910708] (-) TimerEvent: {}
[35.012079] (-) TimerEvent: {}
[35.113208] (-) TimerEvent: {}
[35.214594] (-) TimerEvent: {}
[35.315979] (-) TimerEvent: {}
[35.417285] (-) TimerEvent: {}
[35.518843] (-) TimerEvent: {}
[35.588442] (vesc_msgs) StdoutLine: {'line': b'[ 18%] \x1b[32mBuilding CXX object CMakeFiles/vesc_msgs__rosidl_typesupport_introspection_cpp.dir/rosidl_typesupport_introspection_cpp/vesc_msgs/msg/detail/vesc_state_stamped__type_support.cpp.o\x1b[0m\n'}
[35.619089] (-) TimerEvent: {}
[35.720160] (-) TimerEvent: {}
[35.821173] (-) TimerEvent: {}
[35.922132] (-) TimerEvent: {}
[36.023094] (-) TimerEvent: {}
[36.124566] (-) TimerEvent: {}
[36.225765] (-) TimerEvent: {}
[36.326771] (-) TimerEvent: {}
[36.428847] (-) TimerEvent: {}
[36.530475] (-) TimerEvent: {}
[36.632085] (-) TimerEvent: {}
[36.733745] (-) TimerEvent: {}
[36.839838] (-) TimerEvent: {}
[36.940914] (-) TimerEvent: {}
[37.042084] (-) TimerEvent: {}
[37.143562] (-) TimerEvent: {}
[37.244772] (-) TimerEvent: {}
[37.346098] (-) TimerEvent: {}
[37.441667] (vesc_msgs) StdoutLine: {'line': b'[ 20%] \x1b[32mBuilding CXX object CMakeFiles/vesc_msgs__rosidl_typesupport_introspection_cpp.dir/rosidl_typesupport_introspection_cpp/vesc_msgs/msg/detail/vesc_imu__type_support.cpp.o\x1b[0m\n'}
[37.446360] (-) TimerEvent: {}
[37.547716] (-) TimerEvent: {}
[37.649908] (-) TimerEvent: {}
[37.751032] (-) TimerEvent: {}
[37.798615] (teleop_tools_msgs) StdoutLine: {'line': b'[ 61%] \x1b[32m\x1b[1mLinking CXX shared library libteleop_tools_msgs__rosidl_typesupport_fastrtps_c.so\x1b[0m\n'}
[37.851330] (-) TimerEvent: {}
[37.952750] (-) TimerEvent: {}
[38.054988] (-) TimerEvent: {}
[38.157242] (-) TimerEvent: {}
[38.258348] (-) TimerEvent: {}
[38.363504] (teleop_tools_msgs) StdoutLine: {'line': b'[ 61%] Built target teleop_tools_msgs__rosidl_typesupport_fastrtps_c\n'}
[38.364324] (-) TimerEvent: {}
[38.436674] (teleop_tools_msgs) StdoutLine: {'line': b'[ 64%] \x1b[34m\x1b[1mGenerating C++ type support dispatch for ROS interfaces\x1b[0m\n'}
[38.464567] (-) TimerEvent: {}
[38.566100] (-) TimerEvent: {}
[38.667044] (-) TimerEvent: {}
[38.768085] (-) TimerEvent: {}
[38.869078] (-) TimerEvent: {}
[38.970017] (-) TimerEvent: {}
[39.071027] (-) TimerEvent: {}
[39.133749] (vesc_msgs) StdoutLine: {'line': b'[ 21%] \x1b[32mBuilding CXX object CMakeFiles/vesc_msgs__rosidl_typesupport_introspection_cpp.dir/rosidl_typesupport_introspection_cpp/vesc_msgs/msg/detail/vesc_imu_stamped__type_support.cpp.o\x1b[0m\n'}
[39.171268] (-) TimerEvent: {}
[39.272191] (-) TimerEvent: {}
[39.373147] (-) TimerEvent: {}
[39.474099] (-) TimerEvent: {}
[39.576160] (-) TimerEvent: {}
[39.677205] (-) TimerEvent: {}
[39.778170] (-) TimerEvent: {}
[39.847233] (teleop_tools_msgs) StdoutLine: {'line': b'\x1b[35m\x1b[1mScanning dependencies of target teleop_tools_msgs__rosidl_typesupport_cpp\x1b[0m\n'}
[39.878958] (-) TimerEvent: {}
[39.963870] (teleop_tools_msgs) StdoutLine: {'line': b'[ 67%] \x1b[32mBuilding CXX object CMakeFiles/teleop_tools_msgs__rosidl_typesupport_cpp.dir/rosidl_typesupport_cpp/teleop_tools_msgs/action/increment__type_support.cpp.o\x1b[0m\n'}
[39.979197] (-) TimerEvent: {}
[40.080248] (-) TimerEvent: {}
[40.181766] (-) TimerEvent: {}
[40.282884] (-) TimerEvent: {}
[40.384700] (-) TimerEvent: {}
[40.485686] (-) TimerEvent: {}
[40.586809] (-) TimerEvent: {}
[40.687871] (-) TimerEvent: {}
[40.788861] (-) TimerEvent: {}
[40.796483] (vesc_msgs) StdoutLine: {'line': b'[ 23%] \x1b[32m\x1b[1mLinking CXX shared library libvesc_msgs__rosidl_typesupport_introspection_cpp.so\x1b[0m\n'}
[40.889111] (-) TimerEvent: {}
[40.990143] (-) TimerEvent: {}
[41.091270] (-) TimerEvent: {}
[41.193209] (-) TimerEvent: {}
[41.281713] (vesc_msgs) StdoutLine: {'line': b'[ 23%] Built target vesc_msgs__rosidl_typesupport_introspection_cpp\n'}
[41.293461] (-) TimerEvent: {}
[41.354650] (vesc_msgs) StdoutLine: {'line': b'[ 25%] \x1b[34m\x1b[1mGenerating C type support dispatch for ROS interfaces\x1b[0m\n'}
[41.393729] (-) TimerEvent: {}
[41.494679] (-) TimerEvent: {}
[41.595666] (-) TimerEvent: {}
[41.696900] (-) TimerEvent: {}
[41.799256] (-) TimerEvent: {}
[41.900237] (-) TimerEvent: {}
[42.001240] (-) TimerEvent: {}
[42.102186] (-) TimerEvent: {}
[42.154634] (teleop_tools_msgs) StdoutLine: {'line': b'[ 70%] \x1b[32m\x1b[1mLinking CXX shared library libteleop_tools_msgs__rosidl_typesupport_cpp.so\x1b[0m\n'}
[42.202410] (-) TimerEvent: {}
[42.303342] (-) TimerEvent: {}
[42.405261] (-) TimerEvent: {}
[42.429483] (teleop_tools_msgs) StdoutLine: {'line': b'[ 70%] Built target teleop_tools_msgs__rosidl_typesupport_cpp\n'}
[42.488235] (teleop_tools_msgs) StdoutLine: {'line': b'\x1b[35m\x1b[1mScanning dependencies of target teleop_tools_msgs\x1b[0m\n'}
[42.505484] (-) TimerEvent: {}
[42.552645] (teleop_tools_msgs) StdoutLine: {'line': b'[ 70%] Built target teleop_tools_msgs\n'}
[42.605758] (-) TimerEvent: {}
[42.617636] (teleop_tools_msgs) StdoutLine: {'line': b'\x1b[35m\x1b[1mScanning dependencies of target teleop_tools_msgs__py\x1b[0m\n'}
[42.687199] (teleop_tools_msgs) StdoutLine: {'line': b'[ 74%] \x1b[34m\x1b[1mGenerating Python code for ROS interfaces\x1b[0m\n'}
[42.705981] (-) TimerEvent: {}
[42.807605] (-) TimerEvent: {}
[42.908584] (-) TimerEvent: {}
[43.009483] (-) TimerEvent: {}
[43.110421] (-) TimerEvent: {}
[43.211385] (-) TimerEvent: {}
[43.312533] (-) TimerEvent: {}
[43.414096] (-) TimerEvent: {}
[43.484861] (vesc_msgs) StdoutLine: {'line': b'\x1b[35m\x1b[1mScanning dependencies of target vesc_msgs__rosidl_typesupport_c\x1b[0m\n'}
[43.514330] (-) TimerEvent: {}
[43.584785] (vesc_msgs) StdoutLine: {'line': b'[ 27%] \x1b[32mBuilding CXX object CMakeFiles/vesc_msgs__rosidl_typesupport_c.dir/rosidl_typesupport_c/vesc_msgs/msg/vesc_state__type_support.cpp.o\x1b[0m\n'}
[43.614609] (-) TimerEvent: {}
[43.715818] (-) TimerEvent: {}
[43.815559] (vesc_msgs) StdoutLine: {'line': b'[ 29%] \x1b[32mBuilding CXX object CMakeFiles/vesc_msgs__rosidl_typesupport_c.dir/rosidl_typesupport_c/vesc_msgs/msg/vesc_state_stamped__type_support.cpp.o\x1b[0m\n'}
[43.816234] (-) TimerEvent: {}
[43.917184] (-) TimerEvent: {}
[44.018200] (-) TimerEvent: {}
[44.104632] (vesc_msgs) StdoutLine: {'line': b'[ 30%] \x1b[32mBuilding CXX object CMakeFiles/vesc_msgs__rosidl_typesupport_c.dir/rosidl_typesupport_c/vesc_msgs/msg/vesc_imu__type_support.cpp.o\x1b[0m\n'}
[44.118669] (-) TimerEvent: {}
[44.220625] (-) TimerEvent: {}
[44.322532] (-) TimerEvent: {}
[44.396405] (vesc_msgs) StdoutLine: {'line': b'[ 32%] \x1b[32mBuilding CXX object CMakeFiles/vesc_msgs__rosidl_typesupport_c.dir/rosidl_typesupport_c/vesc_msgs/msg/vesc_imu_stamped__type_support.cpp.o\x1b[0m\n'}
[44.422764] (-) TimerEvent: {}
[44.524164] (-) TimerEvent: {}
[44.625631] (-) TimerEvent: {}
[44.641662] (vesc_msgs) StdoutLine: {'line': b'[ 34%] \x1b[32m\x1b[1mLinking CXX shared library libvesc_msgs__rosidl_typesupport_c.so\x1b[0m\n'}
[44.725862] (-) TimerEvent: {}
[44.828587] (-) TimerEvent: {}
[44.928311] (vesc_msgs) StdoutLine: {'line': b'[ 34%] Built target vesc_msgs__rosidl_typesupport_c\n'}
[44.929233] (-) TimerEvent: {}
[45.030015] (-) TimerEvent: {}
[45.031683] (vesc_msgs) StdoutLine: {'line': b'[ 36%] \x1b[34m\x1b[1mGenerating C introspection for ROS interfaces\x1b[0m\n'}
[45.130280] (-) TimerEvent: {}
[45.231220] (-) TimerEvent: {}
[45.332162] (-) TimerEvent: {}
[45.433150] (-) TimerEvent: {}
[45.534065] (-) TimerEvent: {}
[45.636011] (-) TimerEvent: {}
[45.736904] (-) TimerEvent: {}
[45.837832] (-) TimerEvent: {}
[45.938743] (-) TimerEvent: {}
[46.039714] (-) TimerEvent: {}
[46.141791] (-) TimerEvent: {}
[46.244626] (-) TimerEvent: {}
[46.345635] (-) TimerEvent: {}
[46.447385] (-) TimerEvent: {}
[46.491069] (teleop_tools_msgs) StdoutLine: {'line': b'[ 74%] Built target teleop_tools_msgs__py\n'}
[46.547649] (-) TimerEvent: {}
[46.562510] (teleop_tools_msgs) StdoutLine: {'line': b'\x1b[35m\x1b[1mScanning dependencies of target teleop_tools_msgs__python\x1b[0m\n'}
[46.647903] (-) TimerEvent: {}
[46.739520] (teleop_tools_msgs) StdoutLine: {'line': b'[ 77%] \x1b[32mBuilding C object CMakeFiles/teleop_tools_msgs__python.dir/rosidl_generator_py/teleop_tools_msgs/action/_increment_s.c.o\x1b[0m\n'}
[46.750546] (-) TimerEvent: {}
[46.851689] (-) TimerEvent: {}
[46.953184] (-) TimerEvent: {}
[47.057803] (-) TimerEvent: {}
[47.158700] (-) TimerEvent: {}
[47.259997] (-) TimerEvent: {}
[47.361656] (-) TimerEvent: {}
[47.468170] (-) TimerEvent: {}
[47.572265] (-) TimerEvent: {}
[47.673643] (-) TimerEvent: {}
[47.735298] (vesc_msgs) StdoutLine: {'line': b'\x1b[35m\x1b[1mScanning dependencies of target vesc_msgs__rosidl_typesupport_introspection_c\x1b[0m\n'}
[47.774405] (-) TimerEvent: {}
[47.781456] (teleop_tools_msgs) StdoutLine: {'line': b'[ 80%] \x1b[32m\x1b[1mLinking C shared library rosidl_generator_py/teleop_tools_msgs/libteleop_tools_msgs__python.so\x1b[0m\n'}
[47.830455] (vesc_msgs) StdoutLine: {'line': b'[ 38%] \x1b[32mBuilding C object CMakeFiles/vesc_msgs__rosidl_typesupport_introspection_c.dir/rosidl_typesupport_introspection_c/vesc_msgs/msg/detail/vesc_state__type_support.c.o\x1b[0m\n'}
[47.875233] (-) TimerEvent: {}
[47.976873] (-) TimerEvent: {}
[48.051611] (teleop_tools_msgs) StdoutLine: {'line': b'[ 80%] Built target teleop_tools_msgs__python\n'}
[48.077146] (-) TimerEvent: {}
[48.138249] (vesc_msgs) StdoutLine: {'line': b'[ 40%] \x1b[32mBuilding C object CMakeFiles/vesc_msgs__rosidl_typesupport_introspection_c.dir/rosidl_typesupport_introspection_c/vesc_msgs/msg/detail/vesc_state_stamped__type_support.c.o\x1b[0m\n'}
[48.145478] (teleop_tools_msgs) StdoutLine: {'line': b'\x1b[35m\x1b[1mScanning dependencies of target teleop_tools_msgs__rosidl_typesupport_c__pyext\x1b[0m\n'}
[48.177394] (-) TimerEvent: {}
[48.278434] (-) TimerEvent: {}
[48.316147] (teleop_tools_msgs) StdoutLine: {'line': b'[ 83%] \x1b[32mBuilding C object CMakeFiles/teleop_tools_msgs__rosidl_typesupport_c__pyext.dir/rosidl_generator_py/teleop_tools_msgs/_teleop_tools_msgs_s.ep.rosidl_typesupport_c.c.o\x1b[0m\n'}
[48.378686] (-) TimerEvent: {}
[48.395632] (vesc_msgs) StdoutLine: {'line': b'[ 41%] \x1b[32mBuilding C object CMakeFiles/vesc_msgs__rosidl_typesupport_introspection_c.dir/rosidl_typesupport_introspection_c/vesc_msgs/msg/detail/vesc_imu__type_support.c.o\x1b[0m\n'}
[48.479261] (-) TimerEvent: {}
[48.581087] (-) TimerEvent: {}
[48.645415] (vesc_msgs) StdoutLine: {'line': b'[ 43%] \x1b[32mBuilding C object CMakeFiles/vesc_msgs__rosidl_typesupport_introspection_c.dir/rosidl_typesupport_introspection_c/vesc_msgs/msg/detail/vesc_imu_stamped__type_support.c.o\x1b[0m\n'}
[48.681326] (-) TimerEvent: {}
[48.784044] (-) TimerEvent: {}
[48.858331] (vesc_msgs) StdoutLine: {'line': b'[ 45%] \x1b[32m\x1b[1mLinking C shared library libvesc_msgs__rosidl_typesupport_introspection_c.so\x1b[0m\n'}
[48.884205] (-) TimerEvent: {}
[48.986662] (-) TimerEvent: {}
[49.053871] (teleop_tools_msgs) StdoutLine: {'line': b'[ 87%] \x1b[32m\x1b[1mLinking C shared library rosidl_generator_py/teleop_tools_msgs/teleop_tools_msgs_s__rosidl_typesupport_c.cpython-38-aarch64-linux-gnu.so\x1b[0m\n'}
[49.086808] (-) TimerEvent: {}
[49.111538] (vesc_msgs) StdoutLine: {'line': b'[ 45%] Built target vesc_msgs__rosidl_typesupport_introspection_c\n'}
[49.188560] (-) TimerEvent: {}
[49.200819] (vesc_msgs) StdoutLine: {'line': b'[ 47%] \x1b[34m\x1b[1mGenerating C++ type support for eProsima Fast-RTPS\x1b[0m\n'}
[49.288833] (-) TimerEvent: {}
[49.368793] (teleop_tools_msgs) StdoutLine: {'line': b'[ 87%] Built target teleop_tools_msgs__rosidl_typesupport_c__pyext\n'}
[49.389056] (-) TimerEvent: {}
[49.466827] (teleop_tools_msgs) StdoutLine: {'line': b'\x1b[35m\x1b[1mScanning dependencies of target teleop_tools_msgs__rosidl_typesupport_fastrtps_c__pyext\x1b[0m\n'}
[49.489548] (-) TimerEvent: {}
[49.592697] (-) TimerEvent: {}
[49.678404] (teleop_tools_msgs) StdoutLine: {'line': b'[ 90%] \x1b[32mBuilding C object CMakeFiles/teleop_tools_msgs__rosidl_typesupport_fastrtps_c__pyext.dir/rosidl_generator_py/teleop_tools_msgs/_teleop_tools_msgs_s.ep.rosidl_typesupport_fastrtps_c.c.o\x1b[0m\n'}
[49.693085] (-) TimerEvent: {}
[49.794354] (-) TimerEvent: {}
[49.895321] (-) TimerEvent: {}
[49.997316] (-) TimerEvent: {}
[50.098428] (-) TimerEvent: {}
[50.199534] (-) TimerEvent: {}
[50.300609] (-) TimerEvent: {}
[50.366399] (teleop_tools_msgs) StdoutLine: {'line': b'[ 93%] \x1b[32m\x1b[1mLinking CXX shared library rosidl_generator_py/teleop_tools_msgs/teleop_tools_msgs_s__rosidl_typesupport_fastrtps_c.cpython-38-aarch64-linux-gnu.so\x1b[0m\n'}
[50.400906] (-) TimerEvent: {}
[50.501859] (-) TimerEvent: {}
[50.602813] (-) TimerEvent: {}
[50.703833] (-) TimerEvent: {}
[50.789904] (teleop_tools_msgs) StdoutLine: {'line': b'[ 93%] Built target teleop_tools_msgs__rosidl_typesupport_fastrtps_c__pyext\n'}
[50.804054] (-) TimerEvent: {}
[50.865156] (teleop_tools_msgs) StdoutLine: {'line': b'\x1b[35m\x1b[1mScanning dependencies of target teleop_tools_msgs__rosidl_typesupport_introspection_c__pyext\x1b[0m\n'}
[50.904314] (-) TimerEvent: {}
[51.005316] (-) TimerEvent: {}
[51.011575] (teleop_tools_msgs) StdoutLine: {'line': b'[ 96%] \x1b[32mBuilding C object CMakeFiles/teleop_tools_msgs__rosidl_typesupport_introspection_c__pyext.dir/rosidl_generator_py/teleop_tools_msgs/_teleop_tools_msgs_s.ep.rosidl_typesupport_introspection_c.c.o\x1b[0m\n'}
[51.106738] (-) TimerEvent: {}
[51.208545] (-) TimerEvent: {}
[51.309620] (-) TimerEvent: {}
[51.414955] (-) TimerEvent: {}
[51.517099] (-) TimerEvent: {}
[51.618019] (-) TimerEvent: {}
[51.688475] (teleop_tools_msgs) StdoutLine: {'line': b'[100%] \x1b[32m\x1b[1mLinking C shared library rosidl_generator_py/teleop_tools_msgs/teleop_tools_msgs_s__rosidl_typesupport_introspection_c.cpython-38-aarch64-linux-gnu.so\x1b[0m\n'}
[51.718263] (-) TimerEvent: {}
[51.819212] (-) TimerEvent: {}
[51.920166] (-) TimerEvent: {}
[51.983435] (teleop_tools_msgs) StdoutLine: {'line': b'[100%] Built target teleop_tools_msgs__rosidl_typesupport_introspection_c__pyext\n'}
[52.021333] (-) TimerEvent: {}
[52.055994] (teleop_tools_msgs) CommandEnded: {'returncode': 0}
[52.059224] (vesc_msgs) StdoutLine: {'line': b'\x1b[35m\x1b[1mScanning dependencies of target vesc_msgs__rosidl_typesupport_fastrtps_cpp\x1b[0m\n'}
[52.061015] (teleop_tools_msgs) JobProgress: {'identifier': 'teleop_tools_msgs', 'progress': 'install'}
[52.122409] (-) TimerEvent: {}
[52.139774] (teleop_tools_msgs) Command: {'cmd': ['/usr/bin/cmake', '--install', '/home/cav330/f1tenth_ws/build/teleop_tools_msgs'], 'cwd': '/home/cav330/f1tenth_ws/build/teleop_tools_msgs', 'env': OrderedDict([('GJS_DEBUG_TOPICS', 'JS ERROR;JS LOG'), ('LESSOPEN', '| /usr/bin/lesspipe %s'), ('USER', 'cav330'), ('SSH_AGENT_PID', '3256'), ('XDG_SESSION_TYPE', 'x11'), ('SHLVL', '1'), ('LD_LIBRARY_PATH', '/opt/ros/foxy/opt/yaml_cpp_vendor/lib:/opt/ros/foxy/opt/rviz_ogre_vendor/lib:/opt/ros/foxy/lib/aarch64-linux-gnu:/opt/ros/foxy/lib:/usr/local/cuda-11.4/lib64:'), ('HOME', '/home/cav330'), ('OLDPWD', '/home/cav330/f1tenth_ws/src'), ('DESKTOP_SESSION', 'ubuntu'), ('ROS_PYTHON_VERSION', '3'), ('GNOME_SHELL_SESSION_MODE', 'ubuntu'), ('GTK_MODULES', 'gail:atk-bridge'), ('MANAGERPID', '2241'), ('DBUS_SESSION_BUS_ADDRESS', 'unix:path=/run/user/1000/bus'), ('COLORTERM', 'truecolor'), ('IM_CONFIG_PHASE', '1'), ('ROS_DISTRO', 'foxy'), ('LOGNAME', 'cav330'), ('JOURNAL_STREAM', '8:59348'), ('_', '/usr/bin/colcon'), ('ROS_VERSION', '2'), ('XDG_SESSION_CLASS', 'user'), ('USERNAME', 'cav330'), ('TERM', 'xterm-256color'), ('GNOME_DESKTOP_SESSION_ID', 'this-is-deprecated'), ('ROS_LOCALHOST_ONLY', '0'), ('WINDOWPATH', '3'), ('PATH', '/opt/ros/foxy/bin:/usr/local/cuda-11.4/bin:/usr/local/sbin:/usr/local/bin:/usr/sbin:/usr/bin:/sbin:/bin:/usr/games:/usr/local/games:/snap/bin'), ('SESSION_MANAGER', 'local/ubuntu:@/tmp/.ICE-unix/3308,unix/ubuntu:/tmp/.ICE-unix/3308'), ('INVOCATION_ID', 'bf49e6a9c0ee431ca47543a5b4a2e888'), ('XDG_MENU_PREFIX', 'gnome-'), ('GNOME_TERMINAL_SCREEN', '/org/gnome/Terminal/screen/cf3d13d9_a795_4efc_b844_cdf06d1a71bd'), ('XDG_RUNTIME_DIR', '/run/user/1000'), ('DISPLAY', ':1'), ('LANG', 'en_CA.UTF-8'), ('XDG_CURRENT_DESKTOP', 'ubuntu:GNOME'), ('XMODIFIERS', '@im=ibus'), ('XDG_SESSION_DESKTOP', 'ubuntu'), ('XAUTHORITY', '/run/user/1000/gdm/Xauthority'), ('LS_COLORS', 'rs=0:di=01;34:ln=01;36:mh=00:pi=40;33:so=01;35:do=01;35:bd=40;33;01:cd=40;33;01:or=40;31;01:mi=00:su=37;41:sg=30;43:ca=30;41:tw=30;42:ow=34;42:st=37;44:ex=01;32:*.tar=01;31:*.tgz=01;31:*.arc=01;31:*.arj=01;31:*.taz=01;31:*.lha=01;31:*.lz4=01;31:*.lzh=01;31:*.lzma=01;31:*.tlz=01;31:*.txz=01;31:*.tzo=01;31:*.t7z=01;31:*.zip=01;31:*.z=01;31:*.dz=01;31:*.gz=01;31:*.lrz=01;31:*.lz=01;31:*.lzo=01;31:*.xz=01;31:*.zst=01;31:*.tzst=01;31:*.bz2=01;31:*.bz=01;31:*.tbz=01;31:*.tbz2=01;31:*.tz=01;31:*.deb=01;31:*.rpm=01;31:*.jar=01;31:*.war=01;31:*.ear=01;31:*.sar=01;31:*.rar=01;31:*.alz=01;31:*.ace=01;31:*.zoo=01;31:*.cpio=01;31:*.7z=01;31:*.rz=01;31:*.cab=01;31:*.wim=01;31:*.swm=01;31:*.dwm=01;31:*.esd=01;31:*.jpg=01;35:*.jpeg=01;35:*.mjpg=01;35:*.mjpeg=01;35:*.gif=01;35:*.bmp=01;35:*.pbm=01;35:*.pgm=01;35:*.ppm=01;35:*.tga=01;35:*.xbm=01;35:*.xpm=01;35:*.tif=01;35:*.tiff=01;35:*.png=01;35:*.svg=01;35:*.svgz=01;35:*.mng=01;35:*.pcx=01;35:*.mov=01;35:*.mpg=01;35:*.mpeg=01;35:*.m2v=01;35:*.mkv=01;35:*.webm=01;35:*.ogm=01;35:*.mp4=01;35:*.m4v=01;35:*.mp4v=01;35:*.vob=01;35:*.qt=01;35:*.nuv=01;35:*.wmv=01;35:*.asf=01;35:*.rm=01;35:*.rmvb=01;35:*.flc=01;35:*.avi=01;35:*.fli=01;35:*.flv=01;35:*.gl=01;35:*.dl=01;35:*.xcf=01;35:*.xwd=01;35:*.yuv=01;35:*.cgm=01;35:*.emf=01;35:*.ogv=01;35:*.ogx=01;35:*.aac=00;36:*.au=00;36:*.flac=00;36:*.m4a=00;36:*.mid=00;36:*.midi=00;36:*.mka=00;36:*.mp3=00;36:*.mpc=00;36:*.ogg=00;36:*.ra=00;36:*.wav=00;36:*.oga=00;36:*.opus=00;36:*.spx=00;36:*.xspf=00;36:'), ('GNOME_TERMINAL_SERVICE', ':1.113'), ('SSH_AUTH_SOCK', '/run/user/1000/keyring/ssh'), ('AMENT_PREFIX_PATH', '/opt/ros/foxy'), ('SHELL', '/bin/bash'), ('QT_ACCESSIBILITY', '1'), ('GDMSESSION', 'ubuntu'), ('LESSCLOSE', '/usr/bin/lesspipe %s %s'), ('GPG_AGENT_INFO', '/run/user/1000/gnupg/S.gpg-agent:0:1'), ('GJS_DEBUG_OUTPUT', 'stderr'), ('QT_IM_MODULE', 'ibus'), ('PWD', '/home/cav330/f1tenth_ws/build/teleop_tools_msgs'), ('XDG_CONFIG_DIRS', '/etc/xdg/xdg-ubuntu:/etc/xdg'), ('XDG_DATA_DIRS', '/usr/share/ubuntu:/usr/local/share/:/usr/share/:/var/lib/snapd/desktop'), ('PYTHONPATH', '/opt/ros/foxy/lib/python3.8/site-packages'), ('COLCON', '1'), ('VTE_VERSION', '6003'), ('CMAKE_PREFIX_PATH', '/opt/ros/foxy')]), 'shell': False}
[52.178577] (vesc_msgs) StdoutLine: {'line': b'[ 49%] \x1b[32mBuilding CXX object CMakeFiles/vesc_msgs__rosidl_typesupport_fastrtps_cpp.dir/rosidl_typesupport_fastrtps_cpp/vesc_msgs/msg/detail/dds_fastrtps/vesc_state__type_support.cpp.o\x1b[0m\n'}
[52.215605] (teleop_tools_msgs) StdoutLine: {'line': b'-- Install configuration: ""\n'}
[52.218258] (teleop_tools_msgs) StdoutLine: {'line': b'-- Installing: /home/cav330/f1tenth_ws/install/teleop_tools_msgs/share/ament_index/resource_index/rosidl_interfaces/teleop_tools_msgs\n'}
[52.220297] (teleop_tools_msgs) StdoutLine: {'line': b'-- Installing: /home/cav330/f1tenth_ws/install/teleop_tools_msgs/include/teleop_tools_msgs\n'}
[52.222252] (-) TimerEvent: {}
[52.224116] (teleop_tools_msgs) StdoutLine: {'line': b'-- Installing: /home/cav330/f1tenth_ws/install/teleop_tools_msgs/include/teleop_tools_msgs/msg\n'}
[52.225469] (teleop_tools_msgs) StdoutLine: {'line': b'-- Installing: /home/cav330/f1tenth_ws/install/teleop_tools_msgs/include/teleop_tools_msgs/msg/rosidl_generator_c__visibility_control.h\n'}
[52.227028] (teleop_tools_msgs) StdoutLine: {'line': b'-- Installing: /home/cav330/f1tenth_ws/install/teleop_tools_msgs/include/teleop_tools_msgs/action\n'}
[52.228339] (teleop_tools_msgs) StdoutLine: {'line': b'-- Installing: /home/cav330/f1tenth_ws/install/teleop_tools_msgs/include/teleop_tools_msgs/action/increment.h\n'}
[52.229811] (teleop_tools_msgs) StdoutLine: {'line': b'-- Installing: /home/cav330/f1tenth_ws/install/teleop_tools_msgs/include/teleop_tools_msgs/action/detail\n'}
[52.230923] (teleop_tools_msgs) StdoutLine: {'line': b'-- Installing: /home/cav330/f1tenth_ws/install/teleop_tools_msgs/include/teleop_tools_msgs/action/detail/increment__struct.h\n'}
[52.232345] (teleop_tools_msgs) StdoutLine: {'line': b'-- Installing: /home/cav330/f1tenth_ws/install/teleop_tools_msgs/include/teleop_tools_msgs/action/detail/increment__functions.h\n'}
[52.234139] (teleop_tools_msgs) StdoutLine: {'line': b'-- Installing: /home/cav330/f1tenth_ws/install/teleop_tools_msgs/include/teleop_tools_msgs/action/detail/increment__type_support.h\n'}
[52.235669] (teleop_tools_msgs) StdoutLine: {'line': b'-- Installing: /home/cav330/f1tenth_ws/install/teleop_tools_msgs/include/teleop_tools_msgs/action/detail/increment__functions.c\n'}
[52.239897] (teleop_tools_msgs) StdoutLine: {'line': b'-- Installing: /home/cav330/f1tenth_ws/install/teleop_tools_msgs/share/teleop_tools_msgs/environment/library_path.sh\n'}
[52.242138] (teleop_tools_msgs) StdoutLine: {'line': b'-- Installing: /home/cav330/f1tenth_ws/install/teleop_tools_msgs/share/teleop_tools_msgs/environment/library_path.dsv\n'}
[52.246176] (teleop_tools_msgs) StdoutLine: {'line': b'-- Installing: /home/cav330/f1tenth_ws/install/teleop_tools_msgs/lib/libteleop_tools_msgs__rosidl_generator_c.so\n'}
[52.252451] (teleop_tools_msgs) StdoutLine: {'line': b'-- Set runtime path of "/home/cav330/f1tenth_ws/install/teleop_tools_msgs/lib/libteleop_tools_msgs__rosidl_generator_c.so" to ""\n'}
[52.254656] (teleop_tools_msgs) StdoutLine: {'line': b'-- Up-to-date: /home/cav330/f1tenth_ws/install/teleop_tools_msgs/include/teleop_tools_msgs\n'}
[52.255922] (teleop_tools_msgs) StdoutLine: {'line': b'-- Up-to-date: /home/cav330/f1tenth_ws/install/teleop_tools_msgs/include/teleop_tools_msgs/msg\n'}
[52.258510] (teleop_tools_msgs) StdoutLine: {'line': b'-- Installing: /home/cav330/f1tenth_ws/install/teleop_tools_msgs/include/teleop_tools_msgs/msg/rosidl_typesupport_fastrtps_c__visibility_control.h\n'}
[52.261368] (teleop_tools_msgs) StdoutLine: {'line': b'-- Up-to-date: /home/cav330/f1tenth_ws/install/teleop_tools_msgs/include/teleop_tools_msgs/action\n'}
[52.262483] (teleop_tools_msgs) StdoutLine: {'line': b'-- Up-to-date: /home/cav330/f1tenth_ws/install/teleop_tools_msgs/include/teleop_tools_msgs/action/detail\n'}
[52.263631] (teleop_tools_msgs) StdoutLine: {'line': b'-- Installing: /home/cav330/f1tenth_ws/install/teleop_tools_msgs/include/teleop_tools_msgs/action/detail/increment__rosidl_typesupport_fastrtps_c.h\n'}
[52.266706] (teleop_tools_msgs) StdoutLine: {'line': b'-- Installing: /home/cav330/f1tenth_ws/install/teleop_tools_msgs/lib/libteleop_tools_msgs__rosidl_typesupport_fastrtps_c.so\n'}
[52.272715] (teleop_tools_msgs) StdoutLine: {'line': b'-- Set runtime path of "/home/cav330/f1tenth_ws/install/teleop_tools_msgs/lib/libteleop_tools_msgs__rosidl_typesupport_fastrtps_c.so" to ""\n'}
[52.274166] (teleop_tools_msgs) StdoutLine: {'line': b'-- Up-to-date: /home/cav330/f1tenth_ws/install/teleop_tools_msgs/include/teleop_tools_msgs\n'}
[52.275098] (teleop_tools_msgs) StdoutLine: {'line': b'-- Up-to-date: /home/cav330/f1tenth_ws/install/teleop_tools_msgs/include/teleop_tools_msgs/msg\n'}
[52.276182] (teleop_tools_msgs) StdoutLine: {'line': b'-- Installing: /home/cav330/f1tenth_ws/install/teleop_tools_msgs/include/teleop_tools_msgs/msg/rosidl_typesupport_fastrtps_cpp__visibility_control.h\n'}
[52.278073] (teleop_tools_msgs) StdoutLine: {'line': b'-- Up-to-date: /home/cav330/f1tenth_ws/install/teleop_tools_msgs/include/teleop_tools_msgs/action\n'}
[52.279332] (teleop_tools_msgs) StdoutLine: {'line': b'-- Up-to-date: /home/cav330/f1tenth_ws/install/teleop_tools_msgs/include/teleop_tools_msgs/action/detail\n'}
[52.280173] (teleop_tools_msgs) StdoutLine: {'line': b'-- Installing: /home/cav330/f1tenth_ws/install/teleop_tools_msgs/include/teleop_tools_msgs/action/detail/dds_fastrtps\n'}
[52.281594] (teleop_tools_msgs) StdoutLine: {'line': b'-- Installing: /home/cav330/f1tenth_ws/install/teleop_tools_msgs/include/teleop_tools_msgs/action/detail/increment__rosidl_typesupport_fastrtps_cpp.hpp\n'}
[52.285715] (teleop_tools_msgs) StdoutLine: {'line': b'-- Installing: /home/cav330/f1tenth_ws/install/teleop_tools_msgs/lib/libteleop_tools_msgs__rosidl_typesupport_fastrtps_cpp.so\n'}
[52.290512] (teleop_tools_msgs) StdoutLine: {'line': b'-- Set runtime path of "/home/cav330/f1tenth_ws/install/teleop_tools_msgs/lib/libteleop_tools_msgs__rosidl_typesupport_fastrtps_cpp.so" to ""\n'}
[52.291865] (teleop_tools_msgs) StdoutLine: {'line': b'-- Up-to-date: /home/cav330/f1tenth_ws/install/teleop_tools_msgs/include/teleop_tools_msgs\n'}
[52.292786] (teleop_tools_msgs) StdoutLine: {'line': b'-- Up-to-date: /home/cav330/f1tenth_ws/install/teleop_tools_msgs/include/teleop_tools_msgs/msg\n'}
[52.293660] (teleop_tools_msgs) StdoutLine: {'line': b'-- Installing: /home/cav330/f1tenth_ws/install/teleop_tools_msgs/include/teleop_tools_msgs/msg/rosidl_typesupport_introspection_c__visibility_control.h\n'}
[52.295026] (teleop_tools_msgs) StdoutLine: {'line': b'-- Up-to-date: /home/cav330/f1tenth_ws/install/teleop_tools_msgs/include/teleop_tools_msgs/action\n'}
[52.295864] (teleop_tools_msgs) StdoutLine: {'line': b'-- Up-to-date: /home/cav330/f1tenth_ws/install/teleop_tools_msgs/include/teleop_tools_msgs/action/detail\n'}
[52.296724] (teleop_tools_msgs) StdoutLine: {'line': b'-- Installing: /home/cav330/f1tenth_ws/install/teleop_tools_msgs/include/teleop_tools_msgs/action/detail/increment__rosidl_typesupport_introspection_c.h\n'}
[52.298087] (teleop_tools_msgs) StdoutLine: {'line': b'-- Installing: /home/cav330/f1tenth_ws/install/teleop_tools_msgs/include/teleop_tools_msgs/action/detail/increment__type_support.c\n'}
[52.300257] (teleop_tools_msgs) StdoutLine: {'line': b'-- Installing: /home/cav330/f1tenth_ws/install/teleop_tools_msgs/lib/libteleop_tools_msgs__rosidl_typesupport_introspection_c.so\n'}
[52.303787] (teleop_tools_msgs) StdoutLine: {'line': b'-- Set runtime path of "/home/cav330/f1tenth_ws/install/teleop_tools_msgs/lib/libteleop_tools_msgs__rosidl_typesupport_introspection_c.so" to ""\n'}
[52.305307] (teleop_tools_msgs) StdoutLine: {'line': b'-- Installing: /home/cav330/f1tenth_ws/install/teleop_tools_msgs/lib/libteleop_tools_msgs__rosidl_typesupport_c.so\n'}
[52.308696] (teleop_tools_msgs) StdoutLine: {'line': b'-- Set runtime path of "/home/cav330/f1tenth_ws/install/teleop_tools_msgs/lib/libteleop_tools_msgs__rosidl_typesupport_c.so" to ""\n'}
[52.310012] (teleop_tools_msgs) StdoutLine: {'line': b'-- Up-to-date: /home/cav330/f1tenth_ws/install/teleop_tools_msgs/include/teleop_tools_msgs\n'}
[52.310928] (teleop_tools_msgs) StdoutLine: {'line': b'-- Up-to-date: /home/cav330/f1tenth_ws/install/teleop_tools_msgs/include/teleop_tools_msgs/msg\n'}
[52.311781] (teleop_tools_msgs) StdoutLine: {'line': b'-- Installing: /home/cav330/f1tenth_ws/install/teleop_tools_msgs/include/teleop_tools_msgs/msg/rosidl_generator_cpp__visibility_control.hpp\n'}
[52.314372] (teleop_tools_msgs) StdoutLine: {'line': b'-- Up-to-date: /home/cav330/f1tenth_ws/install/teleop_tools_msgs/include/teleop_tools_msgs/action\n'}
[52.315245] (teleop_tools_msgs) StdoutLine: {'line': b'-- Installing: /home/cav330/f1tenth_ws/install/teleop_tools_msgs/include/teleop_tools_msgs/action/increment.hpp\n'}
[52.317089] (teleop_tools_msgs) StdoutLine: {'line': b'-- Up-to-date: /home/cav330/f1tenth_ws/install/teleop_tools_msgs/include/teleop_tools_msgs/action/detail\n'}
[52.318327] (teleop_tools_msgs) StdoutLine: {'line': b'-- Installing: /home/cav330/f1tenth_ws/install/teleop_tools_msgs/include/teleop_tools_msgs/action/detail/increment__builder.hpp\n'}
[52.320232] (teleop_tools_msgs) StdoutLine: {'line': b'-- Installing: /home/cav330/f1tenth_ws/install/teleop_tools_msgs/include/teleop_tools_msgs/action/detail/increment__type_support.hpp\n'}
[52.322375] (teleop_tools_msgs) StdoutLine: {'line': b'-- Installing: /home/cav330/f1tenth_ws/install/teleop_tools_msgs/include/teleop_tools_msgs/action/detail/increment__traits.hpp\n'}
[52.324255] (-) TimerEvent: {}
[52.329464] (teleop_tools_msgs) StdoutLine: {'line': b'-- Installing: /home/cav330/f1tenth_ws/install/teleop_tools_msgs/include/teleop_tools_msgs/action/detail/increment__struct.hpp\n'}
[52.330147] (teleop_tools_msgs) StdoutLine: {'line': b'-- Up-to-date: /home/cav330/f1tenth_ws/install/teleop_tools_msgs/include/teleop_tools_msgs\n'}
[52.330579] (teleop_tools_msgs) StdoutLine: {'line': b'-- Up-to-date: /home/cav330/f1tenth_ws/install/teleop_tools_msgs/include/teleop_tools_msgs/action\n'}
[52.330898] (teleop_tools_msgs) StdoutLine: {'line': b'-- Up-to-date: /home/cav330/f1tenth_ws/install/teleop_tools_msgs/include/teleop_tools_msgs/action/detail\n'}
[52.334898] (teleop_tools_msgs) StdoutLine: {'line': b'-- Installing: /home/cav330/f1tenth_ws/install/teleop_tools_msgs/include/teleop_tools_msgs/action/detail/increment__type_support.cpp\n'}
[52.335521] (teleop_tools_msgs) StdoutLine: {'line': b'-- Installing: /home/cav330/f1tenth_ws/install/teleop_tools_msgs/include/teleop_tools_msgs/action/detail/increment__rosidl_typesupport_introspection_cpp.hpp\n'}
[52.335865] (teleop_tools_msgs) StdoutLine: {'line': b'-- Installing: /home/cav330/f1tenth_ws/install/teleop_tools_msgs/lib/libteleop_tools_msgs__rosidl_typesupport_introspection_cpp.so\n'}
[52.339539] (teleop_tools_msgs) StdoutLine: {'line': b'-- Set runtime path of "/home/cav330/f1tenth_ws/install/teleop_tools_msgs/lib/libteleop_tools_msgs__rosidl_typesupport_introspection_cpp.so" to ""\n'}
[52.341137] (teleop_tools_msgs) StdoutLine: {'line': b'-- Installing: /home/cav330/f1tenth_ws/install/teleop_tools_msgs/lib/libteleop_tools_msgs__rosidl_typesupport_cpp.so\n'}
[52.344653] (teleop_tools_msgs) StdoutLine: {'line': b'-- Set runtime path of "/home/cav330/f1tenth_ws/install/teleop_tools_msgs/lib/libteleop_tools_msgs__rosidl_typesupport_cpp.so" to ""\n'}
[52.345964] (teleop_tools_msgs) StdoutLine: {'line': b'-- Installing: /home/cav330/f1tenth_ws/install/teleop_tools_msgs/share/teleop_tools_msgs/environment/pythonpath.sh\n'}
[52.347626] (teleop_tools_msgs) StdoutLine: {'line': b'-- Installing: /home/cav330/f1tenth_ws/install/teleop_tools_msgs/share/teleop_tools_msgs/environment/pythonpath.dsv\n'}
[52.349635] (teleop_tools_msgs) StdoutLine: {'line': b'-- Installing: /home/cav330/f1tenth_ws/install/teleop_tools_msgs/lib/python3.8/site-packages/teleop_tools_msgs/__init__.py\n'}
[52.424550] (-) TimerEvent: {}
[52.525556] (-) TimerEvent: {}
[52.532330] (teleop_tools_msgs) StdoutLine: {'line': b"Compiling '/home/cav330/f1tenth_ws/install/teleop_tools_msgs/lib/python3.8/site-packages/teleop_tools_msgs/__init__.py'...\n"}
[52.553111] (teleop_tools_msgs) StdoutLine: {'line': b'-- Installing: /home/cav330/f1tenth_ws/install/teleop_tools_msgs/lib/python3.8/site-packages/teleop_tools_msgs/action\n'}
[52.554003] (teleop_tools_msgs) StdoutLine: {'line': b'-- Installing: /home/cav330/f1tenth_ws/install/teleop_tools_msgs/lib/python3.8/site-packages/teleop_tools_msgs/action/_increment.py\n'}
[52.555372] (teleop_tools_msgs) StdoutLine: {'line': b'-- Installing: /home/cav330/f1tenth_ws/install/teleop_tools_msgs/lib/python3.8/site-packages/teleop_tools_msgs/action/__init__.py\n'}
[52.556022] (teleop_tools_msgs) StdoutLine: {'line': b'-- Installing: /home/cav330/f1tenth_ws/install/teleop_tools_msgs/lib/python3.8/site-packages/teleop_tools_msgs/action/_increment_s.c\n'}
[52.559429] (teleop_tools_msgs) StdoutLine: {'line': b'-- Installing: /home/cav330/f1tenth_ws/install/teleop_tools_msgs/lib/python3.8/site-packages/teleop_tools_msgs/teleop_tools_msgs_s__rosidl_typesupport_fastrtps_c.cpython-38-aarch64-linux-gnu.so\n'}
[52.564043] (teleop_tools_msgs) StdoutLine: {'line': b'-- Set runtime path of "/home/cav330/f1tenth_ws/install/teleop_tools_msgs/lib/python3.8/site-packages/teleop_tools_msgs/teleop_tools_msgs_s__rosidl_typesupport_fastrtps_c.cpython-38-aarch64-linux-gnu.so" to ""\n'}
[52.565204] (teleop_tools_msgs) StdoutLine: {'line': b'-- Installing: /home/cav330/f1tenth_ws/install/teleop_tools_msgs/lib/python3.8/site-packages/teleop_tools_msgs/teleop_tools_msgs_s__rosidl_typesupport_introspection_c.cpython-38-aarch64-linux-gnu.so\n'}
[52.568141] (teleop_tools_msgs) StdoutLine: {'line': b'-- Set runtime path of "/home/cav330/f1tenth_ws/install/teleop_tools_msgs/lib/python3.8/site-packages/teleop_tools_msgs/teleop_tools_msgs_s__rosidl_typesupport_introspection_c.cpython-38-aarch64-linux-gnu.so" to ""\n'}
[52.569073] (teleop_tools_msgs) StdoutLine: {'line': b'-- Installing: /home/cav330/f1tenth_ws/install/teleop_tools_msgs/lib/python3.8/site-packages/teleop_tools_msgs/teleop_tools_msgs_s__rosidl_typesupport_c.cpython-38-aarch64-linux-gnu.so\n'}
[52.572296] (teleop_tools_msgs) StdoutLine: {'line': b'-- Set runtime path of "/home/cav330/f1tenth_ws/install/teleop_tools_msgs/lib/python3.8/site-packages/teleop_tools_msgs/teleop_tools_msgs_s__rosidl_typesupport_c.cpython-38-aarch64-linux-gnu.so" to ""\n'}
[52.573081] (teleop_tools_msgs) StdoutLine: {'line': b'-- Installing: /home/cav330/f1tenth_ws/install/teleop_tools_msgs/lib/libteleop_tools_msgs__python.so\n'}
[52.576689] (teleop_tools_msgs) StdoutLine: {'line': b'-- Set runtime path of "/home/cav330/f1tenth_ws/install/teleop_tools_msgs/lib/libteleop_tools_msgs__python.so" to ""\n'}
[52.577515] (teleop_tools_msgs) StdoutLine: {'line': b'-- Installing: /home/cav330/f1tenth_ws/install/teleop_tools_msgs/share/teleop_tools_msgs/action/Increment.idl\n'}
[52.578583] (teleop_tools_msgs) StdoutLine: {'line': b'-- Installing: /home/cav330/f1tenth_ws/install/teleop_tools_msgs/share/teleop_tools_msgs/action/Increment.action\n'}
[52.579706] (teleop_tools_msgs) StdoutLine: {'line': b'-- Installing: /home/cav330/f1tenth_ws/install/teleop_tools_msgs/share/ament_index/resource_index/package_run_dependencies/teleop_tools_msgs\n'}
[52.582136] (teleop_tools_msgs) StdoutLine: {'line': b'-- Installing: /home/cav330/f1tenth_ws/install/teleop_tools_msgs/share/ament_index/resource_index/parent_prefix_path/teleop_tools_msgs\n'}
[52.583143] (teleop_tools_msgs) StdoutLine: {'line': b'-- Installing: /home/cav330/f1tenth_ws/install/teleop_tools_msgs/share/teleop_tools_msgs/environment/ament_prefix_path.sh\n'}
[52.584060] (teleop_tools_msgs) StdoutLine: {'line': b'-- Installing: /home/cav330/f1tenth_ws/install/teleop_tools_msgs/share/teleop_tools_msgs/environment/ament_prefix_path.dsv\n'}
[52.585165] (teleop_tools_msgs) StdoutLine: {'line': b'-- Installing: /home/cav330/f1tenth_ws/install/teleop_tools_msgs/share/teleop_tools_msgs/environment/path.sh\n'}
[52.586026] (teleop_tools_msgs) StdoutLine: {'line': b'-- Installing: /home/cav330/f1tenth_ws/install/teleop_tools_msgs/share/teleop_tools_msgs/environment/path.dsv\n'}
[52.587034] (teleop_tools_msgs) StdoutLine: {'line': b'-- Installing: /home/cav330/f1tenth_ws/install/teleop_tools_msgs/share/teleop_tools_msgs/local_setup.bash\n'}
[52.588346] (teleop_tools_msgs) StdoutLine: {'line': b'-- Installing: /home/cav330/f1tenth_ws/install/teleop_tools_msgs/share/teleop_tools_msgs/local_setup.sh\n'}
[52.589294] (teleop_tools_msgs) StdoutLine: {'line': b'-- Installing: /home/cav330/f1tenth_ws/install/teleop_tools_msgs/share/teleop_tools_msgs/local_setup.zsh\n'}
[52.589805] (teleop_tools_msgs) StdoutLine: {'line': b'-- Installing: /home/cav330/f1tenth_ws/install/teleop_tools_msgs/share/teleop_tools_msgs/local_setup.dsv\n'}
[52.596097] (teleop_tools_msgs) StdoutLine: {'line': b'-- Installing: /home/cav330/f1tenth_ws/install/teleop_tools_msgs/share/teleop_tools_msgs/package.dsv\n'}
[52.597004] (teleop_tools_msgs) StdoutLine: {'line': b'-- Installing: /home/cav330/f1tenth_ws/install/teleop_tools_msgs/share/ament_index/resource_index/packages/teleop_tools_msgs\n'}
[52.597378] (teleop_tools_msgs) StdoutLine: {'line': b'-- Installing: /home/cav330/f1tenth_ws/install/teleop_tools_msgs/share/teleop_tools_msgs/cmake/teleop_tools_msgs__rosidl_generator_cExport.cmake\n'}
[52.599420] (teleop_tools_msgs) StdoutLine: {'line': b'-- Installing: /home/cav330/f1tenth_ws/install/teleop_tools_msgs/share/teleop_tools_msgs/cmake/teleop_tools_msgs__rosidl_generator_cExport-noconfig.cmake\n'}
[52.600057] (teleop_tools_msgs) StdoutLine: {'line': b'-- Installing: /home/cav330/f1tenth_ws/install/teleop_tools_msgs/share/teleop_tools_msgs/cmake/teleop_tools_msgs__rosidl_typesupport_introspection_cExport.cmake\n'}
[52.601271] (teleop_tools_msgs) StdoutLine: {'line': b'-- Installing: /home/cav330/f1tenth_ws/install/teleop_tools_msgs/share/teleop_tools_msgs/cmake/teleop_tools_msgs__rosidl_typesupport_introspection_cExport-noconfig.cmake\n'}
[52.601671] (teleop_tools_msgs) StdoutLine: {'line': b'-- Installing: /home/cav330/f1tenth_ws/install/teleop_tools_msgs/share/teleop_tools_msgs/cmake/teleop_tools_msgs__rosidl_typesupport_cExport.cmake\n'}
[52.601999] (teleop_tools_msgs) StdoutLine: {'line': b'-- Installing: /home/cav330/f1tenth_ws/install/teleop_tools_msgs/share/teleop_tools_msgs/cmake/teleop_tools_msgs__rosidl_typesupport_cExport-noconfig.cmake\n'}
[52.602567] (teleop_tools_msgs) StdoutLine: {'line': b'-- Installing: /home/cav330/f1tenth_ws/install/teleop_tools_msgs/share/teleop_tools_msgs/cmake/teleop_tools_msgs__rosidl_generator_cppExport.cmake\n'}
[52.603727] (teleop_tools_msgs) StdoutLine: {'line': b'-- Installing: /home/cav330/f1tenth_ws/install/teleop_tools_msgs/share/teleop_tools_msgs/cmake/teleop_tools_msgs__rosidl_typesupport_introspection_cppExport.cmake\n'}
[52.605832] (teleop_tools_msgs) StdoutLine: {'line': b'-- Installing: /home/cav330/f1tenth_ws/install/teleop_tools_msgs/share/teleop_tools_msgs/cmake/teleop_tools_msgs__rosidl_typesupport_introspection_cppExport-noconfig.cmake\n'}
[52.608011] (teleop_tools_msgs) StdoutLine: {'line': b'-- Installing: /home/cav330/f1tenth_ws/install/teleop_tools_msgs/share/teleop_tools_msgs/cmake/teleop_tools_msgs__rosidl_typesupport_cppExport.cmake\n'}
[52.610328] (teleop_tools_msgs) StdoutLine: {'line': b'-- Installing: /home/cav330/f1tenth_ws/install/teleop_tools_msgs/share/teleop_tools_msgs/cmake/teleop_tools_msgs__rosidl_typesupport_cppExport-noconfig.cmake\n'}
[52.612499] (teleop_tools_msgs) StdoutLine: {'line': b'-- Installing: /home/cav330/f1tenth_ws/install/teleop_tools_msgs/share/teleop_tools_msgs/cmake/rosidl_cmake-extras.cmake\n'}
[52.613021] (teleop_tools_msgs) StdoutLine: {'line': b'-- Installing: /home/cav330/f1tenth_ws/install/teleop_tools_msgs/share/teleop_tools_msgs/cmake/ament_cmake_export_dependencies-extras.cmake\n'}
[52.613353] (teleop_tools_msgs) StdoutLine: {'line': b'-- Installing: /home/cav330/f1tenth_ws/install/teleop_tools_msgs/share/teleop_tools_msgs/cmake/ament_cmake_export_libraries-extras.cmake\n'}
[52.623337] (teleop_tools_msgs) StdoutLine: {'line': b'-- Installing: /home/cav330/f1tenth_ws/install/teleop_tools_msgs/share/teleop_tools_msgs/cmake/ament_cmake_export_targets-extras.cmake\n'}
[52.623776] (teleop_tools_msgs) StdoutLine: {'line': b'-- Installing: /home/cav330/f1tenth_ws/install/teleop_tools_msgs/share/teleop_tools_msgs/cmake/ament_cmake_export_include_directories-extras.cmake\n'}
[52.624134] (teleop_tools_msgs) StdoutLine: {'line': b'-- Installing: /home/cav330/f1tenth_ws/install/teleop_tools_msgs/share/teleop_tools_msgs/cmake/rosidl_cmake_export_typesupport_libraries-extras.cmake\n'}
[52.627443] (-) TimerEvent: {}
[52.630705] (teleop_tools_msgs) StdoutLine: {'line': b'-- Installing: /home/cav330/f1tenth_ws/install/teleop_tools_msgs/share/teleop_tools_msgs/cmake/rosidl_cmake_export_typesupport_targets-extras.cmake\n'}
[52.647352] (teleop_tools_msgs) StdoutLine: {'line': b'-- Installing: /home/cav330/f1tenth_ws/install/teleop_tools_msgs/share/teleop_tools_msgs/cmake/teleop_tools_msgsConfig.cmake\n'}
[52.652855] (teleop_tools_msgs) StdoutLine: {'line': b'-- Installing: /home/cav330/f1tenth_ws/install/teleop_tools_msgs/share/teleop_tools_msgs/cmake/teleop_tools_msgsConfig-version.cmake\n'}
[52.654927] (teleop_tools_msgs) StdoutLine: {'line': b'-- Installing: /home/cav330/f1tenth_ws/install/teleop_tools_msgs/share/teleop_tools_msgs/package.xml\n'}
[52.658032] (teleop_tools_msgs) CommandEnded: {'returncode': 0}
[52.727719] (-) TimerEvent: {}
[52.797914] (teleop_tools_msgs) JobEnded: {'identifier': 'teleop_tools_msgs', 'rc': 0}
[52.801224] (joy_teleop) JobStarted: {'identifier': 'joy_teleop'}
[52.831376] (-) TimerEvent: {}
[52.935079] (-) TimerEvent: {}
[53.037604] (-) TimerEvent: {}
[53.138549] (-) TimerEvent: {}
[53.239593] (-) TimerEvent: {}
[53.340629] (-) TimerEvent: {}
[53.442244] (-) TimerEvent: {}
[53.543164] (-) TimerEvent: {}
[53.644052] (-) TimerEvent: {}
[53.745062] (-) TimerEvent: {}
[53.846076] (-) TimerEvent: {}
[53.947054] (-) TimerEvent: {}
[54.048505] (-) TimerEvent: {}
[54.149438] (-) TimerEvent: {}
[54.250387] (-) TimerEvent: {}
[54.351446] (-) TimerEvent: {}
[54.452992] (-) TimerEvent: {}
[54.556825] (-) TimerEvent: {}
[54.606454] (vesc_msgs) StdoutLine: {'line': b'[ 50%] \x1b[32mBuilding CXX object CMakeFiles/vesc_msgs__rosidl_typesupport_fastrtps_cpp.dir/rosidl_typesupport_fastrtps_cpp/vesc_msgs/msg/detail/dds_fastrtps/vesc_imu__type_support.cpp.o\x1b[0m\n'}
[54.656947] (-) TimerEvent: {}
[54.760696] (-) TimerEvent: {}
[54.861602] (-) TimerEvent: {}
[54.962558] (-) TimerEvent: {}
[55.063573] (-) TimerEvent: {}
[55.167537] (-) TimerEvent: {}
[55.268610] (-) TimerEvent: {}
[55.369615] (-) TimerEvent: {}
[55.471063] (-) TimerEvent: {}
[55.573571] (-) TimerEvent: {}
[55.676634] (-) TimerEvent: {}
[55.783505] (-) TimerEvent: {}
[55.885158] (-) TimerEvent: {}
[55.987016] (-) TimerEvent: {}
[56.088513] (-) TimerEvent: {}
[56.189961] (-) TimerEvent: {}
[56.291351] (-) TimerEvent: {}
[56.392883] (-) TimerEvent: {}
[56.494388] (-) TimerEvent: {}
[56.597806] (-) TimerEvent: {}
[56.700287] (-) TimerEvent: {}
[56.719574] (joy_teleop) Command: {'cmd': ['/usr/bin/python3', '-W', 'ignore:setup.py install is deprecated', '-W', 'ignore:easy_install command is deprecated', 'setup.py', 'egg_info', '--egg-base', '../../../../build/joy_teleop', 'build', '--build-base', '/home/cav330/f1tenth_ws/build/joy_teleop/build', 'install', '--record', '/home/cav330/f1tenth_ws/build/joy_teleop/install.log', '--install-scripts', '$base/lib/joy_teleop', '--single-version-externally-managed', 'install_data'], 'cwd': '/home/cav330/f1tenth_ws/src/f1tenth_system/teleop_tools/joy_teleop', 'env': {'GJS_DEBUG_TOPICS': 'JS ERROR;JS LOG', 'LESSOPEN': '| /usr/bin/lesspipe %s', 'USER': 'cav330', 'SSH_AGENT_PID': '3256', 'XDG_SESSION_TYPE': 'x11', 'SHLVL': '1', 'LD_LIBRARY_PATH': '/home/cav330/f1tenth_ws/install/teleop_tools_msgs/lib:/opt/ros/foxy/opt/yaml_cpp_vendor/lib:/opt/ros/foxy/opt/rviz_ogre_vendor/lib:/opt/ros/foxy/lib/aarch64-linux-gnu:/opt/ros/foxy/lib:/usr/local/cuda-11.4/lib64', 'HOME': '/home/cav330', 'OLDPWD': '/home/cav330/f1tenth_ws/src', 'DESKTOP_SESSION': 'ubuntu', 'ROS_PYTHON_VERSION': '3', 'GNOME_SHELL_SESSION_MODE': 'ubuntu', 'GTK_MODULES': 'gail:atk-bridge', 'MANAGERPID': '2241', 'DBUS_SESSION_BUS_ADDRESS': 'unix:path=/run/user/1000/bus', 'COLORTERM': 'truecolor', 'IM_CONFIG_PHASE': '1', 'ROS_DISTRO': 'foxy', 'LOGNAME': 'cav330', 'JOURNAL_STREAM': '8:59348', '_': '/usr/bin/colcon', 'ROS_VERSION': '2', 'XDG_SESSION_CLASS': 'user', 'USERNAME': 'cav330', 'TERM': 'xterm-256color', 'GNOME_DESKTOP_SESSION_ID': 'this-is-deprecated', 'ROS_LOCALHOST_ONLY': '0', 'WINDOWPATH': '3', 'PATH': '/opt/ros/foxy/bin:/usr/local/cuda-11.4/bin:/usr/local/sbin:/usr/local/bin:/usr/sbin:/usr/bin:/sbin:/bin:/usr/games:/usr/local/games:/snap/bin', 'SESSION_MANAGER': 'local/ubuntu:@/tmp/.ICE-unix/3308,unix/ubuntu:/tmp/.ICE-unix/3308', 'INVOCATION_ID': 'bf49e6a9c0ee431ca47543a5b4a2e888', 'XDG_MENU_PREFIX': 'gnome-', 'GNOME_TERMINAL_SCREEN': '/org/gnome/Terminal/screen/cf3d13d9_a795_4efc_b844_cdf06d1a71bd', 'XDG_RUNTIME_DIR': '/run/user/1000', 'DISPLAY': ':1', 'LANG': 'en_CA.UTF-8', 'XDG_CURRENT_DESKTOP': 'ubuntu:GNOME', 'XMODIFIERS': '@im=ibus', 'XDG_SESSION_DESKTOP': 'ubuntu', 'XAUTHORITY': '/run/user/1000/gdm/Xauthority', 'LS_COLORS': 'rs=0:di=01;34:ln=01;36:mh=00:pi=40;33:so=01;35:do=01;35:bd=40;33;01:cd=40;33;01:or=40;31;01:mi=00:su=37;41:sg=30;43:ca=30;41:tw=30;42:ow=34;42:st=37;44:ex=01;32:*.tar=01;31:*.tgz=01;31:*.arc=01;31:*.arj=01;31:*.taz=01;31:*.lha=01;31:*.lz4=01;31:*.lzh=01;31:*.lzma=01;31:*.tlz=01;31:*.txz=01;31:*.tzo=01;31:*.t7z=01;31:*.zip=01;31:*.z=01;31:*.dz=01;31:*.gz=01;31:*.lrz=01;31:*.lz=01;31:*.lzo=01;31:*.xz=01;31:*.zst=01;31:*.tzst=01;31:*.bz2=01;31:*.bz=01;31:*.tbz=01;31:*.tbz2=01;31:*.tz=01;31:*.deb=01;31:*.rpm=01;31:*.jar=01;31:*.war=01;31:*.ear=01;31:*.sar=01;31:*.rar=01;31:*.alz=01;31:*.ace=01;31:*.zoo=01;31:*.cpio=01;31:*.7z=01;31:*.rz=01;31:*.cab=01;31:*.wim=01;31:*.swm=01;31:*.dwm=01;31:*.esd=01;31:*.jpg=01;35:*.jpeg=01;35:*.mjpg=01;35:*.mjpeg=01;35:*.gif=01;35:*.bmp=01;35:*.pbm=01;35:*.pgm=01;35:*.ppm=01;35:*.tga=01;35:*.xbm=01;35:*.xpm=01;35:*.tif=01;35:*.tiff=01;35:*.png=01;35:*.svg=01;35:*.svgz=01;35:*.mng=01;35:*.pcx=01;35:*.mov=01;35:*.mpg=01;35:*.mpeg=01;35:*.m2v=01;35:*.mkv=01;35:*.webm=01;35:*.ogm=01;35:*.mp4=01;35:*.m4v=01;35:*.mp4v=01;35:*.vob=01;35:*.qt=01;35:*.nuv=01;35:*.wmv=01;35:*.asf=01;35:*.rm=01;35:*.rmvb=01;35:*.flc=01;35:*.avi=01;35:*.fli=01;35:*.flv=01;35:*.gl=01;35:*.dl=01;35:*.xcf=01;35:*.xwd=01;35:*.yuv=01;35:*.cgm=01;35:*.emf=01;35:*.ogv=01;35:*.ogx=01;35:*.aac=00;36:*.au=00;36:*.flac=00;36:*.m4a=00;36:*.mid=00;36:*.midi=00;36:*.mka=00;36:*.mp3=00;36:*.mpc=00;36:*.ogg=00;36:*.ra=00;36:*.wav=00;36:*.oga=00;36:*.opus=00;36:*.spx=00;36:*.xspf=00;36:', 'GNOME_TERMINAL_SERVICE': ':1.113', 'SSH_AUTH_SOCK': '/run/user/1000/keyring/ssh', 'AMENT_PREFIX_PATH': '/home/cav330/f1tenth_ws/install/teleop_tools_msgs:/opt/ros/foxy', 'SHELL': '/bin/bash', 'QT_ACCESSIBILITY': '1', 'GDMSESSION': 'ubuntu', 'LESSCLOSE': '/usr/bin/lesspipe %s %s', 'GPG_AGENT_INFO': '/run/user/1000/gnupg/S.gpg-agent:0:1', 'GJS_DEBUG_OUTPUT': 'stderr', 'QT_IM_MODULE': 'ibus', 'PWD': '/home/cav330/f1tenth_ws/build/joy_teleop', 'XDG_CONFIG_DIRS': '/etc/xdg/xdg-ubuntu:/etc/xdg', 'XDG_DATA_DIRS': '/usr/share/ubuntu:/usr/local/share/:/usr/share/:/var/lib/snapd/desktop', 'PYTHONPATH': '/home/cav330/f1tenth_ws/build/joy_teleop/prefix_override:/usr/lib/python3/dist-packages/colcon_core/task/python/colcon_distutils_commands:/home/cav330/f1tenth_ws/install/joy_teleop/lib/python3.8/site-packages:/home/cav330/f1tenth_ws/install/teleop_tools_msgs/lib/python3.8/site-packages:/opt/ros/foxy/lib/python3.8/site-packages', 'COLCON': '1', 'VTE_VERSION': '6003', 'CMAKE_PREFIX_PATH': '/home/cav330/f1tenth_ws/install/teleop_tools_msgs'}, 'shell': False}
[56.800934] (-) TimerEvent: {}
[56.902682] (-) TimerEvent: {}
[56.971740] (vesc_msgs) StdoutLine: {'line': b'[ 52%] \x1b[32mBuilding CXX object CMakeFiles/vesc_msgs__rosidl_typesupport_fastrtps_cpp.dir/rosidl_typesupport_fastrtps_cpp/vesc_msgs/msg/detail/dds_fastrtps/vesc_imu_stamped__type_support.cpp.o\x1b[0m\n'}
[57.003013] (-) TimerEvent: {}
[57.104328] (-) TimerEvent: {}
[57.205386] (-) TimerEvent: {}
[57.306387] (-) TimerEvent: {}
[57.407315] (-) TimerEvent: {}
[57.508307] (-) TimerEvent: {}
[57.609382] (-) TimerEvent: {}
[57.710289] (-) TimerEvent: {}
[57.811858] (-) TimerEvent: {}
[57.913202] (-) TimerEvent: {}
[58.014157] (-) TimerEvent: {}
[58.035449] (joy_teleop) StdoutLine: {'line': b'running egg_info\n'}
[58.039083] (joy_teleop) StdoutLine: {'line': b'creating ../../../../build/joy_teleop/joy_teleop.egg-info\n'}
[58.040229] (joy_teleop) StdoutLine: {'line': b'writing ../../../../build/joy_teleop/joy_teleop.egg-info/PKG-INFO\n'}
[58.042845] (joy_teleop) StdoutLine: {'line': b'writing dependency_links to ../../../../build/joy_teleop/joy_teleop.egg-info/dependency_links.txt\n'}
[58.043562] (joy_teleop) StdoutLine: {'line': b'writing entry points to ../../../../build/joy_teleop/joy_teleop.egg-info/entry_points.txt\n'}
[58.044582] (joy_teleop) StdoutLine: {'line': b'writing requirements to ../../../../build/joy_teleop/joy_teleop.egg-info/requires.txt\n'}
[58.045126] (joy_teleop) StdoutLine: {'line': b'writing top-level names to ../../../../build/joy_teleop/joy_teleop.egg-info/top_level.txt\n'}
[58.054233] (joy_teleop) StdoutLine: {'line': b"writing manifest file '../../../../build/joy_teleop/joy_teleop.egg-info/SOURCES.txt'\n"}
[58.114442] (-) TimerEvent: {}
[58.215469] (-) TimerEvent: {}
[58.230890] (joy_teleop) StdoutLine: {'line': b"reading manifest file '../../../../build/joy_teleop/joy_teleop.egg-info/SOURCES.txt'\n"}
[58.237514] (joy_teleop) StdoutLine: {'line': b"writing manifest file '../../../../build/joy_teleop/joy_teleop.egg-info/SOURCES.txt'\n"}
[58.238577] (joy_teleop) StdoutLine: {'line': b'running build\n'}
[58.239159] (joy_teleop) StdoutLine: {'line': b'running build_py\n'}
[58.239991] (joy_teleop) StdoutLine: {'line': b'creating /home/cav330/f1tenth_ws/build/joy_teleop/build\n'}
[58.240525] (joy_teleop) StdoutLine: {'line': b'creating /home/cav330/f1tenth_ws/build/joy_teleop/build/lib\n'}
[58.241283] (joy_teleop) StdoutLine: {'line': b'creating /home/cav330/f1tenth_ws/build/joy_teleop/build/lib/joy_teleop\n'}
[58.241709] (joy_teleop) StdoutLine: {'line': b'copying joy_teleop/incrementer_server.py -> /home/cav330/f1tenth_ws/build/joy_teleop/build/lib/joy_teleop\n'}
[58.243703] (joy_teleop) StdoutLine: {'line': b'copying joy_teleop/__init__.py -> /home/cav330/f1tenth_ws/build/joy_teleop/build/lib/joy_teleop\n'}
[58.244140] (joy_teleop) StdoutLine: {'line': b'copying joy_teleop/joy_teleop.py -> /home/cav330/f1tenth_ws/build/joy_teleop/build/lib/joy_teleop\n'}
[58.244611] (joy_teleop) StdoutLine: {'line': b'running install\n'}
[58.248883] (joy_teleop) StdoutLine: {'line': b'running install_lib\n'}
[58.254214] (joy_teleop) StdoutLine: {'line': b'creating /home/cav330/f1tenth_ws/install/joy_teleop/lib/python3.8/site-packages/joy_teleop\n'}
[58.255082] (joy_teleop) StdoutLine: {'line': b'copying /home/cav330/f1tenth_ws/build/joy_teleop/build/lib/joy_teleop/incrementer_server.py -> /home/cav330/f1tenth_ws/install/joy_teleop/lib/python3.8/site-packages/joy_teleop\n'}
[58.255843] (joy_teleop) StdoutLine: {'line': b'copying /home/cav330/f1tenth_ws/build/joy_teleop/build/lib/joy_teleop/__init__.py -> /home/cav330/f1tenth_ws/install/joy_teleop/lib/python3.8/site-packages/joy_teleop\n'}
[58.256635] (joy_teleop) StdoutLine: {'line': b'copying /home/cav330/f1tenth_ws/build/joy_teleop/build/lib/joy_teleop/joy_teleop.py -> /home/cav330/f1tenth_ws/install/joy_teleop/lib/python3.8/site-packages/joy_teleop\n'}
[58.260150] (joy_teleop) StdoutLine: {'line': b'byte-compiling /home/cav330/f1tenth_ws/install/joy_teleop/lib/python3.8/site-packages/joy_teleop/incrementer_server.py to incrementer_server.cpython-38.pyc\n'}
[58.267216] (joy_teleop) StdoutLine: {'line': b'byte-compiling /home/cav330/f1tenth_ws/install/joy_teleop/lib/python3.8/site-packages/joy_teleop/__init__.py to __init__.cpython-38.pyc\n'}
[58.269154] (joy_teleop) StdoutLine: {'line': b'byte-compiling /home/cav330/f1tenth_ws/install/joy_teleop/lib/python3.8/site-packages/joy_teleop/joy_teleop.py to joy_teleop.cpython-38.pyc\n'}
[58.280205] (joy_teleop) StdoutLine: {'line': b'running install_data\n'}
[58.281172] (joy_teleop) StdoutLine: {'line': b'copying package.xml -> /home/cav330/f1tenth_ws/install/joy_teleop/share/joy_teleop\n'}
[58.285370] (joy_teleop) StdoutLine: {'line': b'creating /home/cav330/f1tenth_ws/install/joy_teleop/share/joy_teleop/config\n'}
[58.286048] (joy_teleop) StdoutLine: {'line': b'copying config/joy_teleop_example.yaml -> /home/cav330/f1tenth_ws/install/joy_teleop/share/joy_teleop/config\n'}
[58.287726] (joy_teleop) StdoutLine: {'line': b'creating /home/cav330/f1tenth_ws/install/joy_teleop/share/joy_teleop/launch\n'}
[58.288149] (joy_teleop) StdoutLine: {'line': b'copying launch/example.launch.py -> /home/cav330/f1tenth_ws/install/joy_teleop/share/joy_teleop/launch\n'}
[58.288929] (joy_teleop) StdoutLine: {'line': b'creating /home/cav330/f1tenth_ws/install/joy_teleop/share/ament_index\n'}
[58.291827] (joy_teleop) StdoutLine: {'line': b'creating /home/cav330/f1tenth_ws/install/joy_teleop/share/ament_index/resource_index\n'}
[58.292271] (joy_teleop) StdoutLine: {'line': b'creating /home/cav330/f1tenth_ws/install/joy_teleop/share/ament_index/resource_index/packages\n'}
[58.295914] (joy_teleop) StdoutLine: {'line': b'copying resource/joy_teleop -> /home/cav330/f1tenth_ws/install/joy_teleop/share/ament_index/resource_index/packages\n'}
[58.296711] (joy_teleop) StdoutLine: {'line': b'running install_egg_info\n'}
[58.297121] (joy_teleop) StdoutLine: {'line': b'Copying ../../../../build/joy_teleop/joy_teleop.egg-info to /home/cav330/f1tenth_ws/install/joy_teleop/lib/python3.8/site-packages/joy_teleop-0.3.0-py3.8.egg-info\n'}
[58.302120] (joy_teleop) StdoutLine: {'line': b'running install_scripts\n'}
[58.315755] (-) TimerEvent: {}
[58.397522] (joy_teleop) StdoutLine: {'line': b'Installing incrementer_server script to /home/cav330/f1tenth_ws/install/joy_teleop/lib/joy_teleop\n'}
[58.399069] (joy_teleop) StdoutLine: {'line': b'Installing joy_teleop script to /home/cav330/f1tenth_ws/install/joy_teleop/lib/joy_teleop\n'}
[58.400478] (joy_teleop) StdoutLine: {'line': b"writing list of installed files to '/home/cav330/f1tenth_ws/build/joy_teleop/install.log'\n"}
[58.416037] (-) TimerEvent: {}
[58.520276] (joy_teleop) CommandEnded: {'returncode': 0}
[58.523796] (-) TimerEvent: {}
[58.569017] (joy_teleop) JobEnded: {'identifier': 'joy_teleop', 'rc': 0}
[58.572104] (teleop_tools) JobStarted: {'identifier': 'teleop_tools'}
[58.625022] (-) TimerEvent: {}
[58.659588] (teleop_tools) JobProgress: {'identifier': 'teleop_tools', 'progress': 'cmake'}
[58.664944] (teleop_tools) Command: {'cmd': ['/usr/bin/cmake', '/home/cav330/f1tenth_ws/src/f1tenth_system/teleop_tools/teleop_tools', '-DCMAKE_INSTALL_PREFIX=/home/cav330/f1tenth_ws/install/teleop_tools'], 'cwd': '/home/cav330/f1tenth_ws/build/teleop_tools', 'env': OrderedDict([('GJS_DEBUG_TOPICS', 'JS ERROR;JS LOG'), ('LESSOPEN', '| /usr/bin/lesspipe %s'), ('USER', 'cav330'), ('SSH_AGENT_PID', '3256'), ('XDG_SESSION_TYPE', 'x11'), ('SHLVL', '1'), ('LD_LIBRARY_PATH', '/home/cav330/f1tenth_ws/install/teleop_tools_msgs/lib:/opt/ros/foxy/opt/yaml_cpp_vendor/lib:/opt/ros/foxy/opt/rviz_ogre_vendor/lib:/opt/ros/foxy/lib/aarch64-linux-gnu:/opt/ros/foxy/lib:/usr/local/cuda-11.4/lib64'), ('HOME', '/home/cav330'), ('OLDPWD', '/home/cav330/f1tenth_ws/src'), ('DESKTOP_SESSION', 'ubuntu'), ('ROS_PYTHON_VERSION', '3'), ('GNOME_SHELL_SESSION_MODE', 'ubuntu'), ('GTK_MODULES', 'gail:atk-bridge'), ('MANAGERPID', '2241'), ('DBUS_SESSION_BUS_ADDRESS', 'unix:path=/run/user/1000/bus'), ('COLORTERM', 'truecolor'), ('IM_CONFIG_PHASE', '1'), ('ROS_DISTRO', 'foxy'), ('LOGNAME', 'cav330'), ('JOURNAL_STREAM', '8:59348'), ('_', '/usr/bin/colcon'), ('ROS_VERSION', '2'), ('XDG_SESSION_CLASS', 'user'), ('USERNAME', 'cav330'), ('TERM', 'xterm-256color'), ('GNOME_DESKTOP_SESSION_ID', 'this-is-deprecated'), ('ROS_LOCALHOST_ONLY', '0'), ('WINDOWPATH', '3'), ('PATH', '/opt/ros/foxy/bin:/usr/local/cuda-11.4/bin:/usr/local/sbin:/usr/local/bin:/usr/sbin:/usr/bin:/sbin:/bin:/usr/games:/usr/local/games:/snap/bin'), ('SESSION_MANAGER', 'local/ubuntu:@/tmp/.ICE-unix/3308,unix/ubuntu:/tmp/.ICE-unix/3308'), ('INVOCATION_ID', 'bf49e6a9c0ee431ca47543a5b4a2e888'), ('XDG_MENU_PREFIX', 'gnome-'), ('GNOME_TERMINAL_SCREEN', '/org/gnome/Terminal/screen/cf3d13d9_a795_4efc_b844_cdf06d1a71bd'), ('XDG_RUNTIME_DIR', '/run/user/1000'), ('DISPLAY', ':1'), ('LANG', 'en_CA.UTF-8'), ('XDG_CURRENT_DESKTOP', 'ubuntu:GNOME'), ('XMODIFIERS', '@im=ibus'), ('XDG_SESSION_DESKTOP', 'ubuntu'), ('XAUTHORITY', '/run/user/1000/gdm/Xauthority'), ('LS_COLORS', 'rs=0:di=01;34:ln=01;36:mh=00:pi=40;33:so=01;35:do=01;35:bd=40;33;01:cd=40;33;01:or=40;31;01:mi=00:su=37;41:sg=30;43:ca=30;41:tw=30;42:ow=34;42:st=37;44:ex=01;32:*.tar=01;31:*.tgz=01;31:*.arc=01;31:*.arj=01;31:*.taz=01;31:*.lha=01;31:*.lz4=01;31:*.lzh=01;31:*.lzma=01;31:*.tlz=01;31:*.txz=01;31:*.tzo=01;31:*.t7z=01;31:*.zip=01;31:*.z=01;31:*.dz=01;31:*.gz=01;31:*.lrz=01;31:*.lz=01;31:*.lzo=01;31:*.xz=01;31:*.zst=01;31:*.tzst=01;31:*.bz2=01;31:*.bz=01;31:*.tbz=01;31:*.tbz2=01;31:*.tz=01;31:*.deb=01;31:*.rpm=01;31:*.jar=01;31:*.war=01;31:*.ear=01;31:*.sar=01;31:*.rar=01;31:*.alz=01;31:*.ace=01;31:*.zoo=01;31:*.cpio=01;31:*.7z=01;31:*.rz=01;31:*.cab=01;31:*.wim=01;31:*.swm=01;31:*.dwm=01;31:*.esd=01;31:*.jpg=01;35:*.jpeg=01;35:*.mjpg=01;35:*.mjpeg=01;35:*.gif=01;35:*.bmp=01;35:*.pbm=01;35:*.pgm=01;35:*.ppm=01;35:*.tga=01;35:*.xbm=01;35:*.xpm=01;35:*.tif=01;35:*.tiff=01;35:*.png=01;35:*.svg=01;35:*.svgz=01;35:*.mng=01;35:*.pcx=01;35:*.mov=01;35:*.mpg=01;35:*.mpeg=01;35:*.m2v=01;35:*.mkv=01;35:*.webm=01;35:*.ogm=01;35:*.mp4=01;35:*.m4v=01;35:*.mp4v=01;35:*.vob=01;35:*.qt=01;35:*.nuv=01;35:*.wmv=01;35:*.asf=01;35:*.rm=01;35:*.rmvb=01;35:*.flc=01;35:*.avi=01;35:*.fli=01;35:*.flv=01;35:*.gl=01;35:*.dl=01;35:*.xcf=01;35:*.xwd=01;35:*.yuv=01;35:*.cgm=01;35:*.emf=01;35:*.ogv=01;35:*.ogx=01;35:*.aac=00;36:*.au=00;36:*.flac=00;36:*.m4a=00;36:*.mid=00;36:*.midi=00;36:*.mka=00;36:*.mp3=00;36:*.mpc=00;36:*.ogg=00;36:*.ra=00;36:*.wav=00;36:*.oga=00;36:*.opus=00;36:*.spx=00;36:*.xspf=00;36:'), ('GNOME_TERMINAL_SERVICE', ':1.113'), ('SSH_AUTH_SOCK', '/run/user/1000/keyring/ssh'), ('AMENT_PREFIX_PATH', '/home/cav330/f1tenth_ws/install/joy_teleop:/home/cav330/f1tenth_ws/install/teleop_tools_msgs:/home/cav330/f1tenth_ws/install/key_teleop:/opt/ros/foxy'), ('SHELL', '/bin/bash'), ('QT_ACCESSIBILITY', '1'), ('GDMSESSION', 'ubuntu'), ('LESSCLOSE', '/usr/bin/lesspipe %s %s'), ('GPG_AGENT_INFO', '/run/user/1000/gnupg/S.gpg-agent:0:1'), ('GJS_DEBUG_OUTPUT', 'stderr'), ('QT_IM_MODULE', 'ibus'), ('PWD', '/home/cav330/f1tenth_ws/build/teleop_tools'), ('XDG_CONFIG_DIRS', '/etc/xdg/xdg-ubuntu:/etc/xdg'), ('XDG_DATA_DIRS', '/usr/share/ubuntu:/usr/local/share/:/usr/share/:/var/lib/snapd/desktop'), ('PYTHONPATH', '/home/cav330/f1tenth_ws/install/joy_teleop/lib/python3.8/site-packages:/home/cav330/f1tenth_ws/install/teleop_tools_msgs/lib/python3.8/site-packages:/home/cav330/f1tenth_ws/install/key_teleop/lib/python3.8/site-packages:/opt/ros/foxy/lib/python3.8/site-packages'), ('COLCON', '1'), ('VTE_VERSION', '6003'), ('CMAKE_PREFIX_PATH', '/home/cav330/f1tenth_ws/install/teleop_tools_msgs:/opt/ros/foxy')]), 'shell': False}
[58.728456] (-) TimerEvent: {}
[58.830855] (teleop_tools) StdoutLine: {'line': b'-- Found ament_cmake: 0.9.12 (/opt/ros/foxy/share/ament_cmake/cmake)\n'}
[58.832893] (-) TimerEvent: {}
[58.933741] (-) TimerEvent: {}
[59.032540] (teleop_tools) StdoutLine: {'line': b'-- Found PythonInterp: /usr/bin/python3 (found suitable version "3.8.10", minimum required is "3") \n'}
[59.033860] (teleop_tools) StdoutLine: {'line': b'-- Using PYTHON_EXECUTABLE: /usr/bin/python3\n'}
[59.034461] (-) TimerEvent: {}
[59.135240] (-) TimerEvent: {}
[59.236110] (-) TimerEvent: {}
[59.337022] (-) TimerEvent: {}
[59.437918] (-) TimerEvent: {}
[59.538762] (-) TimerEvent: {}
[59.639630] (-) TimerEvent: {}
[59.740560] (-) TimerEvent: {}
[59.808177] (vesc_msgs) StdoutLine: {'line': b'[ 54%] \x1b[32mBuilding CXX object CMakeFiles/vesc_msgs__rosidl_typesupport_fastrtps_cpp.dir/rosidl_typesupport_fastrtps_cpp/vesc_msgs/msg/detail/dds_fastrtps/vesc_state_stamped__type_support.cpp.o\x1b[0m\n'}
[59.840809] (-) TimerEvent: {}
[59.941789] (-) TimerEvent: {}
[60.043163] (-) TimerEvent: {}
[60.144307] (-) TimerEvent: {}
[60.245538] (-) TimerEvent: {}
[60.346866] (-) TimerEvent: {}
[60.447868] (-) TimerEvent: {}
[60.541203] (teleop_tools) StdoutLine: {'line': b'-- Configuring done\n'}
[60.548186] (-) TimerEvent: {}
[60.555880] (teleop_tools) StdoutLine: {'line': b'-- Generating done\n'}
[60.568124] (teleop_tools) StdoutLine: {'line': b'-- Build files have been written to: /home/cav330/f1tenth_ws/build/teleop_tools\n'}
[60.580625] (teleop_tools) CommandEnded: {'returncode': 0}
[60.583895] (teleop_tools) JobProgress: {'identifier': 'teleop_tools', 'progress': 'build'}
[60.593698] (teleop_tools) Command: {'cmd': ['/usr/bin/cmake', '--build', '/home/cav330/f1tenth_ws/build/teleop_tools', '--', '-j4', '-l4'], 'cwd': '/home/cav330/f1tenth_ws/build/teleop_tools', 'env': OrderedDict([('GJS_DEBUG_TOPICS', 'JS ERROR;JS LOG'), ('LESSOPEN', '| /usr/bin/lesspipe %s'), ('USER', 'cav330'), ('SSH_AGENT_PID', '3256'), ('XDG_SESSION_TYPE', 'x11'), ('SHLVL', '1'), ('LD_LIBRARY_PATH', '/home/cav330/f1tenth_ws/install/teleop_tools_msgs/lib:/opt/ros/foxy/opt/yaml_cpp_vendor/lib:/opt/ros/foxy/opt/rviz_ogre_vendor/lib:/opt/ros/foxy/lib/aarch64-linux-gnu:/opt/ros/foxy/lib:/usr/local/cuda-11.4/lib64'), ('HOME', '/home/cav330'), ('OLDPWD', '/home/cav330/f1tenth_ws/src'), ('DESKTOP_SESSION', 'ubuntu'), ('ROS_PYTHON_VERSION', '3'), ('GNOME_SHELL_SESSION_MODE', 'ubuntu'), ('GTK_MODULES', 'gail:atk-bridge'), ('MANAGERPID', '2241'), ('DBUS_SESSION_BUS_ADDRESS', 'unix:path=/run/user/1000/bus'), ('COLORTERM', 'truecolor'), ('IM_CONFIG_PHASE', '1'), ('ROS_DISTRO', 'foxy'), ('LOGNAME', 'cav330'), ('JOURNAL_STREAM', '8:59348'), ('_', '/usr/bin/colcon'), ('ROS_VERSION', '2'), ('XDG_SESSION_CLASS', 'user'), ('USERNAME', 'cav330'), ('TERM', 'xterm-256color'), ('GNOME_DESKTOP_SESSION_ID', 'this-is-deprecated'), ('ROS_LOCALHOST_ONLY', '0'), ('WINDOWPATH', '3'), ('PATH', '/opt/ros/foxy/bin:/usr/local/cuda-11.4/bin:/usr/local/sbin:/usr/local/bin:/usr/sbin:/usr/bin:/sbin:/bin:/usr/games:/usr/local/games:/snap/bin'), ('SESSION_MANAGER', 'local/ubuntu:@/tmp/.ICE-unix/3308,unix/ubuntu:/tmp/.ICE-unix/3308'), ('INVOCATION_ID', 'bf49e6a9c0ee431ca47543a5b4a2e888'), ('XDG_MENU_PREFIX', 'gnome-'), ('GNOME_TERMINAL_SCREEN', '/org/gnome/Terminal/screen/cf3d13d9_a795_4efc_b844_cdf06d1a71bd'), ('XDG_RUNTIME_DIR', '/run/user/1000'), ('DISPLAY', ':1'), ('LANG', 'en_CA.UTF-8'), ('XDG_CURRENT_DESKTOP', 'ubuntu:GNOME'), ('XMODIFIERS', '@im=ibus'), ('XDG_SESSION_DESKTOP', 'ubuntu'), ('XAUTHORITY', '/run/user/1000/gdm/Xauthority'), ('LS_COLORS', 'rs=0:di=01;34:ln=01;36:mh=00:pi=40;33:so=01;35:do=01;35:bd=40;33;01:cd=40;33;01:or=40;31;01:mi=00:su=37;41:sg=30;43:ca=30;41:tw=30;42:ow=34;42:st=37;44:ex=01;32:*.tar=01;31:*.tgz=01;31:*.arc=01;31:*.arj=01;31:*.taz=01;31:*.lha=01;31:*.lz4=01;31:*.lzh=01;31:*.lzma=01;31:*.tlz=01;31:*.txz=01;31:*.tzo=01;31:*.t7z=01;31:*.zip=01;31:*.z=01;31:*.dz=01;31:*.gz=01;31:*.lrz=01;31:*.lz=01;31:*.lzo=01;31:*.xz=01;31:*.zst=01;31:*.tzst=01;31:*.bz2=01;31:*.bz=01;31:*.tbz=01;31:*.tbz2=01;31:*.tz=01;31:*.deb=01;31:*.rpm=01;31:*.jar=01;31:*.war=01;31:*.ear=01;31:*.sar=01;31:*.rar=01;31:*.alz=01;31:*.ace=01;31:*.zoo=01;31:*.cpio=01;31:*.7z=01;31:*.rz=01;31:*.cab=01;31:*.wim=01;31:*.swm=01;31:*.dwm=01;31:*.esd=01;31:*.jpg=01;35:*.jpeg=01;35:*.mjpg=01;35:*.mjpeg=01;35:*.gif=01;35:*.bmp=01;35:*.pbm=01;35:*.pgm=01;35:*.ppm=01;35:*.tga=01;35:*.xbm=01;35:*.xpm=01;35:*.tif=01;35:*.tiff=01;35:*.png=01;35:*.svg=01;35:*.svgz=01;35:*.mng=01;35:*.pcx=01;35:*.mov=01;35:*.mpg=01;35:*.mpeg=01;35:*.m2v=01;35:*.mkv=01;35:*.webm=01;35:*.ogm=01;35:*.mp4=01;35:*.m4v=01;35:*.mp4v=01;35:*.vob=01;35:*.qt=01;35:*.nuv=01;35:*.wmv=01;35:*.asf=01;35:*.rm=01;35:*.rmvb=01;35:*.flc=01;35:*.avi=01;35:*.fli=01;35:*.flv=01;35:*.gl=01;35:*.dl=01;35:*.xcf=01;35:*.xwd=01;35:*.yuv=01;35:*.cgm=01;35:*.emf=01;35:*.ogv=01;35:*.ogx=01;35:*.aac=00;36:*.au=00;36:*.flac=00;36:*.m4a=00;36:*.mid=00;36:*.midi=00;36:*.mka=00;36:*.mp3=00;36:*.mpc=00;36:*.ogg=00;36:*.ra=00;36:*.wav=00;36:*.oga=00;36:*.opus=00;36:*.spx=00;36:*.xspf=00;36:'), ('GNOME_TERMINAL_SERVICE', ':1.113'), ('SSH_AUTH_SOCK', '/run/user/1000/keyring/ssh'), ('AMENT_PREFIX_PATH', '/home/cav330/f1tenth_ws/install/joy_teleop:/home/cav330/f1tenth_ws/install/teleop_tools_msgs:/home/cav330/f1tenth_ws/install/key_teleop:/opt/ros/foxy'), ('SHELL', '/bin/bash'), ('QT_ACCESSIBILITY', '1'), ('GDMSESSION', 'ubuntu'), ('LESSCLOSE', '/usr/bin/lesspipe %s %s'), ('GPG_AGENT_INFO', '/run/user/1000/gnupg/S.gpg-agent:0:1'), ('GJS_DEBUG_OUTPUT', 'stderr'), ('QT_IM_MODULE', 'ibus'), ('PWD', '/home/cav330/f1tenth_ws/build/teleop_tools'), ('XDG_CONFIG_DIRS', '/etc/xdg/xdg-ubuntu:/etc/xdg'), ('XDG_DATA_DIRS', '/usr/share/ubuntu:/usr/local/share/:/usr/share/:/var/lib/snapd/desktop'), ('PYTHONPATH', '/home/cav330/f1tenth_ws/install/joy_teleop/lib/python3.8/site-packages:/home/cav330/f1tenth_ws/install/teleop_tools_msgs/lib/python3.8/site-packages:/home/cav330/f1tenth_ws/install/key_teleop/lib/python3.8/site-packages:/opt/ros/foxy/lib/python3.8/site-packages'), ('COLCON', '1'), ('VTE_VERSION', '6003'), ('CMAKE_PREFIX_PATH', '/home/cav330/f1tenth_ws/install/teleop_tools_msgs:/opt/ros/foxy')]), 'shell': False}
[60.648934] (-) TimerEvent: {}
[60.750389] (-) TimerEvent: {}
[60.852030] (-) TimerEvent: {}
[60.856970] (teleop_tools) CommandEnded: {'returncode': 0}
[60.861546] (teleop_tools) JobProgress: {'identifier': 'teleop_tools', 'progress': 'install'}
[60.862711] (teleop_tools) Command: {'cmd': ['/usr/bin/cmake', '--install', '/home/cav330/f1tenth_ws/build/teleop_tools'], 'cwd': '/home/cav330/f1tenth_ws/build/teleop_tools', 'env': OrderedDict([('GJS_DEBUG_TOPICS', 'JS ERROR;JS LOG'), ('LESSOPEN', '| /usr/bin/lesspipe %s'), ('USER', 'cav330'), ('SSH_AGENT_PID', '3256'), ('XDG_SESSION_TYPE', 'x11'), ('SHLVL', '1'), ('LD_LIBRARY_PATH', '/home/cav330/f1tenth_ws/install/teleop_tools_msgs/lib:/opt/ros/foxy/opt/yaml_cpp_vendor/lib:/opt/ros/foxy/opt/rviz_ogre_vendor/lib:/opt/ros/foxy/lib/aarch64-linux-gnu:/opt/ros/foxy/lib:/usr/local/cuda-11.4/lib64'), ('HOME', '/home/cav330'), ('OLDPWD', '/home/cav330/f1tenth_ws/src'), ('DESKTOP_SESSION', 'ubuntu'), ('ROS_PYTHON_VERSION', '3'), ('GNOME_SHELL_SESSION_MODE', 'ubuntu'), ('GTK_MODULES', 'gail:atk-bridge'), ('MANAGERPID', '2241'), ('DBUS_SESSION_BUS_ADDRESS', 'unix:path=/run/user/1000/bus'), ('COLORTERM', 'truecolor'), ('IM_CONFIG_PHASE', '1'), ('ROS_DISTRO', 'foxy'), ('LOGNAME', 'cav330'), ('JOURNAL_STREAM', '8:59348'), ('_', '/usr/bin/colcon'), ('ROS_VERSION', '2'), ('XDG_SESSION_CLASS', 'user'), ('USERNAME', 'cav330'), ('TERM', 'xterm-256color'), ('GNOME_DESKTOP_SESSION_ID', 'this-is-deprecated'), ('ROS_LOCALHOST_ONLY', '0'), ('WINDOWPATH', '3'), ('PATH', '/opt/ros/foxy/bin:/usr/local/cuda-11.4/bin:/usr/local/sbin:/usr/local/bin:/usr/sbin:/usr/bin:/sbin:/bin:/usr/games:/usr/local/games:/snap/bin'), ('SESSION_MANAGER', 'local/ubuntu:@/tmp/.ICE-unix/3308,unix/ubuntu:/tmp/.ICE-unix/3308'), ('INVOCATION_ID', 'bf49e6a9c0ee431ca47543a5b4a2e888'), ('XDG_MENU_PREFIX', 'gnome-'), ('GNOME_TERMINAL_SCREEN', '/org/gnome/Terminal/screen/cf3d13d9_a795_4efc_b844_cdf06d1a71bd'), ('XDG_RUNTIME_DIR', '/run/user/1000'), ('DISPLAY', ':1'), ('LANG', 'en_CA.UTF-8'), ('XDG_CURRENT_DESKTOP', 'ubuntu:GNOME'), ('XMODIFIERS', '@im=ibus'), ('XDG_SESSION_DESKTOP', 'ubuntu'), ('XAUTHORITY', '/run/user/1000/gdm/Xauthority'), ('LS_COLORS', 'rs=0:di=01;34:ln=01;36:mh=00:pi=40;33:so=01;35:do=01;35:bd=40;33;01:cd=40;33;01:or=40;31;01:mi=00:su=37;41:sg=30;43:ca=30;41:tw=30;42:ow=34;42:st=37;44:ex=01;32:*.tar=01;31:*.tgz=01;31:*.arc=01;31:*.arj=01;31:*.taz=01;31:*.lha=01;31:*.lz4=01;31:*.lzh=01;31:*.lzma=01;31:*.tlz=01;31:*.txz=01;31:*.tzo=01;31:*.t7z=01;31:*.zip=01;31:*.z=01;31:*.dz=01;31:*.gz=01;31:*.lrz=01;31:*.lz=01;31:*.lzo=01;31:*.xz=01;31:*.zst=01;31:*.tzst=01;31:*.bz2=01;31:*.bz=01;31:*.tbz=01;31:*.tbz2=01;31:*.tz=01;31:*.deb=01;31:*.rpm=01;31:*.jar=01;31:*.war=01;31:*.ear=01;31:*.sar=01;31:*.rar=01;31:*.alz=01;31:*.ace=01;31:*.zoo=01;31:*.cpio=01;31:*.7z=01;31:*.rz=01;31:*.cab=01;31:*.wim=01;31:*.swm=01;31:*.dwm=01;31:*.esd=01;31:*.jpg=01;35:*.jpeg=01;35:*.mjpg=01;35:*.mjpeg=01;35:*.gif=01;35:*.bmp=01;35:*.pbm=01;35:*.pgm=01;35:*.ppm=01;35:*.tga=01;35:*.xbm=01;35:*.xpm=01;35:*.tif=01;35:*.tiff=01;35:*.png=01;35:*.svg=01;35:*.svgz=01;35:*.mng=01;35:*.pcx=01;35:*.mov=01;35:*.mpg=01;35:*.mpeg=01;35:*.m2v=01;35:*.mkv=01;35:*.webm=01;35:*.ogm=01;35:*.mp4=01;35:*.m4v=01;35:*.mp4v=01;35:*.vob=01;35:*.qt=01;35:*.nuv=01;35:*.wmv=01;35:*.asf=01;35:*.rm=01;35:*.rmvb=01;35:*.flc=01;35:*.avi=01;35:*.fli=01;35:*.flv=01;35:*.gl=01;35:*.dl=01;35:*.xcf=01;35:*.xwd=01;35:*.yuv=01;35:*.cgm=01;35:*.emf=01;35:*.ogv=01;35:*.ogx=01;35:*.aac=00;36:*.au=00;36:*.flac=00;36:*.m4a=00;36:*.mid=00;36:*.midi=00;36:*.mka=00;36:*.mp3=00;36:*.mpc=00;36:*.ogg=00;36:*.ra=00;36:*.wav=00;36:*.oga=00;36:*.opus=00;36:*.spx=00;36:*.xspf=00;36:'), ('GNOME_TERMINAL_SERVICE', ':1.113'), ('SSH_AUTH_SOCK', '/run/user/1000/keyring/ssh'), ('AMENT_PREFIX_PATH', '/home/cav330/f1tenth_ws/install/joy_teleop:/home/cav330/f1tenth_ws/install/teleop_tools_msgs:/home/cav330/f1tenth_ws/install/key_teleop:/opt/ros/foxy'), ('SHELL', '/bin/bash'), ('QT_ACCESSIBILITY', '1'), ('GDMSESSION', 'ubuntu'), ('LESSCLOSE', '/usr/bin/lesspipe %s %s'), ('GPG_AGENT_INFO', '/run/user/1000/gnupg/S.gpg-agent:0:1'), ('GJS_DEBUG_OUTPUT', 'stderr'), ('QT_IM_MODULE', 'ibus'), ('PWD', '/home/cav330/f1tenth_ws/build/teleop_tools'), ('XDG_CONFIG_DIRS', '/etc/xdg/xdg-ubuntu:/etc/xdg'), ('XDG_DATA_DIRS', '/usr/share/ubuntu:/usr/local/share/:/usr/share/:/var/lib/snapd/desktop'), ('PYTHONPATH', '/home/cav330/f1tenth_ws/install/joy_teleop/lib/python3.8/site-packages:/home/cav330/f1tenth_ws/install/teleop_tools_msgs/lib/python3.8/site-packages:/home/cav330/f1tenth_ws/install/key_teleop/lib/python3.8/site-packages:/opt/ros/foxy/lib/python3.8/site-packages'), ('COLCON', '1'), ('VTE_VERSION', '6003'), ('CMAKE_PREFIX_PATH', '/home/cav330/f1tenth_ws/install/teleop_tools_msgs:/opt/ros/foxy')]), 'shell': False}
[60.930042] (teleop_tools) StdoutLine: {'line': b'-- Install configuration: ""\n'}
[60.936663] (teleop_tools) StdoutLine: {'line': b'-- Installing: /home/cav330/f1tenth_ws/install/teleop_tools/share/ament_index/resource_index/package_run_dependencies/teleop_tools\n'}
[60.941521] (teleop_tools) StdoutLine: {'line': b'-- Installing: /home/cav330/f1tenth_ws/install/teleop_tools/share/ament_index/resource_index/parent_prefix_path/teleop_tools\n'}
[60.944278] (teleop_tools) StdoutLine: {'line': b'-- Installing: /home/cav330/f1tenth_ws/install/teleop_tools/share/teleop_tools/environment/ament_prefix_path.sh\n'}
[60.946888] (teleop_tools) StdoutLine: {'line': b'-- Installing: /home/cav330/f1tenth_ws/install/teleop_tools/share/teleop_tools/environment/ament_prefix_path.dsv\n'}
[60.950591] (teleop_tools) StdoutLine: {'line': b'-- Installing: /home/cav330/f1tenth_ws/install/teleop_tools/share/teleop_tools/environment/path.sh\n'}
[60.952274] (-) TimerEvent: {}
[60.954482] (teleop_tools) StdoutLine: {'line': b'-- Installing: /home/cav330/f1tenth_ws/install/teleop_tools/share/teleop_tools/environment/path.dsv\n'}
[60.956616] (teleop_tools) StdoutLine: {'line': b'-- Installing: /home/cav330/f1tenth_ws/install/teleop_tools/share/teleop_tools/local_setup.bash\n'}
[60.958688] (teleop_tools) StdoutLine: {'line': b'-- Installing: /home/cav330/f1tenth_ws/install/teleop_tools/share/teleop_tools/local_setup.sh\n'}
[60.961622] (teleop_tools) StdoutLine: {'line': b'-- Installing: /home/cav330/f1tenth_ws/install/teleop_tools/share/teleop_tools/local_setup.zsh\n'}
[60.963694] (teleop_tools) StdoutLine: {'line': b'-- Installing: /home/cav330/f1tenth_ws/install/teleop_tools/share/teleop_tools/local_setup.dsv\n'}
[60.966031] (teleop_tools) StdoutLine: {'line': b'-- Installing: /home/cav330/f1tenth_ws/install/teleop_tools/share/teleop_tools/package.dsv\n'}
[60.968675] (teleop_tools) StdoutLine: {'line': b'-- Installing: /home/cav330/f1tenth_ws/install/teleop_tools/share/ament_index/resource_index/packages/teleop_tools\n'}
[60.979175] (teleop_tools) StdoutLine: {'line': b'-- Installing: /home/cav330/f1tenth_ws/install/teleop_tools/share/teleop_tools/cmake/teleop_toolsConfig.cmake\n'}
[60.981415] (teleop_tools) StdoutLine: {'line': b'-- Installing: /home/cav330/f1tenth_ws/install/teleop_tools/share/teleop_tools/cmake/teleop_toolsConfig-version.cmake\n'}
[60.983755] (teleop_tools) StdoutLine: {'line': b'-- Installing: /home/cav330/f1tenth_ws/install/teleop_tools/share/teleop_tools/package.xml\n'}
[61.005557] (teleop_tools) CommandEnded: {'returncode': 0}
[61.052678] (-) TimerEvent: {}
[61.102585] (teleop_tools) JobEnded: {'identifier': 'teleop_tools', 'rc': 0}
[61.152912] (-) TimerEvent: {}
[61.257840] (-) TimerEvent: {}
[61.359940] (-) TimerEvent: {}
[61.461238] (-) TimerEvent: {}
[61.562738] (-) TimerEvent: {}
[61.664049] (-) TimerEvent: {}
[61.771221] (-) TimerEvent: {}
[61.880255] (-) TimerEvent: {}
[61.982657] (-) TimerEvent: {}
[62.086022] (-) TimerEvent: {}
[62.187601] (-) TimerEvent: {}
[62.289240] (-) TimerEvent: {}
[62.390308] (-) TimerEvent: {}
[62.491401] (-) TimerEvent: {}
[62.592461] (-) TimerEvent: {}
[62.683893] (vesc_msgs) StdoutLine: {'line': b'[ 56%] \x1b[32m\x1b[1mLinking CXX shared library libvesc_msgs__rosidl_typesupport_fastrtps_cpp.so\x1b[0m\n'}
[62.692688] (-) TimerEvent: {}
[62.794241] (-) TimerEvent: {}
[62.898755] (-) TimerEvent: {}
[63.000098] (-) TimerEvent: {}
[63.101417] (-) TimerEvent: {}
[63.203614] (-) TimerEvent: {}
[63.220480] (vesc_msgs) StdoutLine: {'line': b'[ 56%] Built target vesc_msgs__rosidl_typesupport_fastrtps_cpp\n'}
[63.298450] (vesc_msgs) StdoutLine: {'line': b'[ 58%] \x1b[34m\x1b[1mGenerating C++ type support dispatch for ROS interfaces\x1b[0m\n'}
[63.304115] (-) TimerEvent: {}
[63.405705] (-) TimerEvent: {}
[63.506648] (-) TimerEvent: {}
[63.608688] (-) TimerEvent: {}
[63.709807] (-) TimerEvent: {}
[63.813413] (-) TimerEvent: {}
[63.914321] (-) TimerEvent: {}
[64.015403] (-) TimerEvent: {}
[64.116476] (-) TimerEvent: {}
[64.217432] (-) TimerEvent: {}
[64.318529] (-) TimerEvent: {}
[64.419693] (-) TimerEvent: {}
[64.520644] (-) TimerEvent: {}
[64.622038] (-) TimerEvent: {}
[64.723298] (-) TimerEvent: {}
[64.827248] (-) TimerEvent: {}
[64.916795] (ackermann_mux) StdoutLine: {'line': b'[ 75%] \x1b[32mBuilding CXX object CMakeFiles/ackermann_mux.dir/src/ackermann_mux_diagnostics.cpp.o\x1b[0m\n'}
[64.927520] (-) TimerEvent: {}
[65.029113] (-) TimerEvent: {}
[65.089520] (vesc_msgs) StdoutLine: {'line': b'\x1b[35m\x1b[1mScanning dependencies of target vesc_msgs__rosidl_typesupport_cpp\x1b[0m\n'}
[65.129318] (-) TimerEvent: {}
[65.187874] (vesc_msgs) StdoutLine: {'line': b'[ 60%] \x1b[32mBuilding CXX object CMakeFiles/vesc_msgs__rosidl_typesupport_cpp.dir/rosidl_typesupport_cpp/vesc_msgs/msg/vesc_state__type_support.cpp.o\x1b[0m\n'}
[65.229568] (-) TimerEvent: {}
[65.330592] (-) TimerEvent: {}
[65.431561] (-) TimerEvent: {}
[65.532798] (-) TimerEvent: {}
[65.634056] (-) TimerEvent: {}
[65.736032] (-) TimerEvent: {}
[65.840488] (-) TimerEvent: {}
[65.941531] (-) TimerEvent: {}
[66.042654] (-) TimerEvent: {}
[66.144679] (-) TimerEvent: {}
[66.245658] (-) TimerEvent: {}
[66.346724] (-) TimerEvent: {}
[66.448178] (-) TimerEvent: {}
[66.551474] (-) TimerEvent: {}
[66.652731] (-) TimerEvent: {}
[66.683697] (vesc_msgs) StdoutLine: {'line': b'[ 61%] \x1b[32mBuilding CXX object CMakeFiles/vesc_msgs__rosidl_typesupport_cpp.dir/rosidl_typesupport_cpp/vesc_msgs/msg/vesc_imu__type_support.cpp.o\x1b[0m\n'}
[66.752974] (-) TimerEvent: {}
[66.854860] (-) TimerEvent: {}
[66.956656] (-) TimerEvent: {}
[67.058274] (-) TimerEvent: {}
[67.161427] (-) TimerEvent: {}
[67.269827] (-) TimerEvent: {}
[67.372572] (-) TimerEvent: {}
[67.473916] (-) TimerEvent: {}
[67.575108] (-) TimerEvent: {}
[67.676901] (-) TimerEvent: {}
[67.778444] (-) TimerEvent: {}
[67.880609] (-) TimerEvent: {}
[67.981681] (-) TimerEvent: {}
[68.082897] (-) TimerEvent: {}
[68.183927] (-) TimerEvent: {}
[68.285011] (-) TimerEvent: {}
[68.344619] (vesc_msgs) StdoutLine: {'line': b'[ 63%] \x1b[32mBuilding CXX object CMakeFiles/vesc_msgs__rosidl_typesupport_cpp.dir/rosidl_typesupport_cpp/vesc_msgs/msg/vesc_imu_stamped__type_support.cpp.o\x1b[0m\n'}
[68.385265] (-) TimerEvent: {}
[68.486704] (-) TimerEvent: {}
[68.591451] (-) TimerEvent: {}
[68.693964] (-) TimerEvent: {}
[68.795405] (-) TimerEvent: {}
[68.900690] (-) TimerEvent: {}
[69.003590] (-) TimerEvent: {}
[69.104981] (-) TimerEvent: {}
[69.206978] (-) TimerEvent: {}
[69.308647] (-) TimerEvent: {}
[69.410432] (-) TimerEvent: {}
[69.511448] (-) TimerEvent: {}
[69.612617] (-) TimerEvent: {}
[69.713625] (-) TimerEvent: {}
[69.815405] (-) TimerEvent: {}
[69.855813] (vesc_msgs) StdoutLine: {'line': b'[ 65%] \x1b[32mBuilding CXX object CMakeFiles/vesc_msgs__rosidl_typesupport_cpp.dir/rosidl_typesupport_cpp/vesc_msgs/msg/vesc_state_stamped__type_support.cpp.o\x1b[0m\n'}
[69.915663] (-) TimerEvent: {}
[70.017294] (-) TimerEvent: {}
[70.118901] (-) TimerEvent: {}
[70.219904] (-) TimerEvent: {}
[70.321361] (-) TimerEvent: {}
[70.423931] (-) TimerEvent: {}
[70.525759] (-) TimerEvent: {}
[70.627429] (-) TimerEvent: {}
[70.728669] (-) TimerEvent: {}
[70.829794] (-) TimerEvent: {}
[70.930980] (-) TimerEvent: {}
[71.032142] (-) TimerEvent: {}
[71.133976] (-) TimerEvent: {}
[71.235325] (-) TimerEvent: {}
[71.336525] (-) TimerEvent: {}
[71.438023] (-) TimerEvent: {}
[71.517373] (vesc_msgs) StdoutLine: {'line': b'[ 67%] \x1b[32m\x1b[1mLinking CXX shared library libvesc_msgs__rosidl_typesupport_cpp.so\x1b[0m\n'}
[71.538290] (-) TimerEvent: {}
[71.640678] (-) TimerEvent: {}
[71.743576] (-) TimerEvent: {}
[71.746631] (vesc_msgs) StdoutLine: {'line': b'[ 67%] Built target vesc_msgs__rosidl_typesupport_cpp\n'}
[71.829849] (vesc_msgs) StdoutLine: {'line': b'[ 69%] \x1b[34m\x1b[1mGenerating C type support for eProsima Fast-RTPS\x1b[0m\n'}
[71.843804] (-) TimerEvent: {}
[71.944962] (-) TimerEvent: {}
[72.046497] (-) TimerEvent: {}
[72.147759] (-) TimerEvent: {}
[72.248840] (-) TimerEvent: {}
[72.349766] (-) TimerEvent: {}
[72.451344] (-) TimerEvent: {}
[72.552734] (-) TimerEvent: {}
[72.655043] (-) TimerEvent: {}
[72.756016] (-) TimerEvent: {}
[72.857610] (-) TimerEvent: {}
[72.959306] (-) TimerEvent: {}
[73.060864] (-) TimerEvent: {}
[73.162150] (-) TimerEvent: {}
[73.264164] (-) TimerEvent: {}
[73.369983] (-) TimerEvent: {}
[73.472985] (-) TimerEvent: {}
[73.573979] (-) TimerEvent: {}
[73.674943] (-) TimerEvent: {}
[73.776007] (-) TimerEvent: {}
[73.878367] (-) TimerEvent: {}
[73.979444] (-) TimerEvent: {}
[74.080734] (-) TimerEvent: {}
[74.151603] (vesc_msgs) StdoutLine: {'line': b'\x1b[35m\x1b[1mScanning dependencies of target vesc_msgs__rosidl_typesupport_fastrtps_c\x1b[0m\n'}
[74.181008] (-) TimerEvent: {}
[74.281956] (-) TimerEvent: {}
[74.295271] (vesc_msgs) StdoutLine: {'line': b'[ 70%] \x1b[32mBuilding CXX object CMakeFiles/vesc_msgs__rosidl_typesupport_fastrtps_c.dir/rosidl_typesupport_fastrtps_c/vesc_msgs/msg/detail/vesc_state__type_support_c.cpp.o\x1b[0m\n'}
[74.382249] (-) TimerEvent: {}
[74.483320] (-) TimerEvent: {}
[74.584584] (-) TimerEvent: {}
[74.685898] (-) TimerEvent: {}
[74.787052] (-) TimerEvent: {}
[74.888170] (-) TimerEvent: {}
[74.990539] (-) TimerEvent: {}
[75.092651] (-) TimerEvent: {}
[75.193750] (-) TimerEvent: {}
[75.294761] (-) TimerEvent: {}
[75.396673] (-) TimerEvent: {}
[75.497728] (-) TimerEvent: {}
[75.598886] (-) TimerEvent: {}
[75.701691] (-) TimerEvent: {}
[75.803559] (-) TimerEvent: {}
[75.904807] (-) TimerEvent: {}
[76.005967] (-) TimerEvent: {}
[76.107757] (-) TimerEvent: {}
[76.209525] (-) TimerEvent: {}
[76.311554] (-) TimerEvent: {}
[76.400235] (vesc_msgs) StdoutLine: {'line': b'[ 72%] \x1b[32mBuilding CXX object CMakeFiles/vesc_msgs__rosidl_typesupport_fastrtps_c.dir/rosidl_typesupport_fastrtps_c/vesc_msgs/msg/detail/vesc_imu_stamped__type_support_c.cpp.o\x1b[0m\n'}
[76.412042] (-) TimerEvent: {}
[76.514034] (-) TimerEvent: {}
[76.617437] (-) TimerEvent: {}
[76.718538] (-) TimerEvent: {}
[76.820870] (-) TimerEvent: {}
[76.922435] (-) TimerEvent: {}
[77.023830] (-) TimerEvent: {}
[77.125065] (-) TimerEvent: {}
[77.226679] (-) TimerEvent: {}
[77.328272] (-) TimerEvent: {}
[77.429558] (-) TimerEvent: {}
[77.531116] (-) TimerEvent: {}
[77.632491] (-) TimerEvent: {}
[77.734789] (-) TimerEvent: {}
[77.837176] (-) TimerEvent: {}
[77.942834] (-) TimerEvent: {}
[78.044698] (-) TimerEvent: {}
[78.146563] (-) TimerEvent: {}
[78.248181] (-) TimerEvent: {}
[78.349405] (-) TimerEvent: {}
[78.451135] (-) TimerEvent: {}
[78.466345] (vesc_msgs) StdoutLine: {'line': b'[ 74%] \x1b[32mBuilding CXX object CMakeFiles/vesc_msgs__rosidl_typesupport_fastrtps_c.dir/rosidl_typesupport_fastrtps_c/vesc_msgs/msg/detail/vesc_imu__type_support_c.cpp.o\x1b[0m\n'}
[78.551567] (-) TimerEvent: {}
[78.652818] (-) TimerEvent: {}
[78.757192] (-) TimerEvent: {}
[78.864711] (-) TimerEvent: {}
[78.966769] (-) TimerEvent: {}
[79.067813] (-) TimerEvent: {}
[79.172671] (-) TimerEvent: {}
[79.275306] (-) TimerEvent: {}
[79.377448] (-) TimerEvent: {}
[79.478787] (-) TimerEvent: {}
[79.581757] (-) TimerEvent: {}
[79.683434] (-) TimerEvent: {}
[79.784587] (-) TimerEvent: {}
[79.886262] (-) TimerEvent: {}
[79.989718] (-) TimerEvent: {}
[80.091787] (-) TimerEvent: {}
[80.197487] (-) TimerEvent: {}
[80.204570] (vesc_msgs) StdoutLine: {'line': b'[ 76%] \x1b[32mBuilding CXX object CMakeFiles/vesc_msgs__rosidl_typesupport_fastrtps_c.dir/rosidl_typesupport_fastrtps_c/vesc_msgs/msg/detail/vesc_state_stamped__type_support_c.cpp.o\x1b[0m\n'}
[80.297706] (-) TimerEvent: {}
[80.399706] (-) TimerEvent: {}
[80.503687] (-) TimerEvent: {}
[80.604834] (-) TimerEvent: {}
[80.705946] (-) TimerEvent: {}
[80.810979] (-) TimerEvent: {}
[80.912339] (-) TimerEvent: {}
[81.013767] (-) TimerEvent: {}
[81.115929] (-) TimerEvent: {}
[81.220553] (-) TimerEvent: {}
[81.321745] (-) TimerEvent: {}
[81.423062] (-) TimerEvent: {}
[81.527413] (-) TimerEvent: {}
[81.629316] (-) TimerEvent: {}
[81.730327] (-) TimerEvent: {}
[81.832083] (-) TimerEvent: {}
[81.933237] (-) TimerEvent: {}
[81.938606] (vesc_msgs) StdoutLine: {'line': b'[ 78%] \x1b[32m\x1b[1mLinking CXX shared library libvesc_msgs__rosidl_typesupport_fastrtps_c.so\x1b[0m\n'}
[82.033500] (-) TimerEvent: {}
[82.134500] (-) TimerEvent: {}
[82.236052] (-) TimerEvent: {}
[82.337418] (-) TimerEvent: {}
[82.405955] (vesc_msgs) StdoutLine: {'line': b'[ 78%] Built target vesc_msgs__rosidl_typesupport_fastrtps_c\n'}
[82.437741] (-) TimerEvent: {}
[82.486654] (vesc_msgs) StdoutLine: {'line': b'\x1b[35m\x1b[1mScanning dependencies of target vesc_msgs\x1b[0m\n'}
[82.537939] (-) TimerEvent: {}
[82.549624] (vesc_msgs) StdoutLine: {'line': b'[ 78%] Built target vesc_msgs\n'}
[82.630085] (vesc_msgs) StdoutLine: {'line': b'\x1b[35m\x1b[1mScanning dependencies of target vesc_msgs__py\x1b[0m\n'}
[82.638158] (-) TimerEvent: {}
[82.699797] (vesc_msgs) StdoutLine: {'line': b'[ 80%] \x1b[34m\x1b[1mGenerating Python code for ROS interfaces\x1b[0m\n'}
[82.738429] (-) TimerEvent: {}
[82.840808] (-) TimerEvent: {}
[82.942312] (-) TimerEvent: {}
[83.043564] (-) TimerEvent: {}
[83.144740] (-) TimerEvent: {}
[83.245732] (-) TimerEvent: {}
[83.347102] (-) TimerEvent: {}
[83.448101] (-) TimerEvent: {}
[83.549820] (-) TimerEvent: {}
[83.651354] (-) TimerEvent: {}
[83.752972] (-) TimerEvent: {}
[83.854044] (-) TimerEvent: {}
[83.955039] (-) TimerEvent: {}
[84.056549] (-) TimerEvent: {}
[84.160981] (-) TimerEvent: {}
[84.261926] (-) TimerEvent: {}
[84.363237] (-) TimerEvent: {}
[84.466254] (-) TimerEvent: {}
[84.567564] (-) TimerEvent: {}
[84.668769] (-) TimerEvent: {}
[84.770336] (-) TimerEvent: {}
[84.871278] (-) TimerEvent: {}
[84.972247] (-) TimerEvent: {}
[85.073796] (-) TimerEvent: {}
[85.175408] (-) TimerEvent: {}
[85.278479] (-) TimerEvent: {}
[85.379636] (-) TimerEvent: {}
[85.480759] (-) TimerEvent: {}
[85.583423] (-) TimerEvent: {}
[85.685057] (-) TimerEvent: {}
[85.788243] (-) TimerEvent: {}
[85.889862] (-) TimerEvent: {}
[85.991127] (-) TimerEvent: {}
[86.092900] (-) TimerEvent: {}
[86.195261] (-) TimerEvent: {}
[86.297139] (-) TimerEvent: {}
[86.403411] (-) TimerEvent: {}
[86.504884] (-) TimerEvent: {}
[86.606459] (-) TimerEvent: {}
[86.707556] (-) TimerEvent: {}
[86.808687] (-) TimerEvent: {}
[86.915663] (-) TimerEvent: {}
[86.928852] (vesc_msgs) StdoutLine: {'line': b'[ 80%] Built target vesc_msgs__py\n'}
[86.985580] (vesc_msgs) StdoutLine: {'line': b'\x1b[35m\x1b[1mScanning dependencies of target vesc_msgs__python\x1b[0m\n'}
[87.015936] (-) TimerEvent: {}
[87.117205] (-) TimerEvent: {}
[87.140174] (vesc_msgs) StdoutLine: {'line': b'[ 81%] \x1b[32mBuilding C object CMakeFiles/vesc_msgs__python.dir/rosidl_generator_py/vesc_msgs/msg/_vesc_state_s.c.o\x1b[0m\n'}
[87.217466] (-) TimerEvent: {}
[87.322564] (-) TimerEvent: {}
[87.429608] (-) TimerEvent: {}
[87.536991] (-) TimerEvent: {}
[87.638666] (-) TimerEvent: {}
[87.739745] (-) TimerEvent: {}
[87.764847] (vesc_msgs) StdoutLine: {'line': b'[ 83%] \x1b[32mBuilding C object CMakeFiles/vesc_msgs__python.dir/rosidl_generator_py/vesc_msgs/msg/_vesc_imu_stamped_s.c.o\x1b[0m\n'}
[87.840270] (-) TimerEvent: {}
[87.942968] (-) TimerEvent: {}
[88.044529] (-) TimerEvent: {}
[88.145876] (-) TimerEvent: {}
[88.247141] (-) TimerEvent: {}
[88.349158] (-) TimerEvent: {}
[88.414086] (vesc_msgs) StdoutLine: {'line': b'[ 85%] \x1b[32mBuilding C object CMakeFiles/vesc_msgs__python.dir/rosidl_generator_py/vesc_msgs/msg/_vesc_imu_s.c.o\x1b[0m\n'}
[88.449374] (-) TimerEvent: {}
[88.502745] (ackermann_mux) StdoutLine: {'line': b'[100%] \x1b[32m\x1b[1mLinking CXX executable ackermann_mux\x1b[0m\n'}
[88.549610] (-) TimerEvent: {}
[88.650858] (-) TimerEvent: {}
[88.751893] (-) TimerEvent: {}
[88.853347] (-) TimerEvent: {}
[88.954285] (-) TimerEvent: {}
[88.968295] (vesc_msgs) StdoutLine: {'line': b'[ 87%] \x1b[32mBuilding C object CMakeFiles/vesc_msgs__python.dir/rosidl_generator_py/vesc_msgs/msg/_vesc_state_stamped_s.c.o\x1b[0m\n'}
[89.054629] (-) TimerEvent: {}
[89.157843] (-) TimerEvent: {}
[89.260060] (-) TimerEvent: {}
[89.361325] (-) TimerEvent: {}
[89.463884] (-) TimerEvent: {}
[89.506446] (vesc_msgs) StdoutLine: {'line': b'[ 89%] \x1b[32m\x1b[1mLinking C shared library rosidl_generator_py/vesc_msgs/libvesc_msgs__python.so\x1b[0m\n'}
[89.562596] (-) TimerEvent: {}
[89.663846] (-) TimerEvent: {}
[89.765752] (-) TimerEvent: {}
[89.785107] (vesc_msgs) StdoutLine: {'line': b'[ 89%] Built target vesc_msgs__python\n'}
[89.848270] (vesc_msgs) StdoutLine: {'line': b'\x1b[35m\x1b[1mScanning dependencies of target vesc_msgs__rosidl_typesupport_c__pyext\x1b[0m\n'}
[89.866050] (-) TimerEvent: {}
[89.967884] (-) TimerEvent: {}
[89.976479] (vesc_msgs) StdoutLine: {'line': b'[ 90%] \x1b[32mBuilding C object CMakeFiles/vesc_msgs__rosidl_typesupport_c__pyext.dir/rosidl_generator_py/vesc_msgs/_vesc_msgs_s.ep.rosidl_typesupport_c.c.o\x1b[0m\n'}
[90.068136] (-) TimerEvent: {}
[90.169618] (-) TimerEvent: {}
[90.270797] (-) TimerEvent: {}
[90.371954] (-) TimerEvent: {}
[90.473072] (-) TimerEvent: {}
[90.487423] (ackermann_mux) StdoutLine: {'line': b'[100%] Built target ackermann_mux\n'}
[90.566678] (ackermann_mux) CommandEnded: {'returncode': 0}
[90.571359] (ackermann_mux) JobProgress: {'identifier': 'ackermann_mux', 'progress': 'install'}
[90.573747] (ackermann_mux) Command: {'cmd': ['/usr/bin/cmake', '--install', '/home/cav330/f1tenth_ws/build/ackermann_mux'], 'cwd': '/home/cav330/f1tenth_ws/build/ackermann_mux', 'env': OrderedDict([('GJS_DEBUG_TOPICS', 'JS ERROR;JS LOG'), ('LESSOPEN', '| /usr/bin/lesspipe %s'), ('USER', 'cav330'), ('SSH_AGENT_PID', '3256'), ('XDG_SESSION_TYPE', 'x11'), ('SHLVL', '1'), ('LD_LIBRARY_PATH', '/opt/ros/foxy/opt/yaml_cpp_vendor/lib:/opt/ros/foxy/opt/rviz_ogre_vendor/lib:/opt/ros/foxy/lib/aarch64-linux-gnu:/opt/ros/foxy/lib:/usr/local/cuda-11.4/lib64:'), ('HOME', '/home/cav330'), ('OLDPWD', '/home/cav330/f1tenth_ws/src'), ('DESKTOP_SESSION', 'ubuntu'), ('ROS_PYTHON_VERSION', '3'), ('GNOME_SHELL_SESSION_MODE', 'ubuntu'), ('GTK_MODULES', 'gail:atk-bridge'), ('MANAGERPID', '2241'), ('DBUS_SESSION_BUS_ADDRESS', 'unix:path=/run/user/1000/bus'), ('COLORTERM', 'truecolor'), ('IM_CONFIG_PHASE', '1'), ('ROS_DISTRO', 'foxy'), ('LOGNAME', 'cav330'), ('JOURNAL_STREAM', '8:59348'), ('_', '/usr/bin/colcon'), ('ROS_VERSION', '2'), ('XDG_SESSION_CLASS', 'user'), ('USERNAME', 'cav330'), ('TERM', 'xterm-256color'), ('GNOME_DESKTOP_SESSION_ID', 'this-is-deprecated'), ('ROS_LOCALHOST_ONLY', '0'), ('WINDOWPATH', '3'), ('PATH', '/opt/ros/foxy/bin:/usr/local/cuda-11.4/bin:/usr/local/sbin:/usr/local/bin:/usr/sbin:/usr/bin:/sbin:/bin:/usr/games:/usr/local/games:/snap/bin'), ('SESSION_MANAGER', 'local/ubuntu:@/tmp/.ICE-unix/3308,unix/ubuntu:/tmp/.ICE-unix/3308'), ('INVOCATION_ID', 'bf49e6a9c0ee431ca47543a5b4a2e888'), ('XDG_MENU_PREFIX', 'gnome-'), ('GNOME_TERMINAL_SCREEN', '/org/gnome/Terminal/screen/cf3d13d9_a795_4efc_b844_cdf06d1a71bd'), ('XDG_RUNTIME_DIR', '/run/user/1000'), ('DISPLAY', ':1'), ('LANG', 'en_CA.UTF-8'), ('XDG_CURRENT_DESKTOP', 'ubuntu:GNOME'), ('XMODIFIERS', '@im=ibus'), ('XDG_SESSION_DESKTOP', 'ubuntu'), ('XAUTHORITY', '/run/user/1000/gdm/Xauthority'), ('LS_COLORS', 'rs=0:di=01;34:ln=01;36:mh=00:pi=40;33:so=01;35:do=01;35:bd=40;33;01:cd=40;33;01:or=40;31;01:mi=00:su=37;41:sg=30;43:ca=30;41:tw=30;42:ow=34;42:st=37;44:ex=01;32:*.tar=01;31:*.tgz=01;31:*.arc=01;31:*.arj=01;31:*.taz=01;31:*.lha=01;31:*.lz4=01;31:*.lzh=01;31:*.lzma=01;31:*.tlz=01;31:*.txz=01;31:*.tzo=01;31:*.t7z=01;31:*.zip=01;31:*.z=01;31:*.dz=01;31:*.gz=01;31:*.lrz=01;31:*.lz=01;31:*.lzo=01;31:*.xz=01;31:*.zst=01;31:*.tzst=01;31:*.bz2=01;31:*.bz=01;31:*.tbz=01;31:*.tbz2=01;31:*.tz=01;31:*.deb=01;31:*.rpm=01;31:*.jar=01;31:*.war=01;31:*.ear=01;31:*.sar=01;31:*.rar=01;31:*.alz=01;31:*.ace=01;31:*.zoo=01;31:*.cpio=01;31:*.7z=01;31:*.rz=01;31:*.cab=01;31:*.wim=01;31:*.swm=01;31:*.dwm=01;31:*.esd=01;31:*.jpg=01;35:*.jpeg=01;35:*.mjpg=01;35:*.mjpeg=01;35:*.gif=01;35:*.bmp=01;35:*.pbm=01;35:*.pgm=01;35:*.ppm=01;35:*.tga=01;35:*.xbm=01;35:*.xpm=01;35:*.tif=01;35:*.tiff=01;35:*.png=01;35:*.svg=01;35:*.svgz=01;35:*.mng=01;35:*.pcx=01;35:*.mov=01;35:*.mpg=01;35:*.mpeg=01;35:*.m2v=01;35:*.mkv=01;35:*.webm=01;35:*.ogm=01;35:*.mp4=01;35:*.m4v=01;35:*.mp4v=01;35:*.vob=01;35:*.qt=01;35:*.nuv=01;35:*.wmv=01;35:*.asf=01;35:*.rm=01;35:*.rmvb=01;35:*.flc=01;35:*.avi=01;35:*.fli=01;35:*.flv=01;35:*.gl=01;35:*.dl=01;35:*.xcf=01;35:*.xwd=01;35:*.yuv=01;35:*.cgm=01;35:*.emf=01;35:*.ogv=01;35:*.ogx=01;35:*.aac=00;36:*.au=00;36:*.flac=00;36:*.m4a=00;36:*.mid=00;36:*.midi=00;36:*.mka=00;36:*.mp3=00;36:*.mpc=00;36:*.ogg=00;36:*.ra=00;36:*.wav=00;36:*.oga=00;36:*.opus=00;36:*.spx=00;36:*.xspf=00;36:'), ('GNOME_TERMINAL_SERVICE', ':1.113'), ('SSH_AUTH_SOCK', '/run/user/1000/keyring/ssh'), ('AMENT_PREFIX_PATH', '/opt/ros/foxy'), ('SHELL', '/bin/bash'), ('QT_ACCESSIBILITY', '1'), ('GDMSESSION', 'ubuntu'), ('LESSCLOSE', '/usr/bin/lesspipe %s %s'), ('GPG_AGENT_INFO', '/run/user/1000/gnupg/S.gpg-agent:0:1'), ('GJS_DEBUG_OUTPUT', 'stderr'), ('QT_IM_MODULE', 'ibus'), ('PWD', '/home/cav330/f1tenth_ws/build/ackermann_mux'), ('XDG_CONFIG_DIRS', '/etc/xdg/xdg-ubuntu:/etc/xdg'), ('XDG_DATA_DIRS', '/usr/share/ubuntu:/usr/local/share/:/usr/share/:/var/lib/snapd/desktop'), ('PYTHONPATH', '/opt/ros/foxy/lib/python3.8/site-packages'), ('COLCON', '1'), ('VTE_VERSION', '6003'), ('CMAKE_PREFIX_PATH', '/opt/ros/foxy')]), 'shell': False}
[90.583430] (-) TimerEvent: {}
[90.593184] (vesc_msgs) StdoutLine: {'line': b'[ 92%] \x1b[32m\x1b[1mLinking C shared library rosidl_generator_py/vesc_msgs/vesc_msgs_s__rosidl_typesupport_c.cpython-38-aarch64-linux-gnu.so\x1b[0m\n'}
[90.642398] (ackermann_mux) StdoutLine: {'line': b'-- Install configuration: ""\n'}
[90.643616] (ackermann_mux) StdoutLine: {'line': b'-- Installing: /home/cav330/f1tenth_ws/install/ackermann_mux/lib/ackermann_mux/ackermann_mux\n'}
[90.675703] (ackermann_mux) StdoutLine: {'line': b'-- Set runtime path of "/home/cav330/f1tenth_ws/install/ackermann_mux/lib/ackermann_mux/ackermann_mux" to ""\n'}
[90.677346] (ackermann_mux) StdoutLine: {'line': b'-- Installing: /home/cav330/f1tenth_ws/install/ackermann_mux/share/ackermann_mux/launch\n'}
[90.677892] (ackermann_mux) StdoutLine: {'line': b'-- Installing: /home/cav330/f1tenth_ws/install/ackermann_mux/share/ackermann_mux/launch/ackermann_mux_launch.py\n'}
[90.678601] (ackermann_mux) StdoutLine: {'line': b'-- Installing: /home/cav330/f1tenth_ws/install/ackermann_mux/share/ackermann_mux/config\n'}
[90.678950] (ackermann_mux) StdoutLine: {'line': b'-- Installing: /home/cav330/f1tenth_ws/install/ackermann_mux/share/ackermann_mux/config/ackermann_mux_locks.yaml\n'}
[90.679392] (ackermann_mux) StdoutLine: {'line': b'-- Installing: /home/cav330/f1tenth_ws/install/ackermann_mux/share/ackermann_mux/config/ackermann_mux_topics.yaml\n'}
[90.679838] (ackermann_mux) StdoutLine: {'line': b'-- Installing: /home/cav330/f1tenth_ws/install/ackermann_mux/share/ackermann_mux/config/joystick.yaml\n'}
[90.680709] (ackermann_mux) StdoutLine: {'line': b'-- Installing: /home/cav330/f1tenth_ws/install/ackermann_mux/include\n'}
[90.681252] (ackermann_mux) StdoutLine: {'line': b'-- Installing: /home/cav330/f1tenth_ws/install/ackermann_mux/include/ackermann_mux\n'}
[90.681713] (ackermann_mux) StdoutLine: {'line': b'-- Installing: /home/cav330/f1tenth_ws/install/ackermann_mux/include/ackermann_mux/topic_handle.hpp\n'}
[90.682164] (ackermann_mux) StdoutLine: {'line': b'-- Installing: /home/cav330/f1tenth_ws/install/ackermann_mux/include/ackermann_mux/params_helpers.hpp\n'}
[90.682753] (ackermann_mux) StdoutLine: {'line': b'-- Installing: /home/cav330/f1tenth_ws/install/ackermann_mux/include/ackermann_mux/utils.hpp\n'}
[90.683331] (ackermann_mux) StdoutLine: {'line': b'-- Installing: /home/cav330/f1tenth_ws/install/ackermann_mux/include/ackermann_mux/ackermann_mux_diagnostics.hpp\n'}
[90.683690] (-) TimerEvent: {}
[90.684218] (ackermann_mux) StdoutLine: {'line': b'-- Installing: /home/cav330/f1tenth_ws/install/ackermann_mux/include/ackermann_mux/ackermann_mux_diagnostics_status.hpp\n'}
[90.684767] (ackermann_mux) StdoutLine: {'line': b'-- Installing: /home/cav330/f1tenth_ws/install/ackermann_mux/include/ackermann_mux/ackermann_mux.hpp\n'}
[90.686243] (ackermann_mux) StdoutLine: {'line': b'-- Installing: /home/cav330/f1tenth_ws/install/ackermann_mux/share/ament_index/resource_index/package_run_dependencies/ackermann_mux\n'}
[90.687384] (ackermann_mux) StdoutLine: {'line': b'-- Installing: /home/cav330/f1tenth_ws/install/ackermann_mux/share/ament_index/resource_index/parent_prefix_path/ackermann_mux\n'}
[90.688661] (ackermann_mux) StdoutLine: {'line': b'-- Installing: /home/cav330/f1tenth_ws/install/ackermann_mux/share/ackermann_mux/environment/ament_prefix_path.sh\n'}
[90.689433] (ackermann_mux) StdoutLine: {'line': b'-- Installing: /home/cav330/f1tenth_ws/install/ackermann_mux/share/ackermann_mux/environment/ament_prefix_path.dsv\n'}
[90.690409] (ackermann_mux) StdoutLine: {'line': b'-- Installing: /home/cav330/f1tenth_ws/install/ackermann_mux/share/ackermann_mux/environment/path.sh\n'}
[90.691146] (ackermann_mux) StdoutLine: {'line': b'-- Installing: /home/cav330/f1tenth_ws/install/ackermann_mux/share/ackermann_mux/environment/path.dsv\n'}
[90.692045] (ackermann_mux) StdoutLine: {'line': b'-- Installing: /home/cav330/f1tenth_ws/install/ackermann_mux/share/ackermann_mux/local_setup.bash\n'}
[90.692925] (ackermann_mux) StdoutLine: {'line': b'-- Installing: /home/cav330/f1tenth_ws/install/ackermann_mux/share/ackermann_mux/local_setup.sh\n'}
[90.693825] (ackermann_mux) StdoutLine: {'line': b'-- Installing: /home/cav330/f1tenth_ws/install/ackermann_mux/share/ackermann_mux/local_setup.zsh\n'}
[90.694671] (ackermann_mux) StdoutLine: {'line': b'-- Installing: /home/cav330/f1tenth_ws/install/ackermann_mux/share/ackermann_mux/local_setup.dsv\n'}
[90.695599] (ackermann_mux) StdoutLine: {'line': b'-- Installing: /home/cav330/f1tenth_ws/install/ackermann_mux/share/ackermann_mux/package.dsv\n'}
[90.696747] (ackermann_mux) StdoutLine: {'line': b'-- Installing: /home/cav330/f1tenth_ws/install/ackermann_mux/share/ament_index/resource_index/packages/ackermann_mux\n'}
[90.697836] (ackermann_mux) StdoutLine: {'line': b'-- Installing: /home/cav330/f1tenth_ws/install/ackermann_mux/share/ackermann_mux/cmake/ament_cmake_export_include_directories-extras.cmake\n'}
[90.698706] (ackermann_mux) StdoutLine: {'line': b'-- Installing: /home/cav330/f1tenth_ws/install/ackermann_mux/share/ackermann_mux/cmake/ament_cmake_export_dependencies-extras.cmake\n'}
[90.699546] (ackermann_mux) StdoutLine: {'line': b'-- Installing: /home/cav330/f1tenth_ws/install/ackermann_mux/share/ackermann_mux/cmake/ackermann_muxConfig.cmake\n'}
[90.700216] (ackermann_mux) StdoutLine: {'line': b'-- Installing: /home/cav330/f1tenth_ws/install/ackermann_mux/share/ackermann_mux/cmake/ackermann_muxConfig-version.cmake\n'}
[90.701246] (ackermann_mux) StdoutLine: {'line': b'-- Installing: /home/cav330/f1tenth_ws/install/ackermann_mux/share/ackermann_mux/package.xml\n'}
[90.722436] (ackermann_mux) CommandEnded: {'returncode': 0}
[90.784500] (-) TimerEvent: {}
[90.811516] (ackermann_mux) JobEnded: {'identifier': 'ackermann_mux', 'rc': 0}
[90.845333] (vesc_msgs) StdoutLine: {'line': b'[ 92%] Built target vesc_msgs__rosidl_typesupport_c__pyext\n'}
[90.884737] (-) TimerEvent: {}
[90.899424] (vesc_msgs) StdoutLine: {'line': b'\x1b[35m\x1b[1mScanning dependencies of target vesc_msgs__rosidl_typesupport_fastrtps_c__pyext\x1b[0m\n'}
[90.985288] (-) TimerEvent: {}
[91.027805] (vesc_msgs) StdoutLine: {'line': b'[ 94%] \x1b[32mBuilding C object CMakeFiles/vesc_msgs__rosidl_typesupport_fastrtps_c__pyext.dir/rosidl_generator_py/vesc_msgs/_vesc_msgs_s.ep.rosidl_typesupport_fastrtps_c.c.o\x1b[0m\n'}
[91.085214] (-) TimerEvent: {}
[91.186092] (-) TimerEvent: {}
[91.287169] (-) TimerEvent: {}
[91.388091] (-) TimerEvent: {}
[91.489445] (-) TimerEvent: {}
[91.530284] (vesc_msgs) StdoutLine: {'line': b'[ 96%] \x1b[32m\x1b[1mLinking CXX shared library rosidl_generator_py/vesc_msgs/vesc_msgs_s__rosidl_typesupport_fastrtps_c.cpython-38-aarch64-linux-gnu.so\x1b[0m\n'}
[91.589675] (-) TimerEvent: {}
[91.690630] (-) TimerEvent: {}
[91.791587] (-) TimerEvent: {}
[91.880678] (vesc_msgs) StdoutLine: {'line': b'[ 96%] Built target vesc_msgs__rosidl_typesupport_fastrtps_c__pyext\n'}
[91.891800] (-) TimerEvent: {}
[91.944737] (vesc_msgs) StdoutLine: {'line': b'\x1b[35m\x1b[1mScanning dependencies of target vesc_msgs__rosidl_typesupport_introspection_c__pyext\x1b[0m\n'}
[91.992604] (-) TimerEvent: {}
[92.058003] (vesc_msgs) StdoutLine: {'line': b'[ 98%] \x1b[32mBuilding C object CMakeFiles/vesc_msgs__rosidl_typesupport_introspection_c__pyext.dir/rosidl_generator_py/vesc_msgs/_vesc_msgs_s.ep.rosidl_typesupport_introspection_c.c.o\x1b[0m\n'}
[92.092865] (-) TimerEvent: {}
[92.194350] (-) TimerEvent: {}
[92.296151] (-) TimerEvent: {}
[92.397773] (-) TimerEvent: {}
[92.498809] (-) TimerEvent: {}
[92.600694] (-) TimerEvent: {}
[92.602463] (vesc_msgs) StdoutLine: {'line': b'[100%] \x1b[32m\x1b[1mLinking C shared library rosidl_generator_py/vesc_msgs/vesc_msgs_s__rosidl_typesupport_introspection_c.cpython-38-aarch64-linux-gnu.so\x1b[0m\n'}
[92.700942] (-) TimerEvent: {}
[92.801930] (vesc_msgs) StdoutLine: {'line': b'[100%] Built target vesc_msgs__rosidl_typesupport_introspection_c__pyext\n'}
[92.803987] (-) TimerEvent: {}
[92.870203] (vesc_msgs) CommandEnded: {'returncode': 0}
[92.874609] (vesc_msgs) JobProgress: {'identifier': 'vesc_msgs', 'progress': 'install'}
[92.876633] (vesc_msgs) Command: {'cmd': ['/usr/bin/cmake', '--install', '/home/cav330/f1tenth_ws/build/vesc_msgs'], 'cwd': '/home/cav330/f1tenth_ws/build/vesc_msgs', 'env': OrderedDict([('GJS_DEBUG_TOPICS', 'JS ERROR;JS LOG'), ('LESSOPEN', '| /usr/bin/lesspipe %s'), ('USER', 'cav330'), ('SSH_AGENT_PID', '3256'), ('XDG_SESSION_TYPE', 'x11'), ('SHLVL', '1'), ('LD_LIBRARY_PATH', '/opt/ros/foxy/opt/yaml_cpp_vendor/lib:/opt/ros/foxy/opt/rviz_ogre_vendor/lib:/opt/ros/foxy/lib/aarch64-linux-gnu:/opt/ros/foxy/lib:/usr/local/cuda-11.4/lib64:'), ('HOME', '/home/cav330'), ('OLDPWD', '/home/cav330/f1tenth_ws/src'), ('DESKTOP_SESSION', 'ubuntu'), ('ROS_PYTHON_VERSION', '3'), ('GNOME_SHELL_SESSION_MODE', 'ubuntu'), ('GTK_MODULES', 'gail:atk-bridge'), ('MANAGERPID', '2241'), ('DBUS_SESSION_BUS_ADDRESS', 'unix:path=/run/user/1000/bus'), ('COLORTERM', 'truecolor'), ('IM_CONFIG_PHASE', '1'), ('ROS_DISTRO', 'foxy'), ('LOGNAME', 'cav330'), ('JOURNAL_STREAM', '8:59348'), ('_', '/usr/bin/colcon'), ('ROS_VERSION', '2'), ('XDG_SESSION_CLASS', 'user'), ('USERNAME', 'cav330'), ('TERM', 'xterm-256color'), ('GNOME_DESKTOP_SESSION_ID', 'this-is-deprecated'), ('ROS_LOCALHOST_ONLY', '0'), ('WINDOWPATH', '3'), ('PATH', '/opt/ros/foxy/bin:/usr/local/cuda-11.4/bin:/usr/local/sbin:/usr/local/bin:/usr/sbin:/usr/bin:/sbin:/bin:/usr/games:/usr/local/games:/snap/bin'), ('SESSION_MANAGER', 'local/ubuntu:@/tmp/.ICE-unix/3308,unix/ubuntu:/tmp/.ICE-unix/3308'), ('INVOCATION_ID', 'bf49e6a9c0ee431ca47543a5b4a2e888'), ('XDG_MENU_PREFIX', 'gnome-'), ('GNOME_TERMINAL_SCREEN', '/org/gnome/Terminal/screen/cf3d13d9_a795_4efc_b844_cdf06d1a71bd'), ('XDG_RUNTIME_DIR', '/run/user/1000'), ('DISPLAY', ':1'), ('LANG', 'en_CA.UTF-8'), ('XDG_CURRENT_DESKTOP', 'ubuntu:GNOME'), ('XMODIFIERS', '@im=ibus'), ('XDG_SESSION_DESKTOP', 'ubuntu'), ('XAUTHORITY', '/run/user/1000/gdm/Xauthority'), ('LS_COLORS', 'rs=0:di=01;34:ln=01;36:mh=00:pi=40;33:so=01;35:do=01;35:bd=40;33;01:cd=40;33;01:or=40;31;01:mi=00:su=37;41:sg=30;43:ca=30;41:tw=30;42:ow=34;42:st=37;44:ex=01;32:*.tar=01;31:*.tgz=01;31:*.arc=01;31:*.arj=01;31:*.taz=01;31:*.lha=01;31:*.lz4=01;31:*.lzh=01;31:*.lzma=01;31:*.tlz=01;31:*.txz=01;31:*.tzo=01;31:*.t7z=01;31:*.zip=01;31:*.z=01;31:*.dz=01;31:*.gz=01;31:*.lrz=01;31:*.lz=01;31:*.lzo=01;31:*.xz=01;31:*.zst=01;31:*.tzst=01;31:*.bz2=01;31:*.bz=01;31:*.tbz=01;31:*.tbz2=01;31:*.tz=01;31:*.deb=01;31:*.rpm=01;31:*.jar=01;31:*.war=01;31:*.ear=01;31:*.sar=01;31:*.rar=01;31:*.alz=01;31:*.ace=01;31:*.zoo=01;31:*.cpio=01;31:*.7z=01;31:*.rz=01;31:*.cab=01;31:*.wim=01;31:*.swm=01;31:*.dwm=01;31:*.esd=01;31:*.jpg=01;35:*.jpeg=01;35:*.mjpg=01;35:*.mjpeg=01;35:*.gif=01;35:*.bmp=01;35:*.pbm=01;35:*.pgm=01;35:*.ppm=01;35:*.tga=01;35:*.xbm=01;35:*.xpm=01;35:*.tif=01;35:*.tiff=01;35:*.png=01;35:*.svg=01;35:*.svgz=01;35:*.mng=01;35:*.pcx=01;35:*.mov=01;35:*.mpg=01;35:*.mpeg=01;35:*.m2v=01;35:*.mkv=01;35:*.webm=01;35:*.ogm=01;35:*.mp4=01;35:*.m4v=01;35:*.mp4v=01;35:*.vob=01;35:*.qt=01;35:*.nuv=01;35:*.wmv=01;35:*.asf=01;35:*.rm=01;35:*.rmvb=01;35:*.flc=01;35:*.avi=01;35:*.fli=01;35:*.flv=01;35:*.gl=01;35:*.dl=01;35:*.xcf=01;35:*.xwd=01;35:*.yuv=01;35:*.cgm=01;35:*.emf=01;35:*.ogv=01;35:*.ogx=01;35:*.aac=00;36:*.au=00;36:*.flac=00;36:*.m4a=00;36:*.mid=00;36:*.midi=00;36:*.mka=00;36:*.mp3=00;36:*.mpc=00;36:*.ogg=00;36:*.ra=00;36:*.wav=00;36:*.oga=00;36:*.opus=00;36:*.spx=00;36:*.xspf=00;36:'), ('GNOME_TERMINAL_SERVICE', ':1.113'), ('SSH_AUTH_SOCK', '/run/user/1000/keyring/ssh'), ('AMENT_PREFIX_PATH', '/opt/ros/foxy'), ('SHELL', '/bin/bash'), ('QT_ACCESSIBILITY', '1'), ('GDMSESSION', 'ubuntu'), ('LESSCLOSE', '/usr/bin/lesspipe %s %s'), ('GPG_AGENT_INFO', '/run/user/1000/gnupg/S.gpg-agent:0:1'), ('GJS_DEBUG_OUTPUT', 'stderr'), ('QT_IM_MODULE', 'ibus'), ('PWD', '/home/cav330/f1tenth_ws/build/vesc_msgs'), ('XDG_CONFIG_DIRS', '/etc/xdg/xdg-ubuntu:/etc/xdg'), ('XDG_DATA_DIRS', '/usr/share/ubuntu:/usr/local/share/:/usr/share/:/var/lib/snapd/desktop'), ('PYTHONPATH', '/opt/ros/foxy/lib/python3.8/site-packages'), ('COLCON', '1'), ('VTE_VERSION', '6003'), ('CMAKE_PREFIX_PATH', '/opt/ros/foxy')]), 'shell': False}
[92.904426] (-) TimerEvent: {}
[92.949132] (vesc_msgs) StdoutLine: {'line': b'-- Install configuration: ""\n'}
[92.950496] (vesc_msgs) StdoutLine: {'line': b'-- Installing: /home/cav330/f1tenth_ws/install/vesc_msgs/share/ament_index/resource_index/rosidl_interfaces/vesc_msgs\n'}
[92.951629] (vesc_msgs) StdoutLine: {'line': b'-- Installing: /home/cav330/f1tenth_ws/install/vesc_msgs/include/vesc_msgs\n'}
[92.952458] (vesc_msgs) StdoutLine: {'line': b'-- Installing: /home/cav330/f1tenth_ws/install/vesc_msgs/include/vesc_msgs/msg\n'}
[92.953153] (vesc_msgs) StdoutLine: {'line': b'-- Installing: /home/cav330/f1tenth_ws/install/vesc_msgs/include/vesc_msgs/msg/vesc_state.h\n'}
[92.954044] (vesc_msgs) StdoutLine: {'line': b'-- Installing: /home/cav330/f1tenth_ws/install/vesc_msgs/include/vesc_msgs/msg/vesc_state_stamped.h\n'}
[92.954863] (vesc_msgs) StdoutLine: {'line': b'-- Installing: /home/cav330/f1tenth_ws/install/vesc_msgs/include/vesc_msgs/msg/rosidl_generator_c__visibility_control.h\n'}
[92.955654] (vesc_msgs) StdoutLine: {'line': b'-- Installing: /home/cav330/f1tenth_ws/install/vesc_msgs/include/vesc_msgs/msg/vesc_imu_stamped.h\n'}
[92.956530] (vesc_msgs) StdoutLine: {'line': b'-- Installing: /home/cav330/f1tenth_ws/install/vesc_msgs/include/vesc_msgs/msg/vesc_imu.h\n'}
[92.957265] (vesc_msgs) StdoutLine: {'line': b'-- Installing: /home/cav330/f1tenth_ws/install/vesc_msgs/include/vesc_msgs/msg/detail\n'}
[92.957875] (vesc_msgs) StdoutLine: {'line': b'-- Installing: /home/cav330/f1tenth_ws/install/vesc_msgs/include/vesc_msgs/msg/detail/vesc_imu_stamped__functions.c\n'}
[92.958637] (vesc_msgs) StdoutLine: {'line': b'-- Installing: /home/cav330/f1tenth_ws/install/vesc_msgs/include/vesc_msgs/msg/detail/vesc_imu__functions.h\n'}
[92.959447] (vesc_msgs) StdoutLine: {'line': b'-- Installing: /home/cav330/f1tenth_ws/install/vesc_msgs/include/vesc_msgs/msg/detail/vesc_state_stamped__type_support.h\n'}
[92.960189] (vesc_msgs) StdoutLine: {'line': b'-- Installing: /home/cav330/f1tenth_ws/install/vesc_msgs/include/vesc_msgs/msg/detail/vesc_imu__struct.h\n'}
[92.960977] (vesc_msgs) StdoutLine: {'line': b'-- Installing: /home/cav330/f1tenth_ws/install/vesc_msgs/include/vesc_msgs/msg/detail/vesc_state_stamped__functions.h\n'}
[92.961810] (vesc_msgs) StdoutLine: {'line': b'-- Installing: /home/cav330/f1tenth_ws/install/vesc_msgs/include/vesc_msgs/msg/detail/vesc_imu__functions.c\n'}
[92.962720] (vesc_msgs) StdoutLine: {'line': b'-- Installing: /home/cav330/f1tenth_ws/install/vesc_msgs/include/vesc_msgs/msg/detail/vesc_imu_stamped__type_support.h\n'}
[92.963197] (vesc_msgs) StdoutLine: {'line': b'-- Installing: /home/cav330/f1tenth_ws/install/vesc_msgs/include/vesc_msgs/msg/detail/vesc_imu_stamped__struct.h\n'}
[92.963801] (vesc_msgs) StdoutLine: {'line': b'-- Installing: /home/cav330/f1tenth_ws/install/vesc_msgs/include/vesc_msgs/msg/detail/vesc_state__functions.h\n'}
[92.964317] (vesc_msgs) StdoutLine: {'line': b'-- Installing: /home/cav330/f1tenth_ws/install/vesc_msgs/include/vesc_msgs/msg/detail/vesc_imu_stamped__functions.h\n'}
[92.964944] (vesc_msgs) StdoutLine: {'line': b'-- Installing: /home/cav330/f1tenth_ws/install/vesc_msgs/include/vesc_msgs/msg/detail/vesc_state__type_support.h\n'}
[92.965503] (vesc_msgs) StdoutLine: {'line': b'-- Installing: /home/cav330/f1tenth_ws/install/vesc_msgs/include/vesc_msgs/msg/detail/vesc_imu__type_support.h\n'}
[92.966114] (vesc_msgs) StdoutLine: {'line': b'-- Installing: /home/cav330/f1tenth_ws/install/vesc_msgs/include/vesc_msgs/msg/detail/vesc_state__struct.h\n'}
[92.966674] (vesc_msgs) StdoutLine: {'line': b'-- Installing: /home/cav330/f1tenth_ws/install/vesc_msgs/include/vesc_msgs/msg/detail/vesc_state_stamped__struct.h\n'}
[92.967207] (vesc_msgs) StdoutLine: {'line': b'-- Installing: /home/cav330/f1tenth_ws/install/vesc_msgs/include/vesc_msgs/msg/detail/vesc_state_stamped__functions.c\n'}
[92.967829] (vesc_msgs) StdoutLine: {'line': b'-- Installing: /home/cav330/f1tenth_ws/install/vesc_msgs/include/vesc_msgs/msg/detail/vesc_state__functions.c\n'}
[92.969311] (vesc_msgs) StdoutLine: {'line': b'-- Installing: /home/cav330/f1tenth_ws/install/vesc_msgs/share/vesc_msgs/environment/library_path.sh\n'}
[92.970191] (vesc_msgs) StdoutLine: {'line': b'-- Installing: /home/cav330/f1tenth_ws/install/vesc_msgs/share/vesc_msgs/environment/library_path.dsv\n'}
[92.971463] (vesc_msgs) StdoutLine: {'line': b'-- Installing: /home/cav330/f1tenth_ws/install/vesc_msgs/lib/libvesc_msgs__rosidl_generator_c.so\n'}
[92.974104] (vesc_msgs) StdoutLine: {'line': b'-- Set runtime path of "/home/cav330/f1tenth_ws/install/vesc_msgs/lib/libvesc_msgs__rosidl_generator_c.so" to ""\n'}
[92.974714] (vesc_msgs) StdoutLine: {'line': b'-- Up-to-date: /home/cav330/f1tenth_ws/install/vesc_msgs/include/vesc_msgs\n'}
[92.975155] (vesc_msgs) StdoutLine: {'line': b'-- Up-to-date: /home/cav330/f1tenth_ws/install/vesc_msgs/include/vesc_msgs/msg\n'}
[92.975559] (vesc_msgs) StdoutLine: {'line': b'-- Installing: /home/cav330/f1tenth_ws/install/vesc_msgs/include/vesc_msgs/msg/rosidl_typesupport_fastrtps_c__visibility_control.h\n'}
[92.976004] (vesc_msgs) StdoutLine: {'line': b'-- Up-to-date: /home/cav330/f1tenth_ws/install/vesc_msgs/include/vesc_msgs/msg/detail\n'}
[92.976273] (vesc_msgs) StdoutLine: {'line': b'-- Installing: /home/cav330/f1tenth_ws/install/vesc_msgs/include/vesc_msgs/msg/detail/vesc_state_stamped__rosidl_typesupport_fastrtps_c.h\n'}
[92.976754] (vesc_msgs) StdoutLine: {'line': b'-- Installing: /home/cav330/f1tenth_ws/install/vesc_msgs/include/vesc_msgs/msg/detail/vesc_imu__rosidl_typesupport_fastrtps_c.h\n'}
[92.977151] (vesc_msgs) StdoutLine: {'line': b'-- Installing: /home/cav330/f1tenth_ws/install/vesc_msgs/include/vesc_msgs/msg/detail/vesc_imu_stamped__rosidl_typesupport_fastrtps_c.h\n'}
[92.977605] (vesc_msgs) StdoutLine: {'line': b'-- Installing: /home/cav330/f1tenth_ws/install/vesc_msgs/include/vesc_msgs/msg/detail/vesc_state__rosidl_typesupport_fastrtps_c.h\n'}
[92.979301] (vesc_msgs) StdoutLine: {'line': b'-- Installing: /home/cav330/f1tenth_ws/install/vesc_msgs/lib/libvesc_msgs__rosidl_typesupport_fastrtps_c.so\n'}
[92.983688] (vesc_msgs) StdoutLine: {'line': b'-- Set runtime path of "/home/cav330/f1tenth_ws/install/vesc_msgs/lib/libvesc_msgs__rosidl_typesupport_fastrtps_c.so" to ""\n'}
[92.984718] (vesc_msgs) StdoutLine: {'line': b'-- Up-to-date: /home/cav330/f1tenth_ws/install/vesc_msgs/include/vesc_msgs\n'}
[92.985523] (vesc_msgs) StdoutLine: {'line': b'-- Up-to-date: /home/cav330/f1tenth_ws/install/vesc_msgs/include/vesc_msgs/msg\n'}
[92.985882] (vesc_msgs) StdoutLine: {'line': b'-- Installing: /home/cav330/f1tenth_ws/install/vesc_msgs/include/vesc_msgs/msg/rosidl_typesupport_fastrtps_cpp__visibility_control.h\n'}
[92.986327] (vesc_msgs) StdoutLine: {'line': b'-- Up-to-date: /home/cav330/f1tenth_ws/install/vesc_msgs/include/vesc_msgs/msg/detail\n'}
[92.986729] (vesc_msgs) StdoutLine: {'line': b'-- Installing: /home/cav330/f1tenth_ws/install/vesc_msgs/include/vesc_msgs/msg/detail/vesc_state_stamped__rosidl_typesupport_fastrtps_cpp.hpp\n'}
[92.987053] (vesc_msgs) StdoutLine: {'line': b'-- Installing: /home/cav330/f1tenth_ws/install/vesc_msgs/include/vesc_msgs/msg/detail/vesc_imu_stamped__rosidl_typesupport_fastrtps_cpp.hpp\n'}
[92.987458] (vesc_msgs) StdoutLine: {'line': b'-- Installing: /home/cav330/f1tenth_ws/install/vesc_msgs/include/vesc_msgs/msg/detail/dds_fastrtps\n'}
[92.987873] (vesc_msgs) StdoutLine: {'line': b'-- Installing: /home/cav330/f1tenth_ws/install/vesc_msgs/include/vesc_msgs/msg/detail/vesc_imu__rosidl_typesupport_fastrtps_cpp.hpp\n'}
[92.988500] (vesc_msgs) StdoutLine: {'line': b'-- Installing: /home/cav330/f1tenth_ws/install/vesc_msgs/include/vesc_msgs/msg/detail/vesc_state__rosidl_typesupport_fastrtps_cpp.hpp\n'}
[92.992467] (vesc_msgs) StdoutLine: {'line': b'-- Installing: /home/cav330/f1tenth_ws/install/vesc_msgs/lib/libvesc_msgs__rosidl_typesupport_fastrtps_cpp.so\n'}
[92.993476] (vesc_msgs) StdoutLine: {'line': b'-- Set runtime path of "/home/cav330/f1tenth_ws/install/vesc_msgs/lib/libvesc_msgs__rosidl_typesupport_fastrtps_cpp.so" to ""\n'}
[92.994087] (vesc_msgs) StdoutLine: {'line': b'-- Up-to-date: /home/cav330/f1tenth_ws/install/vesc_msgs/include/vesc_msgs\n'}
[92.994816] (vesc_msgs) StdoutLine: {'line': b'-- Up-to-date: /home/cav330/f1tenth_ws/install/vesc_msgs/include/vesc_msgs/msg\n'}
[92.995296] (vesc_msgs) StdoutLine: {'line': b'-- Installing: /home/cav330/f1tenth_ws/install/vesc_msgs/include/vesc_msgs/msg/rosidl_typesupport_introspection_c__visibility_control.h\n'}
[92.995624] (vesc_msgs) StdoutLine: {'line': b'-- Up-to-date: /home/cav330/f1tenth_ws/install/vesc_msgs/include/vesc_msgs/msg/detail\n'}
[92.995966] (vesc_msgs) StdoutLine: {'line': b'-- Installing: /home/cav330/f1tenth_ws/install/vesc_msgs/include/vesc_msgs/msg/detail/vesc_imu__type_support.c\n'}
[92.996563] (vesc_msgs) StdoutLine: {'line': b'-- Installing: /home/cav330/f1tenth_ws/install/vesc_msgs/include/vesc_msgs/msg/detail/vesc_imu_stamped__type_support.c\n'}
[92.996928] (vesc_msgs) StdoutLine: {'line': b'-- Installing: /home/cav330/f1tenth_ws/install/vesc_msgs/include/vesc_msgs/msg/detail/vesc_imu_stamped__rosidl_typesupport_introspection_c.h\n'}
[92.997588] (vesc_msgs) StdoutLine: {'line': b'-- Installing: /home/cav330/f1tenth_ws/install/vesc_msgs/include/vesc_msgs/msg/detail/vesc_state_stamped__rosidl_typesupport_introspection_c.h\n'}
[92.998122] (vesc_msgs) StdoutLine: {'line': b'-- Installing: /home/cav330/f1tenth_ws/install/vesc_msgs/include/vesc_msgs/msg/detail/vesc_imu__rosidl_typesupport_introspection_c.h\n'}
[92.998663] (vesc_msgs) StdoutLine: {'line': b'-- Installing: /home/cav330/f1tenth_ws/install/vesc_msgs/include/vesc_msgs/msg/detail/vesc_state_stamped__type_support.c\n'}
[92.999270] (vesc_msgs) StdoutLine: {'line': b'-- Installing: /home/cav330/f1tenth_ws/install/vesc_msgs/include/vesc_msgs/msg/detail/vesc_state__rosidl_typesupport_introspection_c.h\n'}
[92.999783] (vesc_msgs) StdoutLine: {'line': b'-- Installing: /home/cav330/f1tenth_ws/install/vesc_msgs/include/vesc_msgs/msg/detail/vesc_state__type_support.c\n'}
[93.001099] (vesc_msgs) StdoutLine: {'line': b'-- Installing: /home/cav330/f1tenth_ws/install/vesc_msgs/lib/libvesc_msgs__rosidl_typesupport_introspection_c.so\n'}
[93.003394] (vesc_msgs) StdoutLine: {'line': b'-- Set runtime path of "/home/cav330/f1tenth_ws/install/vesc_msgs/lib/libvesc_msgs__rosidl_typesupport_introspection_c.so" to ""\n'}
[93.004060] (vesc_msgs) StdoutLine: {'line': b'-- Installing: /home/cav330/f1tenth_ws/install/vesc_msgs/lib/libvesc_msgs__rosidl_typesupport_c.so\n'}
[93.004452] (-) TimerEvent: {}
[93.006249] (vesc_msgs) StdoutLine: {'line': b'-- Set runtime path of "/home/cav330/f1tenth_ws/install/vesc_msgs/lib/libvesc_msgs__rosidl_typesupport_c.so" to ""\n'}
[93.006851] (vesc_msgs) StdoutLine: {'line': b'-- Up-to-date: /home/cav330/f1tenth_ws/install/vesc_msgs/include/vesc_msgs\n'}
[93.007270] (vesc_msgs) StdoutLine: {'line': b'-- Up-to-date: /home/cav330/f1tenth_ws/install/vesc_msgs/include/vesc_msgs/msg\n'}
[93.007538] (vesc_msgs) StdoutLine: {'line': b'-- Installing: /home/cav330/f1tenth_ws/install/vesc_msgs/include/vesc_msgs/msg/vesc_imu.hpp\n'}
[93.007886] (vesc_msgs) StdoutLine: {'line': b'-- Installing: /home/cav330/f1tenth_ws/install/vesc_msgs/include/vesc_msgs/msg/vesc_state_stamped.hpp\n'}
[93.008239] (vesc_msgs) StdoutLine: {'line': b'-- Installing: /home/cav330/f1tenth_ws/install/vesc_msgs/include/vesc_msgs/msg/vesc_imu_stamped.hpp\n'}
[93.008810] (vesc_msgs) StdoutLine: {'line': b'-- Installing: /home/cav330/f1tenth_ws/install/vesc_msgs/include/vesc_msgs/msg/vesc_state.hpp\n'}
[93.009368] (vesc_msgs) StdoutLine: {'line': b'-- Installing: /home/cav330/f1tenth_ws/install/vesc_msgs/include/vesc_msgs/msg/rosidl_generator_cpp__visibility_control.hpp\n'}
[93.009889] (vesc_msgs) StdoutLine: {'line': b'-- Up-to-date: /home/cav330/f1tenth_ws/install/vesc_msgs/include/vesc_msgs/msg/detail\n'}
[93.010213] (vesc_msgs) StdoutLine: {'line': b'-- Installing: /home/cav330/f1tenth_ws/install/vesc_msgs/include/vesc_msgs/msg/detail/vesc_state__builder.hpp\n'}
[93.010932] (vesc_msgs) StdoutLine: {'line': b'-- Installing: /home/cav330/f1tenth_ws/install/vesc_msgs/include/vesc_msgs/msg/detail/vesc_state_stamped__struct.hpp\n'}
[93.011559] (vesc_msgs) StdoutLine: {'line': b'-- Installing: /home/cav330/f1tenth_ws/install/vesc_msgs/include/vesc_msgs/msg/detail/vesc_imu_stamped__type_support.hpp\n'}
[93.012122] (vesc_msgs) StdoutLine: {'line': b'-- Installing: /home/cav330/f1tenth_ws/install/vesc_msgs/include/vesc_msgs/msg/detail/vesc_state__type_support.hpp\n'}
[93.012726] (vesc_msgs) StdoutLine: {'line': b'-- Installing: /home/cav330/f1tenth_ws/install/vesc_msgs/include/vesc_msgs/msg/detail/vesc_imu_stamped__traits.hpp\n'}
[93.013309] (vesc_msgs) StdoutLine: {'line': b'-- Installing: /home/cav330/f1tenth_ws/install/vesc_msgs/include/vesc_msgs/msg/detail/vesc_imu_stamped__struct.hpp\n'}
[93.013903] (vesc_msgs) StdoutLine: {'line': b'-- Installing: /home/cav330/f1tenth_ws/install/vesc_msgs/include/vesc_msgs/msg/detail/vesc_imu__traits.hpp\n'}
[93.014513] (vesc_msgs) StdoutLine: {'line': b'-- Installing: /home/cav330/f1tenth_ws/install/vesc_msgs/include/vesc_msgs/msg/detail/vesc_imu_stamped__builder.hpp\n'}
[93.015107] (vesc_msgs) StdoutLine: {'line': b'-- Installing: /home/cav330/f1tenth_ws/install/vesc_msgs/include/vesc_msgs/msg/detail/vesc_state_stamped__traits.hpp\n'}
[93.015865] (vesc_msgs) StdoutLine: {'line': b'-- Installing: /home/cav330/f1tenth_ws/install/vesc_msgs/include/vesc_msgs/msg/detail/vesc_state_stamped__type_support.hpp\n'}
[93.016296] (vesc_msgs) StdoutLine: {'line': b'-- Installing: /home/cav330/f1tenth_ws/install/vesc_msgs/include/vesc_msgs/msg/detail/vesc_state_stamped__builder.hpp\n'}
[93.016875] (vesc_msgs) StdoutLine: {'line': b'-- Installing: /home/cav330/f1tenth_ws/install/vesc_msgs/include/vesc_msgs/msg/detail/vesc_imu__type_support.hpp\n'}
[93.017413] (vesc_msgs) StdoutLine: {'line': b'-- Installing: /home/cav330/f1tenth_ws/install/vesc_msgs/include/vesc_msgs/msg/detail/vesc_imu__builder.hpp\n'}
[93.022327] (vesc_msgs) StdoutLine: {'line': b'-- Installing: /home/cav330/f1tenth_ws/install/vesc_msgs/include/vesc_msgs/msg/detail/vesc_imu__struct.hpp\n'}
[93.023011] (vesc_msgs) StdoutLine: {'line': b'-- Installing: /home/cav330/f1tenth_ws/install/vesc_msgs/include/vesc_msgs/msg/detail/vesc_state__traits.hpp\n'}
[93.029180] (vesc_msgs) StdoutLine: {'line': b'-- Installing: /home/cav330/f1tenth_ws/install/vesc_msgs/include/vesc_msgs/msg/detail/vesc_state__struct.hpp\n'}
[93.031803] (vesc_msgs) StdoutLine: {'line': b'-- Up-to-date: /home/cav330/f1tenth_ws/install/vesc_msgs/include/vesc_msgs\n'}
[93.032447] (vesc_msgs) StdoutLine: {'line': b'-- Up-to-date: /home/cav330/f1tenth_ws/install/vesc_msgs/include/vesc_msgs/msg\n'}
[93.032892] (vesc_msgs) StdoutLine: {'line': b'-- Up-to-date: /home/cav330/f1tenth_ws/install/vesc_msgs/include/vesc_msgs/msg/detail\n'}
[93.033217] (vesc_msgs) StdoutLine: {'line': b'-- Installing: /home/cav330/f1tenth_ws/install/vesc_msgs/include/vesc_msgs/msg/detail/vesc_state_stamped__type_support.cpp\n'}
[93.033529] (vesc_msgs) StdoutLine: {'line': b'-- Installing: /home/cav330/f1tenth_ws/install/vesc_msgs/include/vesc_msgs/msg/detail/vesc_imu_stamped__type_support.cpp\n'}
[93.033822] (vesc_msgs) StdoutLine: {'line': b'-- Installing: /home/cav330/f1tenth_ws/install/vesc_msgs/include/vesc_msgs/msg/detail/vesc_state__rosidl_typesupport_introspection_cpp.hpp\n'}
[93.034275] (vesc_msgs) StdoutLine: {'line': b'-- Installing: /home/cav330/f1tenth_ws/install/vesc_msgs/include/vesc_msgs/msg/detail/vesc_state_stamped__rosidl_typesupport_introspection_cpp.hpp\n'}
[93.034843] (vesc_msgs) StdoutLine: {'line': b'-- Installing: /home/cav330/f1tenth_ws/install/vesc_msgs/include/vesc_msgs/msg/detail/vesc_imu__type_support.cpp\n'}
[93.035153] (vesc_msgs) StdoutLine: {'line': b'-- Installing: /home/cav330/f1tenth_ws/install/vesc_msgs/include/vesc_msgs/msg/detail/vesc_imu__rosidl_typesupport_introspection_cpp.hpp\n'}
[93.035441] (vesc_msgs) StdoutLine: {'line': b'-- Installing: /home/cav330/f1tenth_ws/install/vesc_msgs/include/vesc_msgs/msg/detail/vesc_imu_stamped__rosidl_typesupport_introspection_cpp.hpp\n'}
[93.037120] (vesc_msgs) StdoutLine: {'line': b'-- Installing: /home/cav330/f1tenth_ws/install/vesc_msgs/include/vesc_msgs/msg/detail/vesc_state__type_support.cpp\n'}
[93.037491] (vesc_msgs) StdoutLine: {'line': b'-- Installing: /home/cav330/f1tenth_ws/install/vesc_msgs/lib/libvesc_msgs__rosidl_typesupport_introspection_cpp.so\n'}
[93.037858] (vesc_msgs) StdoutLine: {'line': b'-- Set runtime path of "/home/cav330/f1tenth_ws/install/vesc_msgs/lib/libvesc_msgs__rosidl_typesupport_introspection_cpp.so" to ""\n'}
[93.038174] (vesc_msgs) StdoutLine: {'line': b'-- Installing: /home/cav330/f1tenth_ws/install/vesc_msgs/lib/libvesc_msgs__rosidl_typesupport_cpp.so\n'}
[93.038665] (vesc_msgs) StdoutLine: {'line': b'-- Set runtime path of "/home/cav330/f1tenth_ws/install/vesc_msgs/lib/libvesc_msgs__rosidl_typesupport_cpp.so" to ""\n'}
[93.039236] (vesc_msgs) StdoutLine: {'line': b'-- Installing: /home/cav330/f1tenth_ws/install/vesc_msgs/share/vesc_msgs/environment/pythonpath.sh\n'}
[93.039579] (vesc_msgs) StdoutLine: {'line': b'-- Installing: /home/cav330/f1tenth_ws/install/vesc_msgs/share/vesc_msgs/environment/pythonpath.dsv\n'}
[93.040485] (vesc_msgs) StdoutLine: {'line': b'-- Installing: /home/cav330/f1tenth_ws/install/vesc_msgs/lib/python3.8/site-packages/vesc_msgs/__init__.py\n'}
[93.104666] (-) TimerEvent: {}
[93.169955] (vesc_msgs) StdoutLine: {'line': b"Compiling '/home/cav330/f1tenth_ws/install/vesc_msgs/lib/python3.8/site-packages/vesc_msgs/__init__.py'...\n"}
[93.183392] (vesc_msgs) StdoutLine: {'line': b'-- Installing: /home/cav330/f1tenth_ws/install/vesc_msgs/lib/python3.8/site-packages/vesc_msgs/msg\n'}
[93.184171] (vesc_msgs) StdoutLine: {'line': b'-- Installing: /home/cav330/f1tenth_ws/install/vesc_msgs/lib/python3.8/site-packages/vesc_msgs/msg/_vesc_state_s.c\n'}
[93.184824] (vesc_msgs) StdoutLine: {'line': b'-- Installing: /home/cav330/f1tenth_ws/install/vesc_msgs/lib/python3.8/site-packages/vesc_msgs/msg/_vesc_imu_stamped.py\n'}
[93.185441] (vesc_msgs) StdoutLine: {'line': b'-- Installing: /home/cav330/f1tenth_ws/install/vesc_msgs/lib/python3.8/site-packages/vesc_msgs/msg/_vesc_imu.py\n'}
[93.185975] (vesc_msgs) StdoutLine: {'line': b'-- Installing: /home/cav330/f1tenth_ws/install/vesc_msgs/lib/python3.8/site-packages/vesc_msgs/msg/_vesc_imu_s.c\n'}
[93.186631] (vesc_msgs) StdoutLine: {'line': b'-- Installing: /home/cav330/f1tenth_ws/install/vesc_msgs/lib/python3.8/site-packages/vesc_msgs/msg/__init__.py\n'}
[93.187233] (vesc_msgs) StdoutLine: {'line': b'-- Installing: /home/cav330/f1tenth_ws/install/vesc_msgs/lib/python3.8/site-packages/vesc_msgs/msg/_vesc_state_stamped_s.c\n'}
[93.187730] (vesc_msgs) StdoutLine: {'line': b'-- Installing: /home/cav330/f1tenth_ws/install/vesc_msgs/lib/python3.8/site-packages/vesc_msgs/msg/_vesc_state_stamped.py\n'}
[93.188345] (vesc_msgs) StdoutLine: {'line': b'-- Installing: /home/cav330/f1tenth_ws/install/vesc_msgs/lib/python3.8/site-packages/vesc_msgs/msg/_vesc_state.py\n'}
[93.189678] (vesc_msgs) StdoutLine: {'line': b'-- Installing: /home/cav330/f1tenth_ws/install/vesc_msgs/lib/python3.8/site-packages/vesc_msgs/msg/_vesc_imu_stamped_s.c\n'}
[93.191289] (vesc_msgs) StdoutLine: {'line': b'-- Installing: /home/cav330/f1tenth_ws/install/vesc_msgs/lib/python3.8/site-packages/vesc_msgs/vesc_msgs_s__rosidl_typesupport_fastrtps_c.cpython-38-aarch64-linux-gnu.so\n'}
[93.195956] (vesc_msgs) StdoutLine: {'line': b'-- Set runtime path of "/home/cav330/f1tenth_ws/install/vesc_msgs/lib/python3.8/site-packages/vesc_msgs/vesc_msgs_s__rosidl_typesupport_fastrtps_c.cpython-38-aarch64-linux-gnu.so" to ""\n'}
[93.197280] (vesc_msgs) StdoutLine: {'line': b'-- Installing: /home/cav330/f1tenth_ws/install/vesc_msgs/lib/python3.8/site-packages/vesc_msgs/vesc_msgs_s__rosidl_typesupport_introspection_c.cpython-38-aarch64-linux-gnu.so\n'}
[93.200065] (vesc_msgs) StdoutLine: {'line': b'-- Set runtime path of "/home/cav330/f1tenth_ws/install/vesc_msgs/lib/python3.8/site-packages/vesc_msgs/vesc_msgs_s__rosidl_typesupport_introspection_c.cpython-38-aarch64-linux-gnu.so" to ""\n'}
[93.202235] (vesc_msgs) StdoutLine: {'line': b'-- Installing: /home/cav330/f1tenth_ws/install/vesc_msgs/lib/python3.8/site-packages/vesc_msgs/vesc_msgs_s__rosidl_typesupport_c.cpython-38-aarch64-linux-gnu.so\n'}
[93.203747] (vesc_msgs) StdoutLine: {'line': b'-- Set runtime path of "/home/cav330/f1tenth_ws/install/vesc_msgs/lib/python3.8/site-packages/vesc_msgs/vesc_msgs_s__rosidl_typesupport_c.cpython-38-aarch64-linux-gnu.so" to ""\n'}
[93.204319] (vesc_msgs) StdoutLine: {'line': b'-- Installing: /home/cav330/f1tenth_ws/install/vesc_msgs/lib/libvesc_msgs__python.so\n'}
[93.204711] (-) TimerEvent: {}
[93.206941] (vesc_msgs) StdoutLine: {'line': b'-- Set runtime path of "/home/cav330/f1tenth_ws/install/vesc_msgs/lib/libvesc_msgs__python.so" to ""\n'}
[93.207511] (vesc_msgs) StdoutLine: {'line': b'-- Installing: /home/cav330/f1tenth_ws/install/vesc_msgs/share/vesc_msgs/msg/VescState.idl\n'}
[93.208265] (vesc_msgs) StdoutLine: {'line': b'-- Installing: /home/cav330/f1tenth_ws/install/vesc_msgs/share/vesc_msgs/msg/VescStateStamped.idl\n'}
[93.209102] (vesc_msgs) StdoutLine: {'line': b'-- Installing: /home/cav330/f1tenth_ws/install/vesc_msgs/share/vesc_msgs/msg/VescImu.idl\n'}
[93.209883] (vesc_msgs) StdoutLine: {'line': b'-- Installing: /home/cav330/f1tenth_ws/install/vesc_msgs/share/vesc_msgs/msg/VescImuStamped.idl\n'}
[93.210685] (vesc_msgs) StdoutLine: {'line': b'-- Installing: /home/cav330/f1tenth_ws/install/vesc_msgs/share/vesc_msgs/msg/VescState.msg\n'}
[93.211443] (vesc_msgs) StdoutLine: {'line': b'-- Installing: /home/cav330/f1tenth_ws/install/vesc_msgs/share/vesc_msgs/msg/VescStateStamped.msg\n'}
[93.212201] (vesc_msgs) StdoutLine: {'line': b'-- Installing: /home/cav330/f1tenth_ws/install/vesc_msgs/share/vesc_msgs/msg/VescImu.msg\n'}
[93.213149] (vesc_msgs) StdoutLine: {'line': b'-- Installing: /home/cav330/f1tenth_ws/install/vesc_msgs/share/vesc_msgs/msg/VescImuStamped.msg\n'}
[93.214178] (vesc_msgs) StdoutLine: {'line': b'-- Installing: /home/cav330/f1tenth_ws/install/vesc_msgs/share/ament_index/resource_index/package_run_dependencies/vesc_msgs\n'}
[93.215270] (vesc_msgs) StdoutLine: {'line': b'-- Installing: /home/cav330/f1tenth_ws/install/vesc_msgs/share/ament_index/resource_index/parent_prefix_path/vesc_msgs\n'}
[93.216082] (vesc_msgs) StdoutLine: {'line': b'-- Installing: /home/cav330/f1tenth_ws/install/vesc_msgs/share/vesc_msgs/environment/ament_prefix_path.sh\n'}
[93.216782] (vesc_msgs) StdoutLine: {'line': b'-- Installing: /home/cav330/f1tenth_ws/install/vesc_msgs/share/vesc_msgs/environment/ament_prefix_path.dsv\n'}
[93.217538] (vesc_msgs) StdoutLine: {'line': b'-- Installing: /home/cav330/f1tenth_ws/install/vesc_msgs/share/vesc_msgs/environment/path.sh\n'}
[93.218461] (vesc_msgs) StdoutLine: {'line': b'-- Installing: /home/cav330/f1tenth_ws/install/vesc_msgs/share/vesc_msgs/environment/path.dsv\n'}
[93.219114] (vesc_msgs) StdoutLine: {'line': b'-- Installing: /home/cav330/f1tenth_ws/install/vesc_msgs/share/vesc_msgs/local_setup.bash\n'}
[93.219811] (vesc_msgs) StdoutLine: {'line': b'-- Installing: /home/cav330/f1tenth_ws/install/vesc_msgs/share/vesc_msgs/local_setup.sh\n'}
[93.220581] (vesc_msgs) StdoutLine: {'line': b'-- Installing: /home/cav330/f1tenth_ws/install/vesc_msgs/share/vesc_msgs/local_setup.zsh\n'}
[93.221368] (vesc_msgs) StdoutLine: {'line': b'-- Installing: /home/cav330/f1tenth_ws/install/vesc_msgs/share/vesc_msgs/local_setup.dsv\n'}
[93.222042] (vesc_msgs) StdoutLine: {'line': b'-- Installing: /home/cav330/f1tenth_ws/install/vesc_msgs/share/vesc_msgs/package.dsv\n'}
[93.223023] (vesc_msgs) StdoutLine: {'line': b'-- Installing: /home/cav330/f1tenth_ws/install/vesc_msgs/share/ament_index/resource_index/packages/vesc_msgs\n'}
[93.224120] (vesc_msgs) StdoutLine: {'line': b'-- Installing: /home/cav330/f1tenth_ws/install/vesc_msgs/share/vesc_msgs/cmake/vesc_msgs__rosidl_generator_cExport.cmake\n'}
[93.224963] (vesc_msgs) StdoutLine: {'line': b'-- Installing: /home/cav330/f1tenth_ws/install/vesc_msgs/share/vesc_msgs/cmake/vesc_msgs__rosidl_generator_cExport-noconfig.cmake\n'}
[93.225926] (vesc_msgs) StdoutLine: {'line': b'-- Installing: /home/cav330/f1tenth_ws/install/vesc_msgs/share/vesc_msgs/cmake/vesc_msgs__rosidl_typesupport_introspection_cExport.cmake\n'}
[93.226744] (vesc_msgs) StdoutLine: {'line': b'-- Installing: /home/cav330/f1tenth_ws/install/vesc_msgs/share/vesc_msgs/cmake/vesc_msgs__rosidl_typesupport_introspection_cExport-noconfig.cmake\n'}
[93.227569] (vesc_msgs) StdoutLine: {'line': b'-- Installing: /home/cav330/f1tenth_ws/install/vesc_msgs/share/vesc_msgs/cmake/vesc_msgs__rosidl_typesupport_cExport.cmake\n'}
[93.229664] (vesc_msgs) StdoutLine: {'line': b'-- Installing: /home/cav330/f1tenth_ws/install/vesc_msgs/share/vesc_msgs/cmake/vesc_msgs__rosidl_typesupport_cExport-noconfig.cmake\n'}
[93.240544] (vesc_msgs) StdoutLine: {'line': b'-- Installing: /home/cav330/f1tenth_ws/install/vesc_msgs/share/vesc_msgs/cmake/vesc_msgs__rosidl_generator_cppExport.cmake\n'}
[93.241682] (vesc_msgs) StdoutLine: {'line': b'-- Installing: /home/cav330/f1tenth_ws/install/vesc_msgs/share/vesc_msgs/cmake/vesc_msgs__rosidl_typesupport_introspection_cppExport.cmake\n'}
[93.242079] (vesc_msgs) StdoutLine: {'line': b'-- Installing: /home/cav330/f1tenth_ws/install/vesc_msgs/share/vesc_msgs/cmake/vesc_msgs__rosidl_typesupport_introspection_cppExport-noconfig.cmake\n'}
[93.242359] (vesc_msgs) StdoutLine: {'line': b'-- Installing: /home/cav330/f1tenth_ws/install/vesc_msgs/share/vesc_msgs/cmake/vesc_msgs__rosidl_typesupport_cppExport.cmake\n'}
[93.244185] (vesc_msgs) StdoutLine: {'line': b'-- Installing: /home/cav330/f1tenth_ws/install/vesc_msgs/share/vesc_msgs/cmake/vesc_msgs__rosidl_typesupport_cppExport-noconfig.cmake\n'}
[93.244720] (vesc_msgs) StdoutLine: {'line': b'-- Installing: /home/cav330/f1tenth_ws/install/vesc_msgs/share/vesc_msgs/cmake/rosidl_cmake-extras.cmake\n'}
[93.245284] (vesc_msgs) StdoutLine: {'line': b'-- Installing: /home/cav330/f1tenth_ws/install/vesc_msgs/share/vesc_msgs/cmake/ament_cmake_export_dependencies-extras.cmake\n'}
[93.246154] (vesc_msgs) StdoutLine: {'line': b'-- Installing: /home/cav330/f1tenth_ws/install/vesc_msgs/share/vesc_msgs/cmake/ament_cmake_export_libraries-extras.cmake\n'}
[93.246710] (vesc_msgs) StdoutLine: {'line': b'-- Installing: /home/cav330/f1tenth_ws/install/vesc_msgs/share/vesc_msgs/cmake/ament_cmake_export_targets-extras.cmake\n'}
[93.247461] (vesc_msgs) StdoutLine: {'line': b'-- Installing: /home/cav330/f1tenth_ws/install/vesc_msgs/share/vesc_msgs/cmake/ament_cmake_export_include_directories-extras.cmake\n'}
[93.248241] (vesc_msgs) StdoutLine: {'line': b'-- Installing: /home/cav330/f1tenth_ws/install/vesc_msgs/share/vesc_msgs/cmake/rosidl_cmake_export_typesupport_libraries-extras.cmake\n'}
[93.249546] (vesc_msgs) StdoutLine: {'line': b'-- Installing: /home/cav330/f1tenth_ws/install/vesc_msgs/share/vesc_msgs/cmake/rosidl_cmake_export_typesupport_targets-extras.cmake\n'}
[93.250979] (vesc_msgs) StdoutLine: {'line': b'-- Installing: /home/cav330/f1tenth_ws/install/vesc_msgs/share/vesc_msgs/cmake/vesc_msgsConfig.cmake\n'}
[93.251733] (vesc_msgs) StdoutLine: {'line': b'-- Installing: /home/cav330/f1tenth_ws/install/vesc_msgs/share/vesc_msgs/cmake/vesc_msgsConfig-version.cmake\n'}
[93.252070] (vesc_msgs) StdoutLine: {'line': b'-- Installing: /home/cav330/f1tenth_ws/install/vesc_msgs/share/vesc_msgs/package.xml\n'}
[93.268696] (vesc_msgs) CommandEnded: {'returncode': 0}
[93.305046] (-) TimerEvent: {}
[93.372870] (vesc_msgs) JobEnded: {'identifier': 'vesc_msgs', 'rc': 0}
[93.376202] (vesc_ackermann) JobStarted: {'identifier': 'vesc_ackermann'}
[93.400009] (vesc_driver) JobStarted: {'identifier': 'vesc_driver'}
[93.408089] (-) TimerEvent: {}
[93.464828] (vesc_ackermann) JobProgress: {'identifier': 'vesc_ackermann', 'progress': 'cmake'}
[93.469259] (vesc_ackermann) Command: {'cmd': ['/usr/bin/cmake', '/home/cav330/f1tenth_ws/src/f1tenth_system/vesc/vesc_ackermann', '-DCMAKE_INSTALL_PREFIX=/home/cav330/f1tenth_ws/install/vesc_ackermann'], 'cwd': '/home/cav330/f1tenth_ws/build/vesc_ackermann', 'env': OrderedDict([('GJS_DEBUG_TOPICS', 'JS ERROR;JS LOG'), ('LESSOPEN', '| /usr/bin/lesspipe %s'), ('USER', 'cav330'), ('SSH_AGENT_PID', '3256'), ('XDG_SESSION_TYPE', 'x11'), ('SHLVL', '1'), ('LD_LIBRARY_PATH', '/home/cav330/f1tenth_ws/install/vesc_msgs/lib:/opt/ros/foxy/opt/yaml_cpp_vendor/lib:/opt/ros/foxy/opt/rviz_ogre_vendor/lib:/opt/ros/foxy/lib/aarch64-linux-gnu:/opt/ros/foxy/lib:/usr/local/cuda-11.4/lib64'), ('HOME', '/home/cav330'), ('OLDPWD', '/home/cav330/f1tenth_ws/src'), ('DESKTOP_SESSION', 'ubuntu'), ('ROS_PYTHON_VERSION', '3'), ('GNOME_SHELL_SESSION_MODE', 'ubuntu'), ('GTK_MODULES', 'gail:atk-bridge'), ('MANAGERPID', '2241'), ('DBUS_SESSION_BUS_ADDRESS', 'unix:path=/run/user/1000/bus'), ('COLORTERM', 'truecolor'), ('IM_CONFIG_PHASE', '1'), ('ROS_DISTRO', 'foxy'), ('LOGNAME', 'cav330'), ('JOURNAL_STREAM', '8:59348'), ('_', '/usr/bin/colcon'), ('ROS_VERSION', '2'), ('XDG_SESSION_CLASS', 'user'), ('USERNAME', 'cav330'), ('TERM', 'xterm-256color'), ('GNOME_DESKTOP_SESSION_ID', 'this-is-deprecated'), ('ROS_LOCALHOST_ONLY', '0'), ('WINDOWPATH', '3'), ('PATH', '/opt/ros/foxy/bin:/usr/local/cuda-11.4/bin:/usr/local/sbin:/usr/local/bin:/usr/sbin:/usr/bin:/sbin:/bin:/usr/games:/usr/local/games:/snap/bin'), ('SESSION_MANAGER', 'local/ubuntu:@/tmp/.ICE-unix/3308,unix/ubuntu:/tmp/.ICE-unix/3308'), ('INVOCATION_ID', 'bf49e6a9c0ee431ca47543a5b4a2e888'), ('XDG_MENU_PREFIX', 'gnome-'), ('GNOME_TERMINAL_SCREEN', '/org/gnome/Terminal/screen/cf3d13d9_a795_4efc_b844_cdf06d1a71bd'), ('XDG_RUNTIME_DIR', '/run/user/1000'), ('DISPLAY', ':1'), ('LANG', 'en_CA.UTF-8'), ('XDG_CURRENT_DESKTOP', 'ubuntu:GNOME'), ('XMODIFIERS', '@im=ibus'), ('XDG_SESSION_DESKTOP', 'ubuntu'), ('XAUTHORITY', '/run/user/1000/gdm/Xauthority'), ('LS_COLORS', 'rs=0:di=01;34:ln=01;36:mh=00:pi=40;33:so=01;35:do=01;35:bd=40;33;01:cd=40;33;01:or=40;31;01:mi=00:su=37;41:sg=30;43:ca=30;41:tw=30;42:ow=34;42:st=37;44:ex=01;32:*.tar=01;31:*.tgz=01;31:*.arc=01;31:*.arj=01;31:*.taz=01;31:*.lha=01;31:*.lz4=01;31:*.lzh=01;31:*.lzma=01;31:*.tlz=01;31:*.txz=01;31:*.tzo=01;31:*.t7z=01;31:*.zip=01;31:*.z=01;31:*.dz=01;31:*.gz=01;31:*.lrz=01;31:*.lz=01;31:*.lzo=01;31:*.xz=01;31:*.zst=01;31:*.tzst=01;31:*.bz2=01;31:*.bz=01;31:*.tbz=01;31:*.tbz2=01;31:*.tz=01;31:*.deb=01;31:*.rpm=01;31:*.jar=01;31:*.war=01;31:*.ear=01;31:*.sar=01;31:*.rar=01;31:*.alz=01;31:*.ace=01;31:*.zoo=01;31:*.cpio=01;31:*.7z=01;31:*.rz=01;31:*.cab=01;31:*.wim=01;31:*.swm=01;31:*.dwm=01;31:*.esd=01;31:*.jpg=01;35:*.jpeg=01;35:*.mjpg=01;35:*.mjpeg=01;35:*.gif=01;35:*.bmp=01;35:*.pbm=01;35:*.pgm=01;35:*.ppm=01;35:*.tga=01;35:*.xbm=01;35:*.xpm=01;35:*.tif=01;35:*.tiff=01;35:*.png=01;35:*.svg=01;35:*.svgz=01;35:*.mng=01;35:*.pcx=01;35:*.mov=01;35:*.mpg=01;35:*.mpeg=01;35:*.m2v=01;35:*.mkv=01;35:*.webm=01;35:*.ogm=01;35:*.mp4=01;35:*.m4v=01;35:*.mp4v=01;35:*.vob=01;35:*.qt=01;35:*.nuv=01;35:*.wmv=01;35:*.asf=01;35:*.rm=01;35:*.rmvb=01;35:*.flc=01;35:*.avi=01;35:*.fli=01;35:*.flv=01;35:*.gl=01;35:*.dl=01;35:*.xcf=01;35:*.xwd=01;35:*.yuv=01;35:*.cgm=01;35:*.emf=01;35:*.ogv=01;35:*.ogx=01;35:*.aac=00;36:*.au=00;36:*.flac=00;36:*.m4a=00;36:*.mid=00;36:*.midi=00;36:*.mka=00;36:*.mp3=00;36:*.mpc=00;36:*.ogg=00;36:*.ra=00;36:*.wav=00;36:*.oga=00;36:*.opus=00;36:*.spx=00;36:*.xspf=00;36:'), ('GNOME_TERMINAL_SERVICE', ':1.113'), ('SSH_AUTH_SOCK', '/run/user/1000/keyring/ssh'), ('AMENT_PREFIX_PATH', '/home/cav330/f1tenth_ws/install/vesc_msgs:/opt/ros/foxy'), ('SHELL', '/bin/bash'), ('QT_ACCESSIBILITY', '1'), ('GDMSESSION', 'ubuntu'), ('LESSCLOSE', '/usr/bin/lesspipe %s %s'), ('GPG_AGENT_INFO', '/run/user/1000/gnupg/S.gpg-agent:0:1'), ('GJS_DEBUG_OUTPUT', 'stderr'), ('QT_IM_MODULE', 'ibus'), ('PWD', '/home/cav330/f1tenth_ws/build/vesc_ackermann'), ('XDG_CONFIG_DIRS', '/etc/xdg/xdg-ubuntu:/etc/xdg'), ('XDG_DATA_DIRS', '/usr/share/ubuntu:/usr/local/share/:/usr/share/:/var/lib/snapd/desktop'), ('PYTHONPATH', '/home/cav330/f1tenth_ws/install/vesc_msgs/lib/python3.8/site-packages:/opt/ros/foxy/lib/python3.8/site-packages'), ('COLCON', '1'), ('VTE_VERSION', '6003'), ('CMAKE_PREFIX_PATH', '/home/cav330/f1tenth_ws/install/vesc_msgs:/opt/ros/foxy')]), 'shell': False}
[93.499212] (vesc_driver) JobProgress: {'identifier': 'vesc_driver', 'progress': 'cmake'}
[93.502634] (vesc_driver) Command: {'cmd': ['/usr/bin/cmake', '/home/cav330/f1tenth_ws/src/f1tenth_system/vesc/vesc_driver', '-DCMAKE_INSTALL_PREFIX=/home/cav330/f1tenth_ws/install/vesc_driver'], 'cwd': '/home/cav330/f1tenth_ws/build/vesc_driver', 'env': OrderedDict([('GJS_DEBUG_TOPICS', 'JS ERROR;JS LOG'), ('LESSOPEN', '| /usr/bin/lesspipe %s'), ('USER', 'cav330'), ('SSH_AGENT_PID', '3256'), ('XDG_SESSION_TYPE', 'x11'), ('SHLVL', '1'), ('LD_LIBRARY_PATH', '/home/cav330/f1tenth_ws/install/vesc_msgs/lib:/opt/ros/foxy/opt/yaml_cpp_vendor/lib:/opt/ros/foxy/opt/rviz_ogre_vendor/lib:/opt/ros/foxy/lib/aarch64-linux-gnu:/opt/ros/foxy/lib:/usr/local/cuda-11.4/lib64'), ('HOME', '/home/cav330'), ('OLDPWD', '/home/cav330/f1tenth_ws/src'), ('DESKTOP_SESSION', 'ubuntu'), ('ROS_PYTHON_VERSION', '3'), ('GNOME_SHELL_SESSION_MODE', 'ubuntu'), ('GTK_MODULES', 'gail:atk-bridge'), ('MANAGERPID', '2241'), ('DBUS_SESSION_BUS_ADDRESS', 'unix:path=/run/user/1000/bus'), ('COLORTERM', 'truecolor'), ('IM_CONFIG_PHASE', '1'), ('ROS_DISTRO', 'foxy'), ('LOGNAME', 'cav330'), ('JOURNAL_STREAM', '8:59348'), ('_', '/usr/bin/colcon'), ('ROS_VERSION', '2'), ('XDG_SESSION_CLASS', 'user'), ('USERNAME', 'cav330'), ('TERM', 'xterm-256color'), ('GNOME_DESKTOP_SESSION_ID', 'this-is-deprecated'), ('ROS_LOCALHOST_ONLY', '0'), ('WINDOWPATH', '3'), ('PATH', '/opt/ros/foxy/bin:/usr/local/cuda-11.4/bin:/usr/local/sbin:/usr/local/bin:/usr/sbin:/usr/bin:/sbin:/bin:/usr/games:/usr/local/games:/snap/bin'), ('SESSION_MANAGER', 'local/ubuntu:@/tmp/.ICE-unix/3308,unix/ubuntu:/tmp/.ICE-unix/3308'), ('INVOCATION_ID', 'bf49e6a9c0ee431ca47543a5b4a2e888'), ('XDG_MENU_PREFIX', 'gnome-'), ('GNOME_TERMINAL_SCREEN', '/org/gnome/Terminal/screen/cf3d13d9_a795_4efc_b844_cdf06d1a71bd'), ('XDG_RUNTIME_DIR', '/run/user/1000'), ('DISPLAY', ':1'), ('LANG', 'en_CA.UTF-8'), ('XDG_CURRENT_DESKTOP', 'ubuntu:GNOME'), ('XMODIFIERS', '@im=ibus'), ('XDG_SESSION_DESKTOP', 'ubuntu'), ('XAUTHORITY', '/run/user/1000/gdm/Xauthority'), ('LS_COLORS', 'rs=0:di=01;34:ln=01;36:mh=00:pi=40;33:so=01;35:do=01;35:bd=40;33;01:cd=40;33;01:or=40;31;01:mi=00:su=37;41:sg=30;43:ca=30;41:tw=30;42:ow=34;42:st=37;44:ex=01;32:*.tar=01;31:*.tgz=01;31:*.arc=01;31:*.arj=01;31:*.taz=01;31:*.lha=01;31:*.lz4=01;31:*.lzh=01;31:*.lzma=01;31:*.tlz=01;31:*.txz=01;31:*.tzo=01;31:*.t7z=01;31:*.zip=01;31:*.z=01;31:*.dz=01;31:*.gz=01;31:*.lrz=01;31:*.lz=01;31:*.lzo=01;31:*.xz=01;31:*.zst=01;31:*.tzst=01;31:*.bz2=01;31:*.bz=01;31:*.tbz=01;31:*.tbz2=01;31:*.tz=01;31:*.deb=01;31:*.rpm=01;31:*.jar=01;31:*.war=01;31:*.ear=01;31:*.sar=01;31:*.rar=01;31:*.alz=01;31:*.ace=01;31:*.zoo=01;31:*.cpio=01;31:*.7z=01;31:*.rz=01;31:*.cab=01;31:*.wim=01;31:*.swm=01;31:*.dwm=01;31:*.esd=01;31:*.jpg=01;35:*.jpeg=01;35:*.mjpg=01;35:*.mjpeg=01;35:*.gif=01;35:*.bmp=01;35:*.pbm=01;35:*.pgm=01;35:*.ppm=01;35:*.tga=01;35:*.xbm=01;35:*.xpm=01;35:*.tif=01;35:*.tiff=01;35:*.png=01;35:*.svg=01;35:*.svgz=01;35:*.mng=01;35:*.pcx=01;35:*.mov=01;35:*.mpg=01;35:*.mpeg=01;35:*.m2v=01;35:*.mkv=01;35:*.webm=01;35:*.ogm=01;35:*.mp4=01;35:*.m4v=01;35:*.mp4v=01;35:*.vob=01;35:*.qt=01;35:*.nuv=01;35:*.wmv=01;35:*.asf=01;35:*.rm=01;35:*.rmvb=01;35:*.flc=01;35:*.avi=01;35:*.fli=01;35:*.flv=01;35:*.gl=01;35:*.dl=01;35:*.xcf=01;35:*.xwd=01;35:*.yuv=01;35:*.cgm=01;35:*.emf=01;35:*.ogv=01;35:*.ogx=01;35:*.aac=00;36:*.au=00;36:*.flac=00;36:*.m4a=00;36:*.mid=00;36:*.midi=00;36:*.mka=00;36:*.mp3=00;36:*.mpc=00;36:*.ogg=00;36:*.ra=00;36:*.wav=00;36:*.oga=00;36:*.opus=00;36:*.spx=00;36:*.xspf=00;36:'), ('GNOME_TERMINAL_SERVICE', ':1.113'), ('SSH_AUTH_SOCK', '/run/user/1000/keyring/ssh'), ('AMENT_PREFIX_PATH', '/home/cav330/f1tenth_ws/install/vesc_msgs:/opt/ros/foxy'), ('SHELL', '/bin/bash'), ('QT_ACCESSIBILITY', '1'), ('GDMSESSION', 'ubuntu'), ('LESSCLOSE', '/usr/bin/lesspipe %s %s'), ('GPG_AGENT_INFO', '/run/user/1000/gnupg/S.gpg-agent:0:1'), ('GJS_DEBUG_OUTPUT', 'stderr'), ('QT_IM_MODULE', 'ibus'), ('PWD', '/home/cav330/f1tenth_ws/build/vesc_driver'), ('XDG_CONFIG_DIRS', '/etc/xdg/xdg-ubuntu:/etc/xdg'), ('XDG_DATA_DIRS', '/usr/share/ubuntu:/usr/local/share/:/usr/share/:/var/lib/snapd/desktop'), ('PYTHONPATH', '/home/cav330/f1tenth_ws/install/vesc_msgs/lib/python3.8/site-packages:/opt/ros/foxy/lib/python3.8/site-packages'), ('COLCON', '1'), ('VTE_VERSION', '6003'), ('CMAKE_PREFIX_PATH', '/home/cav330/f1tenth_ws/install/vesc_msgs:/opt/ros/foxy')]), 'shell': False}
[93.517059] (-) TimerEvent: {}
[93.618732] (-) TimerEvent: {}
[93.719960] (-) TimerEvent: {}
[93.820989] (-) TimerEvent: {}
[93.852483] (vesc_ackermann) StdoutLine: {'line': b'-- The C compiler identification is GNU 9.4.0\n'}
[93.899154] (vesc_driver) StdoutLine: {'line': b'-- The C compiler identification is GNU 9.4.0\n'}
[93.921253] (-) TimerEvent: {}
[94.022579] (-) TimerEvent: {}
[94.123536] (-) TimerEvent: {}
[94.194877] (vesc_ackermann) StdoutLine: {'line': b'-- The CXX compiler identification is GNU 9.4.0\n'}
[94.223166] (vesc_driver) StdoutLine: {'line': b'-- The CXX compiler identification is GNU 9.4.0\n'}
[94.223857] (-) TimerEvent: {}
[94.224903] (vesc_ackermann) StdoutLine: {'line': b'-- Check for working C compiler: /usr/bin/cc\n'}
[94.250856] (vesc_driver) StdoutLine: {'line': b'-- Check for working C compiler: /usr/bin/cc\n'}
[94.324171] (-) TimerEvent: {}
[94.428825] (-) TimerEvent: {}
[94.530010] (-) TimerEvent: {}
[94.631050] (-) TimerEvent: {}
[94.661800] (vesc_ackermann) StdoutLine: {'line': b'-- Check for working C compiler: /usr/bin/cc -- works\n'}
[94.670997] (vesc_ackermann) StdoutLine: {'line': b'-- Detecting C compiler ABI info\n'}
[94.672990] (vesc_driver) StdoutLine: {'line': b'-- Check for working C compiler: /usr/bin/cc -- works\n'}
[94.678620] (vesc_driver) StdoutLine: {'line': b'-- Detecting C compiler ABI info\n'}
[94.731295] (-) TimerEvent: {}
[94.832441] (-) TimerEvent: {}
[94.933432] (-) TimerEvent: {}
[95.034427] (-) TimerEvent: {}
[95.045513] (vesc_ackermann) StdoutLine: {'line': b'-- Detecting C compiler ABI info - done\n'}
[95.098250] (vesc_driver) StdoutLine: {'line': b'-- Detecting C compiler ABI info - done\n'}
[95.104673] (vesc_ackermann) StdoutLine: {'line': b'-- Detecting C compile features\n'}
[95.106175] (vesc_ackermann) StdoutLine: {'line': b'-- Detecting C compile features - done\n'}
[95.124768] (vesc_ackermann) StdoutLine: {'line': b'-- Check for working CXX compiler: /usr/bin/c++\n'}
[95.134721] (-) TimerEvent: {}
[95.166804] (vesc_driver) StdoutLine: {'line': b'-- Detecting C compile features\n'}
[95.177024] (vesc_driver) StdoutLine: {'line': b'-- Detecting C compile features - done\n'}
[95.200094] (vesc_driver) StdoutLine: {'line': b'-- Check for working CXX compiler: /usr/bin/c++\n'}
[95.234959] (-) TimerEvent: {}
[95.336187] (-) TimerEvent: {}
[95.437178] (-) TimerEvent: {}
[95.538073] (-) TimerEvent: {}
[95.577370] (vesc_ackermann) StdoutLine: {'line': b'-- Check for working CXX compiler: /usr/bin/c++ -- works\n'}
[95.585075] (vesc_ackermann) StdoutLine: {'line': b'-- Detecting CXX compiler ABI info\n'}
[95.635467] (vesc_driver) StdoutLine: {'line': b'-- Check for working CXX compiler: /usr/bin/c++ -- works\n'}
[95.638310] (-) TimerEvent: {}
[95.640777] (vesc_driver) StdoutLine: {'line': b'-- Detecting CXX compiler ABI info\n'}
[95.739736] (-) TimerEvent: {}
[95.844692] (-) TimerEvent: {}
[95.958047] (-) TimerEvent: {}
[96.016158] (vesc_ackermann) StdoutLine: {'line': b'-- Detecting CXX compiler ABI info - done\n'}
[96.058309] (-) TimerEvent: {}
[96.073341] (vesc_driver) StdoutLine: {'line': b'-- Detecting CXX compiler ABI info - done\n'}
[96.084854] (vesc_ackermann) StdoutLine: {'line': b'-- Detecting CXX compile features\n'}
[96.089397] (vesc_ackermann) StdoutLine: {'line': b'-- Detecting CXX compile features - done\n'}
[96.101439] (vesc_ackermann) StdoutLine: {'line': b'-- Found ament_cmake_auto: 0.9.12 (/opt/ros/foxy/share/ament_cmake_auto/cmake)\n'}
[96.131373] (vesc_driver) StdoutLine: {'line': b'-- Detecting CXX compile features\n'}
[96.133777] (vesc_driver) StdoutLine: {'line': b'-- Detecting CXX compile features - done\n'}
[96.143507] (vesc_driver) StdoutLine: {'line': b'-- Found ament_cmake_auto: 0.9.12 (/opt/ros/foxy/share/ament_cmake_auto/cmake)\n'}
[96.158514] (-) TimerEvent: {}
[96.235374] (vesc_ackermann) StdoutLine: {'line': b'-- Found PythonInterp: /usr/bin/python3 (found suitable version "3.8.10", minimum required is "3") \n'}
[96.236285] (vesc_ackermann) StdoutLine: {'line': b'-- Using PYTHON_EXECUTABLE: /usr/bin/python3\n'}
[96.258775] (-) TimerEvent: {}
[96.274263] (vesc_driver) StdoutLine: {'line': b'-- Found PythonInterp: /usr/bin/python3 (found suitable version "3.8.10", minimum required is "3") \n'}
[96.275796] (vesc_driver) StdoutLine: {'line': b'-- Using PYTHON_EXECUTABLE: /usr/bin/python3\n'}
[96.358992] (-) TimerEvent: {}
[96.459945] (-) TimerEvent: {}
[96.561148] (-) TimerEvent: {}
[96.662422] (-) TimerEvent: {}
[96.763760] (-) TimerEvent: {}
[96.865560] (-) TimerEvent: {}
[96.967412] (-) TimerEvent: {}
[97.070087] (-) TimerEvent: {}
[97.171869] (-) TimerEvent: {}
[97.273140] (-) TimerEvent: {}
[97.374091] (-) TimerEvent: {}
[97.476646] (-) TimerEvent: {}
[97.577641] (-) TimerEvent: {}
[97.660631] (vesc_ackermann) StdoutLine: {'line': b'-- Using all available rosidl_typesupport_c: rosidl_typesupport_fastrtps_c;rosidl_typesupport_introspection_c\n'}
[97.677939] (-) TimerEvent: {}
[97.708277] (vesc_ackermann) StdoutLine: {'line': b'-- Found rosidl_adapter: 1.3.1 (/opt/ros/foxy/share/rosidl_adapter/cmake)\n'}
[97.778196] (-) TimerEvent: {}
[97.853748] (vesc_driver) StdoutLine: {'line': b'-- Using all available rosidl_typesupport_c: rosidl_typesupport_fastrtps_c;rosidl_typesupport_introspection_c\n'}
[97.878438] (-) TimerEvent: {}
[97.888880] (vesc_driver) StdoutLine: {'line': b'-- Found rosidl_adapter: 1.3.1 (/opt/ros/foxy/share/rosidl_adapter/cmake)\n'}
[97.980107] (-) TimerEvent: {}
[98.081143] (-) TimerEvent: {}
[98.182124] (-) TimerEvent: {}
[98.214955] (vesc_ackermann) StdoutLine: {'line': b'-- Found OpenSSL: /usr/lib/aarch64-linux-gnu/libcrypto.so (found version "1.1.1f")  \n'}
[98.282509] (-) TimerEvent: {}
[98.343820] (vesc_ackermann) StdoutLine: {'line': b'-- Found FastRTPS: /opt/ros/foxy/include  \n'}
[98.383258] (-) TimerEvent: {}
[98.411189] (vesc_driver) StdoutLine: {'line': b'-- Found OpenSSL: /usr/lib/aarch64-linux-gnu/libcrypto.so (found version "1.1.1f")  \n'}
[98.483526] (-) TimerEvent: {}
[98.544241] (vesc_driver) StdoutLine: {'line': b'-- Found FastRTPS: /opt/ros/foxy/include  \n'}
[98.583763] (-) TimerEvent: {}
[98.685215] (-) TimerEvent: {}
[98.715380] (vesc_ackermann) StdoutLine: {'line': b'-- Using all available rosidl_typesupport_cpp: rosidl_typesupport_fastrtps_cpp;rosidl_typesupport_introspection_cpp\n'}
[98.785520] (-) TimerEvent: {}
[98.889997] (-) TimerEvent: {}
[98.930389] (vesc_driver) StdoutLine: {'line': b'-- Using all available rosidl_typesupport_cpp: rosidl_typesupport_fastrtps_cpp;rosidl_typesupport_introspection_cpp\n'}
[98.990138] (-) TimerEvent: {}
[99.091185] (-) TimerEvent: {}
[99.197620] (-) TimerEvent: {}
[99.200198] (vesc_driver) StdoutLine: {'line': b'-- Found rmw_implementation_cmake: 1.0.4 (/opt/ros/foxy/share/rmw_implementation_cmake/cmake)\n'}
[99.202310] (vesc_driver) StdoutLine: {'line': b"-- Using RMW implementation 'rmw_fastrtps_cpp' as default\n"}
[99.206254] (vesc_driver) StdoutLine: {'line': b'-- Looking for pthread.h\n'}
[99.297870] (-) TimerEvent: {}
[99.398899] (-) TimerEvent: {}
[99.499869] (-) TimerEvent: {}
[99.601057] (-) TimerEvent: {}
[99.679055] (vesc_driver) StdoutLine: {'line': b'-- Looking for pthread.h - found\n'}
[99.681245] (vesc_driver) StdoutLine: {'line': b'-- Performing Test CMAKE_HAVE_LIBC_PTHREAD\n'}
[99.701379] (-) TimerEvent: {}
[99.760143] (vesc_ackermann) StdoutLine: {'line': b'-- Found rmw_implementation_cmake: 1.0.4 (/opt/ros/foxy/share/rmw_implementation_cmake/cmake)\n'}
[99.766349] (vesc_ackermann) StdoutLine: {'line': b"-- Using RMW implementation 'rmw_fastrtps_cpp' as default\n"}
[99.770509] (vesc_ackermann) StdoutLine: {'line': b'-- Looking for pthread.h\n'}
[99.801497] (-) TimerEvent: {}
[99.902570] (-) TimerEvent: {}
[100.003628] (-) TimerEvent: {}
[100.103486] (vesc_driver) StdoutLine: {'line': b'-- Performing Test CMAKE_HAVE_LIBC_PTHREAD - Failed\n'}
[100.104285] (-) TimerEvent: {}
[100.110356] (vesc_driver) StdoutLine: {'line': b'-- Looking for pthread_create in pthreads\n'}
[100.204600] (-) TimerEvent: {}
[100.212109] (vesc_ackermann) StdoutLine: {'line': b'-- Looking for pthread.h - found\n'}
[100.213769] (vesc_ackermann) StdoutLine: {'line': b'-- Performing Test CMAKE_HAVE_LIBC_PTHREAD\n'}
[100.304819] (-) TimerEvent: {}
[100.405866] (-) TimerEvent: {}
[100.498285] (vesc_driver) StdoutLine: {'line': b'-- Looking for pthread_create in pthreads - not found\n'}
[100.499430] (vesc_driver) StdoutLine: {'line': b'-- Looking for pthread_create in pthread\n'}
[100.506007] (-) TimerEvent: {}
[100.606886] (-) TimerEvent: {}
[100.628555] (vesc_ackermann) StdoutLine: {'line': b'-- Performing Test CMAKE_HAVE_LIBC_PTHREAD - Failed\n'}
[100.632244] (vesc_ackermann) StdoutLine: {'line': b'-- Looking for pthread_create in pthreads\n'}
[100.707137] (-) TimerEvent: {}
[100.808174] (-) TimerEvent: {}
[100.896938] (vesc_driver) StdoutLine: {'line': b'-- Looking for pthread_create in pthread - found\n'}
[100.901522] (vesc_driver) StdoutLine: {'line': b'-- Found Threads: TRUE  \n'}
[100.908560] (-) TimerEvent: {}
[101.002225] (vesc_ackermann) StdoutLine: {'line': b'-- Looking for pthread_create in pthreads - not found\n'}
[101.003409] (vesc_ackermann) StdoutLine: {'line': b'-- Looking for pthread_create in pthread\n'}
[101.009112] (-) TimerEvent: {}
[101.112532] (-) TimerEvent: {}
[101.213559] (-) TimerEvent: {}
[101.315330] (-) TimerEvent: {}
[101.389874] (vesc_ackermann) StdoutLine: {'line': b'-- Looking for pthread_create in pthread - found\n'}
[101.395057] (vesc_ackermann) StdoutLine: {'line': b'-- Found Threads: TRUE  \n'}
[101.415618] (-) TimerEvent: {}
[101.517633] (-) TimerEvent: {}
[101.622094] (-) TimerEvent: {}
[101.723299] (-) TimerEvent: {}
[101.824830] (-) TimerEvent: {}
[101.925792] (-) TimerEvent: {}
[102.027149] (-) TimerEvent: {}
[102.128628] (-) TimerEvent: {}
[102.230013] (-) TimerEvent: {}
[102.331542] (-) TimerEvent: {}
[102.432629] (-) TimerEvent: {}
[102.533839] (-) TimerEvent: {}
[102.634796] (-) TimerEvent: {}
[102.737316] (-) TimerEvent: {}
[102.843397] (-) TimerEvent: {}
[102.944223] (-) TimerEvent: {}
[103.046235] (-) TimerEvent: {}
[103.147274] (-) TimerEvent: {}
[103.248285] (-) TimerEvent: {}
[103.349588] (-) TimerEvent: {}
[103.451338] (-) TimerEvent: {}
[103.552435] (-) TimerEvent: {}
[103.653442] (-) TimerEvent: {}
[103.755351] (-) TimerEvent: {}
[103.856602] (-) TimerEvent: {}
[103.957585] (-) TimerEvent: {}
[103.972217] (vesc_ackermann) StdoutLine: {'line': b'-- Found ament_lint_auto: 0.9.8 (/opt/ros/foxy/share/ament_lint_auto/cmake)\n'}
[104.058101] (-) TimerEvent: {}
[104.084880] (vesc_ackermann) StdoutLine: {'line': b"-- Added test 'copyright' to check source files copyright and LICENSE\n"}
[104.094906] (vesc_ackermann) StdoutLine: {'line': b"-- Added test 'cppcheck' to perform static code analysis on C / C++ code\n"}
[104.099860] (vesc_ackermann) StdoutLine: {'line': b'-- Configured cppcheck include dirs: /home/cav330/f1tenth_ws/src/f1tenth_system/vesc/vesc_ackermann/include\n'}
[104.101196] (vesc_ackermann) StdoutLine: {'line': b'-- Configured cppcheck exclude dirs and/or files: \n'}
[104.115093] (vesc_ackermann) StdoutLine: {'line': b"-- Added test 'cpplint' to check C / C++ code against the Google style\n"}
[104.117896] (vesc_ackermann) StdoutLine: {'line': b'-- Configured cpplint exclude dirs and/or files: \n'}
[104.126158] (vesc_ackermann) StdoutLine: {'line': b"-- Added test 'lint_cmake' to check CMake code style\n"}
[104.139291] (vesc_ackermann) StdoutLine: {'line': b"-- Added test 'uncrustify' to check C / C++ code style\n"}
[104.140009] (vesc_ackermann) StdoutLine: {'line': b'-- Configured uncrustify additional arguments: \n'}
[104.152303] (vesc_ackermann) StdoutLine: {'line': b"-- Added test 'xmllint' to check XML markup files\n"}
[104.161724] (-) TimerEvent: {}
[104.194784] (vesc_ackermann) StdoutLine: {'line': b'-- Configuring done\n'}
[104.261943] (-) TimerEvent: {}
[104.351529] (vesc_ackermann) StdoutLine: {'line': b'-- Generating done\n'}
[104.362237] (-) TimerEvent: {}
[104.405633] (vesc_ackermann) StdoutLine: {'line': b'-- Build files have been written to: /home/cav330/f1tenth_ws/build/vesc_ackermann\n'}
[104.466225] (-) TimerEvent: {}
[104.478460] (vesc_ackermann) CommandEnded: {'returncode': 0}
[104.488934] (vesc_ackermann) JobProgress: {'identifier': 'vesc_ackermann', 'progress': 'build'}
[104.491155] (vesc_ackermann) Command: {'cmd': ['/usr/bin/cmake', '--build', '/home/cav330/f1tenth_ws/build/vesc_ackermann', '--', '-j4', '-l4'], 'cwd': '/home/cav330/f1tenth_ws/build/vesc_ackermann', 'env': OrderedDict([('GJS_DEBUG_TOPICS', 'JS ERROR;JS LOG'), ('LESSOPEN', '| /usr/bin/lesspipe %s'), ('USER', 'cav330'), ('SSH_AGENT_PID', '3256'), ('XDG_SESSION_TYPE', 'x11'), ('SHLVL', '1'), ('LD_LIBRARY_PATH', '/home/cav330/f1tenth_ws/install/vesc_msgs/lib:/opt/ros/foxy/opt/yaml_cpp_vendor/lib:/opt/ros/foxy/opt/rviz_ogre_vendor/lib:/opt/ros/foxy/lib/aarch64-linux-gnu:/opt/ros/foxy/lib:/usr/local/cuda-11.4/lib64'), ('HOME', '/home/cav330'), ('OLDPWD', '/home/cav330/f1tenth_ws/src'), ('DESKTOP_SESSION', 'ubuntu'), ('ROS_PYTHON_VERSION', '3'), ('GNOME_SHELL_SESSION_MODE', 'ubuntu'), ('GTK_MODULES', 'gail:atk-bridge'), ('MANAGERPID', '2241'), ('DBUS_SESSION_BUS_ADDRESS', 'unix:path=/run/user/1000/bus'), ('COLORTERM', 'truecolor'), ('IM_CONFIG_PHASE', '1'), ('ROS_DISTRO', 'foxy'), ('LOGNAME', 'cav330'), ('JOURNAL_STREAM', '8:59348'), ('_', '/usr/bin/colcon'), ('ROS_VERSION', '2'), ('XDG_SESSION_CLASS', 'user'), ('USERNAME', 'cav330'), ('TERM', 'xterm-256color'), ('GNOME_DESKTOP_SESSION_ID', 'this-is-deprecated'), ('ROS_LOCALHOST_ONLY', '0'), ('WINDOWPATH', '3'), ('PATH', '/opt/ros/foxy/bin:/usr/local/cuda-11.4/bin:/usr/local/sbin:/usr/local/bin:/usr/sbin:/usr/bin:/sbin:/bin:/usr/games:/usr/local/games:/snap/bin'), ('SESSION_MANAGER', 'local/ubuntu:@/tmp/.ICE-unix/3308,unix/ubuntu:/tmp/.ICE-unix/3308'), ('INVOCATION_ID', 'bf49e6a9c0ee431ca47543a5b4a2e888'), ('XDG_MENU_PREFIX', 'gnome-'), ('GNOME_TERMINAL_SCREEN', '/org/gnome/Terminal/screen/cf3d13d9_a795_4efc_b844_cdf06d1a71bd'), ('XDG_RUNTIME_DIR', '/run/user/1000'), ('DISPLAY', ':1'), ('LANG', 'en_CA.UTF-8'), ('XDG_CURRENT_DESKTOP', 'ubuntu:GNOME'), ('XMODIFIERS', '@im=ibus'), ('XDG_SESSION_DESKTOP', 'ubuntu'), ('XAUTHORITY', '/run/user/1000/gdm/Xauthority'), ('LS_COLORS', 'rs=0:di=01;34:ln=01;36:mh=00:pi=40;33:so=01;35:do=01;35:bd=40;33;01:cd=40;33;01:or=40;31;01:mi=00:su=37;41:sg=30;43:ca=30;41:tw=30;42:ow=34;42:st=37;44:ex=01;32:*.tar=01;31:*.tgz=01;31:*.arc=01;31:*.arj=01;31:*.taz=01;31:*.lha=01;31:*.lz4=01;31:*.lzh=01;31:*.lzma=01;31:*.tlz=01;31:*.txz=01;31:*.tzo=01;31:*.t7z=01;31:*.zip=01;31:*.z=01;31:*.dz=01;31:*.gz=01;31:*.lrz=01;31:*.lz=01;31:*.lzo=01;31:*.xz=01;31:*.zst=01;31:*.tzst=01;31:*.bz2=01;31:*.bz=01;31:*.tbz=01;31:*.tbz2=01;31:*.tz=01;31:*.deb=01;31:*.rpm=01;31:*.jar=01;31:*.war=01;31:*.ear=01;31:*.sar=01;31:*.rar=01;31:*.alz=01;31:*.ace=01;31:*.zoo=01;31:*.cpio=01;31:*.7z=01;31:*.rz=01;31:*.cab=01;31:*.wim=01;31:*.swm=01;31:*.dwm=01;31:*.esd=01;31:*.jpg=01;35:*.jpeg=01;35:*.mjpg=01;35:*.mjpeg=01;35:*.gif=01;35:*.bmp=01;35:*.pbm=01;35:*.pgm=01;35:*.ppm=01;35:*.tga=01;35:*.xbm=01;35:*.xpm=01;35:*.tif=01;35:*.tiff=01;35:*.png=01;35:*.svg=01;35:*.svgz=01;35:*.mng=01;35:*.pcx=01;35:*.mov=01;35:*.mpg=01;35:*.mpeg=01;35:*.m2v=01;35:*.mkv=01;35:*.webm=01;35:*.ogm=01;35:*.mp4=01;35:*.m4v=01;35:*.mp4v=01;35:*.vob=01;35:*.qt=01;35:*.nuv=01;35:*.wmv=01;35:*.asf=01;35:*.rm=01;35:*.rmvb=01;35:*.flc=01;35:*.avi=01;35:*.fli=01;35:*.flv=01;35:*.gl=01;35:*.dl=01;35:*.xcf=01;35:*.xwd=01;35:*.yuv=01;35:*.cgm=01;35:*.emf=01;35:*.ogv=01;35:*.ogx=01;35:*.aac=00;36:*.au=00;36:*.flac=00;36:*.m4a=00;36:*.mid=00;36:*.midi=00;36:*.mka=00;36:*.mp3=00;36:*.mpc=00;36:*.ogg=00;36:*.ra=00;36:*.wav=00;36:*.oga=00;36:*.opus=00;36:*.spx=00;36:*.xspf=00;36:'), ('GNOME_TERMINAL_SERVICE', ':1.113'), ('SSH_AUTH_SOCK', '/run/user/1000/keyring/ssh'), ('AMENT_PREFIX_PATH', '/home/cav330/f1tenth_ws/install/vesc_msgs:/opt/ros/foxy'), ('SHELL', '/bin/bash'), ('QT_ACCESSIBILITY', '1'), ('GDMSESSION', 'ubuntu'), ('LESSCLOSE', '/usr/bin/lesspipe %s %s'), ('GPG_AGENT_INFO', '/run/user/1000/gnupg/S.gpg-agent:0:1'), ('GJS_DEBUG_OUTPUT', 'stderr'), ('QT_IM_MODULE', 'ibus'), ('PWD', '/home/cav330/f1tenth_ws/build/vesc_ackermann'), ('XDG_CONFIG_DIRS', '/etc/xdg/xdg-ubuntu:/etc/xdg'), ('XDG_DATA_DIRS', '/usr/share/ubuntu:/usr/local/share/:/usr/share/:/var/lib/snapd/desktop'), ('PYTHONPATH', '/home/cav330/f1tenth_ws/install/vesc_msgs/lib/python3.8/site-packages:/opt/ros/foxy/lib/python3.8/site-packages'), ('COLCON', '1'), ('VTE_VERSION', '6003'), ('CMAKE_PREFIX_PATH', '/home/cav330/f1tenth_ws/install/vesc_msgs:/opt/ros/foxy')]), 'shell': False}
[104.567200] (-) TimerEvent: {}
[104.605294] (vesc_driver) StdoutLine: {'line': b'-- Found ament_lint_auto: 0.9.8 (/opt/ros/foxy/share/ament_lint_auto/cmake)\n'}
[104.667428] (-) TimerEvent: {}
[104.726036] (vesc_driver) StdoutLine: {'line': b"-- Added test 'copyright' to check source files copyright and LICENSE\n"}
[104.736306] (vesc_driver) StdoutLine: {'line': b"-- Added test 'cppcheck' to perform static code analysis on C / C++ code\n"}
[104.737367] (vesc_driver) StdoutLine: {'line': b'-- Configured cppcheck include dirs: /home/cav330/f1tenth_ws/src/f1tenth_system/vesc/vesc_driver/include\n'}
[104.737753] (vesc_driver) StdoutLine: {'line': b'-- Configured cppcheck exclude dirs and/or files: \n'}
[104.746421] (vesc_driver) StdoutLine: {'line': b"-- Added test 'cpplint' to check C / C++ code against the Google style\n"}
[104.747077] (vesc_driver) StdoutLine: {'line': b'-- Configured cpplint exclude dirs and/or files: \n'}
[104.749384] (vesc_driver) StdoutLine: {'line': b"-- Added test 'flake8' to check Python code syntax and style conventions\n"}
[104.756174] (vesc_driver) StdoutLine: {'line': b"-- Added test 'lint_cmake' to check CMake code style\n"}
[104.759024] (vesc_driver) StdoutLine: {'line': b"-- Added test 'pep257' to check Python code against some of the style conventions in PEP 257\n"}
[104.767661] (-) TimerEvent: {}
[104.769151] (vesc_driver) StdoutLine: {'line': b"-- Added test 'uncrustify' to check C / C++ code style\n"}
[104.769818] (vesc_driver) StdoutLine: {'line': b'-- Configured uncrustify additional arguments: \n'}
[104.771794] (vesc_driver) StdoutLine: {'line': b"-- Added test 'xmllint' to check XML markup files\n"}
[104.773435] (vesc_ackermann) StdoutLine: {'line': b'\x1b[35m\x1b[1mScanning dependencies of target ackermann_to_vesc_node\x1b[0m\n'}
[104.809998] (vesc_driver) StdoutLine: {'line': b'-- Configuring done\n'}
[104.868591] (-) TimerEvent: {}
[104.970437] (-) TimerEvent: {}
[105.050963] (vesc_ackermann) StdoutLine: {'line': b'[ 14%] \x1b[32mBuilding CXX object CMakeFiles/ackermann_to_vesc_node.dir/rclcpp_components/node_main_ackermann_to_vesc_node.cpp.o\x1b[0m\n'}
[105.070675] (-) TimerEvent: {}
[105.139055] (vesc_driver) StdoutLine: {'line': b'-- Generating done\n'}
[105.172640] (-) TimerEvent: {}
[105.276590] (vesc_driver) StdoutLine: {'line': b'-- Build files have been written to: /home/cav330/f1tenth_ws/build/vesc_driver\n'}
[105.277269] (-) TimerEvent: {}
[105.333449] (vesc_driver) CommandEnded: {'returncode': 0}
[105.340024] (vesc_driver) JobProgress: {'identifier': 'vesc_driver', 'progress': 'build'}
[105.347137] (vesc_driver) Command: {'cmd': ['/usr/bin/cmake', '--build', '/home/cav330/f1tenth_ws/build/vesc_driver', '--', '-j4', '-l4'], 'cwd': '/home/cav330/f1tenth_ws/build/vesc_driver', 'env': OrderedDict([('GJS_DEBUG_TOPICS', 'JS ERROR;JS LOG'), ('LESSOPEN', '| /usr/bin/lesspipe %s'), ('USER', 'cav330'), ('SSH_AGENT_PID', '3256'), ('XDG_SESSION_TYPE', 'x11'), ('SHLVL', '1'), ('LD_LIBRARY_PATH', '/home/cav330/f1tenth_ws/install/vesc_msgs/lib:/opt/ros/foxy/opt/yaml_cpp_vendor/lib:/opt/ros/foxy/opt/rviz_ogre_vendor/lib:/opt/ros/foxy/lib/aarch64-linux-gnu:/opt/ros/foxy/lib:/usr/local/cuda-11.4/lib64'), ('HOME', '/home/cav330'), ('OLDPWD', '/home/cav330/f1tenth_ws/src'), ('DESKTOP_SESSION', 'ubuntu'), ('ROS_PYTHON_VERSION', '3'), ('GNOME_SHELL_SESSION_MODE', 'ubuntu'), ('GTK_MODULES', 'gail:atk-bridge'), ('MANAGERPID', '2241'), ('DBUS_SESSION_BUS_ADDRESS', 'unix:path=/run/user/1000/bus'), ('COLORTERM', 'truecolor'), ('IM_CONFIG_PHASE', '1'), ('ROS_DISTRO', 'foxy'), ('LOGNAME', 'cav330'), ('JOURNAL_STREAM', '8:59348'), ('_', '/usr/bin/colcon'), ('ROS_VERSION', '2'), ('XDG_SESSION_CLASS', 'user'), ('USERNAME', 'cav330'), ('TERM', 'xterm-256color'), ('GNOME_DESKTOP_SESSION_ID', 'this-is-deprecated'), ('ROS_LOCALHOST_ONLY', '0'), ('WINDOWPATH', '3'), ('PATH', '/opt/ros/foxy/bin:/usr/local/cuda-11.4/bin:/usr/local/sbin:/usr/local/bin:/usr/sbin:/usr/bin:/sbin:/bin:/usr/games:/usr/local/games:/snap/bin'), ('SESSION_MANAGER', 'local/ubuntu:@/tmp/.ICE-unix/3308,unix/ubuntu:/tmp/.ICE-unix/3308'), ('INVOCATION_ID', 'bf49e6a9c0ee431ca47543a5b4a2e888'), ('XDG_MENU_PREFIX', 'gnome-'), ('GNOME_TERMINAL_SCREEN', '/org/gnome/Terminal/screen/cf3d13d9_a795_4efc_b844_cdf06d1a71bd'), ('XDG_RUNTIME_DIR', '/run/user/1000'), ('DISPLAY', ':1'), ('LANG', 'en_CA.UTF-8'), ('XDG_CURRENT_DESKTOP', 'ubuntu:GNOME'), ('XMODIFIERS', '@im=ibus'), ('XDG_SESSION_DESKTOP', 'ubuntu'), ('XAUTHORITY', '/run/user/1000/gdm/Xauthority'), ('LS_COLORS', 'rs=0:di=01;34:ln=01;36:mh=00:pi=40;33:so=01;35:do=01;35:bd=40;33;01:cd=40;33;01:or=40;31;01:mi=00:su=37;41:sg=30;43:ca=30;41:tw=30;42:ow=34;42:st=37;44:ex=01;32:*.tar=01;31:*.tgz=01;31:*.arc=01;31:*.arj=01;31:*.taz=01;31:*.lha=01;31:*.lz4=01;31:*.lzh=01;31:*.lzma=01;31:*.tlz=01;31:*.txz=01;31:*.tzo=01;31:*.t7z=01;31:*.zip=01;31:*.z=01;31:*.dz=01;31:*.gz=01;31:*.lrz=01;31:*.lz=01;31:*.lzo=01;31:*.xz=01;31:*.zst=01;31:*.tzst=01;31:*.bz2=01;31:*.bz=01;31:*.tbz=01;31:*.tbz2=01;31:*.tz=01;31:*.deb=01;31:*.rpm=01;31:*.jar=01;31:*.war=01;31:*.ear=01;31:*.sar=01;31:*.rar=01;31:*.alz=01;31:*.ace=01;31:*.zoo=01;31:*.cpio=01;31:*.7z=01;31:*.rz=01;31:*.cab=01;31:*.wim=01;31:*.swm=01;31:*.dwm=01;31:*.esd=01;31:*.jpg=01;35:*.jpeg=01;35:*.mjpg=01;35:*.mjpeg=01;35:*.gif=01;35:*.bmp=01;35:*.pbm=01;35:*.pgm=01;35:*.ppm=01;35:*.tga=01;35:*.xbm=01;35:*.xpm=01;35:*.tif=01;35:*.tiff=01;35:*.png=01;35:*.svg=01;35:*.svgz=01;35:*.mng=01;35:*.pcx=01;35:*.mov=01;35:*.mpg=01;35:*.mpeg=01;35:*.m2v=01;35:*.mkv=01;35:*.webm=01;35:*.ogm=01;35:*.mp4=01;35:*.m4v=01;35:*.mp4v=01;35:*.vob=01;35:*.qt=01;35:*.nuv=01;35:*.wmv=01;35:*.asf=01;35:*.rm=01;35:*.rmvb=01;35:*.flc=01;35:*.avi=01;35:*.fli=01;35:*.flv=01;35:*.gl=01;35:*.dl=01;35:*.xcf=01;35:*.xwd=01;35:*.yuv=01;35:*.cgm=01;35:*.emf=01;35:*.ogv=01;35:*.ogx=01;35:*.aac=00;36:*.au=00;36:*.flac=00;36:*.m4a=00;36:*.mid=00;36:*.midi=00;36:*.mka=00;36:*.mp3=00;36:*.mpc=00;36:*.ogg=00;36:*.ra=00;36:*.wav=00;36:*.oga=00;36:*.opus=00;36:*.spx=00;36:*.xspf=00;36:'), ('GNOME_TERMINAL_SERVICE', ':1.113'), ('SSH_AUTH_SOCK', '/run/user/1000/keyring/ssh'), ('AMENT_PREFIX_PATH', '/home/cav330/f1tenth_ws/install/vesc_msgs:/opt/ros/foxy'), ('SHELL', '/bin/bash'), ('QT_ACCESSIBILITY', '1'), ('GDMSESSION', 'ubuntu'), ('LESSCLOSE', '/usr/bin/lesspipe %s %s'), ('GPG_AGENT_INFO', '/run/user/1000/gnupg/S.gpg-agent:0:1'), ('GJS_DEBUG_OUTPUT', 'stderr'), ('QT_IM_MODULE', 'ibus'), ('PWD', '/home/cav330/f1tenth_ws/build/vesc_driver'), ('XDG_CONFIG_DIRS', '/etc/xdg/xdg-ubuntu:/etc/xdg'), ('XDG_DATA_DIRS', '/usr/share/ubuntu:/usr/local/share/:/usr/share/:/var/lib/snapd/desktop'), ('PYTHONPATH', '/home/cav330/f1tenth_ws/install/vesc_msgs/lib/python3.8/site-packages:/opt/ros/foxy/lib/python3.8/site-packages'), ('COLCON', '1'), ('VTE_VERSION', '6003'), ('CMAKE_PREFIX_PATH', '/home/cav330/f1tenth_ws/install/vesc_msgs:/opt/ros/foxy')]), 'shell': False}
[105.377586] (-) TimerEvent: {}
[105.478900] (-) TimerEvent: {}
[105.580500] (-) TimerEvent: {}
[105.596823] (vesc_driver) StdoutLine: {'line': b'\x1b[35m\x1b[1mScanning dependencies of target vesc_driver\x1b[0m\n'}
[105.680706] (-) TimerEvent: {}
[105.781793] (-) TimerEvent: {}
[105.882771] (-) TimerEvent: {}
[105.954107] (vesc_driver) StdoutLine: {'line': b'[ 10%] \x1b[32mBuilding CXX object CMakeFiles/vesc_driver.dir/src/vesc_driver.cpp.o\x1b[0m\n'}
[105.983120] (-) TimerEvent: {}
[106.085282] (-) TimerEvent: {}
[106.186296] (-) TimerEvent: {}
[106.288607] (-) TimerEvent: {}
[106.389517] (-) TimerEvent: {}
[106.492493] (-) TimerEvent: {}
[106.593471] (-) TimerEvent: {}
[106.694433] (-) TimerEvent: {}
[106.795337] (-) TimerEvent: {}
[106.897819] (-) TimerEvent: {}
[106.999207] (-) TimerEvent: {}
[107.100600] (-) TimerEvent: {}
[107.201455] (-) TimerEvent: {}
[107.302462] (-) TimerEvent: {}
[107.403757] (-) TimerEvent: {}
[107.504784] (-) TimerEvent: {}
[107.609524] (-) TimerEvent: {}
[107.712285] (-) TimerEvent: {}
[107.814847] (-) TimerEvent: {}
[107.916740] (-) TimerEvent: {}
[108.018234] (-) TimerEvent: {}
[108.121110] (-) TimerEvent: {}
[108.223946] (-) TimerEvent: {}
[108.325442] (-) TimerEvent: {}
[108.426783] (-) TimerEvent: {}
[108.529747] (-) TimerEvent: {}
[108.630664] (-) TimerEvent: {}
[108.731656] (-) TimerEvent: {}
[108.833290] (-) TimerEvent: {}
[108.934477] (-) TimerEvent: {}
[109.037004] (-) TimerEvent: {}
[109.138097] (-) TimerEvent: {}
[109.239198] (-) TimerEvent: {}
[109.341255] (-) TimerEvent: {}
[109.443154] (-) TimerEvent: {}
[109.544675] (-) TimerEvent: {}
[109.645658] (-) TimerEvent: {}
[109.746726] (-) TimerEvent: {}
[109.848188] (-) TimerEvent: {}
[109.949805] (-) TimerEvent: {}
[110.051498] (-) TimerEvent: {}
[110.152716] (-) TimerEvent: {}
[110.253649] (-) TimerEvent: {}
[110.354660] (-) TimerEvent: {}
[110.455672] (-) TimerEvent: {}
[110.556857] (-) TimerEvent: {}
[110.659154] (-) TimerEvent: {}
[110.760343] (-) TimerEvent: {}
[110.863234] (-) TimerEvent: {}
[110.965251] (-) TimerEvent: {}
[111.066846] (-) TimerEvent: {}
[111.168589] (-) TimerEvent: {}
[111.274780] (-) TimerEvent: {}
[111.377104] (-) TimerEvent: {}
[111.478255] (-) TimerEvent: {}
[111.579317] (-) TimerEvent: {}
[111.681876] (-) TimerEvent: {}
[111.782927] (-) TimerEvent: {}
[111.883981] (-) TimerEvent: {}
[111.985750] (-) TimerEvent: {}
[112.086836] (-) TimerEvent: {}
[112.187954] (-) TimerEvent: {}
[112.289575] (-) TimerEvent: {}
[112.390701] (-) TimerEvent: {}
[112.492476] (-) TimerEvent: {}
[112.597778] (-) TimerEvent: {}
[112.700208] (-) TimerEvent: {}
[112.801726] (-) TimerEvent: {}
[112.903204] (-) TimerEvent: {}
[113.004337] (-) TimerEvent: {}
[113.110704] (-) TimerEvent: {}
[113.212337] (-) TimerEvent: {}
[113.316883] (-) TimerEvent: {}
[113.420289] (-) TimerEvent: {}
[113.521787] (-) TimerEvent: {}
[113.622920] (-) TimerEvent: {}
[113.723959] (-) TimerEvent: {}
[113.825566] (-) TimerEvent: {}
[113.926770] (-) TimerEvent: {}
[114.027759] (-) TimerEvent: {}
[114.129425] (-) TimerEvent: {}
[114.231545] (-) TimerEvent: {}
[114.333158] (-) TimerEvent: {}
[114.436167] (-) TimerEvent: {}
[114.537947] (-) TimerEvent: {}
[114.639029] (-) TimerEvent: {}
[114.741839] (-) TimerEvent: {}
[114.845896] (-) TimerEvent: {}
[114.949235] (-) TimerEvent: {}
[115.050220] (-) TimerEvent: {}
[115.151146] (-) TimerEvent: {}
[115.252212] (-) TimerEvent: {}
[115.296709] (vesc_ackermann) StdoutLine: {'line': b'[ 28%] \x1b[32m\x1b[1mLinking CXX executable ackermann_to_vesc_node\x1b[0m\n'}
[115.352715] (-) TimerEvent: {}
[115.455202] (-) TimerEvent: {}
[115.556452] (-) TimerEvent: {}
[115.657450] (-) TimerEvent: {}
[115.759560] (-) TimerEvent: {}
[115.810241] (vesc_ackermann) StdoutLine: {'line': b'[ 28%] Built target ackermann_to_vesc_node\n'}
[115.860703] (vesc_ackermann) StdoutLine: {'line': b'\x1b[35m\x1b[1mScanning dependencies of target vesc_ackermann\x1b[0m\n'}
[115.863374] (-) TimerEvent: {}
[115.966416] (-) TimerEvent: {}
[116.067554] (-) TimerEvent: {}
[116.157624] (vesc_ackermann) StdoutLine: {'line': b'[ 42%] \x1b[32mBuilding CXX object CMakeFiles/vesc_ackermann.dir/src/ackermann_to_vesc.cpp.o\x1b[0m\n'}
[116.168035] (-) TimerEvent: {}
[116.269934] (-) TimerEvent: {}
[116.371323] (-) TimerEvent: {}
[116.473050] (-) TimerEvent: {}
[116.574334] (-) TimerEvent: {}
[116.675661] (-) TimerEvent: {}
[116.780863] (-) TimerEvent: {}
[116.882686] (-) TimerEvent: {}
[116.984563] (-) TimerEvent: {}
[117.086483] (-) TimerEvent: {}
[117.189856] (-) TimerEvent: {}
[117.291416] (-) TimerEvent: {}
[117.392794] (-) TimerEvent: {}
[117.494031] (-) TimerEvent: {}
[117.596588] (-) TimerEvent: {}
[117.699648] (-) TimerEvent: {}
[117.800854] (-) TimerEvent: {}
[117.906101] (-) TimerEvent: {}
[118.009286] (-) TimerEvent: {}
[118.113536] (-) TimerEvent: {}
[118.214742] (-) TimerEvent: {}
[118.316470] (-) TimerEvent: {}
[118.417516] (-) TimerEvent: {}
[118.518819] (-) TimerEvent: {}
[118.619931] (-) TimerEvent: {}
[118.721312] (-) TimerEvent: {}
[118.823338] (-) TimerEvent: {}
[118.924510] (-) TimerEvent: {}
[119.025891] (-) TimerEvent: {}
[119.127041] (-) TimerEvent: {}
[119.228328] (-) TimerEvent: {}
[119.329539] (-) TimerEvent: {}
[119.430570] (-) TimerEvent: {}
[119.534658] (-) TimerEvent: {}
[119.636544] (-) TimerEvent: {}
[119.738030] (-) TimerEvent: {}
[119.839365] (-) TimerEvent: {}
[119.941256] (-) TimerEvent: {}
[120.043395] (-) TimerEvent: {}
[120.144991] (-) TimerEvent: {}
[120.246696] (-) TimerEvent: {}
[120.348945] (-) TimerEvent: {}
[120.450191] (-) TimerEvent: {}
[120.551922] (-) TimerEvent: {}
[120.654354] (-) TimerEvent: {}
[120.755930] (-) TimerEvent: {}
[120.858960] (-) TimerEvent: {}
[120.965780] (-) TimerEvent: {}
[121.067438] (-) TimerEvent: {}
[121.168586] (-) TimerEvent: {}
[121.269659] (-) TimerEvent: {}
[121.372917] (-) TimerEvent: {}
[121.475512] (-) TimerEvent: {}
[121.576531] (-) TimerEvent: {}
[121.677812] (-) TimerEvent: {}
[121.778921] (-) TimerEvent: {}
[121.885503] (-) TimerEvent: {}
[121.989084] (-) TimerEvent: {}
[122.091146] (-) TimerEvent: {}
[122.192200] (-) TimerEvent: {}
[122.293466] (-) TimerEvent: {}
[122.394663] (-) TimerEvent: {}
[122.500487] (-) TimerEvent: {}
[122.601924] (-) TimerEvent: {}
[122.703009] (-) TimerEvent: {}
[122.803960] (-) TimerEvent: {}
[122.904909] (-) TimerEvent: {}
[123.005795] (-) TimerEvent: {}
[123.108042] (-) TimerEvent: {}
[123.209093] (-) TimerEvent: {}
[123.310153] (-) TimerEvent: {}
[123.411219] (-) TimerEvent: {}
[123.512271] (-) TimerEvent: {}
[123.613340] (-) TimerEvent: {}
[123.714391] (-) TimerEvent: {}
[123.815382] (-) TimerEvent: {}
[123.916515] (-) TimerEvent: {}
[124.017596] (-) TimerEvent: {}
[124.118759] (-) TimerEvent: {}
[124.219761] (-) TimerEvent: {}
[124.328436] (-) TimerEvent: {}
[124.429805] (-) TimerEvent: {}
[124.530892] (-) TimerEvent: {}
[124.631915] (-) TimerEvent: {}
[124.733209] (-) TimerEvent: {}
[124.834989] (-) TimerEvent: {}
[124.936029] (-) TimerEvent: {}
[125.037371] (-) TimerEvent: {}
[125.138913] (-) TimerEvent: {}
[125.240333] (-) TimerEvent: {}
[125.341601] (-) TimerEvent: {}
[125.442872] (-) TimerEvent: {}
[125.543860] (-) TimerEvent: {}
[125.645621] (-) TimerEvent: {}
[125.746611] (-) TimerEvent: {}
[125.847629] (-) TimerEvent: {}
[125.949001] (-) TimerEvent: {}
[126.051262] (-) TimerEvent: {}
[126.153912] (-) TimerEvent: {}
[126.254940] (-) TimerEvent: {}
[126.360013] (-) TimerEvent: {}
[126.464983] (-) TimerEvent: {}
[126.566117] (-) TimerEvent: {}
[126.667633] (-) TimerEvent: {}
[126.769566] (-) TimerEvent: {}
[126.870927] (-) TimerEvent: {}
[126.972026] (-) TimerEvent: {}
[127.073814] (-) TimerEvent: {}
[127.175472] (-) TimerEvent: {}
[127.280486] (-) TimerEvent: {}
[127.381460] (-) TimerEvent: {}
[127.483682] (-) TimerEvent: {}
[127.584637] (-) TimerEvent: {}
[127.685684] (-) TimerEvent: {}
[127.787027] (-) TimerEvent: {}
[127.890132] (-) TimerEvent: {}
[127.991809] (-) TimerEvent: {}
[128.092927] (-) TimerEvent: {}
[128.196696] (-) TimerEvent: {}
[128.297942] (-) TimerEvent: {}
[128.401441] (-) TimerEvent: {}
[128.505558] (-) TimerEvent: {}
[128.607083] (-) TimerEvent: {}
[128.708903] (-) TimerEvent: {}
[128.810525] (-) TimerEvent: {}
[128.911978] (-) TimerEvent: {}
[129.013636] (-) TimerEvent: {}
[129.115292] (-) TimerEvent: {}
[129.217702] (-) TimerEvent: {}
[129.318739] (-) TimerEvent: {}
[129.420184] (-) TimerEvent: {}
[129.525657] (-) TimerEvent: {}
[129.627788] (-) TimerEvent: {}
[129.728888] (-) TimerEvent: {}
[129.829900] (-) TimerEvent: {}
[129.932125] (-) TimerEvent: {}
[130.033377] (-) TimerEvent: {}
[130.134547] (-) TimerEvent: {}
[130.235929] (-) TimerEvent: {}
[130.337351] (-) TimerEvent: {}
[130.438701] (-) TimerEvent: {}
[130.540690] (-) TimerEvent: {}
[130.641750] (-) TimerEvent: {}
[130.745517] (-) TimerEvent: {}
[130.846798] (-) TimerEvent: {}
[130.949208] (-) TimerEvent: {}
[131.051120] (-) TimerEvent: {}
[131.153784] (-) TimerEvent: {}
[131.255040] (-) TimerEvent: {}
[131.356753] (-) TimerEvent: {}
[131.458928] (-) TimerEvent: {}
[131.560011] (-) TimerEvent: {}
[131.662956] (-) TimerEvent: {}
[131.763920] (-) TimerEvent: {}
[131.864914] (-) TimerEvent: {}
[131.965947] (-) TimerEvent: {}
[132.067005] (-) TimerEvent: {}
[132.167946] (-) TimerEvent: {}
[132.269272] (-) TimerEvent: {}
[132.371549] (-) TimerEvent: {}
[132.473362] (-) TimerEvent: {}
[132.576748] (-) TimerEvent: {}
[132.682462] (-) TimerEvent: {}
[132.783935] (-) TimerEvent: {}
[132.888558] (-) TimerEvent: {}
[132.996695] (-) TimerEvent: {}
[133.097631] (-) TimerEvent: {}
[133.198727] (-) TimerEvent: {}
[133.299919] (-) TimerEvent: {}
[133.401392] (-) TimerEvent: {}
[133.502299] (-) TimerEvent: {}
[133.603303] (-) TimerEvent: {}
[133.704331] (-) TimerEvent: {}
[133.806667] (-) TimerEvent: {}
[133.908651] (-) TimerEvent: {}
[134.010111] (-) TimerEvent: {}
[134.111487] (-) TimerEvent: {}
[134.212569] (-) TimerEvent: {}
[134.313690] (-) TimerEvent: {}
[134.414843] (-) TimerEvent: {}
[134.516220] (-) TimerEvent: {}
[134.618489] (-) TimerEvent: {}
[134.719553] (-) TimerEvent: {}
[134.820769] (-) TimerEvent: {}
[134.921806] (-) TimerEvent: {}
[135.023414] (-) TimerEvent: {}
[135.124505] (-) TimerEvent: {}
[135.226506] (-) TimerEvent: {}
[135.328010] (-) TimerEvent: {}
[135.430165] (-) TimerEvent: {}
[135.531661] (-) TimerEvent: {}
[135.632647] (-) TimerEvent: {}
[135.733531] (-) TimerEvent: {}
[135.834815] (-) TimerEvent: {}
[135.937130] (-) TimerEvent: {}
[136.041165] (-) TimerEvent: {}
[136.142144] (-) TimerEvent: {}
[136.244041] (-) TimerEvent: {}
[136.349356] (-) TimerEvent: {}
[136.451849] (-) TimerEvent: {}
[136.554425] (-) TimerEvent: {}
[136.656095] (-) TimerEvent: {}
[136.757257] (-) TimerEvent: {}
[136.859816] (-) TimerEvent: {}
[136.960875] (-) TimerEvent: {}
[137.062013] (-) TimerEvent: {}
[137.163968] (-) TimerEvent: {}
[137.199498] (vesc_driver) StdoutLine: {'line': b'[ 20%] \x1b[32mBuilding CXX object CMakeFiles/vesc_driver.dir/src/vesc_packet.cpp.o\x1b[0m\n'}
[137.265972] (-) TimerEvent: {}
[137.366790] (-) TimerEvent: {}
[137.471333] (-) TimerEvent: {}
[137.572340] (-) TimerEvent: {}
[137.673869] (-) TimerEvent: {}
[137.776258] (-) TimerEvent: {}
[137.877602] (-) TimerEvent: {}
[137.978563] (-) TimerEvent: {}
[138.079668] (-) TimerEvent: {}
[138.180794] (-) TimerEvent: {}
[138.282239] (-) TimerEvent: {}
[138.384769] (-) TimerEvent: {}
[138.486688] (-) TimerEvent: {}
[138.588318] (-) TimerEvent: {}
[138.689823] (-) TimerEvent: {}
[138.790791] (-) TimerEvent: {}
[138.891825] (-) TimerEvent: {}
[138.993742] (-) TimerEvent: {}
[139.097147] (-) TimerEvent: {}
[139.198782] (-) TimerEvent: {}
[139.301132] (-) TimerEvent: {}
[139.307718] (vesc_driver) StdoutLine: {'line': b'[ 30%] \x1b[32mBuilding CXX object CMakeFiles/vesc_driver.dir/src/vesc_interface.cpp.o\x1b[0m\n'}
[139.401638] (-) TimerEvent: {}
[139.504705] (-) TimerEvent: {}
[139.606533] (-) TimerEvent: {}
[139.707910] (-) TimerEvent: {}
[139.709559] (vesc_driver) StdoutLine: {'line': b'[ 40%] \x1b[32mBuilding CXX object CMakeFiles/vesc_driver.dir/src/vesc_packet_factory.cpp.o\x1b[0m\n'}
[139.809147] (-) TimerEvent: {}
[139.911718] (-) TimerEvent: {}
[140.013319] (-) TimerEvent: {}
[140.114653] (-) TimerEvent: {}
[140.215986] (-) TimerEvent: {}
[140.317445] (-) TimerEvent: {}
[140.418786] (-) TimerEvent: {}
[140.520402] (-) TimerEvent: {}
[140.621530] (-) TimerEvent: {}
[140.722494] (-) TimerEvent: {}
[140.760270] (vesc_ackermann) StdoutLine: {'line': b'[ 57%] \x1b[32mBuilding CXX object CMakeFiles/vesc_ackermann.dir/src/vesc_to_odom.cpp.o\x1b[0m\n'}
[140.822749] (-) TimerEvent: {}
[140.924011] (-) TimerEvent: {}
[141.025098] (-) TimerEvent: {}
[141.126112] (-) TimerEvent: {}
[141.227338] (-) TimerEvent: {}
[141.328330] (-) TimerEvent: {}
[141.434215] (-) TimerEvent: {}
[141.535668] (-) TimerEvent: {}
[141.637519] (-) TimerEvent: {}
[141.738597] (-) TimerEvent: {}
[141.840257] (-) TimerEvent: {}
[141.941392] (-) TimerEvent: {}
[142.042378] (-) TimerEvent: {}
[142.143844] (-) TimerEvent: {}
[142.245583] (-) TimerEvent: {}
[142.348648] (-) TimerEvent: {}
[142.449597] (-) TimerEvent: {}
[142.550668] (-) TimerEvent: {}
[142.651940] (-) TimerEvent: {}
[142.752993] (-) TimerEvent: {}
[142.854040] (-) TimerEvent: {}
[142.955301] (-) TimerEvent: {}
[143.056425] (-) TimerEvent: {}
[143.157326] (-) TimerEvent: {}
[143.258321] (-) TimerEvent: {}
[143.365527] (-) TimerEvent: {}
[143.467762] (-) TimerEvent: {}
[143.568894] (-) TimerEvent: {}
[143.670091] (-) TimerEvent: {}
[143.771850] (-) TimerEvent: {}
[143.874968] (-) TimerEvent: {}
[143.976045] (-) TimerEvent: {}
[144.077645] (-) TimerEvent: {}
[144.178647] (-) TimerEvent: {}
[144.282421] (-) TimerEvent: {}
[144.385710] (-) TimerEvent: {}
[144.486751] (-) TimerEvent: {}
[144.591329] (-) TimerEvent: {}
[144.692862] (-) TimerEvent: {}
[144.794540] (-) TimerEvent: {}
[144.896459] (-) TimerEvent: {}
[144.997503] (-) TimerEvent: {}
[145.098518] (-) TimerEvent: {}
[145.200101] (-) TimerEvent: {}
[145.301319] (-) TimerEvent: {}
[145.402365] (-) TimerEvent: {}
[145.503658] (-) TimerEvent: {}
[145.604823] (-) TimerEvent: {}
[145.706034] (-) TimerEvent: {}
[145.809180] (-) TimerEvent: {}
[145.910791] (-) TimerEvent: {}
[146.012320] (-) TimerEvent: {}
[146.113977] (-) TimerEvent: {}
[146.215529] (-) TimerEvent: {}
[146.317228] (-) TimerEvent: {}
[146.419252] (-) TimerEvent: {}
[146.520524] (-) TimerEvent: {}
[146.624869] (-) TimerEvent: {}
[146.726473] (-) TimerEvent: {}
[146.827489] (-) TimerEvent: {}
[146.928580] (-) TimerEvent: {}
[147.029630] (-) TimerEvent: {}
[147.131463] (-) TimerEvent: {}
[147.232651] (-) TimerEvent: {}
[147.334913] (-) TimerEvent: {}
[147.436236] (-) TimerEvent: {}
[147.537413] (-) TimerEvent: {}
[147.642380] (-) TimerEvent: {}
[147.743362] (-) TimerEvent: {}
[147.844329] (-) TimerEvent: {}
[147.945351] (-) TimerEvent: {}
[148.047052] (-) TimerEvent: {}
[148.147928] (-) TimerEvent: {}
[148.249698] (-) TimerEvent: {}
[148.350687] (-) TimerEvent: {}
[148.451898] (-) TimerEvent: {}
[148.553572] (-) TimerEvent: {}
[148.663473] (-) TimerEvent: {}
[148.764823] (-) TimerEvent: {}
[148.866242] (-) TimerEvent: {}
[148.968054] (-) TimerEvent: {}
[149.069154] (-) TimerEvent: {}
[149.108225] (vesc_driver) StdoutLine: {'line': b'[ 50%] \x1b[32m\x1b[1mLinking CXX shared library libvesc_driver.so\x1b[0m\n'}
[149.169385] (-) TimerEvent: {}
[149.270768] (-) TimerEvent: {}
[149.371837] (-) TimerEvent: {}
[149.472872] (-) TimerEvent: {}
[149.574375] (-) TimerEvent: {}
[149.676182] (-) TimerEvent: {}
[149.778673] (-) TimerEvent: {}
[149.880721] (-) TimerEvent: {}
[149.983062] (-) TimerEvent: {}
[150.084210] (-) TimerEvent: {}
[150.185584] (-) TimerEvent: {}
[150.287647] (-) TimerEvent: {}
[150.388769] (-) TimerEvent: {}
[150.489980] (-) TimerEvent: {}
[150.591374] (-) TimerEvent: {}
[150.692579] (-) TimerEvent: {}
[150.793561] (-) TimerEvent: {}
[150.894492] (-) TimerEvent: {}
[150.995584] (-) TimerEvent: {}
[151.097263] (-) TimerEvent: {}
[151.149480] (vesc_driver) StdoutLine: {'line': b'[ 50%] Built target vesc_driver\n'}
[151.198565] (-) TimerEvent: {}
[151.209617] (vesc_driver) StdoutLine: {'line': b'\x1b[35m\x1b[1mScanning dependencies of target vesc_driver_node\x1b[0m\n'}
[151.298818] (-) TimerEvent: {}
[151.399966] (-) TimerEvent: {}
[151.430620] (vesc_driver) StdoutLine: {'line': b'[ 60%] \x1b[32mBuilding CXX object CMakeFiles/vesc_driver_node.dir/rclcpp_components/node_main_vesc_driver_node.cpp.o\x1b[0m\n'}
[151.500211] (-) TimerEvent: {}
[151.601728] (-) TimerEvent: {}
[151.703460] (-) TimerEvent: {}
[151.806013] (-) TimerEvent: {}
[151.907012] (-) TimerEvent: {}
[152.008128] (-) TimerEvent: {}
[152.110145] (-) TimerEvent: {}
[152.211381] (-) TimerEvent: {}
[152.312441] (-) TimerEvent: {}
[152.413393] (-) TimerEvent: {}
[152.518018] (-) TimerEvent: {}
[152.619116] (-) TimerEvent: {}
[152.720189] (-) TimerEvent: {}
[152.821335] (-) TimerEvent: {}
[152.923269] (-) TimerEvent: {}
[153.025080] (-) TimerEvent: {}
[153.126173] (-) TimerEvent: {}
[153.227673] (-) TimerEvent: {}
[153.331719] (-) TimerEvent: {}
[153.435164] (-) TimerEvent: {}
[153.536541] (-) TimerEvent: {}
[153.638283] (-) TimerEvent: {}
[153.739381] (-) TimerEvent: {}
[153.840565] (-) TimerEvent: {}
[153.942071] (-) TimerEvent: {}
[154.043260] (-) TimerEvent: {}
[154.146456] (-) TimerEvent: {}
[154.249147] (-) TimerEvent: {}
[154.350269] (-) TimerEvent: {}
[154.454007] (-) TimerEvent: {}
[154.555957] (-) TimerEvent: {}
[154.657477] (-) TimerEvent: {}
[154.758751] (-) TimerEvent: {}
[154.861242] (-) TimerEvent: {}
[154.963587] (-) TimerEvent: {}
[155.065499] (-) TimerEvent: {}
[155.167025] (-) TimerEvent: {}
[155.268068] (-) TimerEvent: {}
[155.369152] (-) TimerEvent: {}
[155.470257] (-) TimerEvent: {}
[155.571238] (-) TimerEvent: {}
[155.672664] (-) TimerEvent: {}
[155.773793] (-) TimerEvent: {}
[155.874870] (-) TimerEvent: {}
[155.976183] (-) TimerEvent: {}
[156.077342] (-) TimerEvent: {}
[156.178424] (-) TimerEvent: {}
[156.279579] (-) TimerEvent: {}
[156.380951] (-) TimerEvent: {}
[156.482159] (-) TimerEvent: {}
[156.583563] (-) TimerEvent: {}
[156.685720] (-) TimerEvent: {}
[156.788626] (-) TimerEvent: {}
[156.890834] (-) TimerEvent: {}
[156.991940] (-) TimerEvent: {}
[157.093142] (-) TimerEvent: {}
[157.194805] (-) TimerEvent: {}
[157.298061] (-) TimerEvent: {}
[157.400314] (-) TimerEvent: {}
[157.502008] (-) TimerEvent: {}
[157.603875] (-) TimerEvent: {}
[157.705583] (-) TimerEvent: {}
[157.809412] (-) TimerEvent: {}
[157.910676] (-) TimerEvent: {}
[158.011833] (-) TimerEvent: {}
[158.113106] (-) TimerEvent: {}
[158.214326] (-) TimerEvent: {}
[158.316184] (-) TimerEvent: {}
[158.417376] (-) TimerEvent: {}
[158.518587] (-) TimerEvent: {}
[158.620264] (-) TimerEvent: {}
[158.721596] (-) TimerEvent: {}
[158.822776] (-) TimerEvent: {}
[158.924582] (-) TimerEvent: {}
[159.025899] (-) TimerEvent: {}
[159.126959] (-) TimerEvent: {}
[159.228451] (-) TimerEvent: {}
[159.329838] (-) TimerEvent: {}
[159.430944] (-) TimerEvent: {}
[159.532052] (-) TimerEvent: {}
[159.633250] (-) TimerEvent: {}
[159.734698] (-) TimerEvent: {}
[159.835902] (-) TimerEvent: {}
[159.937071] (-) TimerEvent: {}
[160.038603] (-) TimerEvent: {}
[160.140568] (-) TimerEvent: {}
[160.241713] (-) TimerEvent: {}
[160.343974] (-) TimerEvent: {}
[160.450411] (-) TimerEvent: {}
[160.551958] (-) TimerEvent: {}
[160.653364] (-) TimerEvent: {}
[160.754944] (-) TimerEvent: {}
[160.814955] (vesc_driver) StdoutLine: {'line': b'[ 70%] \x1b[32m\x1b[1mLinking CXX executable vesc_driver_node\x1b[0m\n'}
[160.855453] (-) TimerEvent: {}
[160.956591] (-) TimerEvent: {}
[161.059048] (-) TimerEvent: {}
[161.160134] (-) TimerEvent: {}
[161.261269] (-) TimerEvent: {}
[161.362597] (-) TimerEvent: {}
[161.371802] (vesc_driver) StdoutLine: {'line': b'[ 70%] Built target vesc_driver_node\n'}
[161.435976] (vesc_driver) StdoutLine: {'line': b'\x1b[35m\x1b[1mScanning dependencies of target vesc_device_namer\x1b[0m\n'}
[161.462905] (-) TimerEvent: {}
[161.524324] (vesc_driver) StdoutLine: {'line': b'[ 80%] \x1b[32mBuilding CXX object CMakeFiles/vesc_device_namer.dir/src/vesc_device_namer.cpp.o\x1b[0m\n'}
[161.563159] (-) TimerEvent: {}
[161.664638] (-) TimerEvent: {}
[161.766013] (-) TimerEvent: {}
[161.866936] (-) TimerEvent: {}
[161.969565] (-) TimerEvent: {}
[162.071196] (-) TimerEvent: {}
[162.172289] (-) TimerEvent: {}
[162.273574] (-) TimerEvent: {}
[162.374554] (-) TimerEvent: {}
[162.475834] (-) TimerEvent: {}
[162.577353] (-) TimerEvent: {}
[162.678592] (-) TimerEvent: {}
[162.779670] (-) TimerEvent: {}
[162.882127] (-) TimerEvent: {}
[162.983227] (-) TimerEvent: {}
[163.084304] (-) TimerEvent: {}
[163.185544] (-) TimerEvent: {}
[163.289716] (-) TimerEvent: {}
[163.392420] (-) TimerEvent: {}
[163.493376] (-) TimerEvent: {}
[163.514154] (vesc_driver) StdoutLine: {'line': b'[ 90%] \x1b[32mBuilding CXX object CMakeFiles/vesc_device_namer.dir/src/vesc_device_uuid_lookup.cpp.o\x1b[0m\n'}
[163.593647] (-) TimerEvent: {}
[163.694620] (-) TimerEvent: {}
[163.796043] (-) TimerEvent: {}
[163.897215] (-) TimerEvent: {}
[163.998252] (-) TimerEvent: {}
[164.099261] (-) TimerEvent: {}
[164.200300] (-) TimerEvent: {}
[164.301464] (-) TimerEvent: {}
[164.403409] (-) TimerEvent: {}
[164.504525] (-) TimerEvent: {}
[164.605684] (-) TimerEvent: {}
[164.706678] (-) TimerEvent: {}
[164.807843] (-) TimerEvent: {}
[164.910015] (-) TimerEvent: {}
[165.011883] (-) TimerEvent: {}
[165.113108] (-) TimerEvent: {}
[165.214209] (-) TimerEvent: {}
[165.315315] (-) TimerEvent: {}
[165.416356] (-) TimerEvent: {}
[165.517442] (-) TimerEvent: {}
[165.618411] (-) TimerEvent: {}
[165.719428] (-) TimerEvent: {}
[165.821211] (-) TimerEvent: {}
[165.922755] (-) TimerEvent: {}
[166.024350] (-) TimerEvent: {}
[166.125784] (-) TimerEvent: {}
[166.227237] (-) TimerEvent: {}
[166.302463] (vesc_driver) StdoutLine: {'line': b'[100%] \x1b[32m\x1b[1mLinking CXX executable vesc_device_namer\x1b[0m\n'}
[166.327498] (-) TimerEvent: {}
[166.428624] (-) TimerEvent: {}
[166.530033] (-) TimerEvent: {}
[166.632727] (-) TimerEvent: {}
[166.733841] (-) TimerEvent: {}
[166.835094] (-) TimerEvent: {}
[166.936459] (-) TimerEvent: {}
[167.037456] (-) TimerEvent: {}
[167.138849] (-) TimerEvent: {}
[167.226778] (vesc_driver) StdoutLine: {'line': b'[100%] Built target vesc_device_namer\n'}
[167.239336] (-) TimerEvent: {}
[167.287972] (vesc_driver) CommandEnded: {'returncode': 0}
[167.298546] (vesc_driver) JobProgress: {'identifier': 'vesc_driver', 'progress': 'install'}
[167.301131] (vesc_driver) Command: {'cmd': ['/usr/bin/cmake', '--install', '/home/cav330/f1tenth_ws/build/vesc_driver'], 'cwd': '/home/cav330/f1tenth_ws/build/vesc_driver', 'env': OrderedDict([('GJS_DEBUG_TOPICS', 'JS ERROR;JS LOG'), ('LESSOPEN', '| /usr/bin/lesspipe %s'), ('USER', 'cav330'), ('SSH_AGENT_PID', '3256'), ('XDG_SESSION_TYPE', 'x11'), ('SHLVL', '1'), ('LD_LIBRARY_PATH', '/home/cav330/f1tenth_ws/install/vesc_msgs/lib:/opt/ros/foxy/opt/yaml_cpp_vendor/lib:/opt/ros/foxy/opt/rviz_ogre_vendor/lib:/opt/ros/foxy/lib/aarch64-linux-gnu:/opt/ros/foxy/lib:/usr/local/cuda-11.4/lib64'), ('HOME', '/home/cav330'), ('OLDPWD', '/home/cav330/f1tenth_ws/src'), ('DESKTOP_SESSION', 'ubuntu'), ('ROS_PYTHON_VERSION', '3'), ('GNOME_SHELL_SESSION_MODE', 'ubuntu'), ('GTK_MODULES', 'gail:atk-bridge'), ('MANAGERPID', '2241'), ('DBUS_SESSION_BUS_ADDRESS', 'unix:path=/run/user/1000/bus'), ('COLORTERM', 'truecolor'), ('IM_CONFIG_PHASE', '1'), ('ROS_DISTRO', 'foxy'), ('LOGNAME', 'cav330'), ('JOURNAL_STREAM', '8:59348'), ('_', '/usr/bin/colcon'), ('ROS_VERSION', '2'), ('XDG_SESSION_CLASS', 'user'), ('USERNAME', 'cav330'), ('TERM', 'xterm-256color'), ('GNOME_DESKTOP_SESSION_ID', 'this-is-deprecated'), ('ROS_LOCALHOST_ONLY', '0'), ('WINDOWPATH', '3'), ('PATH', '/opt/ros/foxy/bin:/usr/local/cuda-11.4/bin:/usr/local/sbin:/usr/local/bin:/usr/sbin:/usr/bin:/sbin:/bin:/usr/games:/usr/local/games:/snap/bin'), ('SESSION_MANAGER', 'local/ubuntu:@/tmp/.ICE-unix/3308,unix/ubuntu:/tmp/.ICE-unix/3308'), ('INVOCATION_ID', 'bf49e6a9c0ee431ca47543a5b4a2e888'), ('XDG_MENU_PREFIX', 'gnome-'), ('GNOME_TERMINAL_SCREEN', '/org/gnome/Terminal/screen/cf3d13d9_a795_4efc_b844_cdf06d1a71bd'), ('XDG_RUNTIME_DIR', '/run/user/1000'), ('DISPLAY', ':1'), ('LANG', 'en_CA.UTF-8'), ('XDG_CURRENT_DESKTOP', 'ubuntu:GNOME'), ('XMODIFIERS', '@im=ibus'), ('XDG_SESSION_DESKTOP', 'ubuntu'), ('XAUTHORITY', '/run/user/1000/gdm/Xauthority'), ('LS_COLORS', 'rs=0:di=01;34:ln=01;36:mh=00:pi=40;33:so=01;35:do=01;35:bd=40;33;01:cd=40;33;01:or=40;31;01:mi=00:su=37;41:sg=30;43:ca=30;41:tw=30;42:ow=34;42:st=37;44:ex=01;32:*.tar=01;31:*.tgz=01;31:*.arc=01;31:*.arj=01;31:*.taz=01;31:*.lha=01;31:*.lz4=01;31:*.lzh=01;31:*.lzma=01;31:*.tlz=01;31:*.txz=01;31:*.tzo=01;31:*.t7z=01;31:*.zip=01;31:*.z=01;31:*.dz=01;31:*.gz=01;31:*.lrz=01;31:*.lz=01;31:*.lzo=01;31:*.xz=01;31:*.zst=01;31:*.tzst=01;31:*.bz2=01;31:*.bz=01;31:*.tbz=01;31:*.tbz2=01;31:*.tz=01;31:*.deb=01;31:*.rpm=01;31:*.jar=01;31:*.war=01;31:*.ear=01;31:*.sar=01;31:*.rar=01;31:*.alz=01;31:*.ace=01;31:*.zoo=01;31:*.cpio=01;31:*.7z=01;31:*.rz=01;31:*.cab=01;31:*.wim=01;31:*.swm=01;31:*.dwm=01;31:*.esd=01;31:*.jpg=01;35:*.jpeg=01;35:*.mjpg=01;35:*.mjpeg=01;35:*.gif=01;35:*.bmp=01;35:*.pbm=01;35:*.pgm=01;35:*.ppm=01;35:*.tga=01;35:*.xbm=01;35:*.xpm=01;35:*.tif=01;35:*.tiff=01;35:*.png=01;35:*.svg=01;35:*.svgz=01;35:*.mng=01;35:*.pcx=01;35:*.mov=01;35:*.mpg=01;35:*.mpeg=01;35:*.m2v=01;35:*.mkv=01;35:*.webm=01;35:*.ogm=01;35:*.mp4=01;35:*.m4v=01;35:*.mp4v=01;35:*.vob=01;35:*.qt=01;35:*.nuv=01;35:*.wmv=01;35:*.asf=01;35:*.rm=01;35:*.rmvb=01;35:*.flc=01;35:*.avi=01;35:*.fli=01;35:*.flv=01;35:*.gl=01;35:*.dl=01;35:*.xcf=01;35:*.xwd=01;35:*.yuv=01;35:*.cgm=01;35:*.emf=01;35:*.ogv=01;35:*.ogx=01;35:*.aac=00;36:*.au=00;36:*.flac=00;36:*.m4a=00;36:*.mid=00;36:*.midi=00;36:*.mka=00;36:*.mp3=00;36:*.mpc=00;36:*.ogg=00;36:*.ra=00;36:*.wav=00;36:*.oga=00;36:*.opus=00;36:*.spx=00;36:*.xspf=00;36:'), ('GNOME_TERMINAL_SERVICE', ':1.113'), ('SSH_AUTH_SOCK', '/run/user/1000/keyring/ssh'), ('AMENT_PREFIX_PATH', '/home/cav330/f1tenth_ws/install/vesc_msgs:/opt/ros/foxy'), ('SHELL', '/bin/bash'), ('QT_ACCESSIBILITY', '1'), ('GDMSESSION', 'ubuntu'), ('LESSCLOSE', '/usr/bin/lesspipe %s %s'), ('GPG_AGENT_INFO', '/run/user/1000/gnupg/S.gpg-agent:0:1'), ('GJS_DEBUG_OUTPUT', 'stderr'), ('QT_IM_MODULE', 'ibus'), ('PWD', '/home/cav330/f1tenth_ws/build/vesc_driver'), ('XDG_CONFIG_DIRS', '/etc/xdg/xdg-ubuntu:/etc/xdg'), ('XDG_DATA_DIRS', '/usr/share/ubuntu:/usr/local/share/:/usr/share/:/var/lib/snapd/desktop'), ('PYTHONPATH', '/home/cav330/f1tenth_ws/install/vesc_msgs/lib/python3.8/site-packages:/opt/ros/foxy/lib/python3.8/site-packages'), ('COLCON', '1'), ('VTE_VERSION', '6003'), ('CMAKE_PREFIX_PATH', '/home/cav330/f1tenth_ws/install/vesc_msgs:/opt/ros/foxy')]), 'shell': False}
[167.339964] (-) TimerEvent: {}
[167.360121] (vesc_driver) StdoutLine: {'line': b'-- Install configuration: ""\n'}
[167.361793] (vesc_driver) StdoutLine: {'line': b'-- Installing: /home/cav330/f1tenth_ws/install/vesc_driver/lib/vesc_driver/vesc_driver_node\n'}
[167.366211] (vesc_driver) StdoutLine: {'line': b'-- Set runtime path of "/home/cav330/f1tenth_ws/install/vesc_driver/lib/vesc_driver/vesc_driver_node" to ""\n'}
[167.367135] (vesc_driver) StdoutLine: {'line': b'-- Installing: /home/cav330/f1tenth_ws/install/vesc_driver/include\n'}
[167.367706] (vesc_driver) StdoutLine: {'line': b'-- Installing: /home/cav330/f1tenth_ws/install/vesc_driver/include/vesc_driver\n'}
[167.368048] (vesc_driver) StdoutLine: {'line': b'-- Installing: /home/cav330/f1tenth_ws/install/vesc_driver/include/vesc_driver/vesc_driver.hpp\n'}
[167.368786] (vesc_driver) StdoutLine: {'line': b'-- Installing: /home/cav330/f1tenth_ws/install/vesc_driver/include/vesc_driver/crc.hpp\n'}
[167.369468] (vesc_driver) StdoutLine: {'line': b'-- Installing: /home/cav330/f1tenth_ws/install/vesc_driver/include/vesc_driver/vesc_packet_factory.hpp\n'}
[167.370036] (vesc_driver) StdoutLine: {'line': b'-- Installing: /home/cav330/f1tenth_ws/install/vesc_driver/include/vesc_driver/datatypes.hpp\n'}
[167.371218] (vesc_driver) StdoutLine: {'line': b'-- Installing: /home/cav330/f1tenth_ws/install/vesc_driver/include/vesc_driver/vesc_interface.hpp\n'}
[167.371890] (vesc_driver) StdoutLine: {'line': b'-- Installing: /home/cav330/f1tenth_ws/install/vesc_driver/include/vesc_driver/vesc_device_uuid_lookup.hpp\n'}
[167.372693] (vesc_driver) StdoutLine: {'line': b'-- Installing: /home/cav330/f1tenth_ws/install/vesc_driver/include/vesc_driver/vesc_packet.hpp\n'}
[167.373854] (vesc_driver) StdoutLine: {'line': b'-- Installing: /home/cav330/f1tenth_ws/install/vesc_driver/share/vesc_driver/environment/library_path.sh\n'}
[167.374870] (vesc_driver) StdoutLine: {'line': b'-- Installing: /home/cav330/f1tenth_ws/install/vesc_driver/share/vesc_driver/environment/library_path.dsv\n'}
[167.376748] (vesc_driver) StdoutLine: {'line': b'-- Installing: /home/cav330/f1tenth_ws/install/vesc_driver/lib/libvesc_driver.so\n'}
[167.415543] (vesc_driver) StdoutLine: {'line': b'-- Set runtime path of "/home/cav330/f1tenth_ws/install/vesc_driver/lib/libvesc_driver.so" to ""\n'}
[167.416751] (vesc_driver) StdoutLine: {'line': b'-- Installing: /home/cav330/f1tenth_ws/install/vesc_driver/lib/vesc_driver/vesc_device_namer\n'}
[167.419581] (vesc_driver) StdoutLine: {'line': b'-- Set runtime path of "/home/cav330/f1tenth_ws/install/vesc_driver/lib/vesc_driver/vesc_device_namer" to ""\n'}
[167.421015] (vesc_driver) StdoutLine: {'line': b'-- Installing: /home/cav330/f1tenth_ws/install/vesc_driver/share/vesc_driver/launch\n'}
[167.421863] (vesc_driver) StdoutLine: {'line': b'-- Installing: /home/cav330/f1tenth_ws/install/vesc_driver/share/vesc_driver/launch/vesc_driver_node.launch.py\n'}
[167.422831] (vesc_driver) StdoutLine: {'line': b'-- Installing: /home/cav330/f1tenth_ws/install/vesc_driver/share/vesc_driver/params\n'}
[167.423300] (vesc_driver) StdoutLine: {'line': b'-- Installing: /home/cav330/f1tenth_ws/install/vesc_driver/share/vesc_driver/params/vesc_config.yaml\n'}
[167.425518] (vesc_driver) StdoutLine: {'line': b'-- Installing: /home/cav330/f1tenth_ws/install/vesc_driver/share/ament_index/resource_index/package_run_dependencies/vesc_driver\n'}
[167.425996] (vesc_driver) StdoutLine: {'line': b'-- Installing: /home/cav330/f1tenth_ws/install/vesc_driver/share/ament_index/resource_index/parent_prefix_path/vesc_driver\n'}
[167.426674] (vesc_driver) StdoutLine: {'line': b'-- Installing: /home/cav330/f1tenth_ws/install/vesc_driver/share/vesc_driver/environment/ament_prefix_path.sh\n'}
[167.427239] (vesc_driver) StdoutLine: {'line': b'-- Installing: /home/cav330/f1tenth_ws/install/vesc_driver/share/vesc_driver/environment/ament_prefix_path.dsv\n'}
[167.428124] (vesc_driver) StdoutLine: {'line': b'-- Installing: /home/cav330/f1tenth_ws/install/vesc_driver/share/vesc_driver/environment/path.sh\n'}
[167.429346] (vesc_driver) StdoutLine: {'line': b'-- Installing: /home/cav330/f1tenth_ws/install/vesc_driver/share/vesc_driver/environment/path.dsv\n'}
[167.430330] (vesc_driver) StdoutLine: {'line': b'-- Installing: /home/cav330/f1tenth_ws/install/vesc_driver/share/vesc_driver/local_setup.bash\n'}
[167.431158] (vesc_driver) StdoutLine: {'line': b'-- Installing: /home/cav330/f1tenth_ws/install/vesc_driver/share/vesc_driver/local_setup.sh\n'}
[167.433152] (vesc_driver) StdoutLine: {'line': b'-- Installing: /home/cav330/f1tenth_ws/install/vesc_driver/share/vesc_driver/local_setup.zsh\n'}
[167.434037] (vesc_driver) StdoutLine: {'line': b'-- Installing: /home/cav330/f1tenth_ws/install/vesc_driver/share/vesc_driver/local_setup.dsv\n'}
[167.437066] (vesc_driver) StdoutLine: {'line': b'-- Installing: /home/cav330/f1tenth_ws/install/vesc_driver/share/vesc_driver/package.dsv\n'}
[167.439712] (vesc_driver) StdoutLine: {'line': b'-- Installing: /home/cav330/f1tenth_ws/install/vesc_driver/share/ament_index/resource_index/packages/vesc_driver\n'}
[167.440470] (-) TimerEvent: {}
[167.445832] (vesc_driver) StdoutLine: {'line': b'-- Installing: /home/cav330/f1tenth_ws/install/vesc_driver/share/ament_index/resource_index/rclcpp_components/vesc_driver\n'}
[167.446792] (vesc_driver) StdoutLine: {'line': b'-- Installing: /home/cav330/f1tenth_ws/install/vesc_driver/share/vesc_driver/cmake/ament_cmake_export_dependencies-extras.cmake\n'}
[167.447189] (vesc_driver) StdoutLine: {'line': b'-- Installing: /home/cav330/f1tenth_ws/install/vesc_driver/share/vesc_driver/cmake/ament_cmake_export_include_directories-extras.cmake\n'}
[167.447498] (vesc_driver) StdoutLine: {'line': b'-- Installing: /home/cav330/f1tenth_ws/install/vesc_driver/share/vesc_driver/cmake/ament_cmake_export_libraries-extras.cmake\n'}
[167.447767] (vesc_driver) StdoutLine: {'line': b'-- Installing: /home/cav330/f1tenth_ws/install/vesc_driver/share/vesc_driver/cmake/vesc_driverConfig.cmake\n'}
[167.448085] (vesc_driver) StdoutLine: {'line': b'-- Installing: /home/cav330/f1tenth_ws/install/vesc_driver/share/vesc_driver/cmake/vesc_driverConfig-version.cmake\n'}
[167.450176] (vesc_driver) StdoutLine: {'line': b'-- Installing: /home/cav330/f1tenth_ws/install/vesc_driver/share/vesc_driver/package.xml\n'}
[167.460709] (vesc_driver) CommandEnded: {'returncode': 0}
[167.540874] (-) TimerEvent: {}
[167.548719] (vesc_driver) JobEnded: {'identifier': 'vesc_driver', 'rc': 0}
[167.641147] (-) TimerEvent: {}
[167.742038] (-) TimerEvent: {}
[167.842971] (-) TimerEvent: {}
[167.944019] (-) TimerEvent: {}
[168.044882] (-) TimerEvent: {}
[168.145731] (-) TimerEvent: {}
[168.246773] (-) TimerEvent: {}
[168.347898] (-) TimerEvent: {}
[168.448918] (-) TimerEvent: {}
[168.550113] (-) TimerEvent: {}
[168.651073] (-) TimerEvent: {}
[168.752082] (-) TimerEvent: {}
[168.853750] (-) TimerEvent: {}
[168.954643] (-) TimerEvent: {}
[169.055464] (-) TimerEvent: {}
[169.157139] (-) TimerEvent: {}
[169.258080] (-) TimerEvent: {}
[169.359195] (-) TimerEvent: {}
[169.460133] (-) TimerEvent: {}
[169.561130] (-) TimerEvent: {}
[169.663860] (-) TimerEvent: {}
[169.765281] (-) TimerEvent: {}
[169.867414] (-) TimerEvent: {}
[169.968337] (-) TimerEvent: {}
[170.069767] (-) TimerEvent: {}
[170.170865] (-) TimerEvent: {}
[170.271917] (-) TimerEvent: {}
[170.372958] (-) TimerEvent: {}
[170.473901] (-) TimerEvent: {}
[170.574912] (-) TimerEvent: {}
[170.675890] (-) TimerEvent: {}
[170.779011] (-) TimerEvent: {}
[170.880102] (-) TimerEvent: {}
[170.981693] (-) TimerEvent: {}
[171.083670] (-) TimerEvent: {}
[171.186006] (-) TimerEvent: {}
[171.243789] (vesc_ackermann) StdoutLine: {'line': b'[ 71%] \x1b[32m\x1b[1mLinking CXX shared library libvesc_ackermann.so\x1b[0m\n'}
[171.286626] (-) TimerEvent: {}
[171.389359] (-) TimerEvent: {}
[171.490308] (-) TimerEvent: {}
[171.591203] (-) TimerEvent: {}
[171.692120] (-) TimerEvent: {}
[171.793068] (-) TimerEvent: {}
[171.893903] (-) TimerEvent: {}
[171.994812] (-) TimerEvent: {}
[172.096040] (-) TimerEvent: {}
[172.198068] (-) TimerEvent: {}
[172.299199] (-) TimerEvent: {}
[172.400175] (-) TimerEvent: {}
[172.501072] (-) TimerEvent: {}
[172.601969] (-) TimerEvent: {}
[172.703044] (-) TimerEvent: {}
[172.804023] (-) TimerEvent: {}
[172.905249] (-) TimerEvent: {}
[173.006216] (-) TimerEvent: {}
[173.107228] (-) TimerEvent: {}
[173.208080] (-) TimerEvent: {}
[173.309240] (-) TimerEvent: {}
[173.392772] (vesc_ackermann) StdoutLine: {'line': b'[ 71%] Built target vesc_ackermann\n'}
[173.409644] (-) TimerEvent: {}
[173.449644] (vesc_ackermann) StdoutLine: {'line': b'\x1b[35m\x1b[1mScanning dependencies of target vesc_to_odom_node\x1b[0m\n'}
[173.509993] (-) TimerEvent: {}
[173.611213] (-) TimerEvent: {}
[173.667384] (vesc_ackermann) StdoutLine: {'line': b'[ 85%] \x1b[32mBuilding CXX object CMakeFiles/vesc_to_odom_node.dir/rclcpp_components/node_main_vesc_to_odom_node.cpp.o\x1b[0m\n'}
[173.711421] (-) TimerEvent: {}
[173.812563] (-) TimerEvent: {}
[173.913804] (-) TimerEvent: {}
[174.016707] (-) TimerEvent: {}
[174.119261] (-) TimerEvent: {}
[174.222500] (-) TimerEvent: {}
[174.323468] (-) TimerEvent: {}
[174.424479] (-) TimerEvent: {}
[174.525576] (-) TimerEvent: {}
[174.626563] (-) TimerEvent: {}
[174.727796] (-) TimerEvent: {}
[174.828709] (-) TimerEvent: {}
[174.929615] (-) TimerEvent: {}
[175.030830] (-) TimerEvent: {}
[175.131802] (-) TimerEvent: {}
[175.232711] (-) TimerEvent: {}
[175.333664] (-) TimerEvent: {}
[175.435857] (-) TimerEvent: {}
[175.536903] (-) TimerEvent: {}
[175.637812] (-) TimerEvent: {}
[175.739016] (-) TimerEvent: {}
[175.840646] (-) TimerEvent: {}
[175.945117] (-) TimerEvent: {}
[176.047012] (-) TimerEvent: {}
[176.147981] (-) TimerEvent: {}
[176.248976] (-) TimerEvent: {}
[176.349910] (-) TimerEvent: {}
[176.451065] (-) TimerEvent: {}
[176.552069] (-) TimerEvent: {}
[176.653131] (-) TimerEvent: {}
[176.754958] (-) TimerEvent: {}
[176.856469] (-) TimerEvent: {}
[176.957534] (-) TimerEvent: {}
[177.058551] (-) TimerEvent: {}
[177.159603] (-) TimerEvent: {}
[177.261129] (-) TimerEvent: {}
[177.362348] (-) TimerEvent: {}
[177.463285] (-) TimerEvent: {}
[177.569291] (-) TimerEvent: {}
[177.670206] (-) TimerEvent: {}
[177.771175] (-) TimerEvent: {}
[177.872112] (-) TimerEvent: {}
[177.977207] (-) TimerEvent: {}
[178.078583] (-) TimerEvent: {}
[178.182267] (-) TimerEvent: {}
[178.289170] (-) TimerEvent: {}
[178.390626] (-) TimerEvent: {}
[178.492001] (-) TimerEvent: {}
[178.595652] (-) TimerEvent: {}
[178.697642] (-) TimerEvent: {}
[178.798771] (-) TimerEvent: {}
[178.899853] (-) TimerEvent: {}
[179.001003] (-) TimerEvent: {}
[179.102100] (-) TimerEvent: {}
[179.203301] (-) TimerEvent: {}
[179.304343] (-) TimerEvent: {}
[179.405589] (-) TimerEvent: {}
[179.506638] (-) TimerEvent: {}
[179.607566] (-) TimerEvent: {}
[179.708970] (-) TimerEvent: {}
[179.811890] (-) TimerEvent: {}
[179.913122] (-) TimerEvent: {}
[180.014134] (-) TimerEvent: {}
[180.115440] (-) TimerEvent: {}
[180.216533] (-) TimerEvent: {}
[180.318222] (-) TimerEvent: {}
[180.419108] (-) TimerEvent: {}
[180.520674] (-) TimerEvent: {}
[180.622930] (-) TimerEvent: {}
[180.726513] (-) TimerEvent: {}
[180.828690] (-) TimerEvent: {}
[180.930172] (-) TimerEvent: {}
[181.031232] (-) TimerEvent: {}
[181.132277] (-) TimerEvent: {}
[181.233641] (-) TimerEvent: {}
[181.334626] (-) TimerEvent: {}
[181.435660] (-) TimerEvent: {}
[181.537076] (-) TimerEvent: {}
[181.639223] (-) TimerEvent: {}
[181.740309] (-) TimerEvent: {}
[181.842425] (-) TimerEvent: {}
[181.944027] (-) TimerEvent: {}
[182.045342] (-) TimerEvent: {}
[182.146425] (-) TimerEvent: {}
[182.248026] (-) TimerEvent: {}
[182.350655] (-) TimerEvent: {}
[182.452633] (-) TimerEvent: {}
[182.495436] (vesc_ackermann) StdoutLine: {'line': b'[100%] \x1b[32m\x1b[1mLinking CXX executable vesc_to_odom_node\x1b[0m\n'}
[182.552890] (-) TimerEvent: {}
[182.654095] (-) TimerEvent: {}
[182.756495] (-) TimerEvent: {}
[182.858294] (-) TimerEvent: {}
[182.959481] (-) TimerEvent: {}
[183.002260] (vesc_ackermann) StdoutLine: {'line': b'[100%] Built target vesc_to_odom_node\n'}
[183.053274] (vesc_ackermann) CommandEnded: {'returncode': 0}
[183.057016] (vesc_ackermann) JobProgress: {'identifier': 'vesc_ackermann', 'progress': 'install'}
[183.059047] (vesc_ackermann) Command: {'cmd': ['/usr/bin/cmake', '--install', '/home/cav330/f1tenth_ws/build/vesc_ackermann'], 'cwd': '/home/cav330/f1tenth_ws/build/vesc_ackermann', 'env': OrderedDict([('GJS_DEBUG_TOPICS', 'JS ERROR;JS LOG'), ('LESSOPEN', '| /usr/bin/lesspipe %s'), ('USER', 'cav330'), ('SSH_AGENT_PID', '3256'), ('XDG_SESSION_TYPE', 'x11'), ('SHLVL', '1'), ('LD_LIBRARY_PATH', '/home/cav330/f1tenth_ws/install/vesc_msgs/lib:/opt/ros/foxy/opt/yaml_cpp_vendor/lib:/opt/ros/foxy/opt/rviz_ogre_vendor/lib:/opt/ros/foxy/lib/aarch64-linux-gnu:/opt/ros/foxy/lib:/usr/local/cuda-11.4/lib64'), ('HOME', '/home/cav330'), ('OLDPWD', '/home/cav330/f1tenth_ws/src'), ('DESKTOP_SESSION', 'ubuntu'), ('ROS_PYTHON_VERSION', '3'), ('GNOME_SHELL_SESSION_MODE', 'ubuntu'), ('GTK_MODULES', 'gail:atk-bridge'), ('MANAGERPID', '2241'), ('DBUS_SESSION_BUS_ADDRESS', 'unix:path=/run/user/1000/bus'), ('COLORTERM', 'truecolor'), ('IM_CONFIG_PHASE', '1'), ('ROS_DISTRO', 'foxy'), ('LOGNAME', 'cav330'), ('JOURNAL_STREAM', '8:59348'), ('_', '/usr/bin/colcon'), ('ROS_VERSION', '2'), ('XDG_SESSION_CLASS', 'user'), ('USERNAME', 'cav330'), ('TERM', 'xterm-256color'), ('GNOME_DESKTOP_SESSION_ID', 'this-is-deprecated'), ('ROS_LOCALHOST_ONLY', '0'), ('WINDOWPATH', '3'), ('PATH', '/opt/ros/foxy/bin:/usr/local/cuda-11.4/bin:/usr/local/sbin:/usr/local/bin:/usr/sbin:/usr/bin:/sbin:/bin:/usr/games:/usr/local/games:/snap/bin'), ('SESSION_MANAGER', 'local/ubuntu:@/tmp/.ICE-unix/3308,unix/ubuntu:/tmp/.ICE-unix/3308'), ('INVOCATION_ID', 'bf49e6a9c0ee431ca47543a5b4a2e888'), ('XDG_MENU_PREFIX', 'gnome-'), ('GNOME_TERMINAL_SCREEN', '/org/gnome/Terminal/screen/cf3d13d9_a795_4efc_b844_cdf06d1a71bd'), ('XDG_RUNTIME_DIR', '/run/user/1000'), ('DISPLAY', ':1'), ('LANG', 'en_CA.UTF-8'), ('XDG_CURRENT_DESKTOP', 'ubuntu:GNOME'), ('XMODIFIERS', '@im=ibus'), ('XDG_SESSION_DESKTOP', 'ubuntu'), ('XAUTHORITY', '/run/user/1000/gdm/Xauthority'), ('LS_COLORS', 'rs=0:di=01;34:ln=01;36:mh=00:pi=40;33:so=01;35:do=01;35:bd=40;33;01:cd=40;33;01:or=40;31;01:mi=00:su=37;41:sg=30;43:ca=30;41:tw=30;42:ow=34;42:st=37;44:ex=01;32:*.tar=01;31:*.tgz=01;31:*.arc=01;31:*.arj=01;31:*.taz=01;31:*.lha=01;31:*.lz4=01;31:*.lzh=01;31:*.lzma=01;31:*.tlz=01;31:*.txz=01;31:*.tzo=01;31:*.t7z=01;31:*.zip=01;31:*.z=01;31:*.dz=01;31:*.gz=01;31:*.lrz=01;31:*.lz=01;31:*.lzo=01;31:*.xz=01;31:*.zst=01;31:*.tzst=01;31:*.bz2=01;31:*.bz=01;31:*.tbz=01;31:*.tbz2=01;31:*.tz=01;31:*.deb=01;31:*.rpm=01;31:*.jar=01;31:*.war=01;31:*.ear=01;31:*.sar=01;31:*.rar=01;31:*.alz=01;31:*.ace=01;31:*.zoo=01;31:*.cpio=01;31:*.7z=01;31:*.rz=01;31:*.cab=01;31:*.wim=01;31:*.swm=01;31:*.dwm=01;31:*.esd=01;31:*.jpg=01;35:*.jpeg=01;35:*.mjpg=01;35:*.mjpeg=01;35:*.gif=01;35:*.bmp=01;35:*.pbm=01;35:*.pgm=01;35:*.ppm=01;35:*.tga=01;35:*.xbm=01;35:*.xpm=01;35:*.tif=01;35:*.tiff=01;35:*.png=01;35:*.svg=01;35:*.svgz=01;35:*.mng=01;35:*.pcx=01;35:*.mov=01;35:*.mpg=01;35:*.mpeg=01;35:*.m2v=01;35:*.mkv=01;35:*.webm=01;35:*.ogm=01;35:*.mp4=01;35:*.m4v=01;35:*.mp4v=01;35:*.vob=01;35:*.qt=01;35:*.nuv=01;35:*.wmv=01;35:*.asf=01;35:*.rm=01;35:*.rmvb=01;35:*.flc=01;35:*.avi=01;35:*.fli=01;35:*.flv=01;35:*.gl=01;35:*.dl=01;35:*.xcf=01;35:*.xwd=01;35:*.yuv=01;35:*.cgm=01;35:*.emf=01;35:*.ogv=01;35:*.ogx=01;35:*.aac=00;36:*.au=00;36:*.flac=00;36:*.m4a=00;36:*.mid=00;36:*.midi=00;36:*.mka=00;36:*.mp3=00;36:*.mpc=00;36:*.ogg=00;36:*.ra=00;36:*.wav=00;36:*.oga=00;36:*.opus=00;36:*.spx=00;36:*.xspf=00;36:'), ('GNOME_TERMINAL_SERVICE', ':1.113'), ('SSH_AUTH_SOCK', '/run/user/1000/keyring/ssh'), ('AMENT_PREFIX_PATH', '/home/cav330/f1tenth_ws/install/vesc_msgs:/opt/ros/foxy'), ('SHELL', '/bin/bash'), ('QT_ACCESSIBILITY', '1'), ('GDMSESSION', 'ubuntu'), ('LESSCLOSE', '/usr/bin/lesspipe %s %s'), ('GPG_AGENT_INFO', '/run/user/1000/gnupg/S.gpg-agent:0:1'), ('GJS_DEBUG_OUTPUT', 'stderr'), ('QT_IM_MODULE', 'ibus'), ('PWD', '/home/cav330/f1tenth_ws/build/vesc_ackermann'), ('XDG_CONFIG_DIRS', '/etc/xdg/xdg-ubuntu:/etc/xdg'), ('XDG_DATA_DIRS', '/usr/share/ubuntu:/usr/local/share/:/usr/share/:/var/lib/snapd/desktop'), ('PYTHONPATH', '/home/cav330/f1tenth_ws/install/vesc_msgs/lib/python3.8/site-packages:/opt/ros/foxy/lib/python3.8/site-packages'), ('COLCON', '1'), ('VTE_VERSION', '6003'), ('CMAKE_PREFIX_PATH', '/home/cav330/f1tenth_ws/install/vesc_msgs:/opt/ros/foxy')]), 'shell': False}
[183.068634] (-) TimerEvent: {}
[183.114772] (vesc_ackermann) StdoutLine: {'line': b'-- Install configuration: ""\n'}
[183.115791] (vesc_ackermann) StdoutLine: {'line': b'-- Installing: /home/cav330/f1tenth_ws/install/vesc_ackermann/lib/vesc_ackermann/ackermann_to_vesc_node\n'}
[183.120651] (vesc_ackermann) StdoutLine: {'line': b'-- Set runtime path of "/home/cav330/f1tenth_ws/install/vesc_ackermann/lib/vesc_ackermann/ackermann_to_vesc_node" to ""\n'}
[183.121237] (vesc_ackermann) StdoutLine: {'line': b'-- Installing: /home/cav330/f1tenth_ws/install/vesc_ackermann/lib/vesc_ackermann/vesc_to_odom_node\n'}
[183.125257] (vesc_ackermann) StdoutLine: {'line': b'-- Set runtime path of "/home/cav330/f1tenth_ws/install/vesc_ackermann/lib/vesc_ackermann/vesc_to_odom_node" to ""\n'}
[183.125804] (vesc_ackermann) StdoutLine: {'line': b'-- Installing: /home/cav330/f1tenth_ws/install/vesc_ackermann/include\n'}
[183.126238] (vesc_ackermann) StdoutLine: {'line': b'-- Installing: /home/cav330/f1tenth_ws/install/vesc_ackermann/include/vesc_ackermann\n'}
[183.126700] (vesc_ackermann) StdoutLine: {'line': b'-- Installing: /home/cav330/f1tenth_ws/install/vesc_ackermann/include/vesc_ackermann/ackermann_to_vesc.hpp\n'}
[183.127078] (vesc_ackermann) StdoutLine: {'line': b'-- Installing: /home/cav330/f1tenth_ws/install/vesc_ackermann/include/vesc_ackermann/vesc_to_odom.hpp\n'}
[183.128531] (vesc_ackermann) StdoutLine: {'line': b'-- Installing: /home/cav330/f1tenth_ws/install/vesc_ackermann/share/vesc_ackermann/environment/library_path.sh\n'}
[183.129232] (vesc_ackermann) StdoutLine: {'line': b'-- Installing: /home/cav330/f1tenth_ws/install/vesc_ackermann/share/vesc_ackermann/environment/library_path.dsv\n'}
[183.130216] (vesc_ackermann) StdoutLine: {'line': b'-- Installing: /home/cav330/f1tenth_ws/install/vesc_ackermann/lib/libvesc_ackermann.so\n'}
[183.168829] (-) TimerEvent: {}
[183.181047] (vesc_ackermann) StdoutLine: {'line': b'-- Set runtime path of "/home/cav330/f1tenth_ws/install/vesc_ackermann/lib/libvesc_ackermann.so" to ""\n'}
[183.182070] (vesc_ackermann) StdoutLine: {'line': b'-- Installing: /home/cav330/f1tenth_ws/install/vesc_ackermann/share/vesc_ackermann/launch\n'}
[183.182478] (vesc_ackermann) StdoutLine: {'line': b'-- Installing: /home/cav330/f1tenth_ws/install/vesc_ackermann/share/vesc_ackermann/launch/ackermann_to_vesc_node.launch.xml\n'}
[183.182921] (vesc_ackermann) StdoutLine: {'line': b'-- Installing: /home/cav330/f1tenth_ws/install/vesc_ackermann/share/vesc_ackermann/launch/vesc_to_odom_node.launch.xml\n'}
[183.183949] (vesc_ackermann) StdoutLine: {'line': b'-- Installing: /home/cav330/f1tenth_ws/install/vesc_ackermann/share/ament_index/resource_index/package_run_dependencies/vesc_ackermann\n'}
[183.185109] (vesc_ackermann) StdoutLine: {'line': b'-- Installing: /home/cav330/f1tenth_ws/install/vesc_ackermann/share/ament_index/resource_index/parent_prefix_path/vesc_ackermann\n'}
[183.185860] (vesc_ackermann) StdoutLine: {'line': b'-- Installing: /home/cav330/f1tenth_ws/install/vesc_ackermann/share/vesc_ackermann/environment/ament_prefix_path.sh\n'}
[183.186861] (vesc_ackermann) StdoutLine: {'line': b'-- Installing: /home/cav330/f1tenth_ws/install/vesc_ackermann/share/vesc_ackermann/environment/ament_prefix_path.dsv\n'}
[183.187528] (vesc_ackermann) StdoutLine: {'line': b'-- Installing: /home/cav330/f1tenth_ws/install/vesc_ackermann/share/vesc_ackermann/environment/path.sh\n'}
[183.188562] (vesc_ackermann) StdoutLine: {'line': b'-- Installing: /home/cav330/f1tenth_ws/install/vesc_ackermann/share/vesc_ackermann/environment/path.dsv\n'}
[183.189446] (vesc_ackermann) StdoutLine: {'line': b'-- Installing: /home/cav330/f1tenth_ws/install/vesc_ackermann/share/vesc_ackermann/local_setup.bash\n'}
[183.190280] (vesc_ackermann) StdoutLine: {'line': b'-- Installing: /home/cav330/f1tenth_ws/install/vesc_ackermann/share/vesc_ackermann/local_setup.sh\n'}
[183.191119] (vesc_ackermann) StdoutLine: {'line': b'-- Installing: /home/cav330/f1tenth_ws/install/vesc_ackermann/share/vesc_ackermann/local_setup.zsh\n'}
[183.191982] (vesc_ackermann) StdoutLine: {'line': b'-- Installing: /home/cav330/f1tenth_ws/install/vesc_ackermann/share/vesc_ackermann/local_setup.dsv\n'}
[183.192861] (vesc_ackermann) StdoutLine: {'line': b'-- Installing: /home/cav330/f1tenth_ws/install/vesc_ackermann/share/vesc_ackermann/package.dsv\n'}
[183.193978] (vesc_ackermann) StdoutLine: {'line': b'-- Installing: /home/cav330/f1tenth_ws/install/vesc_ackermann/share/ament_index/resource_index/packages/vesc_ackermann\n'}
[183.195724] (vesc_ackermann) StdoutLine: {'line': b'-- Installing: /home/cav330/f1tenth_ws/install/vesc_ackermann/share/ament_index/resource_index/rclcpp_components/vesc_ackermann\n'}
[183.199953] (vesc_ackermann) StdoutLine: {'line': b'-- Installing: /home/cav330/f1tenth_ws/install/vesc_ackermann/share/vesc_ackermann/cmake/ament_cmake_export_dependencies-extras.cmake\n'}
[183.201526] (vesc_ackermann) StdoutLine: {'line': b'-- Installing: /home/cav330/f1tenth_ws/install/vesc_ackermann/share/vesc_ackermann/cmake/ament_cmake_export_include_directories-extras.cmake\n'}
[183.201926] (vesc_ackermann) StdoutLine: {'line': b'-- Installing: /home/cav330/f1tenth_ws/install/vesc_ackermann/share/vesc_ackermann/cmake/ament_cmake_export_libraries-extras.cmake\n'}
[183.202234] (vesc_ackermann) StdoutLine: {'line': b'-- Installing: /home/cav330/f1tenth_ws/install/vesc_ackermann/share/vesc_ackermann/cmake/vesc_ackermannConfig.cmake\n'}
[183.202936] (vesc_ackermann) StdoutLine: {'line': b'-- Installing: /home/cav330/f1tenth_ws/install/vesc_ackermann/share/vesc_ackermann/cmake/vesc_ackermannConfig-version.cmake\n'}
[183.203318] (vesc_ackermann) StdoutLine: {'line': b'-- Installing: /home/cav330/f1tenth_ws/install/vesc_ackermann/share/vesc_ackermann/package.xml\n'}
[183.208801] (vesc_ackermann) CommandEnded: {'returncode': 0}
[183.270195] (-) TimerEvent: {}
[183.317886] (vesc_ackermann) JobEnded: {'identifier': 'vesc_ackermann', 'rc': 0}
[183.323332] (vesc) JobStarted: {'identifier': 'vesc'}
[183.370843] (-) TimerEvent: {}
[183.399253] (vesc) JobProgress: {'identifier': 'vesc', 'progress': 'cmake'}
[183.408263] (vesc) Command: {'cmd': ['/usr/bin/cmake', '/home/cav330/f1tenth_ws/src/f1tenth_system/vesc/vesc', '-DCMAKE_INSTALL_PREFIX=/home/cav330/f1tenth_ws/install/vesc'], 'cwd': '/home/cav330/f1tenth_ws/build/vesc', 'env': OrderedDict([('GJS_DEBUG_TOPICS', 'JS ERROR;JS LOG'), ('LESSOPEN', '| /usr/bin/lesspipe %s'), ('USER', 'cav330'), ('SSH_AGENT_PID', '3256'), ('XDG_SESSION_TYPE', 'x11'), ('SHLVL', '1'), ('LD_LIBRARY_PATH', '/home/cav330/f1tenth_ws/install/vesc_driver/lib:/home/cav330/f1tenth_ws/install/vesc_ackermann/lib:/home/cav330/f1tenth_ws/install/vesc_msgs/lib:/opt/ros/foxy/opt/yaml_cpp_vendor/lib:/opt/ros/foxy/opt/rviz_ogre_vendor/lib:/opt/ros/foxy/lib/aarch64-linux-gnu:/opt/ros/foxy/lib:/usr/local/cuda-11.4/lib64'), ('HOME', '/home/cav330'), ('OLDPWD', '/home/cav330/f1tenth_ws/src'), ('DESKTOP_SESSION', 'ubuntu'), ('ROS_PYTHON_VERSION', '3'), ('GNOME_SHELL_SESSION_MODE', 'ubuntu'), ('GTK_MODULES', 'gail:atk-bridge'), ('MANAGERPID', '2241'), ('DBUS_SESSION_BUS_ADDRESS', 'unix:path=/run/user/1000/bus'), ('COLORTERM', 'truecolor'), ('IM_CONFIG_PHASE', '1'), ('ROS_DISTRO', 'foxy'), ('LOGNAME', 'cav330'), ('JOURNAL_STREAM', '8:59348'), ('_', '/usr/bin/colcon'), ('ROS_VERSION', '2'), ('XDG_SESSION_CLASS', 'user'), ('USERNAME', 'cav330'), ('TERM', 'xterm-256color'), ('GNOME_DESKTOP_SESSION_ID', 'this-is-deprecated'), ('ROS_LOCALHOST_ONLY', '0'), ('WINDOWPATH', '3'), ('PATH', '/opt/ros/foxy/bin:/usr/local/cuda-11.4/bin:/usr/local/sbin:/usr/local/bin:/usr/sbin:/usr/bin:/sbin:/bin:/usr/games:/usr/local/games:/snap/bin'), ('SESSION_MANAGER', 'local/ubuntu:@/tmp/.ICE-unix/3308,unix/ubuntu:/tmp/.ICE-unix/3308'), ('INVOCATION_ID', 'bf49e6a9c0ee431ca47543a5b4a2e888'), ('XDG_MENU_PREFIX', 'gnome-'), ('GNOME_TERMINAL_SCREEN', '/org/gnome/Terminal/screen/cf3d13d9_a795_4efc_b844_cdf06d1a71bd'), ('XDG_RUNTIME_DIR', '/run/user/1000'), ('DISPLAY', ':1'), ('LANG', 'en_CA.UTF-8'), ('XDG_CURRENT_DESKTOP', 'ubuntu:GNOME'), ('XMODIFIERS', '@im=ibus'), ('XDG_SESSION_DESKTOP', 'ubuntu'), ('XAUTHORITY', '/run/user/1000/gdm/Xauthority'), ('LS_COLORS', 'rs=0:di=01;34:ln=01;36:mh=00:pi=40;33:so=01;35:do=01;35:bd=40;33;01:cd=40;33;01:or=40;31;01:mi=00:su=37;41:sg=30;43:ca=30;41:tw=30;42:ow=34;42:st=37;44:ex=01;32:*.tar=01;31:*.tgz=01;31:*.arc=01;31:*.arj=01;31:*.taz=01;31:*.lha=01;31:*.lz4=01;31:*.lzh=01;31:*.lzma=01;31:*.tlz=01;31:*.txz=01;31:*.tzo=01;31:*.t7z=01;31:*.zip=01;31:*.z=01;31:*.dz=01;31:*.gz=01;31:*.lrz=01;31:*.lz=01;31:*.lzo=01;31:*.xz=01;31:*.zst=01;31:*.tzst=01;31:*.bz2=01;31:*.bz=01;31:*.tbz=01;31:*.tbz2=01;31:*.tz=01;31:*.deb=01;31:*.rpm=01;31:*.jar=01;31:*.war=01;31:*.ear=01;31:*.sar=01;31:*.rar=01;31:*.alz=01;31:*.ace=01;31:*.zoo=01;31:*.cpio=01;31:*.7z=01;31:*.rz=01;31:*.cab=01;31:*.wim=01;31:*.swm=01;31:*.dwm=01;31:*.esd=01;31:*.jpg=01;35:*.jpeg=01;35:*.mjpg=01;35:*.mjpeg=01;35:*.gif=01;35:*.bmp=01;35:*.pbm=01;35:*.pgm=01;35:*.ppm=01;35:*.tga=01;35:*.xbm=01;35:*.xpm=01;35:*.tif=01;35:*.tiff=01;35:*.png=01;35:*.svg=01;35:*.svgz=01;35:*.mng=01;35:*.pcx=01;35:*.mov=01;35:*.mpg=01;35:*.mpeg=01;35:*.m2v=01;35:*.mkv=01;35:*.webm=01;35:*.ogm=01;35:*.mp4=01;35:*.m4v=01;35:*.mp4v=01;35:*.vob=01;35:*.qt=01;35:*.nuv=01;35:*.wmv=01;35:*.asf=01;35:*.rm=01;35:*.rmvb=01;35:*.flc=01;35:*.avi=01;35:*.fli=01;35:*.flv=01;35:*.gl=01;35:*.dl=01;35:*.xcf=01;35:*.xwd=01;35:*.yuv=01;35:*.cgm=01;35:*.emf=01;35:*.ogv=01;35:*.ogx=01;35:*.aac=00;36:*.au=00;36:*.flac=00;36:*.m4a=00;36:*.mid=00;36:*.midi=00;36:*.mka=00;36:*.mp3=00;36:*.mpc=00;36:*.ogg=00;36:*.ra=00;36:*.wav=00;36:*.oga=00;36:*.opus=00;36:*.spx=00;36:*.xspf=00;36:'), ('GNOME_TERMINAL_SERVICE', ':1.113'), ('SSH_AUTH_SOCK', '/run/user/1000/keyring/ssh'), ('AMENT_PREFIX_PATH', '/home/cav330/f1tenth_ws/install/vesc_driver:/home/cav330/f1tenth_ws/install/vesc_ackermann:/home/cav330/f1tenth_ws/install/vesc_msgs:/opt/ros/foxy'), ('SHELL', '/bin/bash'), ('QT_ACCESSIBILITY', '1'), ('GDMSESSION', 'ubuntu'), ('LESSCLOSE', '/usr/bin/lesspipe %s %s'), ('GPG_AGENT_INFO', '/run/user/1000/gnupg/S.gpg-agent:0:1'), ('GJS_DEBUG_OUTPUT', 'stderr'), ('QT_IM_MODULE', 'ibus'), ('PWD', '/home/cav330/f1tenth_ws/build/vesc'), ('XDG_CONFIG_DIRS', '/etc/xdg/xdg-ubuntu:/etc/xdg'), ('XDG_DATA_DIRS', '/usr/share/ubuntu:/usr/local/share/:/usr/share/:/var/lib/snapd/desktop'), ('PYTHONPATH', '/home/cav330/f1tenth_ws/install/vesc_msgs/lib/python3.8/site-packages:/opt/ros/foxy/lib/python3.8/site-packages'), ('COLCON', '1'), ('VTE_VERSION', '6003'), ('CMAKE_PREFIX_PATH', '/home/cav330/f1tenth_ws/install/vesc_driver:/home/cav330/f1tenth_ws/install/vesc_ackermann:/home/cav330/f1tenth_ws/install/vesc_msgs:/opt/ros/foxy')]), 'shell': False}
[183.470939] (-) TimerEvent: {}
[183.573162] (-) TimerEvent: {}
[183.683325] (-) TimerEvent: {}
[183.755615] (vesc) StdoutLine: {'line': b'-- The C compiler identification is GNU 9.4.0\n'}
[183.783732] (-) TimerEvent: {}
[183.884764] (-) TimerEvent: {}
[183.987434] (-) TimerEvent: {}
[184.062852] (vesc) StdoutLine: {'line': b'-- The CXX compiler identification is GNU 9.4.0\n'}
[184.087724] (-) TimerEvent: {}
[184.092867] (vesc) StdoutLine: {'line': b'-- Check for working C compiler: /usr/bin/cc\n'}
[184.187989] (-) TimerEvent: {}
[184.289591] (-) TimerEvent: {}
[184.390645] (-) TimerEvent: {}
[184.491628] (-) TimerEvent: {}
[184.505852] (vesc) StdoutLine: {'line': b'-- Check for working C compiler: /usr/bin/cc -- works\n'}
[184.515688] (vesc) StdoutLine: {'line': b'-- Detecting C compiler ABI info\n'}
[184.591844] (-) TimerEvent: {}
[184.692816] (-) TimerEvent: {}
[184.793755] (-) TimerEvent: {}
[184.896679] (vesc) StdoutLine: {'line': b'-- Detecting C compiler ABI info - done\n'}
[184.897392] (-) TimerEvent: {}
[184.947066] (vesc) StdoutLine: {'line': b'-- Detecting C compile features\n'}
[184.948319] (vesc) StdoutLine: {'line': b'-- Detecting C compile features - done\n'}
[184.959029] (vesc) StdoutLine: {'line': b'-- Check for working CXX compiler: /usr/bin/c++\n'}
[184.997680] (-) TimerEvent: {}
[185.098806] (-) TimerEvent: {}
[185.199765] (-) TimerEvent: {}
[185.300772] (-) TimerEvent: {}
[185.383956] (vesc) StdoutLine: {'line': b'-- Check for working CXX compiler: /usr/bin/c++ -- works\n'}
[185.388157] (vesc) StdoutLine: {'line': b'-- Detecting CXX compiler ABI info\n'}
[185.401128] (-) TimerEvent: {}
[185.503179] (-) TimerEvent: {}
[185.604185] (-) TimerEvent: {}
[185.705092] (-) TimerEvent: {}
[185.808475] (-) TimerEvent: {}
[185.812175] (vesc) StdoutLine: {'line': b'-- Detecting CXX compiler ABI info - done\n'}
[185.861046] (vesc) StdoutLine: {'line': b'-- Detecting CXX compile features\n'}
[185.863379] (vesc) StdoutLine: {'line': b'-- Detecting CXX compile features - done\n'}
[185.874224] (vesc) StdoutLine: {'line': b'-- Found ament_cmake_auto: 0.9.12 (/opt/ros/foxy/share/ament_cmake_auto/cmake)\n'}
[185.908748] (-) TimerEvent: {}
[186.010052] (-) TimerEvent: {}
[186.037626] (vesc) StdoutLine: {'line': b'-- Found PythonInterp: /usr/bin/python3 (found suitable version "3.8.10", minimum required is "3") \n'}
[186.038882] (vesc) StdoutLine: {'line': b'-- Using PYTHON_EXECUTABLE: /usr/bin/python3\n'}
[186.110249] (-) TimerEvent: {}
[186.211051] (-) TimerEvent: {}
[186.312655] (-) TimerEvent: {}
[186.413502] (-) TimerEvent: {}
[186.514333] (-) TimerEvent: {}
[186.615101] (-) TimerEvent: {}
[186.715951] (-) TimerEvent: {}
[186.816877] (-) TimerEvent: {}
[186.917946] (-) TimerEvent: {}
[187.020265] (-) TimerEvent: {}
[187.122599] (-) TimerEvent: {}
[187.223728] (-) TimerEvent: {}
[187.266681] (vesc) StdoutLine: {'line': b'-- Configuring done\n'}
[187.277417] (vesc) StdoutLine: {'line': b'-- Generating done\n'}
[187.288509] (vesc) StdoutLine: {'line': b'-- Build files have been written to: /home/cav330/f1tenth_ws/build/vesc\n'}
[187.302907] (vesc) CommandEnded: {'returncode': 0}
[187.305272] (vesc) JobProgress: {'identifier': 'vesc', 'progress': 'build'}
[187.306579] (vesc) Command: {'cmd': ['/usr/bin/cmake', '--build', '/home/cav330/f1tenth_ws/build/vesc', '--', '-j4', '-l4'], 'cwd': '/home/cav330/f1tenth_ws/build/vesc', 'env': OrderedDict([('GJS_DEBUG_TOPICS', 'JS ERROR;JS LOG'), ('LESSOPEN', '| /usr/bin/lesspipe %s'), ('USER', 'cav330'), ('SSH_AGENT_PID', '3256'), ('XDG_SESSION_TYPE', 'x11'), ('SHLVL', '1'), ('LD_LIBRARY_PATH', '/home/cav330/f1tenth_ws/install/vesc_driver/lib:/home/cav330/f1tenth_ws/install/vesc_ackermann/lib:/home/cav330/f1tenth_ws/install/vesc_msgs/lib:/opt/ros/foxy/opt/yaml_cpp_vendor/lib:/opt/ros/foxy/opt/rviz_ogre_vendor/lib:/opt/ros/foxy/lib/aarch64-linux-gnu:/opt/ros/foxy/lib:/usr/local/cuda-11.4/lib64'), ('HOME', '/home/cav330'), ('OLDPWD', '/home/cav330/f1tenth_ws/src'), ('DESKTOP_SESSION', 'ubuntu'), ('ROS_PYTHON_VERSION', '3'), ('GNOME_SHELL_SESSION_MODE', 'ubuntu'), ('GTK_MODULES', 'gail:atk-bridge'), ('MANAGERPID', '2241'), ('DBUS_SESSION_BUS_ADDRESS', 'unix:path=/run/user/1000/bus'), ('COLORTERM', 'truecolor'), ('IM_CONFIG_PHASE', '1'), ('ROS_DISTRO', 'foxy'), ('LOGNAME', 'cav330'), ('JOURNAL_STREAM', '8:59348'), ('_', '/usr/bin/colcon'), ('ROS_VERSION', '2'), ('XDG_SESSION_CLASS', 'user'), ('USERNAME', 'cav330'), ('TERM', 'xterm-256color'), ('GNOME_DESKTOP_SESSION_ID', 'this-is-deprecated'), ('ROS_LOCALHOST_ONLY', '0'), ('WINDOWPATH', '3'), ('PATH', '/opt/ros/foxy/bin:/usr/local/cuda-11.4/bin:/usr/local/sbin:/usr/local/bin:/usr/sbin:/usr/bin:/sbin:/bin:/usr/games:/usr/local/games:/snap/bin'), ('SESSION_MANAGER', 'local/ubuntu:@/tmp/.ICE-unix/3308,unix/ubuntu:/tmp/.ICE-unix/3308'), ('INVOCATION_ID', 'bf49e6a9c0ee431ca47543a5b4a2e888'), ('XDG_MENU_PREFIX', 'gnome-'), ('GNOME_TERMINAL_SCREEN', '/org/gnome/Terminal/screen/cf3d13d9_a795_4efc_b844_cdf06d1a71bd'), ('XDG_RUNTIME_DIR', '/run/user/1000'), ('DISPLAY', ':1'), ('LANG', 'en_CA.UTF-8'), ('XDG_CURRENT_DESKTOP', 'ubuntu:GNOME'), ('XMODIFIERS', '@im=ibus'), ('XDG_SESSION_DESKTOP', 'ubuntu'), ('XAUTHORITY', '/run/user/1000/gdm/Xauthority'), ('LS_COLORS', 'rs=0:di=01;34:ln=01;36:mh=00:pi=40;33:so=01;35:do=01;35:bd=40;33;01:cd=40;33;01:or=40;31;01:mi=00:su=37;41:sg=30;43:ca=30;41:tw=30;42:ow=34;42:st=37;44:ex=01;32:*.tar=01;31:*.tgz=01;31:*.arc=01;31:*.arj=01;31:*.taz=01;31:*.lha=01;31:*.lz4=01;31:*.lzh=01;31:*.lzma=01;31:*.tlz=01;31:*.txz=01;31:*.tzo=01;31:*.t7z=01;31:*.zip=01;31:*.z=01;31:*.dz=01;31:*.gz=01;31:*.lrz=01;31:*.lz=01;31:*.lzo=01;31:*.xz=01;31:*.zst=01;31:*.tzst=01;31:*.bz2=01;31:*.bz=01;31:*.tbz=01;31:*.tbz2=01;31:*.tz=01;31:*.deb=01;31:*.rpm=01;31:*.jar=01;31:*.war=01;31:*.ear=01;31:*.sar=01;31:*.rar=01;31:*.alz=01;31:*.ace=01;31:*.zoo=01;31:*.cpio=01;31:*.7z=01;31:*.rz=01;31:*.cab=01;31:*.wim=01;31:*.swm=01;31:*.dwm=01;31:*.esd=01;31:*.jpg=01;35:*.jpeg=01;35:*.mjpg=01;35:*.mjpeg=01;35:*.gif=01;35:*.bmp=01;35:*.pbm=01;35:*.pgm=01;35:*.ppm=01;35:*.tga=01;35:*.xbm=01;35:*.xpm=01;35:*.tif=01;35:*.tiff=01;35:*.png=01;35:*.svg=01;35:*.svgz=01;35:*.mng=01;35:*.pcx=01;35:*.mov=01;35:*.mpg=01;35:*.mpeg=01;35:*.m2v=01;35:*.mkv=01;35:*.webm=01;35:*.ogm=01;35:*.mp4=01;35:*.m4v=01;35:*.mp4v=01;35:*.vob=01;35:*.qt=01;35:*.nuv=01;35:*.wmv=01;35:*.asf=01;35:*.rm=01;35:*.rmvb=01;35:*.flc=01;35:*.avi=01;35:*.fli=01;35:*.flv=01;35:*.gl=01;35:*.dl=01;35:*.xcf=01;35:*.xwd=01;35:*.yuv=01;35:*.cgm=01;35:*.emf=01;35:*.ogv=01;35:*.ogx=01;35:*.aac=00;36:*.au=00;36:*.flac=00;36:*.m4a=00;36:*.mid=00;36:*.midi=00;36:*.mka=00;36:*.mp3=00;36:*.mpc=00;36:*.ogg=00;36:*.ra=00;36:*.wav=00;36:*.oga=00;36:*.opus=00;36:*.spx=00;36:*.xspf=00;36:'), ('GNOME_TERMINAL_SERVICE', ':1.113'), ('SSH_AUTH_SOCK', '/run/user/1000/keyring/ssh'), ('AMENT_PREFIX_PATH', '/home/cav330/f1tenth_ws/install/vesc_driver:/home/cav330/f1tenth_ws/install/vesc_ackermann:/home/cav330/f1tenth_ws/install/vesc_msgs:/opt/ros/foxy'), ('SHELL', '/bin/bash'), ('QT_ACCESSIBILITY', '1'), ('GDMSESSION', 'ubuntu'), ('LESSCLOSE', '/usr/bin/lesspipe %s %s'), ('GPG_AGENT_INFO', '/run/user/1000/gnupg/S.gpg-agent:0:1'), ('GJS_DEBUG_OUTPUT', 'stderr'), ('QT_IM_MODULE', 'ibus'), ('PWD', '/home/cav330/f1tenth_ws/build/vesc'), ('XDG_CONFIG_DIRS', '/etc/xdg/xdg-ubuntu:/etc/xdg'), ('XDG_DATA_DIRS', '/usr/share/ubuntu:/usr/local/share/:/usr/share/:/var/lib/snapd/desktop'), ('PYTHONPATH', '/home/cav330/f1tenth_ws/install/vesc_msgs/lib/python3.8/site-packages:/opt/ros/foxy/lib/python3.8/site-packages'), ('COLCON', '1'), ('VTE_VERSION', '6003'), ('CMAKE_PREFIX_PATH', '/home/cav330/f1tenth_ws/install/vesc_driver:/home/cav330/f1tenth_ws/install/vesc_ackermann:/home/cav330/f1tenth_ws/install/vesc_msgs:/opt/ros/foxy')]), 'shell': False}
[187.323872] (-) TimerEvent: {}
[187.425339] (-) TimerEvent: {}
[187.513831] (vesc) CommandEnded: {'returncode': 0}
[187.519468] (vesc) JobProgress: {'identifier': 'vesc', 'progress': 'install'}
[187.522205] (vesc) Command: {'cmd': ['/usr/bin/cmake', '--install', '/home/cav330/f1tenth_ws/build/vesc'], 'cwd': '/home/cav330/f1tenth_ws/build/vesc', 'env': OrderedDict([('GJS_DEBUG_TOPICS', 'JS ERROR;JS LOG'), ('LESSOPEN', '| /usr/bin/lesspipe %s'), ('USER', 'cav330'), ('SSH_AGENT_PID', '3256'), ('XDG_SESSION_TYPE', 'x11'), ('SHLVL', '1'), ('LD_LIBRARY_PATH', '/home/cav330/f1tenth_ws/install/vesc_driver/lib:/home/cav330/f1tenth_ws/install/vesc_ackermann/lib:/home/cav330/f1tenth_ws/install/vesc_msgs/lib:/opt/ros/foxy/opt/yaml_cpp_vendor/lib:/opt/ros/foxy/opt/rviz_ogre_vendor/lib:/opt/ros/foxy/lib/aarch64-linux-gnu:/opt/ros/foxy/lib:/usr/local/cuda-11.4/lib64'), ('HOME', '/home/cav330'), ('OLDPWD', '/home/cav330/f1tenth_ws/src'), ('DESKTOP_SESSION', 'ubuntu'), ('ROS_PYTHON_VERSION', '3'), ('GNOME_SHELL_SESSION_MODE', 'ubuntu'), ('GTK_MODULES', 'gail:atk-bridge'), ('MANAGERPID', '2241'), ('DBUS_SESSION_BUS_ADDRESS', 'unix:path=/run/user/1000/bus'), ('COLORTERM', 'truecolor'), ('IM_CONFIG_PHASE', '1'), ('ROS_DISTRO', 'foxy'), ('LOGNAME', 'cav330'), ('JOURNAL_STREAM', '8:59348'), ('_', '/usr/bin/colcon'), ('ROS_VERSION', '2'), ('XDG_SESSION_CLASS', 'user'), ('USERNAME', 'cav330'), ('TERM', 'xterm-256color'), ('GNOME_DESKTOP_SESSION_ID', 'this-is-deprecated'), ('ROS_LOCALHOST_ONLY', '0'), ('WINDOWPATH', '3'), ('PATH', '/opt/ros/foxy/bin:/usr/local/cuda-11.4/bin:/usr/local/sbin:/usr/local/bin:/usr/sbin:/usr/bin:/sbin:/bin:/usr/games:/usr/local/games:/snap/bin'), ('SESSION_MANAGER', 'local/ubuntu:@/tmp/.ICE-unix/3308,unix/ubuntu:/tmp/.ICE-unix/3308'), ('INVOCATION_ID', 'bf49e6a9c0ee431ca47543a5b4a2e888'), ('XDG_MENU_PREFIX', 'gnome-'), ('GNOME_TERMINAL_SCREEN', '/org/gnome/Terminal/screen/cf3d13d9_a795_4efc_b844_cdf06d1a71bd'), ('XDG_RUNTIME_DIR', '/run/user/1000'), ('DISPLAY', ':1'), ('LANG', 'en_CA.UTF-8'), ('XDG_CURRENT_DESKTOP', 'ubuntu:GNOME'), ('XMODIFIERS', '@im=ibus'), ('XDG_SESSION_DESKTOP', 'ubuntu'), ('XAUTHORITY', '/run/user/1000/gdm/Xauthority'), ('LS_COLORS', 'rs=0:di=01;34:ln=01;36:mh=00:pi=40;33:so=01;35:do=01;35:bd=40;33;01:cd=40;33;01:or=40;31;01:mi=00:su=37;41:sg=30;43:ca=30;41:tw=30;42:ow=34;42:st=37;44:ex=01;32:*.tar=01;31:*.tgz=01;31:*.arc=01;31:*.arj=01;31:*.taz=01;31:*.lha=01;31:*.lz4=01;31:*.lzh=01;31:*.lzma=01;31:*.tlz=01;31:*.txz=01;31:*.tzo=01;31:*.t7z=01;31:*.zip=01;31:*.z=01;31:*.dz=01;31:*.gz=01;31:*.lrz=01;31:*.lz=01;31:*.lzo=01;31:*.xz=01;31:*.zst=01;31:*.tzst=01;31:*.bz2=01;31:*.bz=01;31:*.tbz=01;31:*.tbz2=01;31:*.tz=01;31:*.deb=01;31:*.rpm=01;31:*.jar=01;31:*.war=01;31:*.ear=01;31:*.sar=01;31:*.rar=01;31:*.alz=01;31:*.ace=01;31:*.zoo=01;31:*.cpio=01;31:*.7z=01;31:*.rz=01;31:*.cab=01;31:*.wim=01;31:*.swm=01;31:*.dwm=01;31:*.esd=01;31:*.jpg=01;35:*.jpeg=01;35:*.mjpg=01;35:*.mjpeg=01;35:*.gif=01;35:*.bmp=01;35:*.pbm=01;35:*.pgm=01;35:*.ppm=01;35:*.tga=01;35:*.xbm=01;35:*.xpm=01;35:*.tif=01;35:*.tiff=01;35:*.png=01;35:*.svg=01;35:*.svgz=01;35:*.mng=01;35:*.pcx=01;35:*.mov=01;35:*.mpg=01;35:*.mpeg=01;35:*.m2v=01;35:*.mkv=01;35:*.webm=01;35:*.ogm=01;35:*.mp4=01;35:*.m4v=01;35:*.mp4v=01;35:*.vob=01;35:*.qt=01;35:*.nuv=01;35:*.wmv=01;35:*.asf=01;35:*.rm=01;35:*.rmvb=01;35:*.flc=01;35:*.avi=01;35:*.fli=01;35:*.flv=01;35:*.gl=01;35:*.dl=01;35:*.xcf=01;35:*.xwd=01;35:*.yuv=01;35:*.cgm=01;35:*.emf=01;35:*.ogv=01;35:*.ogx=01;35:*.aac=00;36:*.au=00;36:*.flac=00;36:*.m4a=00;36:*.mid=00;36:*.midi=00;36:*.mka=00;36:*.mp3=00;36:*.mpc=00;36:*.ogg=00;36:*.ra=00;36:*.wav=00;36:*.oga=00;36:*.opus=00;36:*.spx=00;36:*.xspf=00;36:'), ('GNOME_TERMINAL_SERVICE', ':1.113'), ('SSH_AUTH_SOCK', '/run/user/1000/keyring/ssh'), ('AMENT_PREFIX_PATH', '/home/cav330/f1tenth_ws/install/vesc_driver:/home/cav330/f1tenth_ws/install/vesc_ackermann:/home/cav330/f1tenth_ws/install/vesc_msgs:/opt/ros/foxy'), ('SHELL', '/bin/bash'), ('QT_ACCESSIBILITY', '1'), ('GDMSESSION', 'ubuntu'), ('LESSCLOSE', '/usr/bin/lesspipe %s %s'), ('GPG_AGENT_INFO', '/run/user/1000/gnupg/S.gpg-agent:0:1'), ('GJS_DEBUG_OUTPUT', 'stderr'), ('QT_IM_MODULE', 'ibus'), ('PWD', '/home/cav330/f1tenth_ws/build/vesc'), ('XDG_CONFIG_DIRS', '/etc/xdg/xdg-ubuntu:/etc/xdg'), ('XDG_DATA_DIRS', '/usr/share/ubuntu:/usr/local/share/:/usr/share/:/var/lib/snapd/desktop'), ('PYTHONPATH', '/home/cav330/f1tenth_ws/install/vesc_msgs/lib/python3.8/site-packages:/opt/ros/foxy/lib/python3.8/site-packages'), ('COLCON', '1'), ('VTE_VERSION', '6003'), ('CMAKE_PREFIX_PATH', '/home/cav330/f1tenth_ws/install/vesc_driver:/home/cav330/f1tenth_ws/install/vesc_ackermann:/home/cav330/f1tenth_ws/install/vesc_msgs:/opt/ros/foxy')]), 'shell': False}
[187.529944] (-) TimerEvent: {}
[187.573435] (vesc) StdoutLine: {'line': b'-- Install configuration: ""\n'}
[187.575601] (vesc) StdoutLine: {'line': b'-- Installing: /home/cav330/f1tenth_ws/install/vesc/share/ament_index/resource_index/package_run_dependencies/vesc\n'}
[187.576550] (vesc) StdoutLine: {'line': b'-- Installing: /home/cav330/f1tenth_ws/install/vesc/share/ament_index/resource_index/parent_prefix_path/vesc\n'}
[187.577304] (vesc) StdoutLine: {'line': b'-- Installing: /home/cav330/f1tenth_ws/install/vesc/share/vesc/environment/ament_prefix_path.sh\n'}
[187.578371] (vesc) StdoutLine: {'line': b'-- Installing: /home/cav330/f1tenth_ws/install/vesc/share/vesc/environment/ament_prefix_path.dsv\n'}
[187.579109] (vesc) StdoutLine: {'line': b'-- Installing: /home/cav330/f1tenth_ws/install/vesc/share/vesc/environment/path.sh\n'}
[187.579977] (vesc) StdoutLine: {'line': b'-- Installing: /home/cav330/f1tenth_ws/install/vesc/share/vesc/environment/path.dsv\n'}
[187.581268] (vesc) StdoutLine: {'line': b'-- Installing: /home/cav330/f1tenth_ws/install/vesc/share/vesc/local_setup.bash\n'}
[187.582161] (vesc) StdoutLine: {'line': b'-- Installing: /home/cav330/f1tenth_ws/install/vesc/share/vesc/local_setup.sh\n'}
[187.583045] (vesc) StdoutLine: {'line': b'-- Installing: /home/cav330/f1tenth_ws/install/vesc/share/vesc/local_setup.zsh\n'}
[187.583830] (vesc) StdoutLine: {'line': b'-- Installing: /home/cav330/f1tenth_ws/install/vesc/share/vesc/local_setup.dsv\n'}
[187.584667] (vesc) StdoutLine: {'line': b'-- Installing: /home/cav330/f1tenth_ws/install/vesc/share/vesc/package.dsv\n'}
[187.585751] (vesc) StdoutLine: {'line': b'-- Installing: /home/cav330/f1tenth_ws/install/vesc/share/ament_index/resource_index/packages/vesc\n'}
[187.586730] (vesc) StdoutLine: {'line': b'-- Installing: /home/cav330/f1tenth_ws/install/vesc/share/vesc/cmake/vescConfig.cmake\n'}
[187.587347] (vesc) StdoutLine: {'line': b'-- Installing: /home/cav330/f1tenth_ws/install/vesc/share/vesc/cmake/vescConfig-version.cmake\n'}
[187.588162] (vesc) StdoutLine: {'line': b'-- Installing: /home/cav330/f1tenth_ws/install/vesc/share/vesc/package.xml\n'}
[187.599419] (vesc) CommandEnded: {'returncode': 0}
[187.630136] (-) TimerEvent: {}
[187.686780] (vesc) JobEnded: {'identifier': 'vesc', 'rc': 0}
[187.691504] (f1tenth_stack) JobStarted: {'identifier': 'f1tenth_stack'}
[187.731615] (-) TimerEvent: {}
[187.835285] (-) TimerEvent: {}
[187.937480] (-) TimerEvent: {}
[188.048196] (-) TimerEvent: {}
[188.149100] (-) TimerEvent: {}
[188.249969] (-) TimerEvent: {}
[188.350832] (-) TimerEvent: {}
[188.451637] (-) TimerEvent: {}
[188.553745] (-) TimerEvent: {}
[188.654738] (-) TimerEvent: {}
[188.756331] (-) TimerEvent: {}
[188.857236] (-) TimerEvent: {}
[188.958074] (-) TimerEvent: {}
[189.063533] (-) TimerEvent: {}
[189.170105] (-) TimerEvent: {}
[189.271721] (-) TimerEvent: {}
[189.374921] (-) TimerEvent: {}
[189.476222] (-) TimerEvent: {}
[189.577120] (-) TimerEvent: {}
[189.677949] (-) TimerEvent: {}
[189.778773] (-) TimerEvent: {}
[189.879761] (-) TimerEvent: {}
[189.981008] (-) TimerEvent: {}
[190.084248] (-) TimerEvent: {}
[190.186450] (-) TimerEvent: {}
[190.287952] (-) TimerEvent: {}
[190.388984] (-) TimerEvent: {}
[190.489764] (-) TimerEvent: {}
[190.591201] (-) TimerEvent: {}
[190.693452] (-) TimerEvent: {}
[190.794309] (-) TimerEvent: {}
[190.888783] (f1tenth_stack) Command: {'cmd': ['/usr/bin/python3', '-W', 'ignore:setup.py install is deprecated', '-W', 'ignore:easy_install command is deprecated', 'setup.py', 'egg_info', '--egg-base', '../../../build/f1tenth_stack', 'build', '--build-base', '/home/cav330/f1tenth_ws/build/f1tenth_stack/build', 'install', '--record', '/home/cav330/f1tenth_ws/build/f1tenth_stack/install.log', '--install-scripts', '$base/lib/f1tenth_stack', '--single-version-externally-managed', 'install_data'], 'cwd': '/home/cav330/f1tenth_ws/src/f1tenth_system/f1tenth_stack', 'env': {'GJS_DEBUG_TOPICS': 'JS ERROR;JS LOG', 'LESSOPEN': '| /usr/bin/lesspipe %s', 'USER': 'cav330', 'SSH_AGENT_PID': '3256', 'XDG_SESSION_TYPE': 'x11', 'SHLVL': '1', 'LD_LIBRARY_PATH': '/home/cav330/f1tenth_ws/install/vesc_driver/lib:/home/cav330/f1tenth_ws/install/vesc_ackermann/lib:/home/cav330/f1tenth_ws/install/vesc_msgs/lib:/home/cav330/f1tenth_ws/install/teleop_tools_msgs/lib:/opt/ros/foxy/opt/yaml_cpp_vendor/lib:/opt/ros/foxy/opt/rviz_ogre_vendor/lib:/opt/ros/foxy/lib/aarch64-linux-gnu:/opt/ros/foxy/lib:/usr/local/cuda-11.4/lib64', 'HOME': '/home/cav330', 'OLDPWD': '/home/cav330/f1tenth_ws/src', 'DESKTOP_SESSION': 'ubuntu', 'ROS_PYTHON_VERSION': '3', 'GNOME_SHELL_SESSION_MODE': 'ubuntu', 'GTK_MODULES': 'gail:atk-bridge', 'MANAGERPID': '2241', 'DBUS_SESSION_BUS_ADDRESS': 'unix:path=/run/user/1000/bus', 'COLORTERM': 'truecolor', 'IM_CONFIG_PHASE': '1', 'ROS_DISTRO': 'foxy', 'LOGNAME': 'cav330', 'JOURNAL_STREAM': '8:59348', '_': '/usr/bin/colcon', 'ROS_VERSION': '2', 'XDG_SESSION_CLASS': 'user', 'USERNAME': 'cav330', 'TERM': 'xterm-256color', 'GNOME_DESKTOP_SESSION_ID': 'this-is-deprecated', 'ROS_LOCALHOST_ONLY': '0', 'WINDOWPATH': '3', 'PATH': '/opt/ros/foxy/bin:/usr/local/cuda-11.4/bin:/usr/local/sbin:/usr/local/bin:/usr/sbin:/usr/bin:/sbin:/bin:/usr/games:/usr/local/games:/snap/bin', 'SESSION_MANAGER': 'local/ubuntu:@/tmp/.ICE-unix/3308,unix/ubuntu:/tmp/.ICE-unix/3308', 'INVOCATION_ID': 'bf49e6a9c0ee431ca47543a5b4a2e888', 'XDG_MENU_PREFIX': 'gnome-', 'GNOME_TERMINAL_SCREEN': '/org/gnome/Terminal/screen/cf3d13d9_a795_4efc_b844_cdf06d1a71bd', 'XDG_RUNTIME_DIR': '/run/user/1000', 'DISPLAY': ':1', 'LANG': 'en_CA.UTF-8', 'XDG_CURRENT_DESKTOP': 'ubuntu:GNOME', 'XMODIFIERS': '@im=ibus', 'XDG_SESSION_DESKTOP': 'ubuntu', 'XAUTHORITY': '/run/user/1000/gdm/Xauthority', 'LS_COLORS': 'rs=0:di=01;34:ln=01;36:mh=00:pi=40;33:so=01;35:do=01;35:bd=40;33;01:cd=40;33;01:or=40;31;01:mi=00:su=37;41:sg=30;43:ca=30;41:tw=30;42:ow=34;42:st=37;44:ex=01;32:*.tar=01;31:*.tgz=01;31:*.arc=01;31:*.arj=01;31:*.taz=01;31:*.lha=01;31:*.lz4=01;31:*.lzh=01;31:*.lzma=01;31:*.tlz=01;31:*.txz=01;31:*.tzo=01;31:*.t7z=01;31:*.zip=01;31:*.z=01;31:*.dz=01;31:*.gz=01;31:*.lrz=01;31:*.lz=01;31:*.lzo=01;31:*.xz=01;31:*.zst=01;31:*.tzst=01;31:*.bz2=01;31:*.bz=01;31:*.tbz=01;31:*.tbz2=01;31:*.tz=01;31:*.deb=01;31:*.rpm=01;31:*.jar=01;31:*.war=01;31:*.ear=01;31:*.sar=01;31:*.rar=01;31:*.alz=01;31:*.ace=01;31:*.zoo=01;31:*.cpio=01;31:*.7z=01;31:*.rz=01;31:*.cab=01;31:*.wim=01;31:*.swm=01;31:*.dwm=01;31:*.esd=01;31:*.jpg=01;35:*.jpeg=01;35:*.mjpg=01;35:*.mjpeg=01;35:*.gif=01;35:*.bmp=01;35:*.pbm=01;35:*.pgm=01;35:*.ppm=01;35:*.tga=01;35:*.xbm=01;35:*.xpm=01;35:*.tif=01;35:*.tiff=01;35:*.png=01;35:*.svg=01;35:*.svgz=01;35:*.mng=01;35:*.pcx=01;35:*.mov=01;35:*.mpg=01;35:*.mpeg=01;35:*.m2v=01;35:*.mkv=01;35:*.webm=01;35:*.ogm=01;35:*.mp4=01;35:*.m4v=01;35:*.mp4v=01;35:*.vob=01;35:*.qt=01;35:*.nuv=01;35:*.wmv=01;35:*.asf=01;35:*.rm=01;35:*.rmvb=01;35:*.flc=01;35:*.avi=01;35:*.fli=01;35:*.flv=01;35:*.gl=01;35:*.dl=01;35:*.xcf=01;35:*.xwd=01;35:*.yuv=01;35:*.cgm=01;35:*.emf=01;35:*.ogv=01;35:*.ogx=01;35:*.aac=00;36:*.au=00;36:*.flac=00;36:*.m4a=00;36:*.mid=00;36:*.midi=00;36:*.mka=00;36:*.mp3=00;36:*.mpc=00;36:*.ogg=00;36:*.ra=00;36:*.wav=00;36:*.oga=00;36:*.opus=00;36:*.spx=00;36:*.xspf=00;36:', 'GNOME_TERMINAL_SERVICE': ':1.113', 'SSH_AUTH_SOCK': '/run/user/1000/keyring/ssh', 'AMENT_PREFIX_PATH': '/home/cav330/f1tenth_ws/install/vesc:/home/cav330/f1tenth_ws/install/vesc_driver:/home/cav330/f1tenth_ws/install/vesc_ackermann:/home/cav330/f1tenth_ws/install/joy_teleop:/home/cav330/f1tenth_ws/install/vesc_msgs:/home/cav330/f1tenth_ws/install/teleop_tools_msgs:/home/cav330/f1tenth_ws/install/ackermann_mux:/opt/ros/foxy', 'SHELL': '/bin/bash', 'QT_ACCESSIBILITY': '1', 'GDMSESSION': 'ubuntu', 'LESSCLOSE': '/usr/bin/lesspipe %s %s', 'GPG_AGENT_INFO': '/run/user/1000/gnupg/S.gpg-agent:0:1', 'GJS_DEBUG_OUTPUT': 'stderr', 'QT_IM_MODULE': 'ibus', 'PWD': '/home/cav330/f1tenth_ws/build/f1tenth_stack', 'XDG_CONFIG_DIRS': '/etc/xdg/xdg-ubuntu:/etc/xdg', 'XDG_DATA_DIRS': '/usr/share/ubuntu:/usr/local/share/:/usr/share/:/var/lib/snapd/desktop', 'PYTHONPATH': '/home/cav330/f1tenth_ws/build/f1tenth_stack/prefix_override:/usr/lib/python3/dist-packages/colcon_core/task/python/colcon_distutils_commands:/home/cav330/f1tenth_ws/install/f1tenth_stack/lib/python3.8/site-packages:/home/cav330/f1tenth_ws/install/joy_teleop/lib/python3.8/site-packages:/home/cav330/f1tenth_ws/install/vesc_msgs/lib/python3.8/site-packages:/home/cav330/f1tenth_ws/install/teleop_tools_msgs/lib/python3.8/site-packages:/opt/ros/foxy/lib/python3.8/site-packages', 'COLCON': '1', 'VTE_VERSION': '6003', 'CMAKE_PREFIX_PATH': '/home/cav330/f1tenth_ws/install/vesc:/home/cav330/f1tenth_ws/install/vesc_driver:/home/cav330/f1tenth_ws/install/vesc_ackermann:/home/cav330/f1tenth_ws/install/vesc_msgs:/home/cav330/f1tenth_ws/install/teleop_tools_msgs:/home/cav330/f1tenth_ws/install/ackermann_mux'}, 'shell': False}
[190.904139] (-) TimerEvent: {}
[191.009692] (-) TimerEvent: {}
[191.110519] (-) TimerEvent: {}
[191.211890] (-) TimerEvent: {}
[191.313517] (-) TimerEvent: {}
[191.414713] (-) TimerEvent: {}
[191.516304] (-) TimerEvent: {}
[191.619076] (-) TimerEvent: {}
[191.722568] (-) TimerEvent: {}
[191.823408] (-) TimerEvent: {}
[191.839506] (f1tenth_stack) StdoutLine: {'line': b'running egg_info\n'}
[191.843888] (f1tenth_stack) StdoutLine: {'line': b'creating ../../../build/f1tenth_stack/f1tenth_stack.egg-info\n'}
[191.845304] (f1tenth_stack) StdoutLine: {'line': b'writing ../../../build/f1tenth_stack/f1tenth_stack.egg-info/PKG-INFO\n'}
[191.849065] (f1tenth_stack) StdoutLine: {'line': b'writing dependency_links to ../../../build/f1tenth_stack/f1tenth_stack.egg-info/dependency_links.txt\n'}
[191.851984] (f1tenth_stack) StdoutLine: {'line': b'writing entry points to ../../../build/f1tenth_stack/f1tenth_stack.egg-info/entry_points.txt\n'}
[191.852556] (f1tenth_stack) StdoutLine: {'line': b'writing requirements to ../../../build/f1tenth_stack/f1tenth_stack.egg-info/requires.txt\n'}
[191.853415] (f1tenth_stack) StdoutLine: {'line': b'writing top-level names to ../../../build/f1tenth_stack/f1tenth_stack.egg-info/top_level.txt\n'}
[191.854368] (f1tenth_stack) StdoutLine: {'line': b"writing manifest file '../../../build/f1tenth_stack/f1tenth_stack.egg-info/SOURCES.txt'\n"}
[191.923616] (-) TimerEvent: {}
[191.984997] (f1tenth_stack) StdoutLine: {'line': b"reading manifest file '../../../build/f1tenth_stack/f1tenth_stack.egg-info/SOURCES.txt'\n"}
[191.987953] (f1tenth_stack) StdoutLine: {'line': b"writing manifest file '../../../build/f1tenth_stack/f1tenth_stack.egg-info/SOURCES.txt'\n"}
[191.988517] (f1tenth_stack) StdoutLine: {'line': b'running build\n'}
[191.988950] (f1tenth_stack) StdoutLine: {'line': b'running build_py\n'}
[191.989386] (f1tenth_stack) StdoutLine: {'line': b'creating /home/cav330/f1tenth_ws/build/f1tenth_stack/build\n'}
[191.989871] (f1tenth_stack) StdoutLine: {'line': b'creating /home/cav330/f1tenth_ws/build/f1tenth_stack/build/lib\n'}
[191.990215] (f1tenth_stack) StdoutLine: {'line': b'creating /home/cav330/f1tenth_ws/build/f1tenth_stack/build/lib/f1tenth_stack\n'}
[191.990545] (f1tenth_stack) StdoutLine: {'line': b'copying f1tenth_stack/tf_publisher.py -> /home/cav330/f1tenth_ws/build/f1tenth_stack/build/lib/f1tenth_stack\n'}
[191.990923] (f1tenth_stack) StdoutLine: {'line': b'copying f1tenth_stack/__init__.py -> /home/cav330/f1tenth_ws/build/f1tenth_stack/build/lib/f1tenth_stack\n'}
[191.991444] (f1tenth_stack) StdoutLine: {'line': b'copying f1tenth_stack/throttle_interpolator.py -> /home/cav330/f1tenth_ws/build/f1tenth_stack/build/lib/f1tenth_stack\n'}
[191.992490] (f1tenth_stack) StdoutLine: {'line': b'running install\n'}
[191.995786] (f1tenth_stack) StdoutLine: {'line': b'running install_lib\n'}
[192.000175] (f1tenth_stack) StdoutLine: {'line': b'creating /home/cav330/f1tenth_ws/install/f1tenth_stack/lib/python3.8/site-packages/f1tenth_stack\n'}
[192.004236] (f1tenth_stack) StdoutLine: {'line': b'copying /home/cav330/f1tenth_ws/build/f1tenth_stack/build/lib/f1tenth_stack/tf_publisher.py -> /home/cav330/f1tenth_ws/install/f1tenth_stack/lib/python3.8/site-packages/f1tenth_stack\n'}
[192.005052] (f1tenth_stack) StdoutLine: {'line': b'copying /home/cav330/f1tenth_ws/build/f1tenth_stack/build/lib/f1tenth_stack/__init__.py -> /home/cav330/f1tenth_ws/install/f1tenth_stack/lib/python3.8/site-packages/f1tenth_stack\n'}
[192.005523] (f1tenth_stack) StdoutLine: {'line': b'copying /home/cav330/f1tenth_ws/build/f1tenth_stack/build/lib/f1tenth_stack/throttle_interpolator.py -> /home/cav330/f1tenth_ws/install/f1tenth_stack/lib/python3.8/site-packages/f1tenth_stack\n'}
[192.006328] (f1tenth_stack) StdoutLine: {'line': b'byte-compiling /home/cav330/f1tenth_ws/install/f1tenth_stack/lib/python3.8/site-packages/f1tenth_stack/tf_publisher.py to tf_publisher.cpython-38.pyc\n'}
[192.011118] (f1tenth_stack) StdoutLine: {'line': b'byte-compiling /home/cav330/f1tenth_ws/install/f1tenth_stack/lib/python3.8/site-packages/f1tenth_stack/__init__.py to __init__.cpython-38.pyc\n'}
[192.012013] (f1tenth_stack) StdoutLine: {'line': b'byte-compiling /home/cav330/f1tenth_ws/install/f1tenth_stack/lib/python3.8/site-packages/f1tenth_stack/throttle_interpolator.py to throttle_interpolator.cpython-38.pyc\n'}
[192.015314] (f1tenth_stack) StdoutLine: {'line': b'running install_data\n'}
[192.015749] (f1tenth_stack) StdoutLine: {'line': b'creating /home/cav330/f1tenth_ws/install/f1tenth_stack/share/ament_index\n'}
[192.016094] (f1tenth_stack) StdoutLine: {'line': b'creating /home/cav330/f1tenth_ws/install/f1tenth_stack/share/ament_index/resource_index\n'}
[192.016529] (f1tenth_stack) StdoutLine: {'line': b'creating /home/cav330/f1tenth_ws/install/f1tenth_stack/share/ament_index/resource_index/packages\n'}
[192.016922] (f1tenth_stack) StdoutLine: {'line': b'copying resource/f1tenth_stack -> /home/cav330/f1tenth_ws/install/f1tenth_stack/share/ament_index/resource_index/packages\n'}
[192.017360] (f1tenth_stack) StdoutLine: {'line': b'copying package.xml -> /home/cav330/f1tenth_ws/install/f1tenth_stack/share/f1tenth_stack\n'}
[192.017832] (f1tenth_stack) StdoutLine: {'line': b'creating /home/cav330/f1tenth_ws/install/f1tenth_stack/share/f1tenth_stack/launch\n'}
[192.018182] (f1tenth_stack) StdoutLine: {'line': b'copying launch/bringup_launch.py -> /home/cav330/f1tenth_ws/install/f1tenth_stack/share/f1tenth_stack/launch\n'}
[192.018723] (f1tenth_stack) StdoutLine: {'line': b'creating /home/cav330/f1tenth_ws/install/f1tenth_stack/share/f1tenth_stack/config\n'}
[192.019049] (f1tenth_stack) StdoutLine: {'line': b'copying config/f1tenth_online_async.yaml -> /home/cav330/f1tenth_ws/install/f1tenth_stack/share/f1tenth_stack/config\n'}
[192.019617] (f1tenth_stack) StdoutLine: {'line': b'copying config/vesc.yaml -> /home/cav330/f1tenth_ws/install/f1tenth_stack/share/f1tenth_stack/config\n'}
[192.020087] (f1tenth_stack) StdoutLine: {'line': b'copying config/mux.yaml -> /home/cav330/f1tenth_ws/install/f1tenth_stack/share/f1tenth_stack/config\n'}
[192.020678] (f1tenth_stack) StdoutLine: {'line': b'copying config/joy_teleop.yaml -> /home/cav330/f1tenth_ws/install/f1tenth_stack/share/f1tenth_stack/config\n'}
[192.021195] (f1tenth_stack) StdoutLine: {'line': b'copying config/sensors.yaml -> /home/cav330/f1tenth_ws/install/f1tenth_stack/share/f1tenth_stack/config\n'}
[192.021634] (f1tenth_stack) StdoutLine: {'line': b'running install_egg_info\n'}
[192.023682] (-) TimerEvent: {}
[192.027657] (f1tenth_stack) StdoutLine: {'line': b'Copying ../../../build/f1tenth_stack/f1tenth_stack.egg-info to /home/cav330/f1tenth_ws/install/f1tenth_stack/lib/python3.8/site-packages/f1tenth_stack-0.0.1-py3.8.egg-info\n'}
[192.032131] (f1tenth_stack) StdoutLine: {'line': b'running install_scripts\n'}
[192.103280] (f1tenth_stack) StdoutLine: {'line': b'Installing tf_publisher script to /home/cav330/f1tenth_ws/install/f1tenth_stack/lib/f1tenth_stack\n'}
[192.104720] (f1tenth_stack) StdoutLine: {'line': b'Installing throttle_interpolator script to /home/cav330/f1tenth_ws/install/f1tenth_stack/lib/f1tenth_stack\n'}
[192.106013] (f1tenth_stack) StdoutLine: {'line': b"writing list of installed files to '/home/cav330/f1tenth_ws/build/f1tenth_stack/install.log'\n"}
[192.123887] (-) TimerEvent: {}
[192.195573] (f1tenth_stack) CommandEnded: {'returncode': 0}
[192.225269] (-) TimerEvent: {}
[192.235230] (f1tenth_stack) JobEnded: {'identifier': 'f1tenth_stack', 'rc': 0}
[192.247625] (-) EventReactorShutdown: {}
