[0.000000] (-) TimerEvent: {}
[0.001076] (ackermann_mux) JobQueued: {'identifier': 'ackermann_mux', 'dependencies': OrderedDict()}
[0.001421] (f1tenth_gym_ros) JobQueued: {'identifier': 'f1tenth_gym_ros', 'dependencies': OrderedDict()}
[0.001532] (key_teleop) JobQueued: {'identifier': 'key_teleop', 'dependencies': OrderedDict()}
[0.002840] (mouse_teleop) JobQueued: {'identifier': 'mouse_teleop', 'dependencies': OrderedDict()}
[0.003346] (safety_node) JobQueued: {'identifier': 'safety_node', 'dependencies': OrderedDict()}
[0.003741] (teleop_tools_msgs) JobQueued: {'identifier': 'teleop_tools_msgs', 'dependencies': OrderedDict()}
[0.003953] (vesc_msgs) JobQueued: {'identifier': 'vesc_msgs', 'dependencies': OrderedDict()}
[0.004112] (wall_follow) JobQueued: {'identifier': 'wall_follow', 'dependencies': OrderedDict()}
[0.004271] (joy_teleop) JobQueued: {'identifier': 'joy_teleop', 'dependencies': OrderedDict([('teleop_tools_msgs', '/home/cav330/f1tenth_ws/install/teleop_tools_msgs')])}
[0.004467] (vesc_ackermann) JobQueued: {'identifier': 'vesc_ackermann', 'dependencies': OrderedDict([('vesc_msgs', '/home/cav330/f1tenth_ws/install/vesc_msgs')])}
[0.004610] (vesc_driver) JobQueued: {'identifier': 'vesc_driver', 'dependencies': OrderedDict([('vesc_msgs', '/home/cav330/f1tenth_ws/install/vesc_msgs')])}
[0.004725] (teleop_tools) JobQueued: {'identifier': 'teleop_tools', 'dependencies': OrderedDict([('key_teleop', '/home/cav330/f1tenth_ws/install/key_teleop'), ('teleop_tools_msgs', '/home/cav330/f1tenth_ws/install/teleop_tools_msgs'), ('joy_teleop', '/home/cav330/f1tenth_ws/install/joy_teleop')])}
[0.004933] (vesc) JobQueued: {'identifier': 'vesc', 'dependencies': OrderedDict([('vesc_msgs', '/home/cav330/f1tenth_ws/install/vesc_msgs'), ('vesc_ackermann', '/home/cav330/f1tenth_ws/install/vesc_ackermann'), ('vesc_driver', '/home/cav330/f1tenth_ws/install/vesc_driver')])}
[0.005129] (f1tenth_stack) JobQueued: {'identifier': 'f1tenth_stack', 'dependencies': OrderedDict([('ackermann_mux', '/home/cav330/f1tenth_ws/install/ackermann_mux'), ('teleop_tools_msgs', '/home/cav330/f1tenth_ws/install/teleop_tools_msgs'), ('vesc_msgs', '/home/cav330/f1tenth_ws/install/vesc_msgs'), ('joy_teleop', '/home/cav330/f1tenth_ws/install/joy_teleop'), ('vesc_ackermann', '/home/cav330/f1tenth_ws/install/vesc_ackermann'), ('vesc_driver', '/home/cav330/f1tenth_ws/install/vesc_driver'), ('vesc', '/home/cav330/f1tenth_ws/install/vesc')])}
[0.005335] (vesc_msgs) JobStarted: {'identifier': 'vesc_msgs'}
[0.032865] (teleop_tools_msgs) JobStarted: {'identifier': 'teleop_tools_msgs'}
[0.056601] (ackermann_mux) JobStarted: {'identifier': 'ackermann_mux'}
[0.080353] (key_teleop) JobStarted: {'identifier': 'key_teleop'}
[0.099515] (-) TimerEvent: {}
[0.143890] (vesc_msgs) JobProgress: {'identifier': 'vesc_msgs', 'progress': 'cmake'}
[0.149054] (vesc_msgs) JobProgress: {'identifier': 'vesc_msgs', 'progress': 'build'}
[0.153062] (vesc_msgs) Command: {'cmd': ['/usr/bin/cmake', '--build', '/home/cav330/f1tenth_ws/build/vesc_msgs', '--', '-j4', '-l4'], 'cwd': '/home/cav330/f1tenth_ws/build/vesc_msgs', 'env': OrderedDict([('NX_ROOT', '/home/cav330/.nx'), ('GJS_DEBUG_TOPICS', 'JS ERROR;JS LOG'), ('LESSOPEN', '| /usr/bin/lesspipe %s'), ('PULSE_CLIENTCONFIG', '/home/cav330/.nx/devices/D-1001-93C5498CD379C6E6122CA9EA4F4B18C9/audio/client.conf'), ('MAIL', '/var/mail/cav330'), ('USER', 'cav330'), ('XDG_SESSION_TYPE', 'x11'), ('NX_SYSTEM', '/usr/NX'), ('SHLVL', '1'), ('LD_LIBRARY_PATH', '/usr/local/cuda-11.4/lib64:'), ('HOME', '/home/cav330'), ('OLDPWD', '/home/cav330'), ('DESKTOP_SESSION', 'ubuntu-xorg'), ('GNOME_SHELL_SESSION_MODE', 'ubuntu'), ('DBUS_SESSION_BUS_ADDRESS', 'unix:abstract=/tmp/dbus-VBtBpNZCM3,guid=826157f4ad5c0dfac02aabc769c59fb7'), ('COLORTERM', 'truecolor'), ('PULSE_SCRIPT', '/home/cav330/.nx/devices/D-1001-93C5498CD379C6E6122CA9EA4F4B18C9/audio/default.pa'), ('WAYLAND_DISPLAY', 'no'), ('LOGNAME', 'cav330'), ('PULSE_SERVER', '/home/cav330/.nx/devices/D-1001-93C5498CD379C6E6122CA9EA4F4B18C9/audio/native.socket'), ('_', '/usr/bin/colcon'), ('XDG_SESSION_CLASS', 'user'), ('USERNAME', 'cav330'), ('TERM', 'xterm-256color'), ('GNOME_DESKTOP_SESSION_ID', 'this-is-deprecated'), ('PATH', '/usr/local/cuda-11.4/bin:/usr/local/sbin:/usr/local/bin:/usr/sbin:/usr/bin:/sbin:/bin:/usr/games:/usr/local/games:/snap/bin'), ('SESSION_MANAGER', 'local/ubuntu:@/tmp/.ICE-unix/3439,unix/ubuntu:/tmp/.ICE-unix/3439'), ('PULSE_RUNTIME_PATH', '/run/user/1000/pulse'), ('XDG_MENU_PREFIX', 'gnome-'), ('GNOME_TERMINAL_SCREEN', '/org/gnome/Terminal/screen/acc20211_aadf_49d5_af92_3e0dab956030'), ('XDG_RUNTIME_DIR', '/run/user/1000'), ('PULSE_CONFIG', '/home/cav330/.nx/devices/D-1001-93C5498CD379C6E6122CA9EA4F4B18C9/audio/daemon.conf'), ('GDK_BACKEND', 'x11'), ('DISPLAY', ':1001'), ('LANG', 'en_CA.UTF-8'), ('XDG_CURRENT_DESKTOP', 'ubuntu:GNOME'), ('NX_TEMP', '/tmp'), ('XMODIFIERS', '@im=ibus'), ('XAUTHORITY', '/home/cav330/.Xauthority'), ('LS_COLORS', 'rs=0:di=01;34:ln=01;36:mh=00:pi=40;33:so=01;35:do=01;35:bd=40;33;01:cd=40;33;01:or=40;31;01:mi=00:su=37;41:sg=30;43:ca=30;41:tw=30;42:ow=34;42:st=37;44:ex=01;32:*.tar=01;31:*.tgz=01;31:*.arc=01;31:*.arj=01;31:*.taz=01;31:*.lha=01;31:*.lz4=01;31:*.lzh=01;31:*.lzma=01;31:*.tlz=01;31:*.txz=01;31:*.tzo=01;31:*.t7z=01;31:*.zip=01;31:*.z=01;31:*.dz=01;31:*.gz=01;31:*.lrz=01;31:*.lz=01;31:*.lzo=01;31:*.xz=01;31:*.zst=01;31:*.tzst=01;31:*.bz2=01;31:*.bz=01;31:*.tbz=01;31:*.tbz2=01;31:*.tz=01;31:*.deb=01;31:*.rpm=01;31:*.jar=01;31:*.war=01;31:*.ear=01;31:*.sar=01;31:*.rar=01;31:*.alz=01;31:*.ace=01;31:*.zoo=01;31:*.cpio=01;31:*.7z=01;31:*.rz=01;31:*.cab=01;31:*.wim=01;31:*.swm=01;31:*.dwm=01;31:*.esd=01;31:*.jpg=01;35:*.jpeg=01;35:*.mjpg=01;35:*.mjpeg=01;35:*.gif=01;35:*.bmp=01;35:*.pbm=01;35:*.pgm=01;35:*.ppm=01;35:*.tga=01;35:*.xbm=01;35:*.xpm=01;35:*.tif=01;35:*.tiff=01;35:*.png=01;35:*.svg=01;35:*.svgz=01;35:*.mng=01;35:*.pcx=01;35:*.mov=01;35:*.mpg=01;35:*.mpeg=01;35:*.m2v=01;35:*.mkv=01;35:*.webm=01;35:*.ogm=01;35:*.mp4=01;35:*.m4v=01;35:*.mp4v=01;35:*.vob=01;35:*.qt=01;35:*.nuv=01;35:*.wmv=01;35:*.asf=01;35:*.rm=01;35:*.rmvb=01;35:*.flc=01;35:*.avi=01;35:*.fli=01;35:*.flv=01;35:*.gl=01;35:*.dl=01;35:*.xcf=01;35:*.xwd=01;35:*.yuv=01;35:*.cgm=01;35:*.emf=01;35:*.ogv=01;35:*.ogx=01;35:*.aac=00;36:*.au=00;36:*.flac=00;36:*.m4a=00;36:*.mid=00;36:*.midi=00;36:*.mka=00;36:*.mp3=00;36:*.mpc=00;36:*.ogg=00;36:*.ra=00;36:*.wav=00;36:*.oga=00;36:*.opus=00;36:*.spx=00;36:*.xspf=00;36:'), ('GNOME_TERMINAL_SERVICE', ':1.107'), ('SSH_AUTH_SOCK', '/run/user/1000/keyring/ssh'), ('SHELL', '/bin/bash'), ('LESSCLOSE', '/usr/bin/lesspipe %s %s'), ('NX_SESSION_ID', '93C5498CD379C6E6122CA9EA4F4B18C9'), ('GJS_DEBUG_OUTPUT', 'stderr'), ('QT_IM_MODULE', 'ibus'), ('PWD', '/home/cav330/f1tenth_ws/build/vesc_msgs'), ('NX_RUNNER', '/usr/NX/bin/nxrunner'), ('XDG_CONFIG_DIRS', '/etc/xdg/xdg-ubuntu-xorg:/etc/xdg'), ('XDG_DATA_DIRS', '/usr/share/ubuntu-xorg:/usr/local/share:/usr/share:/var/lib/snapd/desktop'), ('COLCON', '1'), ('VTE_VERSION', '6003'), ('NX_CONNECTION', '192.168.33.107 60297 192.168.33.130 4000'), ('NXDIR', '/usr/NX')]), 'shell': False}
[0.183771] (teleop_tools_msgs) JobProgress: {'identifier': 'teleop_tools_msgs', 'progress': 'cmake'}
[0.189023] (teleop_tools_msgs) JobProgress: {'identifier': 'teleop_tools_msgs', 'progress': 'build'}
[0.197351] (teleop_tools_msgs) Command: {'cmd': ['/usr/bin/cmake', '--build', '/home/cav330/f1tenth_ws/build/teleop_tools_msgs', '--', '-j4', '-l4'], 'cwd': '/home/cav330/f1tenth_ws/build/teleop_tools_msgs', 'env': OrderedDict([('NX_ROOT', '/home/cav330/.nx'), ('GJS_DEBUG_TOPICS', 'JS ERROR;JS LOG'), ('LESSOPEN', '| /usr/bin/lesspipe %s'), ('PULSE_CLIENTCONFIG', '/home/cav330/.nx/devices/D-1001-93C5498CD379C6E6122CA9EA4F4B18C9/audio/client.conf'), ('MAIL', '/var/mail/cav330'), ('USER', 'cav330'), ('XDG_SESSION_TYPE', 'x11'), ('NX_SYSTEM', '/usr/NX'), ('SHLVL', '1'), ('LD_LIBRARY_PATH', '/usr/local/cuda-11.4/lib64:'), ('HOME', '/home/cav330'), ('OLDPWD', '/home/cav330'), ('DESKTOP_SESSION', 'ubuntu-xorg'), ('GNOME_SHELL_SESSION_MODE', 'ubuntu'), ('DBUS_SESSION_BUS_ADDRESS', 'unix:abstract=/tmp/dbus-VBtBpNZCM3,guid=826157f4ad5c0dfac02aabc769c59fb7'), ('COLORTERM', 'truecolor'), ('PULSE_SCRIPT', '/home/cav330/.nx/devices/D-1001-93C5498CD379C6E6122CA9EA4F4B18C9/audio/default.pa'), ('WAYLAND_DISPLAY', 'no'), ('LOGNAME', 'cav330'), ('PULSE_SERVER', '/home/cav330/.nx/devices/D-1001-93C5498CD379C6E6122CA9EA4F4B18C9/audio/native.socket'), ('_', '/usr/bin/colcon'), ('XDG_SESSION_CLASS', 'user'), ('USERNAME', 'cav330'), ('TERM', 'xterm-256color'), ('GNOME_DESKTOP_SESSION_ID', 'this-is-deprecated'), ('PATH', '/usr/local/cuda-11.4/bin:/usr/local/sbin:/usr/local/bin:/usr/sbin:/usr/bin:/sbin:/bin:/usr/games:/usr/local/games:/snap/bin'), ('SESSION_MANAGER', 'local/ubuntu:@/tmp/.ICE-unix/3439,unix/ubuntu:/tmp/.ICE-unix/3439'), ('PULSE_RUNTIME_PATH', '/run/user/1000/pulse'), ('XDG_MENU_PREFIX', 'gnome-'), ('GNOME_TERMINAL_SCREEN', '/org/gnome/Terminal/screen/acc20211_aadf_49d5_af92_3e0dab956030'), ('XDG_RUNTIME_DIR', '/run/user/1000'), ('PULSE_CONFIG', '/home/cav330/.nx/devices/D-1001-93C5498CD379C6E6122CA9EA4F4B18C9/audio/daemon.conf'), ('GDK_BACKEND', 'x11'), ('DISPLAY', ':1001'), ('LANG', 'en_CA.UTF-8'), ('XDG_CURRENT_DESKTOP', 'ubuntu:GNOME'), ('NX_TEMP', '/tmp'), ('XMODIFIERS', '@im=ibus'), ('XAUTHORITY', '/home/cav330/.Xauthority'), ('LS_COLORS', 'rs=0:di=01;34:ln=01;36:mh=00:pi=40;33:so=01;35:do=01;35:bd=40;33;01:cd=40;33;01:or=40;31;01:mi=00:su=37;41:sg=30;43:ca=30;41:tw=30;42:ow=34;42:st=37;44:ex=01;32:*.tar=01;31:*.tgz=01;31:*.arc=01;31:*.arj=01;31:*.taz=01;31:*.lha=01;31:*.lz4=01;31:*.lzh=01;31:*.lzma=01;31:*.tlz=01;31:*.txz=01;31:*.tzo=01;31:*.t7z=01;31:*.zip=01;31:*.z=01;31:*.dz=01;31:*.gz=01;31:*.lrz=01;31:*.lz=01;31:*.lzo=01;31:*.xz=01;31:*.zst=01;31:*.tzst=01;31:*.bz2=01;31:*.bz=01;31:*.tbz=01;31:*.tbz2=01;31:*.tz=01;31:*.deb=01;31:*.rpm=01;31:*.jar=01;31:*.war=01;31:*.ear=01;31:*.sar=01;31:*.rar=01;31:*.alz=01;31:*.ace=01;31:*.zoo=01;31:*.cpio=01;31:*.7z=01;31:*.rz=01;31:*.cab=01;31:*.wim=01;31:*.swm=01;31:*.dwm=01;31:*.esd=01;31:*.jpg=01;35:*.jpeg=01;35:*.mjpg=01;35:*.mjpeg=01;35:*.gif=01;35:*.bmp=01;35:*.pbm=01;35:*.pgm=01;35:*.ppm=01;35:*.tga=01;35:*.xbm=01;35:*.xpm=01;35:*.tif=01;35:*.tiff=01;35:*.png=01;35:*.svg=01;35:*.svgz=01;35:*.mng=01;35:*.pcx=01;35:*.mov=01;35:*.mpg=01;35:*.mpeg=01;35:*.m2v=01;35:*.mkv=01;35:*.webm=01;35:*.ogm=01;35:*.mp4=01;35:*.m4v=01;35:*.mp4v=01;35:*.vob=01;35:*.qt=01;35:*.nuv=01;35:*.wmv=01;35:*.asf=01;35:*.rm=01;35:*.rmvb=01;35:*.flc=01;35:*.avi=01;35:*.fli=01;35:*.flv=01;35:*.gl=01;35:*.dl=01;35:*.xcf=01;35:*.xwd=01;35:*.yuv=01;35:*.cgm=01;35:*.emf=01;35:*.ogv=01;35:*.ogx=01;35:*.aac=00;36:*.au=00;36:*.flac=00;36:*.m4a=00;36:*.mid=00;36:*.midi=00;36:*.mka=00;36:*.mp3=00;36:*.mpc=00;36:*.ogg=00;36:*.ra=00;36:*.wav=00;36:*.oga=00;36:*.opus=00;36:*.spx=00;36:*.xspf=00;36:'), ('GNOME_TERMINAL_SERVICE', ':1.107'), ('SSH_AUTH_SOCK', '/run/user/1000/keyring/ssh'), ('SHELL', '/bin/bash'), ('LESSCLOSE', '/usr/bin/lesspipe %s %s'), ('NX_SESSION_ID', '93C5498CD379C6E6122CA9EA4F4B18C9'), ('GJS_DEBUG_OUTPUT', 'stderr'), ('QT_IM_MODULE', 'ibus'), ('PWD', '/home/cav330/f1tenth_ws/build/teleop_tools_msgs'), ('NX_RUNNER', '/usr/NX/bin/nxrunner'), ('XDG_CONFIG_DIRS', '/etc/xdg/xdg-ubuntu-xorg:/etc/xdg'), ('XDG_DATA_DIRS', '/usr/share/ubuntu-xorg:/usr/local/share:/usr/share:/var/lib/snapd/desktop'), ('COLCON', '1'), ('VTE_VERSION', '6003'), ('NX_CONNECTION', '192.168.33.107 60297 192.168.33.130 4000'), ('NXDIR', '/usr/NX')]), 'shell': False}
[0.211040] (-) TimerEvent: {}
[0.215775] (ackermann_mux) JobProgress: {'identifier': 'ackermann_mux', 'progress': 'cmake'}
[0.220221] (ackermann_mux) JobProgress: {'identifier': 'ackermann_mux', 'progress': 'build'}
[0.229871] (ackermann_mux) Command: {'cmd': ['/usr/bin/cmake', '--build', '/home/cav330/f1tenth_ws/build/ackermann_mux', '--', '-j4', '-l4'], 'cwd': '/home/cav330/f1tenth_ws/build/ackermann_mux', 'env': OrderedDict([('NX_ROOT', '/home/cav330/.nx'), ('GJS_DEBUG_TOPICS', 'JS ERROR;JS LOG'), ('LESSOPEN', '| /usr/bin/lesspipe %s'), ('PULSE_CLIENTCONFIG', '/home/cav330/.nx/devices/D-1001-93C5498CD379C6E6122CA9EA4F4B18C9/audio/client.conf'), ('MAIL', '/var/mail/cav330'), ('USER', 'cav330'), ('XDG_SESSION_TYPE', 'x11'), ('NX_SYSTEM', '/usr/NX'), ('SHLVL', '1'), ('LD_LIBRARY_PATH', '/usr/local/cuda-11.4/lib64:'), ('HOME', '/home/cav330'), ('OLDPWD', '/home/cav330'), ('DESKTOP_SESSION', 'ubuntu-xorg'), ('GNOME_SHELL_SESSION_MODE', 'ubuntu'), ('DBUS_SESSION_BUS_ADDRESS', 'unix:abstract=/tmp/dbus-VBtBpNZCM3,guid=826157f4ad5c0dfac02aabc769c59fb7'), ('COLORTERM', 'truecolor'), ('PULSE_SCRIPT', '/home/cav330/.nx/devices/D-1001-93C5498CD379C6E6122CA9EA4F4B18C9/audio/default.pa'), ('WAYLAND_DISPLAY', 'no'), ('LOGNAME', 'cav330'), ('PULSE_SERVER', '/home/cav330/.nx/devices/D-1001-93C5498CD379C6E6122CA9EA4F4B18C9/audio/native.socket'), ('_', '/usr/bin/colcon'), ('XDG_SESSION_CLASS', 'user'), ('USERNAME', 'cav330'), ('TERM', 'xterm-256color'), ('GNOME_DESKTOP_SESSION_ID', 'this-is-deprecated'), ('PATH', '/usr/local/cuda-11.4/bin:/usr/local/sbin:/usr/local/bin:/usr/sbin:/usr/bin:/sbin:/bin:/usr/games:/usr/local/games:/snap/bin'), ('SESSION_MANAGER', 'local/ubuntu:@/tmp/.ICE-unix/3439,unix/ubuntu:/tmp/.ICE-unix/3439'), ('PULSE_RUNTIME_PATH', '/run/user/1000/pulse'), ('XDG_MENU_PREFIX', 'gnome-'), ('GNOME_TERMINAL_SCREEN', '/org/gnome/Terminal/screen/acc20211_aadf_49d5_af92_3e0dab956030'), ('XDG_RUNTIME_DIR', '/run/user/1000'), ('PULSE_CONFIG', '/home/cav330/.nx/devices/D-1001-93C5498CD379C6E6122CA9EA4F4B18C9/audio/daemon.conf'), ('GDK_BACKEND', 'x11'), ('DISPLAY', ':1001'), ('LANG', 'en_CA.UTF-8'), ('XDG_CURRENT_DESKTOP', 'ubuntu:GNOME'), ('NX_TEMP', '/tmp'), ('XMODIFIERS', '@im=ibus'), ('XAUTHORITY', '/home/cav330/.Xauthority'), ('LS_COLORS', 'rs=0:di=01;34:ln=01;36:mh=00:pi=40;33:so=01;35:do=01;35:bd=40;33;01:cd=40;33;01:or=40;31;01:mi=00:su=37;41:sg=30;43:ca=30;41:tw=30;42:ow=34;42:st=37;44:ex=01;32:*.tar=01;31:*.tgz=01;31:*.arc=01;31:*.arj=01;31:*.taz=01;31:*.lha=01;31:*.lz4=01;31:*.lzh=01;31:*.lzma=01;31:*.tlz=01;31:*.txz=01;31:*.tzo=01;31:*.t7z=01;31:*.zip=01;31:*.z=01;31:*.dz=01;31:*.gz=01;31:*.lrz=01;31:*.lz=01;31:*.lzo=01;31:*.xz=01;31:*.zst=01;31:*.tzst=01;31:*.bz2=01;31:*.bz=01;31:*.tbz=01;31:*.tbz2=01;31:*.tz=01;31:*.deb=01;31:*.rpm=01;31:*.jar=01;31:*.war=01;31:*.ear=01;31:*.sar=01;31:*.rar=01;31:*.alz=01;31:*.ace=01;31:*.zoo=01;31:*.cpio=01;31:*.7z=01;31:*.rz=01;31:*.cab=01;31:*.wim=01;31:*.swm=01;31:*.dwm=01;31:*.esd=01;31:*.jpg=01;35:*.jpeg=01;35:*.mjpg=01;35:*.mjpeg=01;35:*.gif=01;35:*.bmp=01;35:*.pbm=01;35:*.pgm=01;35:*.ppm=01;35:*.tga=01;35:*.xbm=01;35:*.xpm=01;35:*.tif=01;35:*.tiff=01;35:*.png=01;35:*.svg=01;35:*.svgz=01;35:*.mng=01;35:*.pcx=01;35:*.mov=01;35:*.mpg=01;35:*.mpeg=01;35:*.m2v=01;35:*.mkv=01;35:*.webm=01;35:*.ogm=01;35:*.mp4=01;35:*.m4v=01;35:*.mp4v=01;35:*.vob=01;35:*.qt=01;35:*.nuv=01;35:*.wmv=01;35:*.asf=01;35:*.rm=01;35:*.rmvb=01;35:*.flc=01;35:*.avi=01;35:*.fli=01;35:*.flv=01;35:*.gl=01;35:*.dl=01;35:*.xcf=01;35:*.xwd=01;35:*.yuv=01;35:*.cgm=01;35:*.emf=01;35:*.ogv=01;35:*.ogx=01;35:*.aac=00;36:*.au=00;36:*.flac=00;36:*.m4a=00;36:*.mid=00;36:*.midi=00;36:*.mka=00;36:*.mp3=00;36:*.mpc=00;36:*.ogg=00;36:*.ra=00;36:*.wav=00;36:*.oga=00;36:*.opus=00;36:*.spx=00;36:*.xspf=00;36:'), ('GNOME_TERMINAL_SERVICE', ':1.107'), ('SSH_AUTH_SOCK', '/run/user/1000/keyring/ssh'), ('SHELL', '/bin/bash'), ('LESSCLOSE', '/usr/bin/lesspipe %s %s'), ('NX_SESSION_ID', '93C5498CD379C6E6122CA9EA4F4B18C9'), ('GJS_DEBUG_OUTPUT', 'stderr'), ('QT_IM_MODULE', 'ibus'), ('PWD', '/home/cav330/f1tenth_ws/build/ackermann_mux'), ('NX_RUNNER', '/usr/NX/bin/nxrunner'), ('XDG_CONFIG_DIRS', '/etc/xdg/xdg-ubuntu-xorg:/etc/xdg'), ('XDG_DATA_DIRS', '/usr/share/ubuntu-xorg:/usr/local/share:/usr/share:/var/lib/snapd/desktop'), ('COLCON', '1'), ('VTE_VERSION', '6003'), ('NX_CONNECTION', '192.168.33.107 60297 192.168.33.130 4000'), ('NXDIR', '/usr/NX')]), 'shell': False}
[0.311891] (-) TimerEvent: {}
[0.414593] (-) TimerEvent: {}
[0.515467] (-) TimerEvent: {}
[0.616361] (-) TimerEvent: {}
[0.717268] (-) TimerEvent: {}
[0.818271] (-) TimerEvent: {}
[0.919197] (-) TimerEvent: {}
[1.020156] (-) TimerEvent: {}
[1.121152] (-) TimerEvent: {}
[1.222084] (-) TimerEvent: {}
[1.323101] (-) TimerEvent: {}
[1.423994] (-) TimerEvent: {}
[1.525348] (-) TimerEvent: {}
[1.628368] (-) TimerEvent: {}
[1.634061] (vesc_msgs) StdoutLine: {'line': b'[  1%] Built target vesc_msgs__cpp\n'}
[1.635717] (vesc_msgs) StdoutLine: {'line': b'[ 12%] Built target vesc_msgs__rosidl_generator_c\n'}
[1.639671] (vesc_msgs) StdoutLine: {'line': b'[ 23%] Built target vesc_msgs__rosidl_typesupport_fastrtps_cpp\n'}
[1.640766] (vesc_msgs) StdoutLine: {'line': b'[ 34%] Built target vesc_msgs__rosidl_typesupport_introspection_cpp\n'}
[1.641279] (vesc_msgs) StdoutLine: {'line': b'[ 45%] Built target vesc_msgs__rosidl_typesupport_cpp\n'}
[1.642388] (vesc_msgs) StdoutLine: {'line': b'[ 56%] Built target vesc_msgs__rosidl_typesupport_c\n'}
[1.642775] (vesc_msgs) StdoutLine: {'line': b'[ 67%] Built target vesc_msgs__rosidl_typesupport_introspection_c\n'}
[1.643167] (vesc_msgs) StdoutLine: {'line': b'[ 78%] Built target vesc_msgs__rosidl_typesupport_fastrtps_c\n'}
[1.643534] (vesc_msgs) StdoutLine: {'line': b'[ 78%] Built target vesc_msgs\n'}
[1.643853] (vesc_msgs) StdoutLine: {'line': b'[ 80%] Built target vesc_msgs__py\n'}
[1.644144] (teleop_tools_msgs) StdoutLine: {'line': b'[  3%] Built target teleop_tools_msgs__cpp\n'}
[1.644725] (teleop_tools_msgs) StdoutLine: {'line': b'[ 12%] Built target teleop_tools_msgs__rosidl_generator_c\n'}
[1.645032] (teleop_tools_msgs) StdoutLine: {'line': b'[ 22%] Built target teleop_tools_msgs__rosidl_typesupport_fastrtps_cpp\n'}
[1.645394] (teleop_tools_msgs) StdoutLine: {'line': b'[ 32%] Built target teleop_tools_msgs__rosidl_typesupport_cpp\n'}
[1.645694] (teleop_tools_msgs) StdoutLine: {'line': b'[ 41%] Built target teleop_tools_msgs__rosidl_typesupport_introspection_cpp\n'}
[1.645980] (teleop_tools_msgs) StdoutLine: {'line': b'[ 51%] Built target teleop_tools_msgs__rosidl_typesupport_introspection_c\n'}
[1.647192] (teleop_tools_msgs) StdoutLine: {'line': b'[ 61%] Built target teleop_tools_msgs__rosidl_typesupport_c\n'}
[1.647580] (teleop_tools_msgs) StdoutLine: {'line': b'[ 70%] Built target teleop_tools_msgs__rosidl_typesupport_fastrtps_c\n'}
[1.647906] (teleop_tools_msgs) StdoutLine: {'line': b'[ 70%] Built target teleop_tools_msgs\n'}
[1.648195] (teleop_tools_msgs) StdoutLine: {'line': b'[ 74%] Built target teleop_tools_msgs__py\n'}
[1.648486] (ackermann_mux) StdoutLine: {'line': b'[100%] Built target ackermann_mux\n'}
[1.653514] (ackermann_mux) CommandEnded: {'returncode': 0}
[1.659461] (ackermann_mux) JobProgress: {'identifier': 'ackermann_mux', 'progress': 'install'}
[1.687407] (teleop_tools_msgs) StdoutLine: {'line': b'[ 80%] Built target teleop_tools_msgs__python\n'}
[1.694128] (vesc_msgs) StdoutLine: {'line': b'[ 89%] Built target vesc_msgs__python\n'}
[1.725361] (ackermann_mux) Command: {'cmd': ['/usr/bin/cmake', '--install', '/home/cav330/f1tenth_ws/build/ackermann_mux'], 'cwd': '/home/cav330/f1tenth_ws/build/ackermann_mux', 'env': OrderedDict([('NX_ROOT', '/home/cav330/.nx'), ('GJS_DEBUG_TOPICS', 'JS ERROR;JS LOG'), ('LESSOPEN', '| /usr/bin/lesspipe %s'), ('PULSE_CLIENTCONFIG', '/home/cav330/.nx/devices/D-1001-93C5498CD379C6E6122CA9EA4F4B18C9/audio/client.conf'), ('MAIL', '/var/mail/cav330'), ('USER', 'cav330'), ('XDG_SESSION_TYPE', 'x11'), ('NX_SYSTEM', '/usr/NX'), ('SHLVL', '1'), ('LD_LIBRARY_PATH', '/usr/local/cuda-11.4/lib64:'), ('HOME', '/home/cav330'), ('OLDPWD', '/home/cav330'), ('DESKTOP_SESSION', 'ubuntu-xorg'), ('GNOME_SHELL_SESSION_MODE', 'ubuntu'), ('DBUS_SESSION_BUS_ADDRESS', 'unix:abstract=/tmp/dbus-VBtBpNZCM3,guid=826157f4ad5c0dfac02aabc769c59fb7'), ('COLORTERM', 'truecolor'), ('PULSE_SCRIPT', '/home/cav330/.nx/devices/D-1001-93C5498CD379C6E6122CA9EA4F4B18C9/audio/default.pa'), ('WAYLAND_DISPLAY', 'no'), ('LOGNAME', 'cav330'), ('PULSE_SERVER', '/home/cav330/.nx/devices/D-1001-93C5498CD379C6E6122CA9EA4F4B18C9/audio/native.socket'), ('_', '/usr/bin/colcon'), ('XDG_SESSION_CLASS', 'user'), ('USERNAME', 'cav330'), ('TERM', 'xterm-256color'), ('GNOME_DESKTOP_SESSION_ID', 'this-is-deprecated'), ('PATH', '/usr/local/cuda-11.4/bin:/usr/local/sbin:/usr/local/bin:/usr/sbin:/usr/bin:/sbin:/bin:/usr/games:/usr/local/games:/snap/bin'), ('SESSION_MANAGER', 'local/ubuntu:@/tmp/.ICE-unix/3439,unix/ubuntu:/tmp/.ICE-unix/3439'), ('PULSE_RUNTIME_PATH', '/run/user/1000/pulse'), ('XDG_MENU_PREFIX', 'gnome-'), ('GNOME_TERMINAL_SCREEN', '/org/gnome/Terminal/screen/acc20211_aadf_49d5_af92_3e0dab956030'), ('XDG_RUNTIME_DIR', '/run/user/1000'), ('PULSE_CONFIG', '/home/cav330/.nx/devices/D-1001-93C5498CD379C6E6122CA9EA4F4B18C9/audio/daemon.conf'), ('GDK_BACKEND', 'x11'), ('DISPLAY', ':1001'), ('LANG', 'en_CA.UTF-8'), ('XDG_CURRENT_DESKTOP', 'ubuntu:GNOME'), ('NX_TEMP', '/tmp'), ('XMODIFIERS', '@im=ibus'), ('XAUTHORITY', '/home/cav330/.Xauthority'), ('LS_COLORS', 'rs=0:di=01;34:ln=01;36:mh=00:pi=40;33:so=01;35:do=01;35:bd=40;33;01:cd=40;33;01:or=40;31;01:mi=00:su=37;41:sg=30;43:ca=30;41:tw=30;42:ow=34;42:st=37;44:ex=01;32:*.tar=01;31:*.tgz=01;31:*.arc=01;31:*.arj=01;31:*.taz=01;31:*.lha=01;31:*.lz4=01;31:*.lzh=01;31:*.lzma=01;31:*.tlz=01;31:*.txz=01;31:*.tzo=01;31:*.t7z=01;31:*.zip=01;31:*.z=01;31:*.dz=01;31:*.gz=01;31:*.lrz=01;31:*.lz=01;31:*.lzo=01;31:*.xz=01;31:*.zst=01;31:*.tzst=01;31:*.bz2=01;31:*.bz=01;31:*.tbz=01;31:*.tbz2=01;31:*.tz=01;31:*.deb=01;31:*.rpm=01;31:*.jar=01;31:*.war=01;31:*.ear=01;31:*.sar=01;31:*.rar=01;31:*.alz=01;31:*.ace=01;31:*.zoo=01;31:*.cpio=01;31:*.7z=01;31:*.rz=01;31:*.cab=01;31:*.wim=01;31:*.swm=01;31:*.dwm=01;31:*.esd=01;31:*.jpg=01;35:*.jpeg=01;35:*.mjpg=01;35:*.mjpeg=01;35:*.gif=01;35:*.bmp=01;35:*.pbm=01;35:*.pgm=01;35:*.ppm=01;35:*.tga=01;35:*.xbm=01;35:*.xpm=01;35:*.tif=01;35:*.tiff=01;35:*.png=01;35:*.svg=01;35:*.svgz=01;35:*.mng=01;35:*.pcx=01;35:*.mov=01;35:*.mpg=01;35:*.mpeg=01;35:*.m2v=01;35:*.mkv=01;35:*.webm=01;35:*.ogm=01;35:*.mp4=01;35:*.m4v=01;35:*.mp4v=01;35:*.vob=01;35:*.qt=01;35:*.nuv=01;35:*.wmv=01;35:*.asf=01;35:*.rm=01;35:*.rmvb=01;35:*.flc=01;35:*.avi=01;35:*.fli=01;35:*.flv=01;35:*.gl=01;35:*.dl=01;35:*.xcf=01;35:*.xwd=01;35:*.yuv=01;35:*.cgm=01;35:*.emf=01;35:*.ogv=01;35:*.ogx=01;35:*.aac=00;36:*.au=00;36:*.flac=00;36:*.m4a=00;36:*.mid=00;36:*.midi=00;36:*.mka=00;36:*.mp3=00;36:*.mpc=00;36:*.ogg=00;36:*.ra=00;36:*.wav=00;36:*.oga=00;36:*.opus=00;36:*.spx=00;36:*.xspf=00;36:'), ('GNOME_TERMINAL_SERVICE', ':1.107'), ('SSH_AUTH_SOCK', '/run/user/1000/keyring/ssh'), ('SHELL', '/bin/bash'), ('LESSCLOSE', '/usr/bin/lesspipe %s %s'), ('NX_SESSION_ID', '93C5498CD379C6E6122CA9EA4F4B18C9'), ('GJS_DEBUG_OUTPUT', 'stderr'), ('QT_IM_MODULE', 'ibus'), ('PWD', '/home/cav330/f1tenth_ws/build/ackermann_mux'), ('NX_RUNNER', '/usr/NX/bin/nxrunner'), ('XDG_CONFIG_DIRS', '/etc/xdg/xdg-ubuntu-xorg:/etc/xdg'), ('XDG_DATA_DIRS', '/usr/share/ubuntu-xorg:/usr/local/share:/usr/share:/var/lib/snapd/desktop'), ('COLCON', '1'), ('VTE_VERSION', '6003'), ('NX_CONNECTION', '192.168.33.107 60297 192.168.33.130 4000'), ('NXDIR', '/usr/NX')]), 'shell': False}
[1.733412] (-) TimerEvent: {}
[1.840507] (-) TimerEvent: {}
[1.852967] (ackermann_mux) StdoutLine: {'line': b'-- Install configuration: ""\n'}
[1.859584] (ackermann_mux) StdoutLine: {'line': b'-- Up-to-date: /home/cav330/f1tenth_ws/install/ackermann_mux/lib/ackermann_mux/ackermann_mux\n'}
[1.861948] (ackermann_mux) StdoutLine: {'line': b'-- Up-to-date: /home/cav330/f1tenth_ws/install/ackermann_mux/share/ackermann_mux/launch\n'}
[1.862907] (ackermann_mux) StdoutLine: {'line': b'-- Up-to-date: /home/cav330/f1tenth_ws/install/ackermann_mux/share/ackermann_mux/launch/ackermann_mux_launch.py\n'}
[1.863317] (ackermann_mux) StdoutLine: {'line': b'-- Up-to-date: /home/cav330/f1tenth_ws/install/ackermann_mux/share/ackermann_mux/config\n'}
[1.863833] (ackermann_mux) StdoutLine: {'line': b'-- Up-to-date: /home/cav330/f1tenth_ws/install/ackermann_mux/share/ackermann_mux/config/ackermann_mux_locks.yaml\n'}
[1.864163] (ackermann_mux) StdoutLine: {'line': b'-- Up-to-date: /home/cav330/f1tenth_ws/install/ackermann_mux/share/ackermann_mux/config/ackermann_mux_topics.yaml\n'}
[1.864456] (ackermann_mux) StdoutLine: {'line': b'-- Up-to-date: /home/cav330/f1tenth_ws/install/ackermann_mux/share/ackermann_mux/config/joystick.yaml\n'}
[1.864792] (ackermann_mux) StdoutLine: {'line': b'-- Up-to-date: /home/cav330/f1tenth_ws/install/ackermann_mux/include\n'}
[1.865860] (ackermann_mux) StdoutLine: {'line': b'-- Up-to-date: /home/cav330/f1tenth_ws/install/ackermann_mux/include/ackermann_mux\n'}
[1.867096] (ackermann_mux) StdoutLine: {'line': b'-- Up-to-date: /home/cav330/f1tenth_ws/install/ackermann_mux/include/ackermann_mux/topic_handle.hpp\n'}
[1.867621] (ackermann_mux) StdoutLine: {'line': b'-- Up-to-date: /home/cav330/f1tenth_ws/install/ackermann_mux/include/ackermann_mux/params_helpers.hpp\n'}
[1.867965] (ackermann_mux) StdoutLine: {'line': b'-- Up-to-date: /home/cav330/f1tenth_ws/install/ackermann_mux/include/ackermann_mux/utils.hpp\n'}
[1.868258] (ackermann_mux) StdoutLine: {'line': b'-- Up-to-date: /home/cav330/f1tenth_ws/install/ackermann_mux/include/ackermann_mux/ackermann_mux_diagnostics.hpp\n'}
[1.868816] (ackermann_mux) StdoutLine: {'line': b'-- Up-to-date: /home/cav330/f1tenth_ws/install/ackermann_mux/include/ackermann_mux/ackermann_mux_diagnostics_status.hpp\n'}
[1.869340] (ackermann_mux) StdoutLine: {'line': b'-- Up-to-date: /home/cav330/f1tenth_ws/install/ackermann_mux/include/ackermann_mux/ackermann_mux.hpp\n'}
[1.869820] (ackermann_mux) StdoutLine: {'line': b'-- Up-to-date: /home/cav330/f1tenth_ws/install/ackermann_mux/share/ament_index/resource_index/package_run_dependencies/ackermann_mux\n'}
[1.870347] (ackermann_mux) StdoutLine: {'line': b'-- Up-to-date: /home/cav330/f1tenth_ws/install/ackermann_mux/share/ament_index/resource_index/parent_prefix_path/ackermann_mux\n'}
[1.870759] (ackermann_mux) StdoutLine: {'line': b'-- Up-to-date: /home/cav330/f1tenth_ws/install/ackermann_mux/share/ackermann_mux/environment/ament_prefix_path.sh\n'}
[1.871272] (ackermann_mux) StdoutLine: {'line': b'-- Up-to-date: /home/cav330/f1tenth_ws/install/ackermann_mux/share/ackermann_mux/environment/ament_prefix_path.dsv\n'}
[1.871854] (ackermann_mux) StdoutLine: {'line': b'-- Up-to-date: /home/cav330/f1tenth_ws/install/ackermann_mux/share/ackermann_mux/environment/path.sh\n'}
[1.872182] (ackermann_mux) StdoutLine: {'line': b'-- Up-to-date: /home/cav330/f1tenth_ws/install/ackermann_mux/share/ackermann_mux/environment/path.dsv\n'}
[1.874131] (ackermann_mux) StdoutLine: {'line': b'-- Up-to-date: /home/cav330/f1tenth_ws/install/ackermann_mux/share/ackermann_mux/local_setup.bash\n'}
[1.874680] (ackermann_mux) StdoutLine: {'line': b'-- Up-to-date: /home/cav330/f1tenth_ws/install/ackermann_mux/share/ackermann_mux/local_setup.sh\n'}
[1.874982] (ackermann_mux) StdoutLine: {'line': b'-- Up-to-date: /home/cav330/f1tenth_ws/install/ackermann_mux/share/ackermann_mux/local_setup.zsh\n'}
[1.882126] (teleop_tools_msgs) StdoutLine: {'line': b'[ 87%] Built target teleop_tools_msgs__rosidl_typesupport_introspection_c__pyext\n'}
[1.887263] (ackermann_mux) StdoutLine: {'line': b'-- Up-to-date: /home/cav330/f1tenth_ws/install/ackermann_mux/share/ackermann_mux/local_setup.dsv\n'}
[1.905876] (ackermann_mux) StdoutLine: {'line': b'-- Installing: /home/cav330/f1tenth_ws/install/ackermann_mux/share/ackermann_mux/package.dsv\n'}
[1.906415] (ackermann_mux) StdoutLine: {'line': b'-- Up-to-date: /home/cav330/f1tenth_ws/install/ackermann_mux/share/ament_index/resource_index/packages/ackermann_mux\n'}
[1.906783] (ackermann_mux) StdoutLine: {'line': b'-- Up-to-date: /home/cav330/f1tenth_ws/install/ackermann_mux/share/ackermann_mux/cmake/ament_cmake_export_include_directories-extras.cmake\n'}
[1.907089] (ackermann_mux) StdoutLine: {'line': b'-- Up-to-date: /home/cav330/f1tenth_ws/install/ackermann_mux/share/ackermann_mux/cmake/ament_cmake_export_dependencies-extras.cmake\n'}
[1.907403] (ackermann_mux) StdoutLine: {'line': b'-- Up-to-date: /home/cav330/f1tenth_ws/install/ackermann_mux/share/ackermann_mux/cmake/ackermann_muxConfig.cmake\n'}
[1.907740] (ackermann_mux) StdoutLine: {'line': b'-- Up-to-date: /home/cav330/f1tenth_ws/install/ackermann_mux/share/ackermann_mux/cmake/ackermann_muxConfig-version.cmake\n'}
[1.908037] (ackermann_mux) StdoutLine: {'line': b'-- Up-to-date: /home/cav330/f1tenth_ws/install/ackermann_mux/share/ackermann_mux/package.xml\n'}
[1.908314] (ackermann_mux) CommandEnded: {'returncode': 0}
[1.928657] (teleop_tools_msgs) StdoutLine: {'line': b'[ 93%] Built target teleop_tools_msgs__rosidl_typesupport_c__pyext\n'}
[1.940616] (-) TimerEvent: {}
[2.007263] (vesc_msgs) StdoutLine: {'line': b'[ 92%] Built target vesc_msgs__rosidl_typesupport_c__pyext\n'}
[2.018870] (vesc_msgs) StdoutLine: {'line': b'[ 96%] Built target vesc_msgs__rosidl_typesupport_introspection_c__pyext\n'}
[2.022270] (teleop_tools_msgs) StdoutLine: {'line': b'[100%] Built target teleop_tools_msgs__rosidl_typesupport_fastrtps_c__pyext\n'}
[2.041067] (-) TimerEvent: {}
[2.065052] (vesc_msgs) StdoutLine: {'line': b'[100%] Built target vesc_msgs__rosidl_typesupport_fastrtps_c__pyext\n'}
[2.085097] (ackermann_mux) JobEnded: {'identifier': 'ackermann_mux', 'rc': 0}
[2.091383] (f1tenth_gym_ros) JobStarted: {'identifier': 'f1tenth_gym_ros'}
[2.141610] (-) TimerEvent: {}
[2.145976] (teleop_tools_msgs) CommandEnded: {'returncode': 0}
[2.152707] (teleop_tools_msgs) JobProgress: {'identifier': 'teleop_tools_msgs', 'progress': 'install'}
[2.163521] (teleop_tools_msgs) Command: {'cmd': ['/usr/bin/cmake', '--install', '/home/cav330/f1tenth_ws/build/teleop_tools_msgs'], 'cwd': '/home/cav330/f1tenth_ws/build/teleop_tools_msgs', 'env': OrderedDict([('NX_ROOT', '/home/cav330/.nx'), ('GJS_DEBUG_TOPICS', 'JS ERROR;JS LOG'), ('LESSOPEN', '| /usr/bin/lesspipe %s'), ('PULSE_CLIENTCONFIG', '/home/cav330/.nx/devices/D-1001-93C5498CD379C6E6122CA9EA4F4B18C9/audio/client.conf'), ('MAIL', '/var/mail/cav330'), ('USER', 'cav330'), ('XDG_SESSION_TYPE', 'x11'), ('NX_SYSTEM', '/usr/NX'), ('SHLVL', '1'), ('LD_LIBRARY_PATH', '/usr/local/cuda-11.4/lib64:'), ('HOME', '/home/cav330'), ('OLDPWD', '/home/cav330'), ('DESKTOP_SESSION', 'ubuntu-xorg'), ('GNOME_SHELL_SESSION_MODE', 'ubuntu'), ('DBUS_SESSION_BUS_ADDRESS', 'unix:abstract=/tmp/dbus-VBtBpNZCM3,guid=826157f4ad5c0dfac02aabc769c59fb7'), ('COLORTERM', 'truecolor'), ('PULSE_SCRIPT', '/home/cav330/.nx/devices/D-1001-93C5498CD379C6E6122CA9EA4F4B18C9/audio/default.pa'), ('WAYLAND_DISPLAY', 'no'), ('LOGNAME', 'cav330'), ('PULSE_SERVER', '/home/cav330/.nx/devices/D-1001-93C5498CD379C6E6122CA9EA4F4B18C9/audio/native.socket'), ('_', '/usr/bin/colcon'), ('XDG_SESSION_CLASS', 'user'), ('USERNAME', 'cav330'), ('TERM', 'xterm-256color'), ('GNOME_DESKTOP_SESSION_ID', 'this-is-deprecated'), ('PATH', '/usr/local/cuda-11.4/bin:/usr/local/sbin:/usr/local/bin:/usr/sbin:/usr/bin:/sbin:/bin:/usr/games:/usr/local/games:/snap/bin'), ('SESSION_MANAGER', 'local/ubuntu:@/tmp/.ICE-unix/3439,unix/ubuntu:/tmp/.ICE-unix/3439'), ('PULSE_RUNTIME_PATH', '/run/user/1000/pulse'), ('XDG_MENU_PREFIX', 'gnome-'), ('GNOME_TERMINAL_SCREEN', '/org/gnome/Terminal/screen/acc20211_aadf_49d5_af92_3e0dab956030'), ('XDG_RUNTIME_DIR', '/run/user/1000'), ('PULSE_CONFIG', '/home/cav330/.nx/devices/D-1001-93C5498CD379C6E6122CA9EA4F4B18C9/audio/daemon.conf'), ('GDK_BACKEND', 'x11'), ('DISPLAY', ':1001'), ('LANG', 'en_CA.UTF-8'), ('XDG_CURRENT_DESKTOP', 'ubuntu:GNOME'), ('NX_TEMP', '/tmp'), ('XMODIFIERS', '@im=ibus'), ('XAUTHORITY', '/home/cav330/.Xauthority'), ('LS_COLORS', 'rs=0:di=01;34:ln=01;36:mh=00:pi=40;33:so=01;35:do=01;35:bd=40;33;01:cd=40;33;01:or=40;31;01:mi=00:su=37;41:sg=30;43:ca=30;41:tw=30;42:ow=34;42:st=37;44:ex=01;32:*.tar=01;31:*.tgz=01;31:*.arc=01;31:*.arj=01;31:*.taz=01;31:*.lha=01;31:*.lz4=01;31:*.lzh=01;31:*.lzma=01;31:*.tlz=01;31:*.txz=01;31:*.tzo=01;31:*.t7z=01;31:*.zip=01;31:*.z=01;31:*.dz=01;31:*.gz=01;31:*.lrz=01;31:*.lz=01;31:*.lzo=01;31:*.xz=01;31:*.zst=01;31:*.tzst=01;31:*.bz2=01;31:*.bz=01;31:*.tbz=01;31:*.tbz2=01;31:*.tz=01;31:*.deb=01;31:*.rpm=01;31:*.jar=01;31:*.war=01;31:*.ear=01;31:*.sar=01;31:*.rar=01;31:*.alz=01;31:*.ace=01;31:*.zoo=01;31:*.cpio=01;31:*.7z=01;31:*.rz=01;31:*.cab=01;31:*.wim=01;31:*.swm=01;31:*.dwm=01;31:*.esd=01;31:*.jpg=01;35:*.jpeg=01;35:*.mjpg=01;35:*.mjpeg=01;35:*.gif=01;35:*.bmp=01;35:*.pbm=01;35:*.pgm=01;35:*.ppm=01;35:*.tga=01;35:*.xbm=01;35:*.xpm=01;35:*.tif=01;35:*.tiff=01;35:*.png=01;35:*.svg=01;35:*.svgz=01;35:*.mng=01;35:*.pcx=01;35:*.mov=01;35:*.mpg=01;35:*.mpeg=01;35:*.m2v=01;35:*.mkv=01;35:*.webm=01;35:*.ogm=01;35:*.mp4=01;35:*.m4v=01;35:*.mp4v=01;35:*.vob=01;35:*.qt=01;35:*.nuv=01;35:*.wmv=01;35:*.asf=01;35:*.rm=01;35:*.rmvb=01;35:*.flc=01;35:*.avi=01;35:*.fli=01;35:*.flv=01;35:*.gl=01;35:*.dl=01;35:*.xcf=01;35:*.xwd=01;35:*.yuv=01;35:*.cgm=01;35:*.emf=01;35:*.ogv=01;35:*.ogx=01;35:*.aac=00;36:*.au=00;36:*.flac=00;36:*.m4a=00;36:*.mid=00;36:*.midi=00;36:*.mka=00;36:*.mp3=00;36:*.mpc=00;36:*.ogg=00;36:*.ra=00;36:*.wav=00;36:*.oga=00;36:*.opus=00;36:*.spx=00;36:*.xspf=00;36:'), ('GNOME_TERMINAL_SERVICE', ':1.107'), ('SSH_AUTH_SOCK', '/run/user/1000/keyring/ssh'), ('SHELL', '/bin/bash'), ('LESSCLOSE', '/usr/bin/lesspipe %s %s'), ('NX_SESSION_ID', '93C5498CD379C6E6122CA9EA4F4B18C9'), ('GJS_DEBUG_OUTPUT', 'stderr'), ('QT_IM_MODULE', 'ibus'), ('PWD', '/home/cav330/f1tenth_ws/build/teleop_tools_msgs'), ('NX_RUNNER', '/usr/NX/bin/nxrunner'), ('XDG_CONFIG_DIRS', '/etc/xdg/xdg-ubuntu-xorg:/etc/xdg'), ('XDG_DATA_DIRS', '/usr/share/ubuntu-xorg:/usr/local/share:/usr/share:/var/lib/snapd/desktop'), ('COLCON', '1'), ('VTE_VERSION', '6003'), ('NX_CONNECTION', '192.168.33.107 60297 192.168.33.130 4000'), ('NXDIR', '/usr/NX')]), 'shell': False}
[2.178595] (vesc_msgs) CommandEnded: {'returncode': 0}
[2.185929] (vesc_msgs) JobProgress: {'identifier': 'vesc_msgs', 'progress': 'install'}
[2.187813] (vesc_msgs) Command: {'cmd': ['/usr/bin/cmake', '--install', '/home/cav330/f1tenth_ws/build/vesc_msgs'], 'cwd': '/home/cav330/f1tenth_ws/build/vesc_msgs', 'env': OrderedDict([('NX_ROOT', '/home/cav330/.nx'), ('GJS_DEBUG_TOPICS', 'JS ERROR;JS LOG'), ('LESSOPEN', '| /usr/bin/lesspipe %s'), ('PULSE_CLIENTCONFIG', '/home/cav330/.nx/devices/D-1001-93C5498CD379C6E6122CA9EA4F4B18C9/audio/client.conf'), ('MAIL', '/var/mail/cav330'), ('USER', 'cav330'), ('XDG_SESSION_TYPE', 'x11'), ('NX_SYSTEM', '/usr/NX'), ('SHLVL', '1'), ('LD_LIBRARY_PATH', '/usr/local/cuda-11.4/lib64:'), ('HOME', '/home/cav330'), ('OLDPWD', '/home/cav330'), ('DESKTOP_SESSION', 'ubuntu-xorg'), ('GNOME_SHELL_SESSION_MODE', 'ubuntu'), ('DBUS_SESSION_BUS_ADDRESS', 'unix:abstract=/tmp/dbus-VBtBpNZCM3,guid=826157f4ad5c0dfac02aabc769c59fb7'), ('COLORTERM', 'truecolor'), ('PULSE_SCRIPT', '/home/cav330/.nx/devices/D-1001-93C5498CD379C6E6122CA9EA4F4B18C9/audio/default.pa'), ('WAYLAND_DISPLAY', 'no'), ('LOGNAME', 'cav330'), ('PULSE_SERVER', '/home/cav330/.nx/devices/D-1001-93C5498CD379C6E6122CA9EA4F4B18C9/audio/native.socket'), ('_', '/usr/bin/colcon'), ('XDG_SESSION_CLASS', 'user'), ('USERNAME', 'cav330'), ('TERM', 'xterm-256color'), ('GNOME_DESKTOP_SESSION_ID', 'this-is-deprecated'), ('PATH', '/usr/local/cuda-11.4/bin:/usr/local/sbin:/usr/local/bin:/usr/sbin:/usr/bin:/sbin:/bin:/usr/games:/usr/local/games:/snap/bin'), ('SESSION_MANAGER', 'local/ubuntu:@/tmp/.ICE-unix/3439,unix/ubuntu:/tmp/.ICE-unix/3439'), ('PULSE_RUNTIME_PATH', '/run/user/1000/pulse'), ('XDG_MENU_PREFIX', 'gnome-'), ('GNOME_TERMINAL_SCREEN', '/org/gnome/Terminal/screen/acc20211_aadf_49d5_af92_3e0dab956030'), ('XDG_RUNTIME_DIR', '/run/user/1000'), ('PULSE_CONFIG', '/home/cav330/.nx/devices/D-1001-93C5498CD379C6E6122CA9EA4F4B18C9/audio/daemon.conf'), ('GDK_BACKEND', 'x11'), ('DISPLAY', ':1001'), ('LANG', 'en_CA.UTF-8'), ('XDG_CURRENT_DESKTOP', 'ubuntu:GNOME'), ('NX_TEMP', '/tmp'), ('XMODIFIERS', '@im=ibus'), ('XAUTHORITY', '/home/cav330/.Xauthority'), ('LS_COLORS', 'rs=0:di=01;34:ln=01;36:mh=00:pi=40;33:so=01;35:do=01;35:bd=40;33;01:cd=40;33;01:or=40;31;01:mi=00:su=37;41:sg=30;43:ca=30;41:tw=30;42:ow=34;42:st=37;44:ex=01;32:*.tar=01;31:*.tgz=01;31:*.arc=01;31:*.arj=01;31:*.taz=01;31:*.lha=01;31:*.lz4=01;31:*.lzh=01;31:*.lzma=01;31:*.tlz=01;31:*.txz=01;31:*.tzo=01;31:*.t7z=01;31:*.zip=01;31:*.z=01;31:*.dz=01;31:*.gz=01;31:*.lrz=01;31:*.lz=01;31:*.lzo=01;31:*.xz=01;31:*.zst=01;31:*.tzst=01;31:*.bz2=01;31:*.bz=01;31:*.tbz=01;31:*.tbz2=01;31:*.tz=01;31:*.deb=01;31:*.rpm=01;31:*.jar=01;31:*.war=01;31:*.ear=01;31:*.sar=01;31:*.rar=01;31:*.alz=01;31:*.ace=01;31:*.zoo=01;31:*.cpio=01;31:*.7z=01;31:*.rz=01;31:*.cab=01;31:*.wim=01;31:*.swm=01;31:*.dwm=01;31:*.esd=01;31:*.jpg=01;35:*.jpeg=01;35:*.mjpg=01;35:*.mjpeg=01;35:*.gif=01;35:*.bmp=01;35:*.pbm=01;35:*.pgm=01;35:*.ppm=01;35:*.tga=01;35:*.xbm=01;35:*.xpm=01;35:*.tif=01;35:*.tiff=01;35:*.png=01;35:*.svg=01;35:*.svgz=01;35:*.mng=01;35:*.pcx=01;35:*.mov=01;35:*.mpg=01;35:*.mpeg=01;35:*.m2v=01;35:*.mkv=01;35:*.webm=01;35:*.ogm=01;35:*.mp4=01;35:*.m4v=01;35:*.mp4v=01;35:*.vob=01;35:*.qt=01;35:*.nuv=01;35:*.wmv=01;35:*.asf=01;35:*.rm=01;35:*.rmvb=01;35:*.flc=01;35:*.avi=01;35:*.fli=01;35:*.flv=01;35:*.gl=01;35:*.dl=01;35:*.xcf=01;35:*.xwd=01;35:*.yuv=01;35:*.cgm=01;35:*.emf=01;35:*.ogv=01;35:*.ogx=01;35:*.aac=00;36:*.au=00;36:*.flac=00;36:*.m4a=00;36:*.mid=00;36:*.midi=00;36:*.mka=00;36:*.mp3=00;36:*.mpc=00;36:*.ogg=00;36:*.ra=00;36:*.wav=00;36:*.oga=00;36:*.opus=00;36:*.spx=00;36:*.xspf=00;36:'), ('GNOME_TERMINAL_SERVICE', ':1.107'), ('SSH_AUTH_SOCK', '/run/user/1000/keyring/ssh'), ('SHELL', '/bin/bash'), ('LESSCLOSE', '/usr/bin/lesspipe %s %s'), ('NX_SESSION_ID', '93C5498CD379C6E6122CA9EA4F4B18C9'), ('GJS_DEBUG_OUTPUT', 'stderr'), ('QT_IM_MODULE', 'ibus'), ('PWD', '/home/cav330/f1tenth_ws/build/vesc_msgs'), ('NX_RUNNER', '/usr/NX/bin/nxrunner'), ('XDG_CONFIG_DIRS', '/etc/xdg/xdg-ubuntu-xorg:/etc/xdg'), ('XDG_DATA_DIRS', '/usr/share/ubuntu-xorg:/usr/local/share:/usr/share:/var/lib/snapd/desktop'), ('COLCON', '1'), ('VTE_VERSION', '6003'), ('NX_CONNECTION', '192.168.33.107 60297 192.168.33.130 4000'), ('NXDIR', '/usr/NX')]), 'shell': False}
[2.221290] (teleop_tools_msgs) StdoutLine: {'line': b'-- Install configuration: ""\n'}
[2.224147] (teleop_tools_msgs) StdoutLine: {'line': b'-- Up-to-date: /home/cav330/f1tenth_ws/install/teleop_tools_msgs/share/ament_index/resource_index/rosidl_interfaces/teleop_tools_msgs\n'}
[2.225632] (teleop_tools_msgs) StdoutLine: {'line': b'-- Up-to-date: /home/cav330/f1tenth_ws/install/teleop_tools_msgs/include/teleop_tools_msgs\n'}
[2.226340] (teleop_tools_msgs) StdoutLine: {'line': b'-- Up-to-date: /home/cav330/f1tenth_ws/install/teleop_tools_msgs/include/teleop_tools_msgs/msg\n'}
[2.226687] (teleop_tools_msgs) StdoutLine: {'line': b'-- Up-to-date: /home/cav330/f1tenth_ws/install/teleop_tools_msgs/include/teleop_tools_msgs/msg/rosidl_generator_c__visibility_control.h\n'}
[2.227042] (teleop_tools_msgs) StdoutLine: {'line': b'-- Up-to-date: /home/cav330/f1tenth_ws/install/teleop_tools_msgs/include/teleop_tools_msgs/action\n'}
[2.227420] (teleop_tools_msgs) StdoutLine: {'line': b'-- Up-to-date: /home/cav330/f1tenth_ws/install/teleop_tools_msgs/include/teleop_tools_msgs/action/increment.h\n'}
[2.227740] (teleop_tools_msgs) StdoutLine: {'line': b'-- Up-to-date: /home/cav330/f1tenth_ws/install/teleop_tools_msgs/include/teleop_tools_msgs/action/detail\n'}
[2.228114] (teleop_tools_msgs) StdoutLine: {'line': b'-- Up-to-date: /home/cav330/f1tenth_ws/install/teleop_tools_msgs/include/teleop_tools_msgs/action/detail/increment__struct.h\n'}
[2.228620] (teleop_tools_msgs) StdoutLine: {'line': b'-- Up-to-date: /home/cav330/f1tenth_ws/install/teleop_tools_msgs/include/teleop_tools_msgs/action/detail/increment__functions.h\n'}
[2.228927] (teleop_tools_msgs) StdoutLine: {'line': b'-- Up-to-date: /home/cav330/f1tenth_ws/install/teleop_tools_msgs/include/teleop_tools_msgs/action/detail/increment__type_support.h\n'}
[2.229220] (teleop_tools_msgs) StdoutLine: {'line': b'-- Up-to-date: /home/cav330/f1tenth_ws/install/teleop_tools_msgs/include/teleop_tools_msgs/action/detail/increment__functions.c\n'}
[2.229576] (teleop_tools_msgs) StdoutLine: {'line': b'-- Up-to-date: /home/cav330/f1tenth_ws/install/teleop_tools_msgs/share/teleop_tools_msgs/environment/library_path.sh\n'}
[2.230053] (teleop_tools_msgs) StdoutLine: {'line': b'-- Up-to-date: /home/cav330/f1tenth_ws/install/teleop_tools_msgs/share/teleop_tools_msgs/environment/library_path.dsv\n'}
[2.230468] (teleop_tools_msgs) StdoutLine: {'line': b'-- Up-to-date: /home/cav330/f1tenth_ws/install/teleop_tools_msgs/lib/libteleop_tools_msgs__rosidl_generator_c.so\n'}
[2.231294] (teleop_tools_msgs) StdoutLine: {'line': b'-- Up-to-date: /home/cav330/f1tenth_ws/install/teleop_tools_msgs/include/teleop_tools_msgs\n'}
[2.231619] (teleop_tools_msgs) StdoutLine: {'line': b'-- Up-to-date: /home/cav330/f1tenth_ws/install/teleop_tools_msgs/include/teleop_tools_msgs/msg\n'}
[2.231963] (teleop_tools_msgs) StdoutLine: {'line': b'-- Up-to-date: /home/cav330/f1tenth_ws/install/teleop_tools_msgs/include/teleop_tools_msgs/msg/rosidl_typesupport_fastrtps_c__visibility_control.h\n'}
[2.232311] (teleop_tools_msgs) StdoutLine: {'line': b'-- Up-to-date: /home/cav330/f1tenth_ws/install/teleop_tools_msgs/include/teleop_tools_msgs/action\n'}
[2.232626] (teleop_tools_msgs) StdoutLine: {'line': b'-- Up-to-date: /home/cav330/f1tenth_ws/install/teleop_tools_msgs/include/teleop_tools_msgs/action/detail\n'}
[2.232924] (teleop_tools_msgs) StdoutLine: {'line': b'-- Up-to-date: /home/cav330/f1tenth_ws/install/teleop_tools_msgs/include/teleop_tools_msgs/action/detail/increment__rosidl_typesupport_fastrtps_c.h\n'}
[2.241703] (-) TimerEvent: {}
[2.247291] (vesc_msgs) StdoutLine: {'line': b'-- Install configuration: ""\n'}
[2.248992] (vesc_msgs) StdoutLine: {'line': b'-- Up-to-date: /home/cav330/f1tenth_ws/install/vesc_msgs/share/ament_index/resource_index/rosidl_interfaces/vesc_msgs\n'}
[2.250075] (vesc_msgs) StdoutLine: {'line': b'-- Up-to-date: /home/cav330/f1tenth_ws/install/vesc_msgs/include/vesc_msgs\n'}
[2.251870] (vesc_msgs) StdoutLine: {'line': b'-- Up-to-date: /home/cav330/f1tenth_ws/install/vesc_msgs/include/vesc_msgs/msg\n'}
[2.253877] (vesc_msgs) StdoutLine: {'line': b'-- Up-to-date: /home/cav330/f1tenth_ws/install/vesc_msgs/include/vesc_msgs/msg/vesc_state.h\n'}
[2.254537] (teleop_tools_msgs) StdoutLine: {'line': b'-- Up-to-date: /home/cav330/f1tenth_ws/install/teleop_tools_msgs/lib/libteleop_tools_msgs__rosidl_typesupport_fastrtps_c.so\n'}
[2.255105] (vesc_msgs) StdoutLine: {'line': b'-- Up-to-date: /home/cav330/f1tenth_ws/install/vesc_msgs/include/vesc_msgs/msg/vesc_state_stamped.h\n'}
[2.255435] (vesc_msgs) StdoutLine: {'line': b'-- Up-to-date: /home/cav330/f1tenth_ws/install/vesc_msgs/include/vesc_msgs/msg/rosidl_generator_c__visibility_control.h\n'}
[2.256902] (vesc_msgs) StdoutLine: {'line': b'-- Up-to-date: /home/cav330/f1tenth_ws/install/vesc_msgs/include/vesc_msgs/msg/vesc_imu_stamped.h\n'}
[2.257332] (vesc_msgs) StdoutLine: {'line': b'-- Up-to-date: /home/cav330/f1tenth_ws/install/vesc_msgs/include/vesc_msgs/msg/vesc_imu.h\n'}
[2.257650] (vesc_msgs) StdoutLine: {'line': b'-- Up-to-date: /home/cav330/f1tenth_ws/install/vesc_msgs/include/vesc_msgs/msg/detail\n'}
[2.257958] (teleop_tools_msgs) StdoutLine: {'line': b'-- Up-to-date: /home/cav330/f1tenth_ws/install/teleop_tools_msgs/include/teleop_tools_msgs\n'}
[2.258361] (vesc_msgs) StdoutLine: {'line': b'-- Up-to-date: /home/cav330/f1tenth_ws/install/vesc_msgs/include/vesc_msgs/msg/detail/vesc_imu_stamped__functions.c\n'}
[2.259188] (teleop_tools_msgs) StdoutLine: {'line': b'-- Up-to-date: /home/cav330/f1tenth_ws/install/teleop_tools_msgs/include/teleop_tools_msgs/msg\n'}
[2.259685] (vesc_msgs) StdoutLine: {'line': b'-- Up-to-date: /home/cav330/f1tenth_ws/install/vesc_msgs/include/vesc_msgs/msg/detail/vesc_imu__functions.h\n'}
[2.260009] (teleop_tools_msgs) StdoutLine: {'line': b'-- Up-to-date: /home/cav330/f1tenth_ws/install/teleop_tools_msgs/include/teleop_tools_msgs/msg/rosidl_typesupport_fastrtps_cpp__visibility_control.h\n'}
[2.260303] (vesc_msgs) StdoutLine: {'line': b'-- Up-to-date: /home/cav330/f1tenth_ws/install/vesc_msgs/include/vesc_msgs/msg/detail/vesc_state_stamped__type_support.h\n'}
[2.260581] (teleop_tools_msgs) StdoutLine: {'line': b'-- Up-to-date: /home/cav330/f1tenth_ws/install/teleop_tools_msgs/include/teleop_tools_msgs/action\n'}
[2.260868] (vesc_msgs) StdoutLine: {'line': b'-- Up-to-date: /home/cav330/f1tenth_ws/install/vesc_msgs/include/vesc_msgs/msg/detail/vesc_imu__struct.h\n'}
[2.261160] (vesc_msgs) StdoutLine: {'line': b'-- Up-to-date: /home/cav330/f1tenth_ws/install/vesc_msgs/include/vesc_msgs/msg/detail/vesc_state_stamped__functions.h\n'}
[2.261441] (vesc_msgs) StdoutLine: {'line': b'-- Up-to-date: /home/cav330/f1tenth_ws/install/vesc_msgs/include/vesc_msgs/msg/detail/vesc_imu__functions.c\n'}
[2.261710] (vesc_msgs) StdoutLine: {'line': b'-- Up-to-date: /home/cav330/f1tenth_ws/install/vesc_msgs/include/vesc_msgs/msg/detail/vesc_imu_stamped__type_support.h\n'}
[2.262050] (teleop_tools_msgs) StdoutLine: {'line': b'-- Up-to-date: /home/cav330/f1tenth_ws/install/teleop_tools_msgs/include/teleop_tools_msgs/action/detail\n'}
[2.262474] (teleop_tools_msgs) StdoutLine: {'line': b'-- Up-to-date: /home/cav330/f1tenth_ws/install/teleop_tools_msgs/include/teleop_tools_msgs/action/detail/dds_fastrtps\n'}
[2.262780] (teleop_tools_msgs) StdoutLine: {'line': b'-- Up-to-date: /home/cav330/f1tenth_ws/install/teleop_tools_msgs/include/teleop_tools_msgs/action/detail/increment__rosidl_typesupport_fastrtps_cpp.hpp\n'}
[2.263167] (vesc_msgs) StdoutLine: {'line': b'-- Up-to-date: /home/cav330/f1tenth_ws/install/vesc_msgs/include/vesc_msgs/msg/detail/vesc_imu_stamped__struct.h\n'}
[2.263464] (vesc_msgs) StdoutLine: {'line': b'-- Up-to-date: /home/cav330/f1tenth_ws/install/vesc_msgs/include/vesc_msgs/msg/detail/vesc_state__functions.h\n'}
[2.263748] (vesc_msgs) StdoutLine: {'line': b'-- Up-to-date: /home/cav330/f1tenth_ws/install/vesc_msgs/include/vesc_msgs/msg/detail/vesc_imu_stamped__functions.h\n'}
[2.264327] (vesc_msgs) StdoutLine: {'line': b'-- Up-to-date: /home/cav330/f1tenth_ws/install/vesc_msgs/include/vesc_msgs/msg/detail/vesc_state__type_support.h\n'}
[2.264767] (vesc_msgs) StdoutLine: {'line': b'-- Up-to-date: /home/cav330/f1tenth_ws/install/vesc_msgs/include/vesc_msgs/msg/detail/vesc_imu__type_support.h\n'}
[2.265073] (vesc_msgs) StdoutLine: {'line': b'-- Up-to-date: /home/cav330/f1tenth_ws/install/vesc_msgs/include/vesc_msgs/msg/detail/vesc_state__struct.h\n'}
[2.266495] (vesc_msgs) StdoutLine: {'line': b'-- Up-to-date: /home/cav330/f1tenth_ws/install/vesc_msgs/include/vesc_msgs/msg/detail/vesc_state_stamped__struct.h\n'}
[2.266862] (vesc_msgs) StdoutLine: {'line': b'-- Up-to-date: /home/cav330/f1tenth_ws/install/vesc_msgs/include/vesc_msgs/msg/detail/vesc_state_stamped__functions.c\n'}
[2.267493] (vesc_msgs) StdoutLine: {'line': b'-- Up-to-date: /home/cav330/f1tenth_ws/install/vesc_msgs/include/vesc_msgs/msg/detail/vesc_state__functions.c\n'}
[2.268219] (vesc_msgs) StdoutLine: {'line': b'-- Up-to-date: /home/cav330/f1tenth_ws/install/vesc_msgs/share/vesc_msgs/environment/library_path.sh\n'}
[2.268711] (vesc_msgs) StdoutLine: {'line': b'-- Up-to-date: /home/cav330/f1tenth_ws/install/vesc_msgs/share/vesc_msgs/environment/library_path.dsv\n'}
[2.268993] (teleop_tools_msgs) StdoutLine: {'line': b'-- Up-to-date: /home/cav330/f1tenth_ws/install/teleop_tools_msgs/lib/libteleop_tools_msgs__rosidl_typesupport_fastrtps_cpp.so\n'}
[2.269291] (teleop_tools_msgs) StdoutLine: {'line': b'-- Up-to-date: /home/cav330/f1tenth_ws/install/teleop_tools_msgs/include/teleop_tools_msgs\n'}
[2.269584] (teleop_tools_msgs) StdoutLine: {'line': b'-- Up-to-date: /home/cav330/f1tenth_ws/install/teleop_tools_msgs/include/teleop_tools_msgs/msg\n'}
[2.270079] (teleop_tools_msgs) StdoutLine: {'line': b'-- Up-to-date: /home/cav330/f1tenth_ws/install/teleop_tools_msgs/include/teleop_tools_msgs/msg/rosidl_typesupport_introspection_c__visibility_control.h\n'}
[2.270460] (teleop_tools_msgs) StdoutLine: {'line': b'-- Up-to-date: /home/cav330/f1tenth_ws/install/teleop_tools_msgs/include/teleop_tools_msgs/action\n'}
[2.270755] (teleop_tools_msgs) StdoutLine: {'line': b'-- Up-to-date: /home/cav330/f1tenth_ws/install/teleop_tools_msgs/include/teleop_tools_msgs/action/detail\n'}
[2.271024] (teleop_tools_msgs) StdoutLine: {'line': b'-- Up-to-date: /home/cav330/f1tenth_ws/install/teleop_tools_msgs/include/teleop_tools_msgs/action/detail/increment__rosidl_typesupport_introspection_c.h\n'}
[2.272018] (teleop_tools_msgs) StdoutLine: {'line': b'-- Up-to-date: /home/cav330/f1tenth_ws/install/teleop_tools_msgs/include/teleop_tools_msgs/action/detail/increment__type_support.c\n'}
[2.272365] (vesc_msgs) StdoutLine: {'line': b'-- Up-to-date: /home/cav330/f1tenth_ws/install/vesc_msgs/lib/libvesc_msgs__rosidl_generator_c.so\n'}
[2.272685] (vesc_msgs) StdoutLine: {'line': b'-- Up-to-date: /home/cav330/f1tenth_ws/install/vesc_msgs/include/vesc_msgs\n'}
[2.274728] (vesc_msgs) StdoutLine: {'line': b'-- Up-to-date: /home/cav330/f1tenth_ws/install/vesc_msgs/include/vesc_msgs/msg\n'}
[2.275808] (vesc_msgs) StdoutLine: {'line': b'-- Up-to-date: /home/cav330/f1tenth_ws/install/vesc_msgs/include/vesc_msgs/msg/rosidl_typesupport_fastrtps_c__visibility_control.h\n'}
[2.276564] (vesc_msgs) StdoutLine: {'line': b'-- Up-to-date: /home/cav330/f1tenth_ws/install/vesc_msgs/include/vesc_msgs/msg/detail\n'}
[2.277600] (vesc_msgs) StdoutLine: {'line': b'-- Up-to-date: /home/cav330/f1tenth_ws/install/vesc_msgs/include/vesc_msgs/msg/detail/vesc_state_stamped__rosidl_typesupport_fastrtps_c.h\n'}
[2.278787] (vesc_msgs) StdoutLine: {'line': b'-- Up-to-date: /home/cav330/f1tenth_ws/install/vesc_msgs/include/vesc_msgs/msg/detail/vesc_imu__rosidl_typesupport_fastrtps_c.h\n'}
[2.281078] (vesc_msgs) StdoutLine: {'line': b'-- Up-to-date: /home/cav330/f1tenth_ws/install/vesc_msgs/include/vesc_msgs/msg/detail/vesc_imu_stamped__rosidl_typesupport_fastrtps_c.h\n'}
[2.282036] (vesc_msgs) StdoutLine: {'line': b'-- Up-to-date: /home/cav330/f1tenth_ws/install/vesc_msgs/include/vesc_msgs/msg/detail/vesc_state__rosidl_typesupport_fastrtps_c.h\n'}
[2.284698] (teleop_tools_msgs) StdoutLine: {'line': b'-- Up-to-date: /home/cav330/f1tenth_ws/install/teleop_tools_msgs/lib/libteleop_tools_msgs__rosidl_typesupport_introspection_c.so\n'}
[2.287724] (teleop_tools_msgs) StdoutLine: {'line': b'-- Up-to-date: /home/cav330/f1tenth_ws/install/teleop_tools_msgs/lib/libteleop_tools_msgs__rosidl_typesupport_c.so\n'}
[2.289082] (vesc_msgs) StdoutLine: {'line': b'-- Up-to-date: /home/cav330/f1tenth_ws/install/vesc_msgs/lib/libvesc_msgs__rosidl_typesupport_fastrtps_c.so\n'}
[2.290394] (teleop_tools_msgs) StdoutLine: {'line': b'-- Up-to-date: /home/cav330/f1tenth_ws/install/teleop_tools_msgs/include/teleop_tools_msgs\n'}
[2.293665] (teleop_tools_msgs) StdoutLine: {'line': b'-- Up-to-date: /home/cav330/f1tenth_ws/install/teleop_tools_msgs/include/teleop_tools_msgs/msg\n'}
[2.294070] (teleop_tools_msgs) StdoutLine: {'line': b'-- Up-to-date: /home/cav330/f1tenth_ws/install/teleop_tools_msgs/include/teleop_tools_msgs/msg/rosidl_generator_cpp__visibility_control.hpp\n'}
[2.294651] (teleop_tools_msgs) StdoutLine: {'line': b'-- Up-to-date: /home/cav330/f1tenth_ws/install/teleop_tools_msgs/include/teleop_tools_msgs/action\n'}
[2.294959] (teleop_tools_msgs) StdoutLine: {'line': b'-- Up-to-date: /home/cav330/f1tenth_ws/install/teleop_tools_msgs/include/teleop_tools_msgs/action/increment.hpp\n'}
[2.295264] (teleop_tools_msgs) StdoutLine: {'line': b'-- Up-to-date: /home/cav330/f1tenth_ws/install/teleop_tools_msgs/include/teleop_tools_msgs/action/detail\n'}
[2.295550] (teleop_tools_msgs) StdoutLine: {'line': b'-- Up-to-date: /home/cav330/f1tenth_ws/install/teleop_tools_msgs/include/teleop_tools_msgs/action/detail/increment__builder.hpp\n'}
[2.295832] (teleop_tools_msgs) StdoutLine: {'line': b'-- Up-to-date: /home/cav330/f1tenth_ws/install/teleop_tools_msgs/include/teleop_tools_msgs/action/detail/increment__type_support.hpp\n'}
[2.296120] (teleop_tools_msgs) StdoutLine: {'line': b'-- Up-to-date: /home/cav330/f1tenth_ws/install/teleop_tools_msgs/include/teleop_tools_msgs/action/detail/increment__traits.hpp\n'}
[2.296409] (teleop_tools_msgs) StdoutLine: {'line': b'-- Up-to-date: /home/cav330/f1tenth_ws/install/teleop_tools_msgs/include/teleop_tools_msgs/action/detail/increment__struct.hpp\n'}
[2.296696] (teleop_tools_msgs) StdoutLine: {'line': b'-- Up-to-date: /home/cav330/f1tenth_ws/install/teleop_tools_msgs/include/teleop_tools_msgs\n'}
[2.296981] (teleop_tools_msgs) StdoutLine: {'line': b'-- Up-to-date: /home/cav330/f1tenth_ws/install/teleop_tools_msgs/include/teleop_tools_msgs/action\n'}
[2.297266] (teleop_tools_msgs) StdoutLine: {'line': b'-- Up-to-date: /home/cav330/f1tenth_ws/install/teleop_tools_msgs/include/teleop_tools_msgs/action/detail\n'}
[2.301873] (teleop_tools_msgs) StdoutLine: {'line': b'-- Up-to-date: /home/cav330/f1tenth_ws/install/teleop_tools_msgs/include/teleop_tools_msgs/action/detail/increment__type_support.cpp\n'}
[2.302594] (teleop_tools_msgs) StdoutLine: {'line': b'-- Up-to-date: /home/cav330/f1tenth_ws/install/teleop_tools_msgs/include/teleop_tools_msgs/action/detail/increment__rosidl_typesupport_introspection_cpp.hpp\n'}
[2.302978] (vesc_msgs) StdoutLine: {'line': b'-- Up-to-date: /home/cav330/f1tenth_ws/install/vesc_msgs/include/vesc_msgs\n'}
[2.303297] (teleop_tools_msgs) StdoutLine: {'line': b'-- Up-to-date: /home/cav330/f1tenth_ws/install/teleop_tools_msgs/lib/libteleop_tools_msgs__rosidl_typesupport_introspection_cpp.so\n'}
[2.303598] (teleop_tools_msgs) StdoutLine: {'line': b'-- Up-to-date: /home/cav330/f1tenth_ws/install/teleop_tools_msgs/lib/libteleop_tools_msgs__rosidl_typesupport_cpp.so\n'}
[2.303970] (teleop_tools_msgs) StdoutLine: {'line': b'-- Up-to-date: /home/cav330/f1tenth_ws/install/teleop_tools_msgs/share/teleop_tools_msgs/environment/pythonpath.sh\n'}
[2.304266] (teleop_tools_msgs) StdoutLine: {'line': b'-- Up-to-date: /home/cav330/f1tenth_ws/install/teleop_tools_msgs/share/teleop_tools_msgs/environment/pythonpath.dsv\n'}
[2.304552] (vesc_msgs) StdoutLine: {'line': b'-- Up-to-date: /home/cav330/f1tenth_ws/install/vesc_msgs/include/vesc_msgs/msg\n'}
[2.304855] (vesc_msgs) StdoutLine: {'line': b'-- Up-to-date: /home/cav330/f1tenth_ws/install/vesc_msgs/include/vesc_msgs/msg/rosidl_typesupport_fastrtps_cpp__visibility_control.h\n'}
[2.305148] (vesc_msgs) StdoutLine: {'line': b'-- Up-to-date: /home/cav330/f1tenth_ws/install/vesc_msgs/include/vesc_msgs/msg/detail\n'}
[2.305424] (vesc_msgs) StdoutLine: {'line': b'-- Up-to-date: /home/cav330/f1tenth_ws/install/vesc_msgs/include/vesc_msgs/msg/detail/vesc_state_stamped__rosidl_typesupport_fastrtps_cpp.hpp\n'}
[2.305714] (vesc_msgs) StdoutLine: {'line': b'-- Up-to-date: /home/cav330/f1tenth_ws/install/vesc_msgs/include/vesc_msgs/msg/detail/vesc_imu_stamped__rosidl_typesupport_fastrtps_cpp.hpp\n'}
[2.306005] (vesc_msgs) StdoutLine: {'line': b'-- Up-to-date: /home/cav330/f1tenth_ws/install/vesc_msgs/include/vesc_msgs/msg/detail/dds_fastrtps\n'}
[2.306415] (vesc_msgs) StdoutLine: {'line': b'-- Up-to-date: /home/cav330/f1tenth_ws/install/vesc_msgs/include/vesc_msgs/msg/detail/vesc_imu__rosidl_typesupport_fastrtps_cpp.hpp\n'}
[2.306703] (vesc_msgs) StdoutLine: {'line': b'-- Up-to-date: /home/cav330/f1tenth_ws/install/vesc_msgs/include/vesc_msgs/msg/detail/vesc_state__rosidl_typesupport_fastrtps_cpp.hpp\n'}
[2.306991] (teleop_tools_msgs) StdoutLine: {'line': b'-- Up-to-date: /home/cav330/f1tenth_ws/install/teleop_tools_msgs/lib/python3.8/site-packages/teleop_tools_msgs/__init__.py\n'}
[2.310776] (vesc_msgs) StdoutLine: {'line': b'-- Up-to-date: /home/cav330/f1tenth_ws/install/vesc_msgs/lib/libvesc_msgs__rosidl_typesupport_fastrtps_cpp.so\n'}
[2.313398] (vesc_msgs) StdoutLine: {'line': b'-- Up-to-date: /home/cav330/f1tenth_ws/install/vesc_msgs/include/vesc_msgs\n'}
[2.314481] (vesc_msgs) StdoutLine: {'line': b'-- Up-to-date: /home/cav330/f1tenth_ws/install/vesc_msgs/include/vesc_msgs/msg\n'}
[2.315492] (vesc_msgs) StdoutLine: {'line': b'-- Up-to-date: /home/cav330/f1tenth_ws/install/vesc_msgs/include/vesc_msgs/msg/rosidl_typesupport_introspection_c__visibility_control.h\n'}
[2.316236] (vesc_msgs) StdoutLine: {'line': b'-- Up-to-date: /home/cav330/f1tenth_ws/install/vesc_msgs/include/vesc_msgs/msg/detail\n'}
[2.317189] (vesc_msgs) StdoutLine: {'line': b'-- Up-to-date: /home/cav330/f1tenth_ws/install/vesc_msgs/include/vesc_msgs/msg/detail/vesc_imu__type_support.c\n'}
[2.318061] (vesc_msgs) StdoutLine: {'line': b'-- Up-to-date: /home/cav330/f1tenth_ws/install/vesc_msgs/include/vesc_msgs/msg/detail/vesc_imu_stamped__type_support.c\n'}
[2.319044] (vesc_msgs) StdoutLine: {'line': b'-- Up-to-date: /home/cav330/f1tenth_ws/install/vesc_msgs/include/vesc_msgs/msg/detail/vesc_imu_stamped__rosidl_typesupport_introspection_c.h\n'}
[2.319868] (vesc_msgs) StdoutLine: {'line': b'-- Up-to-date: /home/cav330/f1tenth_ws/install/vesc_msgs/include/vesc_msgs/msg/detail/vesc_state_stamped__rosidl_typesupport_introspection_c.h\n'}
[2.320636] (vesc_msgs) StdoutLine: {'line': b'-- Up-to-date: /home/cav330/f1tenth_ws/install/vesc_msgs/include/vesc_msgs/msg/detail/vesc_imu__rosidl_typesupport_introspection_c.h\n'}
[2.321460] (vesc_msgs) StdoutLine: {'line': b'-- Up-to-date: /home/cav330/f1tenth_ws/install/vesc_msgs/include/vesc_msgs/msg/detail/vesc_state_stamped__type_support.c\n'}
[2.322403] (vesc_msgs) StdoutLine: {'line': b'-- Up-to-date: /home/cav330/f1tenth_ws/install/vesc_msgs/include/vesc_msgs/msg/detail/vesc_state__rosidl_typesupport_introspection_c.h\n'}
[2.323242] (vesc_msgs) StdoutLine: {'line': b'-- Up-to-date: /home/cav330/f1tenth_ws/install/vesc_msgs/include/vesc_msgs/msg/detail/vesc_state__type_support.c\n'}
[2.326109] (vesc_msgs) StdoutLine: {'line': b'-- Up-to-date: /home/cav330/f1tenth_ws/install/vesc_msgs/lib/libvesc_msgs__rosidl_typesupport_introspection_c.so\n'}
[2.330581] (vesc_msgs) StdoutLine: {'line': b'-- Up-to-date: /home/cav330/f1tenth_ws/install/vesc_msgs/lib/libvesc_msgs__rosidl_typesupport_c.so\n'}
[2.333917] (vesc_msgs) StdoutLine: {'line': b'-- Up-to-date: /home/cav330/f1tenth_ws/install/vesc_msgs/include/vesc_msgs\n'}
[2.339497] (vesc_msgs) StdoutLine: {'line': b'-- Up-to-date: /home/cav330/f1tenth_ws/install/vesc_msgs/include/vesc_msgs/msg\n'}
[2.340760] (vesc_msgs) StdoutLine: {'line': b'-- Up-to-date: /home/cav330/f1tenth_ws/install/vesc_msgs/include/vesc_msgs/msg/vesc_imu.hpp\n'}
[2.341653] (vesc_msgs) StdoutLine: {'line': b'-- Up-to-date: /home/cav330/f1tenth_ws/install/vesc_msgs/include/vesc_msgs/msg/vesc_state_stamped.hpp\n'}
[2.342019] (-) TimerEvent: {}
[2.343508] (vesc_msgs) StdoutLine: {'line': b'-- Up-to-date: /home/cav330/f1tenth_ws/install/vesc_msgs/include/vesc_msgs/msg/vesc_imu_stamped.hpp\n'}
[2.344421] (vesc_msgs) StdoutLine: {'line': b'-- Up-to-date: /home/cav330/f1tenth_ws/install/vesc_msgs/include/vesc_msgs/msg/vesc_state.hpp\n'}
[2.345239] (vesc_msgs) StdoutLine: {'line': b'-- Up-to-date: /home/cav330/f1tenth_ws/install/vesc_msgs/include/vesc_msgs/msg/rosidl_generator_cpp__visibility_control.hpp\n'}
[2.345943] (vesc_msgs) StdoutLine: {'line': b'-- Up-to-date: /home/cav330/f1tenth_ws/install/vesc_msgs/include/vesc_msgs/msg/detail\n'}
[2.348076] (vesc_msgs) StdoutLine: {'line': b'-- Up-to-date: /home/cav330/f1tenth_ws/install/vesc_msgs/include/vesc_msgs/msg/detail/vesc_state__builder.hpp\n'}
[2.348971] (vesc_msgs) StdoutLine: {'line': b'-- Up-to-date: /home/cav330/f1tenth_ws/install/vesc_msgs/include/vesc_msgs/msg/detail/vesc_state_stamped__struct.hpp\n'}
[2.349769] (vesc_msgs) StdoutLine: {'line': b'-- Up-to-date: /home/cav330/f1tenth_ws/install/vesc_msgs/include/vesc_msgs/msg/detail/vesc_imu_stamped__type_support.hpp\n'}
[2.350648] (vesc_msgs) StdoutLine: {'line': b'-- Up-to-date: /home/cav330/f1tenth_ws/install/vesc_msgs/include/vesc_msgs/msg/detail/vesc_state__type_support.hpp\n'}
[2.351398] (vesc_msgs) StdoutLine: {'line': b'-- Up-to-date: /home/cav330/f1tenth_ws/install/vesc_msgs/include/vesc_msgs/msg/detail/vesc_imu_stamped__traits.hpp\n'}
[2.352138] (vesc_msgs) StdoutLine: {'line': b'-- Up-to-date: /home/cav330/f1tenth_ws/install/vesc_msgs/include/vesc_msgs/msg/detail/vesc_imu_stamped__struct.hpp\n'}
[2.352882] (vesc_msgs) StdoutLine: {'line': b'-- Up-to-date: /home/cav330/f1tenth_ws/install/vesc_msgs/include/vesc_msgs/msg/detail/vesc_imu__traits.hpp\n'}
[2.355079] (vesc_msgs) StdoutLine: {'line': b'-- Up-to-date: /home/cav330/f1tenth_ws/install/vesc_msgs/include/vesc_msgs/msg/detail/vesc_imu_stamped__builder.hpp\n'}
[2.355874] (vesc_msgs) StdoutLine: {'line': b'-- Up-to-date: /home/cav330/f1tenth_ws/install/vesc_msgs/include/vesc_msgs/msg/detail/vesc_state_stamped__traits.hpp\n'}
[2.357203] (vesc_msgs) StdoutLine: {'line': b'-- Up-to-date: /home/cav330/f1tenth_ws/install/vesc_msgs/include/vesc_msgs/msg/detail/vesc_state_stamped__type_support.hpp\n'}
[2.357991] (vesc_msgs) StdoutLine: {'line': b'-- Up-to-date: /home/cav330/f1tenth_ws/install/vesc_msgs/include/vesc_msgs/msg/detail/vesc_state_stamped__builder.hpp\n'}
[2.358850] (vesc_msgs) StdoutLine: {'line': b'-- Up-to-date: /home/cav330/f1tenth_ws/install/vesc_msgs/include/vesc_msgs/msg/detail/vesc_imu__type_support.hpp\n'}
[2.360083] (vesc_msgs) StdoutLine: {'line': b'-- Up-to-date: /home/cav330/f1tenth_ws/install/vesc_msgs/include/vesc_msgs/msg/detail/vesc_imu__builder.hpp\n'}
[2.360450] (vesc_msgs) StdoutLine: {'line': b'-- Up-to-date: /home/cav330/f1tenth_ws/install/vesc_msgs/include/vesc_msgs/msg/detail/vesc_imu__struct.hpp\n'}
[2.362071] (vesc_msgs) StdoutLine: {'line': b'-- Up-to-date: /home/cav330/f1tenth_ws/install/vesc_msgs/include/vesc_msgs/msg/detail/vesc_state__traits.hpp\n'}
[2.362595] (vesc_msgs) StdoutLine: {'line': b'-- Up-to-date: /home/cav330/f1tenth_ws/install/vesc_msgs/include/vesc_msgs/msg/detail/vesc_state__struct.hpp\n'}
[2.362923] (vesc_msgs) StdoutLine: {'line': b'-- Up-to-date: /home/cav330/f1tenth_ws/install/vesc_msgs/include/vesc_msgs\n'}
[2.364884] (vesc_msgs) StdoutLine: {'line': b'-- Up-to-date: /home/cav330/f1tenth_ws/install/vesc_msgs/include/vesc_msgs/msg\n'}
[2.365273] (vesc_msgs) StdoutLine: {'line': b'-- Up-to-date: /home/cav330/f1tenth_ws/install/vesc_msgs/include/vesc_msgs/msg/detail\n'}
[2.365579] (vesc_msgs) StdoutLine: {'line': b'-- Up-to-date: /home/cav330/f1tenth_ws/install/vesc_msgs/include/vesc_msgs/msg/detail/vesc_state_stamped__type_support.cpp\n'}
[2.365915] (vesc_msgs) StdoutLine: {'line': b'-- Up-to-date: /home/cav330/f1tenth_ws/install/vesc_msgs/include/vesc_msgs/msg/detail/vesc_imu_stamped__type_support.cpp\n'}
[2.368449] (vesc_msgs) StdoutLine: {'line': b'-- Up-to-date: /home/cav330/f1tenth_ws/install/vesc_msgs/include/vesc_msgs/msg/detail/vesc_state__rosidl_typesupport_introspection_cpp.hpp\n'}
[2.368866] (vesc_msgs) StdoutLine: {'line': b'-- Up-to-date: /home/cav330/f1tenth_ws/install/vesc_msgs/include/vesc_msgs/msg/detail/vesc_state_stamped__rosidl_typesupport_introspection_cpp.hpp\n'}
[2.371636] (vesc_msgs) StdoutLine: {'line': b'-- Up-to-date: /home/cav330/f1tenth_ws/install/vesc_msgs/include/vesc_msgs/msg/detail/vesc_imu__type_support.cpp\n'}
[2.372011] (vesc_msgs) StdoutLine: {'line': b'-- Up-to-date: /home/cav330/f1tenth_ws/install/vesc_msgs/include/vesc_msgs/msg/detail/vesc_imu__rosidl_typesupport_introspection_cpp.hpp\n'}
[2.372326] (vesc_msgs) StdoutLine: {'line': b'-- Up-to-date: /home/cav330/f1tenth_ws/install/vesc_msgs/include/vesc_msgs/msg/detail/vesc_imu_stamped__rosidl_typesupport_introspection_cpp.hpp\n'}
[2.372639] (vesc_msgs) StdoutLine: {'line': b'-- Up-to-date: /home/cav330/f1tenth_ws/install/vesc_msgs/include/vesc_msgs/msg/detail/vesc_state__type_support.cpp\n'}
[2.375507] (vesc_msgs) StdoutLine: {'line': b'-- Up-to-date: /home/cav330/f1tenth_ws/install/vesc_msgs/lib/libvesc_msgs__rosidl_typesupport_introspection_cpp.so\n'}
[2.387674] (vesc_msgs) StdoutLine: {'line': b'-- Up-to-date: /home/cav330/f1tenth_ws/install/vesc_msgs/lib/libvesc_msgs__rosidl_typesupport_cpp.so\n'}
[2.389464] (vesc_msgs) StdoutLine: {'line': b'-- Up-to-date: /home/cav330/f1tenth_ws/install/vesc_msgs/share/vesc_msgs/environment/pythonpath.sh\n'}
[2.392086] (vesc_msgs) StdoutLine: {'line': b'-- Up-to-date: /home/cav330/f1tenth_ws/install/vesc_msgs/share/vesc_msgs/environment/pythonpath.dsv\n'}
[2.392662] (vesc_msgs) StdoutLine: {'line': b'-- Up-to-date: /home/cav330/f1tenth_ws/install/vesc_msgs/lib/python3.8/site-packages/vesc_msgs/__init__.py\n'}
[2.442335] (-) TimerEvent: {}
[2.468655] (teleop_tools_msgs) StdoutLine: {'line': b'-- Up-to-date: /home/cav330/f1tenth_ws/install/teleop_tools_msgs/lib/python3.8/site-packages/teleop_tools_msgs/action\n'}
[2.471889] (teleop_tools_msgs) StdoutLine: {'line': b'-- Up-to-date: /home/cav330/f1tenth_ws/install/teleop_tools_msgs/lib/python3.8/site-packages/teleop_tools_msgs/action/_increment.py\n'}
[2.472481] (teleop_tools_msgs) StdoutLine: {'line': b'-- Up-to-date: /home/cav330/f1tenth_ws/install/teleop_tools_msgs/lib/python3.8/site-packages/teleop_tools_msgs/action/__init__.py\n'}
[2.473961] (teleop_tools_msgs) StdoutLine: {'line': b'-- Up-to-date: /home/cav330/f1tenth_ws/install/teleop_tools_msgs/lib/python3.8/site-packages/teleop_tools_msgs/action/_increment_s.c\n'}
[2.475014] (teleop_tools_msgs) StdoutLine: {'line': b'-- Up-to-date: /home/cav330/f1tenth_ws/install/teleop_tools_msgs/lib/python3.8/site-packages/teleop_tools_msgs/teleop_tools_msgs_s__rosidl_typesupport_fastrtps_c.cpython-38-aarch64-linux-gnu.so\n'}
[2.482157] (teleop_tools_msgs) StdoutLine: {'line': b'-- Up-to-date: /home/cav330/f1tenth_ws/install/teleop_tools_msgs/lib/python3.8/site-packages/teleop_tools_msgs/teleop_tools_msgs_s__rosidl_typesupport_introspection_c.cpython-38-aarch64-linux-gnu.so\n'}
[2.487897] (teleop_tools_msgs) StdoutLine: {'line': b'-- Up-to-date: /home/cav330/f1tenth_ws/install/teleop_tools_msgs/lib/python3.8/site-packages/teleop_tools_msgs/teleop_tools_msgs_s__rosidl_typesupport_c.cpython-38-aarch64-linux-gnu.so\n'}
[2.496102] (teleop_tools_msgs) StdoutLine: {'line': b'-- Up-to-date: /home/cav330/f1tenth_ws/install/teleop_tools_msgs/lib/libteleop_tools_msgs__python.so\n'}
[2.499378] (teleop_tools_msgs) StdoutLine: {'line': b'-- Up-to-date: /home/cav330/f1tenth_ws/install/teleop_tools_msgs/share/teleop_tools_msgs/action/Increment.idl\n'}
[2.500589] (teleop_tools_msgs) StdoutLine: {'line': b'-- Up-to-date: /home/cav330/f1tenth_ws/install/teleop_tools_msgs/share/teleop_tools_msgs/action/Increment.action\n'}
[2.501141] (teleop_tools_msgs) StdoutLine: {'line': b'-- Up-to-date: /home/cav330/f1tenth_ws/install/teleop_tools_msgs/share/ament_index/resource_index/package_run_dependencies/teleop_tools_msgs\n'}
[2.501682] (teleop_tools_msgs) StdoutLine: {'line': b'-- Up-to-date: /home/cav330/f1tenth_ws/install/teleop_tools_msgs/share/ament_index/resource_index/parent_prefix_path/teleop_tools_msgs\n'}
[2.502286] (teleop_tools_msgs) StdoutLine: {'line': b'-- Up-to-date: /home/cav330/f1tenth_ws/install/teleop_tools_msgs/share/teleop_tools_msgs/environment/ament_prefix_path.sh\n'}
[2.502931] (teleop_tools_msgs) StdoutLine: {'line': b'-- Up-to-date: /home/cav330/f1tenth_ws/install/teleop_tools_msgs/share/teleop_tools_msgs/environment/ament_prefix_path.dsv\n'}
[2.503382] (teleop_tools_msgs) StdoutLine: {'line': b'-- Up-to-date: /home/cav330/f1tenth_ws/install/teleop_tools_msgs/share/teleop_tools_msgs/environment/path.sh\n'}
[2.503859] (teleop_tools_msgs) StdoutLine: {'line': b'-- Up-to-date: /home/cav330/f1tenth_ws/install/teleop_tools_msgs/share/teleop_tools_msgs/environment/path.dsv\n'}
[2.504281] (teleop_tools_msgs) StdoutLine: {'line': b'-- Up-to-date: /home/cav330/f1tenth_ws/install/teleop_tools_msgs/share/teleop_tools_msgs/local_setup.bash\n'}
[2.504680] (teleop_tools_msgs) StdoutLine: {'line': b'-- Up-to-date: /home/cav330/f1tenth_ws/install/teleop_tools_msgs/share/teleop_tools_msgs/local_setup.sh\n'}
[2.505275] (teleop_tools_msgs) StdoutLine: {'line': b'-- Up-to-date: /home/cav330/f1tenth_ws/install/teleop_tools_msgs/share/teleop_tools_msgs/local_setup.zsh\n'}
[2.505591] (teleop_tools_msgs) StdoutLine: {'line': b'-- Up-to-date: /home/cav330/f1tenth_ws/install/teleop_tools_msgs/share/teleop_tools_msgs/local_setup.dsv\n'}
[2.505896] (teleop_tools_msgs) StdoutLine: {'line': b'-- Installing: /home/cav330/f1tenth_ws/install/teleop_tools_msgs/share/teleop_tools_msgs/package.dsv\n'}
[2.506603] (teleop_tools_msgs) StdoutLine: {'line': b'-- Up-to-date: /home/cav330/f1tenth_ws/install/teleop_tools_msgs/share/ament_index/resource_index/packages/teleop_tools_msgs\n'}
[2.508945] (teleop_tools_msgs) StdoutLine: {'line': b'-- Up-to-date: /home/cav330/f1tenth_ws/install/teleop_tools_msgs/share/teleop_tools_msgs/cmake/teleop_tools_msgs__rosidl_generator_cExport.cmake\n'}
[2.509670] (teleop_tools_msgs) StdoutLine: {'line': b'-- Up-to-date: /home/cav330/f1tenth_ws/install/teleop_tools_msgs/share/teleop_tools_msgs/cmake/teleop_tools_msgs__rosidl_generator_cExport-noconfig.cmake\n'}
[2.513643] (teleop_tools_msgs) StdoutLine: {'line': b'-- Up-to-date: /home/cav330/f1tenth_ws/install/teleop_tools_msgs/share/teleop_tools_msgs/cmake/teleop_tools_msgs__rosidl_typesupport_introspection_cExport.cmake\n'}
[2.514542] (teleop_tools_msgs) StdoutLine: {'line': b'-- Up-to-date: /home/cav330/f1tenth_ws/install/teleop_tools_msgs/share/teleop_tools_msgs/cmake/teleop_tools_msgs__rosidl_typesupport_introspection_cExport-noconfig.cmake\n'}
[2.515496] (teleop_tools_msgs) StdoutLine: {'line': b'-- Up-to-date: /home/cav330/f1tenth_ws/install/teleop_tools_msgs/share/teleop_tools_msgs/cmake/teleop_tools_msgs__rosidl_typesupport_cExport.cmake\n'}
[2.516110] (teleop_tools_msgs) StdoutLine: {'line': b'-- Up-to-date: /home/cav330/f1tenth_ws/install/teleop_tools_msgs/share/teleop_tools_msgs/cmake/teleop_tools_msgs__rosidl_typesupport_cExport-noconfig.cmake\n'}
[2.517399] (teleop_tools_msgs) StdoutLine: {'line': b'-- Up-to-date: /home/cav330/f1tenth_ws/install/teleop_tools_msgs/share/teleop_tools_msgs/cmake/teleop_tools_msgs__rosidl_generator_cppExport.cmake\n'}
[2.518974] (teleop_tools_msgs) StdoutLine: {'line': b'-- Up-to-date: /home/cav330/f1tenth_ws/install/teleop_tools_msgs/share/teleop_tools_msgs/cmake/teleop_tools_msgs__rosidl_typesupport_introspection_cppExport.cmake\n'}
[2.519565] (teleop_tools_msgs) StdoutLine: {'line': b'-- Up-to-date: /home/cav330/f1tenth_ws/install/teleop_tools_msgs/share/teleop_tools_msgs/cmake/teleop_tools_msgs__rosidl_typesupport_introspection_cppExport-noconfig.cmake\n'}
[2.520760] (teleop_tools_msgs) StdoutLine: {'line': b'-- Up-to-date: /home/cav330/f1tenth_ws/install/teleop_tools_msgs/share/teleop_tools_msgs/cmake/teleop_tools_msgs__rosidl_typesupport_cppExport.cmake\n'}
[2.521302] (teleop_tools_msgs) StdoutLine: {'line': b'-- Up-to-date: /home/cav330/f1tenth_ws/install/teleop_tools_msgs/share/teleop_tools_msgs/cmake/teleop_tools_msgs__rosidl_typesupport_cppExport-noconfig.cmake\n'}
[2.521900] (teleop_tools_msgs) StdoutLine: {'line': b'-- Up-to-date: /home/cav330/f1tenth_ws/install/teleop_tools_msgs/share/teleop_tools_msgs/cmake/rosidl_cmake-extras.cmake\n'}
[2.522732] (teleop_tools_msgs) StdoutLine: {'line': b'-- Up-to-date: /home/cav330/f1tenth_ws/install/teleop_tools_msgs/share/teleop_tools_msgs/cmake/ament_cmake_export_dependencies-extras.cmake\n'}
[2.523371] (teleop_tools_msgs) StdoutLine: {'line': b'-- Up-to-date: /home/cav330/f1tenth_ws/install/teleop_tools_msgs/share/teleop_tools_msgs/cmake/ament_cmake_export_libraries-extras.cmake\n'}
[2.523990] (teleop_tools_msgs) StdoutLine: {'line': b'-- Up-to-date: /home/cav330/f1tenth_ws/install/teleop_tools_msgs/share/teleop_tools_msgs/cmake/ament_cmake_export_targets-extras.cmake\n'}
[2.524660] (teleop_tools_msgs) StdoutLine: {'line': b'-- Up-to-date: /home/cav330/f1tenth_ws/install/teleop_tools_msgs/share/teleop_tools_msgs/cmake/ament_cmake_export_include_directories-extras.cmake\n'}
[2.525315] (teleop_tools_msgs) StdoutLine: {'line': b'-- Up-to-date: /home/cav330/f1tenth_ws/install/teleop_tools_msgs/share/teleop_tools_msgs/cmake/rosidl_cmake_export_typesupport_libraries-extras.cmake\n'}
[2.525749] (teleop_tools_msgs) StdoutLine: {'line': b'-- Up-to-date: /home/cav330/f1tenth_ws/install/teleop_tools_msgs/share/teleop_tools_msgs/cmake/rosidl_cmake_export_typesupport_targets-extras.cmake\n'}
[2.526075] (teleop_tools_msgs) StdoutLine: {'line': b'-- Up-to-date: /home/cav330/f1tenth_ws/install/teleop_tools_msgs/share/teleop_tools_msgs/cmake/teleop_tools_msgsConfig.cmake\n'}
[2.526453] (teleop_tools_msgs) StdoutLine: {'line': b'-- Up-to-date: /home/cav330/f1tenth_ws/install/teleop_tools_msgs/share/teleop_tools_msgs/cmake/teleop_tools_msgsConfig-version.cmake\n'}
[2.526743] (teleop_tools_msgs) StdoutLine: {'line': b'-- Up-to-date: /home/cav330/f1tenth_ws/install/teleop_tools_msgs/share/teleop_tools_msgs/package.xml\n'}
[2.542538] (-) TimerEvent: {}
[2.567224] (vesc_msgs) StdoutLine: {'line': b'-- Up-to-date: /home/cav330/f1tenth_ws/install/vesc_msgs/lib/python3.8/site-packages/vesc_msgs/msg\n'}
[2.568480] (vesc_msgs) StdoutLine: {'line': b'-- Up-to-date: /home/cav330/f1tenth_ws/install/vesc_msgs/lib/python3.8/site-packages/vesc_msgs/msg/_vesc_state_s.c\n'}
[2.568951] (vesc_msgs) StdoutLine: {'line': b'-- Up-to-date: /home/cav330/f1tenth_ws/install/vesc_msgs/lib/python3.8/site-packages/vesc_msgs/msg/_vesc_imu_stamped.py\n'}
[2.569601] (vesc_msgs) StdoutLine: {'line': b'-- Up-to-date: /home/cav330/f1tenth_ws/install/vesc_msgs/lib/python3.8/site-packages/vesc_msgs/msg/_vesc_imu.py\n'}
[2.570082] (vesc_msgs) StdoutLine: {'line': b'-- Up-to-date: /home/cav330/f1tenth_ws/install/vesc_msgs/lib/python3.8/site-packages/vesc_msgs/msg/_vesc_imu_s.c\n'}
[2.570561] (vesc_msgs) StdoutLine: {'line': b'-- Up-to-date: /home/cav330/f1tenth_ws/install/vesc_msgs/lib/python3.8/site-packages/vesc_msgs/msg/__init__.py\n'}
[2.570882] (vesc_msgs) StdoutLine: {'line': b'-- Up-to-date: /home/cav330/f1tenth_ws/install/vesc_msgs/lib/python3.8/site-packages/vesc_msgs/msg/_vesc_state_stamped_s.c\n'}
[2.571238] (vesc_msgs) StdoutLine: {'line': b'-- Up-to-date: /home/cav330/f1tenth_ws/install/vesc_msgs/lib/python3.8/site-packages/vesc_msgs/msg/_vesc_state_stamped.py\n'}
[2.571593] (vesc_msgs) StdoutLine: {'line': b'-- Up-to-date: /home/cav330/f1tenth_ws/install/vesc_msgs/lib/python3.8/site-packages/vesc_msgs/msg/_vesc_state.py\n'}
[2.571933] (vesc_msgs) StdoutLine: {'line': b'-- Up-to-date: /home/cav330/f1tenth_ws/install/vesc_msgs/lib/python3.8/site-packages/vesc_msgs/msg/_vesc_imu_stamped_s.c\n'}
[2.572479] (vesc_msgs) StdoutLine: {'line': b'-- Up-to-date: /home/cav330/f1tenth_ws/install/vesc_msgs/lib/python3.8/site-packages/vesc_msgs/vesc_msgs_s__rosidl_typesupport_fastrtps_c.cpython-38-aarch64-linux-gnu.so\n'}
[2.581210] (vesc_msgs) StdoutLine: {'line': b'-- Up-to-date: /home/cav330/f1tenth_ws/install/vesc_msgs/lib/python3.8/site-packages/vesc_msgs/vesc_msgs_s__rosidl_typesupport_introspection_c.cpython-38-aarch64-linux-gnu.so\n'}
[2.585788] (vesc_msgs) StdoutLine: {'line': b'-- Up-to-date: /home/cav330/f1tenth_ws/install/vesc_msgs/lib/python3.8/site-packages/vesc_msgs/vesc_msgs_s__rosidl_typesupport_c.cpython-38-aarch64-linux-gnu.so\n'}
[2.589419] (vesc_msgs) StdoutLine: {'line': b'-- Up-to-date: /home/cav330/f1tenth_ws/install/vesc_msgs/lib/libvesc_msgs__python.so\n'}
[2.592099] (vesc_msgs) StdoutLine: {'line': b'-- Up-to-date: /home/cav330/f1tenth_ws/install/vesc_msgs/share/vesc_msgs/msg/VescState.idl\n'}
[2.592979] (vesc_msgs) StdoutLine: {'line': b'-- Up-to-date: /home/cav330/f1tenth_ws/install/vesc_msgs/share/vesc_msgs/msg/VescStateStamped.idl\n'}
[2.593523] (vesc_msgs) StdoutLine: {'line': b'-- Up-to-date: /home/cav330/f1tenth_ws/install/vesc_msgs/share/vesc_msgs/msg/VescImu.idl\n'}
[2.594489] (vesc_msgs) StdoutLine: {'line': b'-- Up-to-date: /home/cav330/f1tenth_ws/install/vesc_msgs/share/vesc_msgs/msg/VescImuStamped.idl\n'}
[2.594950] (vesc_msgs) StdoutLine: {'line': b'-- Up-to-date: /home/cav330/f1tenth_ws/install/vesc_msgs/share/vesc_msgs/msg/VescState.msg\n'}
[2.595470] (vesc_msgs) StdoutLine: {'line': b'-- Up-to-date: /home/cav330/f1tenth_ws/install/vesc_msgs/share/vesc_msgs/msg/VescStateStamped.msg\n'}
[2.595977] (vesc_msgs) StdoutLine: {'line': b'-- Up-to-date: /home/cav330/f1tenth_ws/install/vesc_msgs/share/vesc_msgs/msg/VescImu.msg\n'}
[2.596751] (vesc_msgs) StdoutLine: {'line': b'-- Up-to-date: /home/cav330/f1tenth_ws/install/vesc_msgs/share/vesc_msgs/msg/VescImuStamped.msg\n'}
[2.597811] (vesc_msgs) StdoutLine: {'line': b'-- Up-to-date: /home/cav330/f1tenth_ws/install/vesc_msgs/share/ament_index/resource_index/package_run_dependencies/vesc_msgs\n'}
[2.598566] (vesc_msgs) StdoutLine: {'line': b'-- Up-to-date: /home/cav330/f1tenth_ws/install/vesc_msgs/share/ament_index/resource_index/parent_prefix_path/vesc_msgs\n'}
[2.599117] (vesc_msgs) StdoutLine: {'line': b'-- Up-to-date: /home/cav330/f1tenth_ws/install/vesc_msgs/share/vesc_msgs/environment/ament_prefix_path.sh\n'}
[2.600165] (vesc_msgs) StdoutLine: {'line': b'-- Up-to-date: /home/cav330/f1tenth_ws/install/vesc_msgs/share/vesc_msgs/environment/ament_prefix_path.dsv\n'}
[2.600540] (vesc_msgs) StdoutLine: {'line': b'-- Up-to-date: /home/cav330/f1tenth_ws/install/vesc_msgs/share/vesc_msgs/environment/path.sh\n'}
[2.600910] (vesc_msgs) StdoutLine: {'line': b'-- Up-to-date: /home/cav330/f1tenth_ws/install/vesc_msgs/share/vesc_msgs/environment/path.dsv\n'}
[2.601238] (vesc_msgs) StdoutLine: {'line': b'-- Up-to-date: /home/cav330/f1tenth_ws/install/vesc_msgs/share/vesc_msgs/local_setup.bash\n'}
[2.601621] (vesc_msgs) StdoutLine: {'line': b'-- Up-to-date: /home/cav330/f1tenth_ws/install/vesc_msgs/share/vesc_msgs/local_setup.sh\n'}
[2.601919] (vesc_msgs) StdoutLine: {'line': b'-- Up-to-date: /home/cav330/f1tenth_ws/install/vesc_msgs/share/vesc_msgs/local_setup.zsh\n'}
[2.602752] (vesc_msgs) StdoutLine: {'line': b'-- Up-to-date: /home/cav330/f1tenth_ws/install/vesc_msgs/share/vesc_msgs/local_setup.dsv\n'}
[2.603078] (vesc_msgs) StdoutLine: {'line': b'-- Installing: /home/cav330/f1tenth_ws/install/vesc_msgs/share/vesc_msgs/package.dsv\n'}
[2.603421] (vesc_msgs) StdoutLine: {'line': b'-- Up-to-date: /home/cav330/f1tenth_ws/install/vesc_msgs/share/ament_index/resource_index/packages/vesc_msgs\n'}
[2.603788] (vesc_msgs) StdoutLine: {'line': b'-- Up-to-date: /home/cav330/f1tenth_ws/install/vesc_msgs/share/vesc_msgs/cmake/vesc_msgs__rosidl_generator_cExport.cmake\n'}
[2.604418] (vesc_msgs) StdoutLine: {'line': b'-- Up-to-date: /home/cav330/f1tenth_ws/install/vesc_msgs/share/vesc_msgs/cmake/vesc_msgs__rosidl_generator_cExport-noconfig.cmake\n'}
[2.604717] (vesc_msgs) StdoutLine: {'line': b'-- Up-to-date: /home/cav330/f1tenth_ws/install/vesc_msgs/share/vesc_msgs/cmake/vesc_msgs__rosidl_typesupport_introspection_cExport.cmake\n'}
[2.605063] (vesc_msgs) StdoutLine: {'line': b'-- Up-to-date: /home/cav330/f1tenth_ws/install/vesc_msgs/share/vesc_msgs/cmake/vesc_msgs__rosidl_typesupport_introspection_cExport-noconfig.cmake\n'}
[2.605572] (vesc_msgs) StdoutLine: {'line': b'-- Up-to-date: /home/cav330/f1tenth_ws/install/vesc_msgs/share/vesc_msgs/cmake/vesc_msgs__rosidl_typesupport_cExport.cmake\n'}
[2.606076] (vesc_msgs) StdoutLine: {'line': b'-- Up-to-date: /home/cav330/f1tenth_ws/install/vesc_msgs/share/vesc_msgs/cmake/vesc_msgs__rosidl_typesupport_cExport-noconfig.cmake\n'}
[2.607062] (vesc_msgs) StdoutLine: {'line': b'-- Up-to-date: /home/cav330/f1tenth_ws/install/vesc_msgs/share/vesc_msgs/cmake/vesc_msgs__rosidl_generator_cppExport.cmake\n'}
[2.608304] (vesc_msgs) StdoutLine: {'line': b'-- Up-to-date: /home/cav330/f1tenth_ws/install/vesc_msgs/share/vesc_msgs/cmake/vesc_msgs__rosidl_typesupport_introspection_cppExport.cmake\n'}
[2.608857] (vesc_msgs) StdoutLine: {'line': b'-- Up-to-date: /home/cav330/f1tenth_ws/install/vesc_msgs/share/vesc_msgs/cmake/vesc_msgs__rosidl_typesupport_introspection_cppExport-noconfig.cmake\n'}
[2.609946] (vesc_msgs) StdoutLine: {'line': b'-- Up-to-date: /home/cav330/f1tenth_ws/install/vesc_msgs/share/vesc_msgs/cmake/vesc_msgs__rosidl_typesupport_cppExport.cmake\n'}
[2.610571] (vesc_msgs) StdoutLine: {'line': b'-- Up-to-date: /home/cav330/f1tenth_ws/install/vesc_msgs/share/vesc_msgs/cmake/vesc_msgs__rosidl_typesupport_cppExport-noconfig.cmake\n'}
[2.611199] (vesc_msgs) StdoutLine: {'line': b'-- Up-to-date: /home/cav330/f1tenth_ws/install/vesc_msgs/share/vesc_msgs/cmake/rosidl_cmake-extras.cmake\n'}
[2.611942] (vesc_msgs) StdoutLine: {'line': b'-- Up-to-date: /home/cav330/f1tenth_ws/install/vesc_msgs/share/vesc_msgs/cmake/ament_cmake_export_dependencies-extras.cmake\n'}
[2.612596] (vesc_msgs) StdoutLine: {'line': b'-- Up-to-date: /home/cav330/f1tenth_ws/install/vesc_msgs/share/vesc_msgs/cmake/ament_cmake_export_libraries-extras.cmake\n'}
[2.613334] (vesc_msgs) StdoutLine: {'line': b'-- Up-to-date: /home/cav330/f1tenth_ws/install/vesc_msgs/share/vesc_msgs/cmake/ament_cmake_export_targets-extras.cmake\n'}
[2.613656] (vesc_msgs) StdoutLine: {'line': b'-- Up-to-date: /home/cav330/f1tenth_ws/install/vesc_msgs/share/vesc_msgs/cmake/ament_cmake_export_include_directories-extras.cmake\n'}
[2.614723] (vesc_msgs) StdoutLine: {'line': b'-- Up-to-date: /home/cav330/f1tenth_ws/install/vesc_msgs/share/vesc_msgs/cmake/rosidl_cmake_export_typesupport_libraries-extras.cmake\n'}
[2.615220] (vesc_msgs) StdoutLine: {'line': b'-- Up-to-date: /home/cav330/f1tenth_ws/install/vesc_msgs/share/vesc_msgs/cmake/rosidl_cmake_export_typesupport_targets-extras.cmake\n'}
[2.615525] (vesc_msgs) StdoutLine: {'line': b'-- Up-to-date: /home/cav330/f1tenth_ws/install/vesc_msgs/share/vesc_msgs/cmake/vesc_msgsConfig.cmake\n'}
[2.615869] (vesc_msgs) StdoutLine: {'line': b'-- Up-to-date: /home/cav330/f1tenth_ws/install/vesc_msgs/share/vesc_msgs/cmake/vesc_msgsConfig-version.cmake\n'}
[2.616172] (vesc_msgs) StdoutLine: {'line': b'-- Up-to-date: /home/cav330/f1tenth_ws/install/vesc_msgs/share/vesc_msgs/package.xml\n'}
[2.642763] (-) TimerEvent: {}
[2.744779] (-) TimerEvent: {}
[2.845688] (-) TimerEvent: {}
[2.946720] (-) TimerEvent: {}
[3.048420] (-) TimerEvent: {}
[3.149350] (-) TimerEvent: {}
[3.217484] (teleop_tools_msgs) CommandEnded: {'returncode': 0}
[3.250399] (-) TimerEvent: {}
[3.327042] (teleop_tools_msgs) JobEnded: {'identifier': 'teleop_tools_msgs', 'rc': 0}
[3.330385] (vesc_msgs) CommandEnded: {'returncode': 0}
[3.350617] (-) TimerEvent: {}
[3.441955] (vesc_msgs) JobEnded: {'identifier': 'vesc_msgs', 'rc': 0}
[3.448317] (joy_teleop) JobStarted: {'identifier': 'joy_teleop'}
[3.450855] (-) TimerEvent: {}
[3.487419] (vesc_ackermann) JobStarted: {'identifier': 'vesc_ackermann'}
[3.552113] (-) TimerEvent: {}
[3.654428] (-) TimerEvent: {}
[3.757915] (-) TimerEvent: {}
[3.859518] (-) TimerEvent: {}
[3.960967] (-) TimerEvent: {}
[4.064153] (-) TimerEvent: {}
[4.165657] (-) TimerEvent: {}
[4.266639] (-) TimerEvent: {}
[4.367643] (-) TimerEvent: {}
[4.468735] (-) TimerEvent: {}
[4.576119] (-) TimerEvent: {}
[4.596894] (vesc_ackermann) JobProgress: {'identifier': 'vesc_ackermann', 'progress': 'cmake'}
[4.601559] (vesc_ackermann) JobProgress: {'identifier': 'vesc_ackermann', 'progress': 'build'}
[4.617659] (vesc_ackermann) Command: {'cmd': ['/usr/bin/cmake', '--build', '/home/cav330/f1tenth_ws/build/vesc_ackermann', '--', '-j4', '-l4'], 'cwd': '/home/cav330/f1tenth_ws/build/vesc_ackermann', 'env': OrderedDict([('NX_ROOT', '/home/cav330/.nx'), ('GJS_DEBUG_TOPICS', 'JS ERROR;JS LOG'), ('LESSOPEN', '| /usr/bin/lesspipe %s'), ('PULSE_CLIENTCONFIG', '/home/cav330/.nx/devices/D-1001-93C5498CD379C6E6122CA9EA4F4B18C9/audio/client.conf'), ('MAIL', '/var/mail/cav330'), ('USER', 'cav330'), ('XDG_SESSION_TYPE', 'x11'), ('NX_SYSTEM', '/usr/NX'), ('SHLVL', '1'), ('LD_LIBRARY_PATH', '/home/cav330/f1tenth_ws/install/vesc_msgs/lib:/usr/local/cuda-11.4/lib64'), ('HOME', '/home/cav330'), ('OLDPWD', '/home/cav330'), ('DESKTOP_SESSION', 'ubuntu-xorg'), ('GNOME_SHELL_SESSION_MODE', 'ubuntu'), ('DBUS_SESSION_BUS_ADDRESS', 'unix:abstract=/tmp/dbus-VBtBpNZCM3,guid=826157f4ad5c0dfac02aabc769c59fb7'), ('COLORTERM', 'truecolor'), ('PULSE_SCRIPT', '/home/cav330/.nx/devices/D-1001-93C5498CD379C6E6122CA9EA4F4B18C9/audio/default.pa'), ('WAYLAND_DISPLAY', 'no'), ('LOGNAME', 'cav330'), ('PULSE_SERVER', '/home/cav330/.nx/devices/D-1001-93C5498CD379C6E6122CA9EA4F4B18C9/audio/native.socket'), ('_', '/usr/bin/colcon'), ('XDG_SESSION_CLASS', 'user'), ('USERNAME', 'cav330'), ('TERM', 'xterm-256color'), ('GNOME_DESKTOP_SESSION_ID', 'this-is-deprecated'), ('PATH', '/usr/local/cuda-11.4/bin:/usr/local/sbin:/usr/local/bin:/usr/sbin:/usr/bin:/sbin:/bin:/usr/games:/usr/local/games:/snap/bin'), ('SESSION_MANAGER', 'local/ubuntu:@/tmp/.ICE-unix/3439,unix/ubuntu:/tmp/.ICE-unix/3439'), ('PULSE_RUNTIME_PATH', '/run/user/1000/pulse'), ('XDG_MENU_PREFIX', 'gnome-'), ('GNOME_TERMINAL_SCREEN', '/org/gnome/Terminal/screen/acc20211_aadf_49d5_af92_3e0dab956030'), ('XDG_RUNTIME_DIR', '/run/user/1000'), ('PULSE_CONFIG', '/home/cav330/.nx/devices/D-1001-93C5498CD379C6E6122CA9EA4F4B18C9/audio/daemon.conf'), ('GDK_BACKEND', 'x11'), ('DISPLAY', ':1001'), ('LANG', 'en_CA.UTF-8'), ('XDG_CURRENT_DESKTOP', 'ubuntu:GNOME'), ('NX_TEMP', '/tmp'), ('XMODIFIERS', '@im=ibus'), ('XAUTHORITY', '/home/cav330/.Xauthority'), ('LS_COLORS', 'rs=0:di=01;34:ln=01;36:mh=00:pi=40;33:so=01;35:do=01;35:bd=40;33;01:cd=40;33;01:or=40;31;01:mi=00:su=37;41:sg=30;43:ca=30;41:tw=30;42:ow=34;42:st=37;44:ex=01;32:*.tar=01;31:*.tgz=01;31:*.arc=01;31:*.arj=01;31:*.taz=01;31:*.lha=01;31:*.lz4=01;31:*.lzh=01;31:*.lzma=01;31:*.tlz=01;31:*.txz=01;31:*.tzo=01;31:*.t7z=01;31:*.zip=01;31:*.z=01;31:*.dz=01;31:*.gz=01;31:*.lrz=01;31:*.lz=01;31:*.lzo=01;31:*.xz=01;31:*.zst=01;31:*.tzst=01;31:*.bz2=01;31:*.bz=01;31:*.tbz=01;31:*.tbz2=01;31:*.tz=01;31:*.deb=01;31:*.rpm=01;31:*.jar=01;31:*.war=01;31:*.ear=01;31:*.sar=01;31:*.rar=01;31:*.alz=01;31:*.ace=01;31:*.zoo=01;31:*.cpio=01;31:*.7z=01;31:*.rz=01;31:*.cab=01;31:*.wim=01;31:*.swm=01;31:*.dwm=01;31:*.esd=01;31:*.jpg=01;35:*.jpeg=01;35:*.mjpg=01;35:*.mjpeg=01;35:*.gif=01;35:*.bmp=01;35:*.pbm=01;35:*.pgm=01;35:*.ppm=01;35:*.tga=01;35:*.xbm=01;35:*.xpm=01;35:*.tif=01;35:*.tiff=01;35:*.png=01;35:*.svg=01;35:*.svgz=01;35:*.mng=01;35:*.pcx=01;35:*.mov=01;35:*.mpg=01;35:*.mpeg=01;35:*.m2v=01;35:*.mkv=01;35:*.webm=01;35:*.ogm=01;35:*.mp4=01;35:*.m4v=01;35:*.mp4v=01;35:*.vob=01;35:*.qt=01;35:*.nuv=01;35:*.wmv=01;35:*.asf=01;35:*.rm=01;35:*.rmvb=01;35:*.flc=01;35:*.avi=01;35:*.fli=01;35:*.flv=01;35:*.gl=01;35:*.dl=01;35:*.xcf=01;35:*.xwd=01;35:*.yuv=01;35:*.cgm=01;35:*.emf=01;35:*.ogv=01;35:*.ogx=01;35:*.aac=00;36:*.au=00;36:*.flac=00;36:*.m4a=00;36:*.mid=00;36:*.midi=00;36:*.mka=00;36:*.mp3=00;36:*.mpc=00;36:*.ogg=00;36:*.ra=00;36:*.wav=00;36:*.oga=00;36:*.opus=00;36:*.spx=00;36:*.xspf=00;36:'), ('GNOME_TERMINAL_SERVICE', ':1.107'), ('SSH_AUTH_SOCK', '/run/user/1000/keyring/ssh'), ('AMENT_PREFIX_PATH', '/home/cav330/f1tenth_ws/install/vesc_msgs'), ('SHELL', '/bin/bash'), ('LESSCLOSE', '/usr/bin/lesspipe %s %s'), ('NX_SESSION_ID', '93C5498CD379C6E6122CA9EA4F4B18C9'), ('GJS_DEBUG_OUTPUT', 'stderr'), ('QT_IM_MODULE', 'ibus'), ('PWD', '/home/cav330/f1tenth_ws/build/vesc_ackermann'), ('NX_RUNNER', '/usr/NX/bin/nxrunner'), ('XDG_CONFIG_DIRS', '/etc/xdg/xdg-ubuntu-xorg:/etc/xdg'), ('XDG_DATA_DIRS', '/usr/share/ubuntu-xorg:/usr/local/share:/usr/share:/var/lib/snapd/desktop'), ('PYTHONPATH', '/home/cav330/f1tenth_ws/install/vesc_msgs/lib/python3.8/site-packages'), ('COLCON', '1'), ('VTE_VERSION', '6003'), ('NX_CONNECTION', '192.168.33.107 60297 192.168.33.130 4000'), ('NXDIR', '/usr/NX'), ('CMAKE_PREFIX_PATH', '/home/cav330/f1tenth_ws/install/vesc_msgs')]), 'shell': False}
[4.641505] (key_teleop) Command: {'cmd': ['/usr/bin/python3', '-W', 'ignore:setup.py install is deprecated', '-W', 'ignore:easy_install command is deprecated', 'setup.py', 'egg_info', '--egg-base', '../../../../build/key_teleop', 'build', '--build-base', '/home/cav330/f1tenth_ws/build/key_teleop/build', 'install', '--record', '/home/cav330/f1tenth_ws/build/key_teleop/install.log', '--install-scripts', '$base/lib/key_teleop', '--single-version-externally-managed', 'install_data'], 'cwd': '/home/cav330/f1tenth_ws/src/f1tenth_system/teleop_tools/key_teleop', 'env': {'NX_ROOT': '/home/cav330/.nx', 'GJS_DEBUG_TOPICS': 'JS ERROR;JS LOG', 'LESSOPEN': '| /usr/bin/lesspipe %s', 'PULSE_CLIENTCONFIG': '/home/cav330/.nx/devices/D-1001-93C5498CD379C6E6122CA9EA4F4B18C9/audio/client.conf', 'MAIL': '/var/mail/cav330', 'USER': 'cav330', 'XDG_SESSION_TYPE': 'x11', 'NX_SYSTEM': '/usr/NX', 'SHLVL': '1', 'LD_LIBRARY_PATH': '/usr/local/cuda-11.4/lib64:', 'HOME': '/home/cav330', 'OLDPWD': '/home/cav330', 'DESKTOP_SESSION': 'ubuntu-xorg', 'GNOME_SHELL_SESSION_MODE': 'ubuntu', 'DBUS_SESSION_BUS_ADDRESS': 'unix:abstract=/tmp/dbus-VBtBpNZCM3,guid=826157f4ad5c0dfac02aabc769c59fb7', 'COLORTERM': 'truecolor', 'PULSE_SCRIPT': '/home/cav330/.nx/devices/D-1001-93C5498CD379C6E6122CA9EA4F4B18C9/audio/default.pa', 'WAYLAND_DISPLAY': 'no', 'LOGNAME': 'cav330', 'PULSE_SERVER': '/home/cav330/.nx/devices/D-1001-93C5498CD379C6E6122CA9EA4F4B18C9/audio/native.socket', '_': '/usr/bin/colcon', 'XDG_SESSION_CLASS': 'user', 'USERNAME': 'cav330', 'TERM': 'xterm-256color', 'GNOME_DESKTOP_SESSION_ID': 'this-is-deprecated', 'PATH': '/usr/local/cuda-11.4/bin:/usr/local/sbin:/usr/local/bin:/usr/sbin:/usr/bin:/sbin:/bin:/usr/games:/usr/local/games:/snap/bin', 'SESSION_MANAGER': 'local/ubuntu:@/tmp/.ICE-unix/3439,unix/ubuntu:/tmp/.ICE-unix/3439', 'PULSE_RUNTIME_PATH': '/run/user/1000/pulse', 'XDG_MENU_PREFIX': 'gnome-', 'GNOME_TERMINAL_SCREEN': '/org/gnome/Terminal/screen/acc20211_aadf_49d5_af92_3e0dab956030', 'XDG_RUNTIME_DIR': '/run/user/1000', 'PULSE_CONFIG': '/home/cav330/.nx/devices/D-1001-93C5498CD379C6E6122CA9EA4F4B18C9/audio/daemon.conf', 'GDK_BACKEND': 'x11', 'DISPLAY': ':1001', 'LANG': 'en_CA.UTF-8', 'XDG_CURRENT_DESKTOP': 'ubuntu:GNOME', 'NX_TEMP': '/tmp', 'XMODIFIERS': '@im=ibus', 'XAUTHORITY': '/home/cav330/.Xauthority', 'LS_COLORS': 'rs=0:di=01;34:ln=01;36:mh=00:pi=40;33:so=01;35:do=01;35:bd=40;33;01:cd=40;33;01:or=40;31;01:mi=00:su=37;41:sg=30;43:ca=30;41:tw=30;42:ow=34;42:st=37;44:ex=01;32:*.tar=01;31:*.tgz=01;31:*.arc=01;31:*.arj=01;31:*.taz=01;31:*.lha=01;31:*.lz4=01;31:*.lzh=01;31:*.lzma=01;31:*.tlz=01;31:*.txz=01;31:*.tzo=01;31:*.t7z=01;31:*.zip=01;31:*.z=01;31:*.dz=01;31:*.gz=01;31:*.lrz=01;31:*.lz=01;31:*.lzo=01;31:*.xz=01;31:*.zst=01;31:*.tzst=01;31:*.bz2=01;31:*.bz=01;31:*.tbz=01;31:*.tbz2=01;31:*.tz=01;31:*.deb=01;31:*.rpm=01;31:*.jar=01;31:*.war=01;31:*.ear=01;31:*.sar=01;31:*.rar=01;31:*.alz=01;31:*.ace=01;31:*.zoo=01;31:*.cpio=01;31:*.7z=01;31:*.rz=01;31:*.cab=01;31:*.wim=01;31:*.swm=01;31:*.dwm=01;31:*.esd=01;31:*.jpg=01;35:*.jpeg=01;35:*.mjpg=01;35:*.mjpeg=01;35:*.gif=01;35:*.bmp=01;35:*.pbm=01;35:*.pgm=01;35:*.ppm=01;35:*.tga=01;35:*.xbm=01;35:*.xpm=01;35:*.tif=01;35:*.tiff=01;35:*.png=01;35:*.svg=01;35:*.svgz=01;35:*.mng=01;35:*.pcx=01;35:*.mov=01;35:*.mpg=01;35:*.mpeg=01;35:*.m2v=01;35:*.mkv=01;35:*.webm=01;35:*.ogm=01;35:*.mp4=01;35:*.m4v=01;35:*.mp4v=01;35:*.vob=01;35:*.qt=01;35:*.nuv=01;35:*.wmv=01;35:*.asf=01;35:*.rm=01;35:*.rmvb=01;35:*.flc=01;35:*.avi=01;35:*.fli=01;35:*.flv=01;35:*.gl=01;35:*.dl=01;35:*.xcf=01;35:*.xwd=01;35:*.yuv=01;35:*.cgm=01;35:*.emf=01;35:*.ogv=01;35:*.ogx=01;35:*.aac=00;36:*.au=00;36:*.flac=00;36:*.m4a=00;36:*.mid=00;36:*.midi=00;36:*.mka=00;36:*.mp3=00;36:*.mpc=00;36:*.ogg=00;36:*.ra=00;36:*.wav=00;36:*.oga=00;36:*.opus=00;36:*.spx=00;36:*.xspf=00;36:', 'GNOME_TERMINAL_SERVICE': ':1.107', 'SSH_AUTH_SOCK': '/run/user/1000/keyring/ssh', 'SHELL': '/bin/bash', 'LESSCLOSE': '/usr/bin/lesspipe %s %s', 'NX_SESSION_ID': '93C5498CD379C6E6122CA9EA4F4B18C9', 'GJS_DEBUG_OUTPUT': 'stderr', 'QT_IM_MODULE': 'ibus', 'PWD': '/home/cav330/f1tenth_ws/build/key_teleop', 'NX_RUNNER': '/usr/NX/bin/nxrunner', 'XDG_CONFIG_DIRS': '/etc/xdg/xdg-ubuntu-xorg:/etc/xdg', 'XDG_DATA_DIRS': '/usr/share/ubuntu-xorg:/usr/local/share:/usr/share:/var/lib/snapd/desktop', 'COLCON': '1', 'VTE_VERSION': '6003', 'NX_CONNECTION': '192.168.33.107 60297 192.168.33.130 4000', 'NXDIR': '/usr/NX', 'PYTHONPATH': '/home/cav330/f1tenth_ws/build/key_teleop/prefix_override:/usr/lib/python3/dist-packages/colcon_core/task/python/colcon_distutils_commands:/home/cav330/f1tenth_ws/install/key_teleop/lib/python3.8/site-packages:'}, 'shell': False}
[4.677314] (-) TimerEvent: {}
[4.779780] (-) TimerEvent: {}
[4.882146] (-) TimerEvent: {}
[4.983119] (-) TimerEvent: {}
[5.084168] (vesc_ackermann) StdoutLine: {'line': b'[ 28%] Built target ackermann_to_vesc_node\n'}
[5.086862] (-) TimerEvent: {}
[5.111479] (vesc_ackermann) StdoutLine: {'line': b'[ 57%] Built target vesc_to_odom_node\n'}
[5.133554] (vesc_ackermann) StdoutLine: {'line': b'[100%] Built target vesc_ackermann\n'}
[5.183387] (vesc_ackermann) CommandEnded: {'returncode': 0}
[5.188136] (-) TimerEvent: {}
[5.191894] (vesc_ackermann) JobProgress: {'identifier': 'vesc_ackermann', 'progress': 'install'}
[5.195720] (vesc_ackermann) Command: {'cmd': ['/usr/bin/cmake', '--install', '/home/cav330/f1tenth_ws/build/vesc_ackermann'], 'cwd': '/home/cav330/f1tenth_ws/build/vesc_ackermann', 'env': OrderedDict([('NX_ROOT', '/home/cav330/.nx'), ('GJS_DEBUG_TOPICS', 'JS ERROR;JS LOG'), ('LESSOPEN', '| /usr/bin/lesspipe %s'), ('PULSE_CLIENTCONFIG', '/home/cav330/.nx/devices/D-1001-93C5498CD379C6E6122CA9EA4F4B18C9/audio/client.conf'), ('MAIL', '/var/mail/cav330'), ('USER', 'cav330'), ('XDG_SESSION_TYPE', 'x11'), ('NX_SYSTEM', '/usr/NX'), ('SHLVL', '1'), ('LD_LIBRARY_PATH', '/home/cav330/f1tenth_ws/install/vesc_msgs/lib:/usr/local/cuda-11.4/lib64'), ('HOME', '/home/cav330'), ('OLDPWD', '/home/cav330'), ('DESKTOP_SESSION', 'ubuntu-xorg'), ('GNOME_SHELL_SESSION_MODE', 'ubuntu'), ('DBUS_SESSION_BUS_ADDRESS', 'unix:abstract=/tmp/dbus-VBtBpNZCM3,guid=826157f4ad5c0dfac02aabc769c59fb7'), ('COLORTERM', 'truecolor'), ('PULSE_SCRIPT', '/home/cav330/.nx/devices/D-1001-93C5498CD379C6E6122CA9EA4F4B18C9/audio/default.pa'), ('WAYLAND_DISPLAY', 'no'), ('LOGNAME', 'cav330'), ('PULSE_SERVER', '/home/cav330/.nx/devices/D-1001-93C5498CD379C6E6122CA9EA4F4B18C9/audio/native.socket'), ('_', '/usr/bin/colcon'), ('XDG_SESSION_CLASS', 'user'), ('USERNAME', 'cav330'), ('TERM', 'xterm-256color'), ('GNOME_DESKTOP_SESSION_ID', 'this-is-deprecated'), ('PATH', '/usr/local/cuda-11.4/bin:/usr/local/sbin:/usr/local/bin:/usr/sbin:/usr/bin:/sbin:/bin:/usr/games:/usr/local/games:/snap/bin'), ('SESSION_MANAGER', 'local/ubuntu:@/tmp/.ICE-unix/3439,unix/ubuntu:/tmp/.ICE-unix/3439'), ('PULSE_RUNTIME_PATH', '/run/user/1000/pulse'), ('XDG_MENU_PREFIX', 'gnome-'), ('GNOME_TERMINAL_SCREEN', '/org/gnome/Terminal/screen/acc20211_aadf_49d5_af92_3e0dab956030'), ('XDG_RUNTIME_DIR', '/run/user/1000'), ('PULSE_CONFIG', '/home/cav330/.nx/devices/D-1001-93C5498CD379C6E6122CA9EA4F4B18C9/audio/daemon.conf'), ('GDK_BACKEND', 'x11'), ('DISPLAY', ':1001'), ('LANG', 'en_CA.UTF-8'), ('XDG_CURRENT_DESKTOP', 'ubuntu:GNOME'), ('NX_TEMP', '/tmp'), ('XMODIFIERS', '@im=ibus'), ('XAUTHORITY', '/home/cav330/.Xauthority'), ('LS_COLORS', 'rs=0:di=01;34:ln=01;36:mh=00:pi=40;33:so=01;35:do=01;35:bd=40;33;01:cd=40;33;01:or=40;31;01:mi=00:su=37;41:sg=30;43:ca=30;41:tw=30;42:ow=34;42:st=37;44:ex=01;32:*.tar=01;31:*.tgz=01;31:*.arc=01;31:*.arj=01;31:*.taz=01;31:*.lha=01;31:*.lz4=01;31:*.lzh=01;31:*.lzma=01;31:*.tlz=01;31:*.txz=01;31:*.tzo=01;31:*.t7z=01;31:*.zip=01;31:*.z=01;31:*.dz=01;31:*.gz=01;31:*.lrz=01;31:*.lz=01;31:*.lzo=01;31:*.xz=01;31:*.zst=01;31:*.tzst=01;31:*.bz2=01;31:*.bz=01;31:*.tbz=01;31:*.tbz2=01;31:*.tz=01;31:*.deb=01;31:*.rpm=01;31:*.jar=01;31:*.war=01;31:*.ear=01;31:*.sar=01;31:*.rar=01;31:*.alz=01;31:*.ace=01;31:*.zoo=01;31:*.cpio=01;31:*.7z=01;31:*.rz=01;31:*.cab=01;31:*.wim=01;31:*.swm=01;31:*.dwm=01;31:*.esd=01;31:*.jpg=01;35:*.jpeg=01;35:*.mjpg=01;35:*.mjpeg=01;35:*.gif=01;35:*.bmp=01;35:*.pbm=01;35:*.pgm=01;35:*.ppm=01;35:*.tga=01;35:*.xbm=01;35:*.xpm=01;35:*.tif=01;35:*.tiff=01;35:*.png=01;35:*.svg=01;35:*.svgz=01;35:*.mng=01;35:*.pcx=01;35:*.mov=01;35:*.mpg=01;35:*.mpeg=01;35:*.m2v=01;35:*.mkv=01;35:*.webm=01;35:*.ogm=01;35:*.mp4=01;35:*.m4v=01;35:*.mp4v=01;35:*.vob=01;35:*.qt=01;35:*.nuv=01;35:*.wmv=01;35:*.asf=01;35:*.rm=01;35:*.rmvb=01;35:*.flc=01;35:*.avi=01;35:*.fli=01;35:*.flv=01;35:*.gl=01;35:*.dl=01;35:*.xcf=01;35:*.xwd=01;35:*.yuv=01;35:*.cgm=01;35:*.emf=01;35:*.ogv=01;35:*.ogx=01;35:*.aac=00;36:*.au=00;36:*.flac=00;36:*.m4a=00;36:*.mid=00;36:*.midi=00;36:*.mka=00;36:*.mp3=00;36:*.mpc=00;36:*.ogg=00;36:*.ra=00;36:*.wav=00;36:*.oga=00;36:*.opus=00;36:*.spx=00;36:*.xspf=00;36:'), ('GNOME_TERMINAL_SERVICE', ':1.107'), ('SSH_AUTH_SOCK', '/run/user/1000/keyring/ssh'), ('AMENT_PREFIX_PATH', '/home/cav330/f1tenth_ws/install/vesc_msgs'), ('SHELL', '/bin/bash'), ('LESSCLOSE', '/usr/bin/lesspipe %s %s'), ('NX_SESSION_ID', '93C5498CD379C6E6122CA9EA4F4B18C9'), ('GJS_DEBUG_OUTPUT', 'stderr'), ('QT_IM_MODULE', 'ibus'), ('PWD', '/home/cav330/f1tenth_ws/build/vesc_ackermann'), ('NX_RUNNER', '/usr/NX/bin/nxrunner'), ('XDG_CONFIG_DIRS', '/etc/xdg/xdg-ubuntu-xorg:/etc/xdg'), ('XDG_DATA_DIRS', '/usr/share/ubuntu-xorg:/usr/local/share:/usr/share:/var/lib/snapd/desktop'), ('PYTHONPATH', '/home/cav330/f1tenth_ws/install/vesc_msgs/lib/python3.8/site-packages'), ('COLCON', '1'), ('VTE_VERSION', '6003'), ('NX_CONNECTION', '192.168.33.107 60297 192.168.33.130 4000'), ('NXDIR', '/usr/NX'), ('CMAKE_PREFIX_PATH', '/home/cav330/f1tenth_ws/install/vesc_msgs')]), 'shell': False}
[5.271251] (vesc_ackermann) StdoutLine: {'line': b'-- Install configuration: ""\n'}
[5.274305] (vesc_ackermann) StdoutLine: {'line': b'-- Up-to-date: /home/cav330/f1tenth_ws/install/vesc_ackermann/lib/vesc_ackermann/ackermann_to_vesc_node\n'}
[5.278156] (vesc_ackermann) StdoutLine: {'line': b'-- Up-to-date: /home/cav330/f1tenth_ws/install/vesc_ackermann/lib/vesc_ackermann/vesc_to_odom_node\n'}
[5.279347] (vesc_ackermann) StdoutLine: {'line': b'-- Up-to-date: /home/cav330/f1tenth_ws/install/vesc_ackermann/include\n'}
[5.284914] (vesc_ackermann) StdoutLine: {'line': b'-- Up-to-date: /home/cav330/f1tenth_ws/install/vesc_ackermann/include/vesc_ackermann\n'}
[5.285521] (vesc_ackermann) StdoutLine: {'line': b'-- Up-to-date: /home/cav330/f1tenth_ws/install/vesc_ackermann/include/vesc_ackermann/ackermann_to_vesc.hpp\n'}
[5.286045] (vesc_ackermann) StdoutLine: {'line': b'-- Up-to-date: /home/cav330/f1tenth_ws/install/vesc_ackermann/include/vesc_ackermann/vesc_to_odom.hpp\n'}
[5.287658] (vesc_ackermann) StdoutLine: {'line': b'-- Up-to-date: /home/cav330/f1tenth_ws/install/vesc_ackermann/share/vesc_ackermann/environment/library_path.sh\n'}
[5.288123] (-) TimerEvent: {}
[5.291242] (vesc_ackermann) StdoutLine: {'line': b'-- Up-to-date: /home/cav330/f1tenth_ws/install/vesc_ackermann/share/vesc_ackermann/environment/library_path.dsv\n'}
[5.295060] (vesc_ackermann) StdoutLine: {'line': b'-- Up-to-date: /home/cav330/f1tenth_ws/install/vesc_ackermann/lib/libvesc_ackermann.so\n'}
[5.295792] (vesc_ackermann) StdoutLine: {'line': b'-- Up-to-date: /home/cav330/f1tenth_ws/install/vesc_ackermann/share/vesc_ackermann/launch\n'}
[5.296237] (vesc_ackermann) StdoutLine: {'line': b'-- Up-to-date: /home/cav330/f1tenth_ws/install/vesc_ackermann/share/vesc_ackermann/launch/ackermann_to_vesc_node.launch.xml\n'}
[5.296650] (vesc_ackermann) StdoutLine: {'line': b'-- Up-to-date: /home/cav330/f1tenth_ws/install/vesc_ackermann/share/vesc_ackermann/launch/vesc_to_odom_node.launch.xml\n'}
[5.296951] (vesc_ackermann) StdoutLine: {'line': b'-- Up-to-date: /home/cav330/f1tenth_ws/install/vesc_ackermann/share/ament_index/resource_index/package_run_dependencies/vesc_ackermann\n'}
[5.297242] (vesc_ackermann) StdoutLine: {'line': b'-- Up-to-date: /home/cav330/f1tenth_ws/install/vesc_ackermann/share/ament_index/resource_index/parent_prefix_path/vesc_ackermann\n'}
[5.297517] (vesc_ackermann) StdoutLine: {'line': b'-- Up-to-date: /home/cav330/f1tenth_ws/install/vesc_ackermann/share/vesc_ackermann/environment/ament_prefix_path.sh\n'}
[5.297796] (vesc_ackermann) StdoutLine: {'line': b'-- Up-to-date: /home/cav330/f1tenth_ws/install/vesc_ackermann/share/vesc_ackermann/environment/ament_prefix_path.dsv\n'}
[5.298104] (vesc_ackermann) StdoutLine: {'line': b'-- Up-to-date: /home/cav330/f1tenth_ws/install/vesc_ackermann/share/vesc_ackermann/environment/path.sh\n'}
[5.298584] (vesc_ackermann) StdoutLine: {'line': b'-- Up-to-date: /home/cav330/f1tenth_ws/install/vesc_ackermann/share/vesc_ackermann/environment/path.dsv\n'}
[5.298885] (vesc_ackermann) StdoutLine: {'line': b'-- Up-to-date: /home/cav330/f1tenth_ws/install/vesc_ackermann/share/vesc_ackermann/local_setup.bash\n'}
[5.299167] (vesc_ackermann) StdoutLine: {'line': b'-- Up-to-date: /home/cav330/f1tenth_ws/install/vesc_ackermann/share/vesc_ackermann/local_setup.sh\n'}
[5.299469] (vesc_ackermann) StdoutLine: {'line': b'-- Up-to-date: /home/cav330/f1tenth_ws/install/vesc_ackermann/share/vesc_ackermann/local_setup.zsh\n'}
[5.299744] (vesc_ackermann) StdoutLine: {'line': b'-- Up-to-date: /home/cav330/f1tenth_ws/install/vesc_ackermann/share/vesc_ackermann/local_setup.dsv\n'}
[5.310309] (vesc_ackermann) StdoutLine: {'line': b'-- Installing: /home/cav330/f1tenth_ws/install/vesc_ackermann/share/vesc_ackermann/package.dsv\n'}
[5.314029] (f1tenth_gym_ros) Command: {'cmd': ['/usr/bin/python3', '-W', 'ignore:setup.py install is deprecated', '-W', 'ignore:easy_install command is deprecated', 'setup.py', 'egg_info', '--egg-base', '../../build/f1tenth_gym_ros', 'build', '--build-base', '/home/cav330/f1tenth_ws/build/f1tenth_gym_ros/build', 'install', '--record', '/home/cav330/f1tenth_ws/build/f1tenth_gym_ros/install.log', '--single-version-externally-managed', 'install_data'], 'cwd': '/home/cav330/f1tenth_ws/src/f1tenth_gym_ros', 'env': {'NX_ROOT': '/home/cav330/.nx', 'GJS_DEBUG_TOPICS': 'JS ERROR;JS LOG', 'LESSOPEN': '| /usr/bin/lesspipe %s', 'PULSE_CLIENTCONFIG': '/home/cav330/.nx/devices/D-1001-93C5498CD379C6E6122CA9EA4F4B18C9/audio/client.conf', 'MAIL': '/var/mail/cav330', 'USER': 'cav330', 'XDG_SESSION_TYPE': 'x11', 'NX_SYSTEM': '/usr/NX', 'SHLVL': '1', 'LD_LIBRARY_PATH': '/usr/local/cuda-11.4/lib64:', 'HOME': '/home/cav330', 'OLDPWD': '/home/cav330', 'DESKTOP_SESSION': 'ubuntu-xorg', 'GNOME_SHELL_SESSION_MODE': 'ubuntu', 'DBUS_SESSION_BUS_ADDRESS': 'unix:abstract=/tmp/dbus-VBtBpNZCM3,guid=826157f4ad5c0dfac02aabc769c59fb7', 'COLORTERM': 'truecolor', 'PULSE_SCRIPT': '/home/cav330/.nx/devices/D-1001-93C5498CD379C6E6122CA9EA4F4B18C9/audio/default.pa', 'WAYLAND_DISPLAY': 'no', 'LOGNAME': 'cav330', 'PULSE_SERVER': '/home/cav330/.nx/devices/D-1001-93C5498CD379C6E6122CA9EA4F4B18C9/audio/native.socket', '_': '/usr/bin/colcon', 'XDG_SESSION_CLASS': 'user', 'USERNAME': 'cav330', 'TERM': 'xterm-256color', 'GNOME_DESKTOP_SESSION_ID': 'this-is-deprecated', 'PATH': '/usr/local/cuda-11.4/bin:/usr/local/sbin:/usr/local/bin:/usr/sbin:/usr/bin:/sbin:/bin:/usr/games:/usr/local/games:/snap/bin', 'SESSION_MANAGER': 'local/ubuntu:@/tmp/.ICE-unix/3439,unix/ubuntu:/tmp/.ICE-unix/3439', 'PULSE_RUNTIME_PATH': '/run/user/1000/pulse', 'XDG_MENU_PREFIX': 'gnome-', 'GNOME_TERMINAL_SCREEN': '/org/gnome/Terminal/screen/acc20211_aadf_49d5_af92_3e0dab956030', 'XDG_RUNTIME_DIR': '/run/user/1000', 'PULSE_CONFIG': '/home/cav330/.nx/devices/D-1001-93C5498CD379C6E6122CA9EA4F4B18C9/audio/daemon.conf', 'GDK_BACKEND': 'x11', 'DISPLAY': ':1001', 'LANG': 'en_CA.UTF-8', 'XDG_CURRENT_DESKTOP': 'ubuntu:GNOME', 'NX_TEMP': '/tmp', 'XMODIFIERS': '@im=ibus', 'XAUTHORITY': '/home/cav330/.Xauthority', 'LS_COLORS': 'rs=0:di=01;34:ln=01;36:mh=00:pi=40;33:so=01;35:do=01;35:bd=40;33;01:cd=40;33;01:or=40;31;01:mi=00:su=37;41:sg=30;43:ca=30;41:tw=30;42:ow=34;42:st=37;44:ex=01;32:*.tar=01;31:*.tgz=01;31:*.arc=01;31:*.arj=01;31:*.taz=01;31:*.lha=01;31:*.lz4=01;31:*.lzh=01;31:*.lzma=01;31:*.tlz=01;31:*.txz=01;31:*.tzo=01;31:*.t7z=01;31:*.zip=01;31:*.z=01;31:*.dz=01;31:*.gz=01;31:*.lrz=01;31:*.lz=01;31:*.lzo=01;31:*.xz=01;31:*.zst=01;31:*.tzst=01;31:*.bz2=01;31:*.bz=01;31:*.tbz=01;31:*.tbz2=01;31:*.tz=01;31:*.deb=01;31:*.rpm=01;31:*.jar=01;31:*.war=01;31:*.ear=01;31:*.sar=01;31:*.rar=01;31:*.alz=01;31:*.ace=01;31:*.zoo=01;31:*.cpio=01;31:*.7z=01;31:*.rz=01;31:*.cab=01;31:*.wim=01;31:*.swm=01;31:*.dwm=01;31:*.esd=01;31:*.jpg=01;35:*.jpeg=01;35:*.mjpg=01;35:*.mjpeg=01;35:*.gif=01;35:*.bmp=01;35:*.pbm=01;35:*.pgm=01;35:*.ppm=01;35:*.tga=01;35:*.xbm=01;35:*.xpm=01;35:*.tif=01;35:*.tiff=01;35:*.png=01;35:*.svg=01;35:*.svgz=01;35:*.mng=01;35:*.pcx=01;35:*.mov=01;35:*.mpg=01;35:*.mpeg=01;35:*.m2v=01;35:*.mkv=01;35:*.webm=01;35:*.ogm=01;35:*.mp4=01;35:*.m4v=01;35:*.mp4v=01;35:*.vob=01;35:*.qt=01;35:*.nuv=01;35:*.wmv=01;35:*.asf=01;35:*.rm=01;35:*.rmvb=01;35:*.flc=01;35:*.avi=01;35:*.fli=01;35:*.flv=01;35:*.gl=01;35:*.dl=01;35:*.xcf=01;35:*.xwd=01;35:*.yuv=01;35:*.cgm=01;35:*.emf=01;35:*.ogv=01;35:*.ogx=01;35:*.aac=00;36:*.au=00;36:*.flac=00;36:*.m4a=00;36:*.mid=00;36:*.midi=00;36:*.mka=00;36:*.mp3=00;36:*.mpc=00;36:*.ogg=00;36:*.ra=00;36:*.wav=00;36:*.oga=00;36:*.opus=00;36:*.spx=00;36:*.xspf=00;36:', 'GNOME_TERMINAL_SERVICE': ':1.107', 'SSH_AUTH_SOCK': '/run/user/1000/keyring/ssh', 'SHELL': '/bin/bash', 'LESSCLOSE': '/usr/bin/lesspipe %s %s', 'NX_SESSION_ID': '93C5498CD379C6E6122CA9EA4F4B18C9', 'GJS_DEBUG_OUTPUT': 'stderr', 'QT_IM_MODULE': 'ibus', 'PWD': '/home/cav330/f1tenth_ws/build/f1tenth_gym_ros', 'NX_RUNNER': '/usr/NX/bin/nxrunner', 'XDG_CONFIG_DIRS': '/etc/xdg/xdg-ubuntu-xorg:/etc/xdg', 'XDG_DATA_DIRS': '/usr/share/ubuntu-xorg:/usr/local/share:/usr/share:/var/lib/snapd/desktop', 'COLCON': '1', 'VTE_VERSION': '6003', 'NX_CONNECTION': '192.168.33.107 60297 192.168.33.130 4000', 'NXDIR': '/usr/NX', 'PYTHONPATH': '/home/cav330/f1tenth_ws/build/f1tenth_gym_ros/prefix_override:/usr/lib/python3/dist-packages/colcon_core/task/python/colcon_distutils_commands:/home/cav330/f1tenth_ws/install/f1tenth_gym_ros/lib/python3.8/site-packages:'}, 'shell': False}
[5.328758] (vesc_ackermann) StdoutLine: {'line': b'-- Up-to-date: /home/cav330/f1tenth_ws/install/vesc_ackermann/share/ament_index/resource_index/packages/vesc_ackermann\n'}
[5.329389] (vesc_ackermann) StdoutLine: {'line': b'-- Up-to-date: /home/cav330/f1tenth_ws/install/vesc_ackermann/share/ament_index/resource_index/rclcpp_components/vesc_ackermann\n'}
[5.329786] (vesc_ackermann) StdoutLine: {'line': b'-- Up-to-date: /home/cav330/f1tenth_ws/install/vesc_ackermann/share/vesc_ackermann/cmake/ament_cmake_export_dependencies-extras.cmake\n'}
[5.337739] (vesc_ackermann) StdoutLine: {'line': b'-- Up-to-date: /home/cav330/f1tenth_ws/install/vesc_ackermann/share/vesc_ackermann/cmake/ament_cmake_export_include_directories-extras.cmake\n'}
[5.338260] (vesc_ackermann) StdoutLine: {'line': b'-- Up-to-date: /home/cav330/f1tenth_ws/install/vesc_ackermann/share/vesc_ackermann/cmake/ament_cmake_export_libraries-extras.cmake\n'}
[5.338705] (vesc_ackermann) StdoutLine: {'line': b'-- Up-to-date: /home/cav330/f1tenth_ws/install/vesc_ackermann/share/vesc_ackermann/cmake/vesc_ackermannConfig.cmake\n'}
[5.339043] (vesc_ackermann) StdoutLine: {'line': b'-- Up-to-date: /home/cav330/f1tenth_ws/install/vesc_ackermann/share/vesc_ackermann/cmake/vesc_ackermannConfig-version.cmake\n'}
[5.339403] (vesc_ackermann) StdoutLine: {'line': b'-- Up-to-date: /home/cav330/f1tenth_ws/install/vesc_ackermann/share/vesc_ackermann/package.xml\n'}
[5.357910] (vesc_ackermann) CommandEnded: {'returncode': 0}
[5.388593] (-) TimerEvent: {}
[5.463105] (vesc_ackermann) JobEnded: {'identifier': 'vesc_ackermann', 'rc': 0}
[5.466091] (vesc_driver) JobStarted: {'identifier': 'vesc_driver'}
[5.489376] (-) TimerEvent: {}
[5.580820] (vesc_driver) JobProgress: {'identifier': 'vesc_driver', 'progress': 'cmake'}
[5.589295] (-) TimerEvent: {}
[5.590985] (vesc_driver) JobProgress: {'identifier': 'vesc_driver', 'progress': 'build'}
[5.592466] (vesc_driver) Command: {'cmd': ['/usr/bin/cmake', '--build', '/home/cav330/f1tenth_ws/build/vesc_driver', '--', '-j4', '-l4'], 'cwd': '/home/cav330/f1tenth_ws/build/vesc_driver', 'env': OrderedDict([('NX_ROOT', '/home/cav330/.nx'), ('GJS_DEBUG_TOPICS', 'JS ERROR;JS LOG'), ('LESSOPEN', '| /usr/bin/lesspipe %s'), ('PULSE_CLIENTCONFIG', '/home/cav330/.nx/devices/D-1001-93C5498CD379C6E6122CA9EA4F4B18C9/audio/client.conf'), ('MAIL', '/var/mail/cav330'), ('USER', 'cav330'), ('XDG_SESSION_TYPE', 'x11'), ('NX_SYSTEM', '/usr/NX'), ('SHLVL', '1'), ('LD_LIBRARY_PATH', '/home/cav330/f1tenth_ws/install/vesc_msgs/lib:/usr/local/cuda-11.4/lib64'), ('HOME', '/home/cav330'), ('OLDPWD', '/home/cav330'), ('DESKTOP_SESSION', 'ubuntu-xorg'), ('GNOME_SHELL_SESSION_MODE', 'ubuntu'), ('DBUS_SESSION_BUS_ADDRESS', 'unix:abstract=/tmp/dbus-VBtBpNZCM3,guid=826157f4ad5c0dfac02aabc769c59fb7'), ('COLORTERM', 'truecolor'), ('PULSE_SCRIPT', '/home/cav330/.nx/devices/D-1001-93C5498CD379C6E6122CA9EA4F4B18C9/audio/default.pa'), ('WAYLAND_DISPLAY', 'no'), ('LOGNAME', 'cav330'), ('PULSE_SERVER', '/home/cav330/.nx/devices/D-1001-93C5498CD379C6E6122CA9EA4F4B18C9/audio/native.socket'), ('_', '/usr/bin/colcon'), ('XDG_SESSION_CLASS', 'user'), ('USERNAME', 'cav330'), ('TERM', 'xterm-256color'), ('GNOME_DESKTOP_SESSION_ID', 'this-is-deprecated'), ('PATH', '/usr/local/cuda-11.4/bin:/usr/local/sbin:/usr/local/bin:/usr/sbin:/usr/bin:/sbin:/bin:/usr/games:/usr/local/games:/snap/bin'), ('SESSION_MANAGER', 'local/ubuntu:@/tmp/.ICE-unix/3439,unix/ubuntu:/tmp/.ICE-unix/3439'), ('PULSE_RUNTIME_PATH', '/run/user/1000/pulse'), ('XDG_MENU_PREFIX', 'gnome-'), ('GNOME_TERMINAL_SCREEN', '/org/gnome/Terminal/screen/acc20211_aadf_49d5_af92_3e0dab956030'), ('XDG_RUNTIME_DIR', '/run/user/1000'), ('PULSE_CONFIG', '/home/cav330/.nx/devices/D-1001-93C5498CD379C6E6122CA9EA4F4B18C9/audio/daemon.conf'), ('GDK_BACKEND', 'x11'), ('DISPLAY', ':1001'), ('LANG', 'en_CA.UTF-8'), ('XDG_CURRENT_DESKTOP', 'ubuntu:GNOME'), ('NX_TEMP', '/tmp'), ('XMODIFIERS', '@im=ibus'), ('XAUTHORITY', '/home/cav330/.Xauthority'), ('LS_COLORS', 'rs=0:di=01;34:ln=01;36:mh=00:pi=40;33:so=01;35:do=01;35:bd=40;33;01:cd=40;33;01:or=40;31;01:mi=00:su=37;41:sg=30;43:ca=30;41:tw=30;42:ow=34;42:st=37;44:ex=01;32:*.tar=01;31:*.tgz=01;31:*.arc=01;31:*.arj=01;31:*.taz=01;31:*.lha=01;31:*.lz4=01;31:*.lzh=01;31:*.lzma=01;31:*.tlz=01;31:*.txz=01;31:*.tzo=01;31:*.t7z=01;31:*.zip=01;31:*.z=01;31:*.dz=01;31:*.gz=01;31:*.lrz=01;31:*.lz=01;31:*.lzo=01;31:*.xz=01;31:*.zst=01;31:*.tzst=01;31:*.bz2=01;31:*.bz=01;31:*.tbz=01;31:*.tbz2=01;31:*.tz=01;31:*.deb=01;31:*.rpm=01;31:*.jar=01;31:*.war=01;31:*.ear=01;31:*.sar=01;31:*.rar=01;31:*.alz=01;31:*.ace=01;31:*.zoo=01;31:*.cpio=01;31:*.7z=01;31:*.rz=01;31:*.cab=01;31:*.wim=01;31:*.swm=01;31:*.dwm=01;31:*.esd=01;31:*.jpg=01;35:*.jpeg=01;35:*.mjpg=01;35:*.mjpeg=01;35:*.gif=01;35:*.bmp=01;35:*.pbm=01;35:*.pgm=01;35:*.ppm=01;35:*.tga=01;35:*.xbm=01;35:*.xpm=01;35:*.tif=01;35:*.tiff=01;35:*.png=01;35:*.svg=01;35:*.svgz=01;35:*.mng=01;35:*.pcx=01;35:*.mov=01;35:*.mpg=01;35:*.mpeg=01;35:*.m2v=01;35:*.mkv=01;35:*.webm=01;35:*.ogm=01;35:*.mp4=01;35:*.m4v=01;35:*.mp4v=01;35:*.vob=01;35:*.qt=01;35:*.nuv=01;35:*.wmv=01;35:*.asf=01;35:*.rm=01;35:*.rmvb=01;35:*.flc=01;35:*.avi=01;35:*.fli=01;35:*.flv=01;35:*.gl=01;35:*.dl=01;35:*.xcf=01;35:*.xwd=01;35:*.yuv=01;35:*.cgm=01;35:*.emf=01;35:*.ogv=01;35:*.ogx=01;35:*.aac=00;36:*.au=00;36:*.flac=00;36:*.m4a=00;36:*.mid=00;36:*.midi=00;36:*.mka=00;36:*.mp3=00;36:*.mpc=00;36:*.ogg=00;36:*.ra=00;36:*.wav=00;36:*.oga=00;36:*.opus=00;36:*.spx=00;36:*.xspf=00;36:'), ('GNOME_TERMINAL_SERVICE', ':1.107'), ('SSH_AUTH_SOCK', '/run/user/1000/keyring/ssh'), ('AMENT_PREFIX_PATH', '/home/cav330/f1tenth_ws/install/vesc_msgs'), ('SHELL', '/bin/bash'), ('LESSCLOSE', '/usr/bin/lesspipe %s %s'), ('NX_SESSION_ID', '93C5498CD379C6E6122CA9EA4F4B18C9'), ('GJS_DEBUG_OUTPUT', 'stderr'), ('QT_IM_MODULE', 'ibus'), ('PWD', '/home/cav330/f1tenth_ws/build/vesc_driver'), ('NX_RUNNER', '/usr/NX/bin/nxrunner'), ('XDG_CONFIG_DIRS', '/etc/xdg/xdg-ubuntu-xorg:/etc/xdg'), ('XDG_DATA_DIRS', '/usr/share/ubuntu-xorg:/usr/local/share:/usr/share:/var/lib/snapd/desktop'), ('PYTHONPATH', '/home/cav330/f1tenth_ws/install/vesc_msgs/lib/python3.8/site-packages'), ('COLCON', '1'), ('VTE_VERSION', '6003'), ('NX_CONNECTION', '192.168.33.107 60297 192.168.33.130 4000'), ('NXDIR', '/usr/NX'), ('CMAKE_PREFIX_PATH', '/home/cav330/f1tenth_ws/install/vesc_msgs')]), 'shell': False}
[5.689739] (-) TimerEvent: {}
[5.791289] (-) TimerEvent: {}
[5.892182] (-) TimerEvent: {}
[5.928547] (key_teleop) StdoutLine: {'line': b'running egg_info\n'}
[5.931438] (key_teleop) StdoutLine: {'line': b'writing ../../../../build/key_teleop/key_teleop.egg-info/PKG-INFO\n'}
[5.933327] (key_teleop) StdoutLine: {'line': b'writing dependency_links to ../../../../build/key_teleop/key_teleop.egg-info/dependency_links.txt\n'}
[5.934307] (key_teleop) StdoutLine: {'line': b'writing entry points to ../../../../build/key_teleop/key_teleop.egg-info/entry_points.txt\n'}
[5.936117] (key_teleop) StdoutLine: {'line': b'writing requirements to ../../../../build/key_teleop/key_teleop.egg-info/requires.txt\n'}
[5.936812] (key_teleop) StdoutLine: {'line': b'writing top-level names to ../../../../build/key_teleop/key_teleop.egg-info/top_level.txt\n'}
[5.992376] (-) TimerEvent: {}
[6.010426] (vesc_driver) StdoutLine: {'line': b'[ 20%] Built target vesc_driver_node\n'}
[6.092626] (-) TimerEvent: {}
[6.096212] (key_teleop) StdoutLine: {'line': b"reading manifest file '../../../../build/key_teleop/key_teleop.egg-info/SOURCES.txt'\n"}
[6.101313] (key_teleop) StdoutLine: {'line': b"writing manifest file '../../../../build/key_teleop/key_teleop.egg-info/SOURCES.txt'\n"}
[6.102730] (key_teleop) StdoutLine: {'line': b'running build\n'}
[6.103356] (vesc_driver) StdoutLine: {'line': b'[ 70%] Built target vesc_driver\n'}
[6.104069] (key_teleop) StdoutLine: {'line': b'running build_py\n'}
[6.107730] (key_teleop) StdoutLine: {'line': b'running install\n'}
[6.112343] (key_teleop) StdoutLine: {'line': b'running install_lib\n'}
[6.120791] (key_teleop) StdoutLine: {'line': b'running install_data\n'}
[6.122629] (key_teleop) StdoutLine: {'line': b'running install_egg_info\n'}
[6.134756] (key_teleop) StdoutLine: {'line': b"removing '/home/cav330/f1tenth_ws/install/key_teleop/lib/python3.8/site-packages/key_teleop-0.3.0-py3.8.egg-info' (and everything under it)\n"}
[6.137610] (key_teleop) StdoutLine: {'line': b'Copying ../../../../build/key_teleop/key_teleop.egg-info to /home/cav330/f1tenth_ws/install/key_teleop/lib/python3.8/site-packages/key_teleop-0.3.0-py3.8.egg-info\n'}
[6.142832] (key_teleop) StdoutLine: {'line': b'running install_scripts\n'}
[6.192879] (-) TimerEvent: {}
[6.216228] (key_teleop) StdoutLine: {'line': b'Installing key_teleop script to /home/cav330/f1tenth_ws/install/key_teleop/lib/key_teleop\n'}
[6.218077] (key_teleop) StdoutLine: {'line': b"writing list of installed files to '/home/cav330/f1tenth_ws/build/key_teleop/install.log'\n"}
[6.245259] (vesc_driver) StdoutLine: {'line': b'[100%] Built target vesc_device_namer\n'}
[6.293114] (-) TimerEvent: {}
[6.299786] (vesc_driver) CommandEnded: {'returncode': 0}
[6.306879] (vesc_driver) JobProgress: {'identifier': 'vesc_driver', 'progress': 'install'}
[6.307147] (vesc_driver) Command: {'cmd': ['/usr/bin/cmake', '--install', '/home/cav330/f1tenth_ws/build/vesc_driver'], 'cwd': '/home/cav330/f1tenth_ws/build/vesc_driver', 'env': OrderedDict([('NX_ROOT', '/home/cav330/.nx'), ('GJS_DEBUG_TOPICS', 'JS ERROR;JS LOG'), ('LESSOPEN', '| /usr/bin/lesspipe %s'), ('PULSE_CLIENTCONFIG', '/home/cav330/.nx/devices/D-1001-93C5498CD379C6E6122CA9EA4F4B18C9/audio/client.conf'), ('MAIL', '/var/mail/cav330'), ('USER', 'cav330'), ('XDG_SESSION_TYPE', 'x11'), ('NX_SYSTEM', '/usr/NX'), ('SHLVL', '1'), ('LD_LIBRARY_PATH', '/home/cav330/f1tenth_ws/install/vesc_msgs/lib:/usr/local/cuda-11.4/lib64'), ('HOME', '/home/cav330'), ('OLDPWD', '/home/cav330'), ('DESKTOP_SESSION', 'ubuntu-xorg'), ('GNOME_SHELL_SESSION_MODE', 'ubuntu'), ('DBUS_SESSION_BUS_ADDRESS', 'unix:abstract=/tmp/dbus-VBtBpNZCM3,guid=826157f4ad5c0dfac02aabc769c59fb7'), ('COLORTERM', 'truecolor'), ('PULSE_SCRIPT', '/home/cav330/.nx/devices/D-1001-93C5498CD379C6E6122CA9EA4F4B18C9/audio/default.pa'), ('WAYLAND_DISPLAY', 'no'), ('LOGNAME', 'cav330'), ('PULSE_SERVER', '/home/cav330/.nx/devices/D-1001-93C5498CD379C6E6122CA9EA4F4B18C9/audio/native.socket'), ('_', '/usr/bin/colcon'), ('XDG_SESSION_CLASS', 'user'), ('USERNAME', 'cav330'), ('TERM', 'xterm-256color'), ('GNOME_DESKTOP_SESSION_ID', 'this-is-deprecated'), ('PATH', '/usr/local/cuda-11.4/bin:/usr/local/sbin:/usr/local/bin:/usr/sbin:/usr/bin:/sbin:/bin:/usr/games:/usr/local/games:/snap/bin'), ('SESSION_MANAGER', 'local/ubuntu:@/tmp/.ICE-unix/3439,unix/ubuntu:/tmp/.ICE-unix/3439'), ('PULSE_RUNTIME_PATH', '/run/user/1000/pulse'), ('XDG_MENU_PREFIX', 'gnome-'), ('GNOME_TERMINAL_SCREEN', '/org/gnome/Terminal/screen/acc20211_aadf_49d5_af92_3e0dab956030'), ('XDG_RUNTIME_DIR', '/run/user/1000'), ('PULSE_CONFIG', '/home/cav330/.nx/devices/D-1001-93C5498CD379C6E6122CA9EA4F4B18C9/audio/daemon.conf'), ('GDK_BACKEND', 'x11'), ('DISPLAY', ':1001'), ('LANG', 'en_CA.UTF-8'), ('XDG_CURRENT_DESKTOP', 'ubuntu:GNOME'), ('NX_TEMP', '/tmp'), ('XMODIFIERS', '@im=ibus'), ('XAUTHORITY', '/home/cav330/.Xauthority'), ('LS_COLORS', 'rs=0:di=01;34:ln=01;36:mh=00:pi=40;33:so=01;35:do=01;35:bd=40;33;01:cd=40;33;01:or=40;31;01:mi=00:su=37;41:sg=30;43:ca=30;41:tw=30;42:ow=34;42:st=37;44:ex=01;32:*.tar=01;31:*.tgz=01;31:*.arc=01;31:*.arj=01;31:*.taz=01;31:*.lha=01;31:*.lz4=01;31:*.lzh=01;31:*.lzma=01;31:*.tlz=01;31:*.txz=01;31:*.tzo=01;31:*.t7z=01;31:*.zip=01;31:*.z=01;31:*.dz=01;31:*.gz=01;31:*.lrz=01;31:*.lz=01;31:*.lzo=01;31:*.xz=01;31:*.zst=01;31:*.tzst=01;31:*.bz2=01;31:*.bz=01;31:*.tbz=01;31:*.tbz2=01;31:*.tz=01;31:*.deb=01;31:*.rpm=01;31:*.jar=01;31:*.war=01;31:*.ear=01;31:*.sar=01;31:*.rar=01;31:*.alz=01;31:*.ace=01;31:*.zoo=01;31:*.cpio=01;31:*.7z=01;31:*.rz=01;31:*.cab=01;31:*.wim=01;31:*.swm=01;31:*.dwm=01;31:*.esd=01;31:*.jpg=01;35:*.jpeg=01;35:*.mjpg=01;35:*.mjpeg=01;35:*.gif=01;35:*.bmp=01;35:*.pbm=01;35:*.pgm=01;35:*.ppm=01;35:*.tga=01;35:*.xbm=01;35:*.xpm=01;35:*.tif=01;35:*.tiff=01;35:*.png=01;35:*.svg=01;35:*.svgz=01;35:*.mng=01;35:*.pcx=01;35:*.mov=01;35:*.mpg=01;35:*.mpeg=01;35:*.m2v=01;35:*.mkv=01;35:*.webm=01;35:*.ogm=01;35:*.mp4=01;35:*.m4v=01;35:*.mp4v=01;35:*.vob=01;35:*.qt=01;35:*.nuv=01;35:*.wmv=01;35:*.asf=01;35:*.rm=01;35:*.rmvb=01;35:*.flc=01;35:*.avi=01;35:*.fli=01;35:*.flv=01;35:*.gl=01;35:*.dl=01;35:*.xcf=01;35:*.xwd=01;35:*.yuv=01;35:*.cgm=01;35:*.emf=01;35:*.ogv=01;35:*.ogx=01;35:*.aac=00;36:*.au=00;36:*.flac=00;36:*.m4a=00;36:*.mid=00;36:*.midi=00;36:*.mka=00;36:*.mp3=00;36:*.mpc=00;36:*.ogg=00;36:*.ra=00;36:*.wav=00;36:*.oga=00;36:*.opus=00;36:*.spx=00;36:*.xspf=00;36:'), ('GNOME_TERMINAL_SERVICE', ':1.107'), ('SSH_AUTH_SOCK', '/run/user/1000/keyring/ssh'), ('AMENT_PREFIX_PATH', '/home/cav330/f1tenth_ws/install/vesc_msgs'), ('SHELL', '/bin/bash'), ('LESSCLOSE', '/usr/bin/lesspipe %s %s'), ('NX_SESSION_ID', '93C5498CD379C6E6122CA9EA4F4B18C9'), ('GJS_DEBUG_OUTPUT', 'stderr'), ('QT_IM_MODULE', 'ibus'), ('PWD', '/home/cav330/f1tenth_ws/build/vesc_driver'), ('NX_RUNNER', '/usr/NX/bin/nxrunner'), ('XDG_CONFIG_DIRS', '/etc/xdg/xdg-ubuntu-xorg:/etc/xdg'), ('XDG_DATA_DIRS', '/usr/share/ubuntu-xorg:/usr/local/share:/usr/share:/var/lib/snapd/desktop'), ('PYTHONPATH', '/home/cav330/f1tenth_ws/install/vesc_msgs/lib/python3.8/site-packages'), ('COLCON', '1'), ('VTE_VERSION', '6003'), ('NX_CONNECTION', '192.168.33.107 60297 192.168.33.130 4000'), ('NXDIR', '/usr/NX'), ('CMAKE_PREFIX_PATH', '/home/cav330/f1tenth_ws/install/vesc_msgs')]), 'shell': False}
[6.348336] (key_teleop) CommandEnded: {'returncode': 0}
[6.362993] (f1tenth_gym_ros) StdoutLine: {'line': b'running egg_info\n'}
[6.366595] (f1tenth_gym_ros) StdoutLine: {'line': b'writing ../../build/f1tenth_gym_ros/f1tenth_gym_ros.egg-info/PKG-INFO\n'}
[6.369893] (f1tenth_gym_ros) StdoutLine: {'line': b'writing dependency_links to ../../build/f1tenth_gym_ros/f1tenth_gym_ros.egg-info/dependency_links.txt\n'}
[6.370593] (f1tenth_gym_ros) StdoutLine: {'line': b'writing entry points to ../../build/f1tenth_gym_ros/f1tenth_gym_ros.egg-info/entry_points.txt\n'}
[6.370977] (f1tenth_gym_ros) StdoutLine: {'line': b'writing requirements to ../../build/f1tenth_gym_ros/f1tenth_gym_ros.egg-info/requires.txt\n'}
[6.371457] (f1tenth_gym_ros) StdoutLine: {'line': b'writing top-level names to ../../build/f1tenth_gym_ros/f1tenth_gym_ros.egg-info/top_level.txt\n'}
[6.374150] (vesc_driver) StdoutLine: {'line': b'-- Install configuration: ""\n'}
[6.377911] (vesc_driver) StdoutLine: {'line': b'-- Up-to-date: /home/cav330/f1tenth_ws/install/vesc_driver/lib/vesc_driver/vesc_driver_node\n'}
[6.380663] (vesc_driver) StdoutLine: {'line': b'-- Up-to-date: /home/cav330/f1tenth_ws/install/vesc_driver/include\n'}
[6.381213] (vesc_driver) StdoutLine: {'line': b'-- Up-to-date: /home/cav330/f1tenth_ws/install/vesc_driver/include/vesc_driver\n'}
[6.381911] (vesc_driver) StdoutLine: {'line': b'-- Up-to-date: /home/cav330/f1tenth_ws/install/vesc_driver/include/vesc_driver/vesc_driver.hpp\n'}
[6.382388] (vesc_driver) StdoutLine: {'line': b'-- Up-to-date: /home/cav330/f1tenth_ws/install/vesc_driver/include/vesc_driver/crc.hpp\n'}
[6.382812] (vesc_driver) StdoutLine: {'line': b'-- Up-to-date: /home/cav330/f1tenth_ws/install/vesc_driver/include/vesc_driver/vesc_packet_factory.hpp\n'}
[6.383113] (vesc_driver) StdoutLine: {'line': b'-- Up-to-date: /home/cav330/f1tenth_ws/install/vesc_driver/include/vesc_driver/datatypes.hpp\n'}
[6.383406] (vesc_driver) StdoutLine: {'line': b'-- Up-to-date: /home/cav330/f1tenth_ws/install/vesc_driver/include/vesc_driver/vesc_interface.hpp\n'}
[6.383935] (vesc_driver) StdoutLine: {'line': b'-- Up-to-date: /home/cav330/f1tenth_ws/install/vesc_driver/include/vesc_driver/vesc_device_uuid_lookup.hpp\n'}
[6.384264] (vesc_driver) StdoutLine: {'line': b'-- Up-to-date: /home/cav330/f1tenth_ws/install/vesc_driver/include/vesc_driver/vesc_packet.hpp\n'}
[6.385619] (vesc_driver) StdoutLine: {'line': b'-- Up-to-date: /home/cav330/f1tenth_ws/install/vesc_driver/share/vesc_driver/environment/library_path.sh\n'}
[6.386044] (vesc_driver) StdoutLine: {'line': b'-- Up-to-date: /home/cav330/f1tenth_ws/install/vesc_driver/share/vesc_driver/environment/library_path.dsv\n'}
[6.386710] (vesc_driver) StdoutLine: {'line': b'-- Up-to-date: /home/cav330/f1tenth_ws/install/vesc_driver/lib/libvesc_driver.so\n'}
[6.391176] (vesc_driver) StdoutLine: {'line': b'-- Up-to-date: /home/cav330/f1tenth_ws/install/vesc_driver/lib/vesc_driver/vesc_device_namer\n'}
[6.391885] (vesc_driver) StdoutLine: {'line': b'-- Up-to-date: /home/cav330/f1tenth_ws/install/vesc_driver/share/vesc_driver/launch\n'}
[6.392522] (vesc_driver) StdoutLine: {'line': b'-- Up-to-date: /home/cav330/f1tenth_ws/install/vesc_driver/share/vesc_driver/launch/vesc_driver_node.launch.py\n'}
[6.393066] (vesc_driver) StdoutLine: {'line': b'-- Up-to-date: /home/cav330/f1tenth_ws/install/vesc_driver/share/vesc_driver/params\n'}
[6.393493] (-) TimerEvent: {}
[6.394828] (vesc_driver) StdoutLine: {'line': b'-- Up-to-date: /home/cav330/f1tenth_ws/install/vesc_driver/share/vesc_driver/params/vesc_config.yaml\n'}
[6.395237] (vesc_driver) StdoutLine: {'line': b'-- Up-to-date: /home/cav330/f1tenth_ws/install/vesc_driver/share/ament_index/resource_index/package_run_dependencies/vesc_driver\n'}
[6.395708] (vesc_driver) StdoutLine: {'line': b'-- Up-to-date: /home/cav330/f1tenth_ws/install/vesc_driver/share/ament_index/resource_index/parent_prefix_path/vesc_driver\n'}
[6.396239] (vesc_driver) StdoutLine: {'line': b'-- Up-to-date: /home/cav330/f1tenth_ws/install/vesc_driver/share/vesc_driver/environment/ament_prefix_path.sh\n'}
[6.396815] (vesc_driver) StdoutLine: {'line': b'-- Up-to-date: /home/cav330/f1tenth_ws/install/vesc_driver/share/vesc_driver/environment/ament_prefix_path.dsv\n'}
[6.397318] (vesc_driver) StdoutLine: {'line': b'-- Up-to-date: /home/cav330/f1tenth_ws/install/vesc_driver/share/vesc_driver/environment/path.sh\n'}
[6.398013] (vesc_driver) StdoutLine: {'line': b'-- Up-to-date: /home/cav330/f1tenth_ws/install/vesc_driver/share/vesc_driver/environment/path.dsv\n'}
[6.398801] (vesc_driver) StdoutLine: {'line': b'-- Up-to-date: /home/cav330/f1tenth_ws/install/vesc_driver/share/vesc_driver/local_setup.bash\n'}
[6.399313] (vesc_driver) StdoutLine: {'line': b'-- Up-to-date: /home/cav330/f1tenth_ws/install/vesc_driver/share/vesc_driver/local_setup.sh\n'}
[6.399718] (vesc_driver) StdoutLine: {'line': b'-- Up-to-date: /home/cav330/f1tenth_ws/install/vesc_driver/share/vesc_driver/local_setup.zsh\n'}
[6.400044] (vesc_driver) StdoutLine: {'line': b'-- Up-to-date: /home/cav330/f1tenth_ws/install/vesc_driver/share/vesc_driver/local_setup.dsv\n'}
[6.400331] (vesc_driver) StdoutLine: {'line': b'-- Installing: /home/cav330/f1tenth_ws/install/vesc_driver/share/vesc_driver/package.dsv\n'}
[6.401415] (vesc_driver) StdoutLine: {'line': b'-- Up-to-date: /home/cav330/f1tenth_ws/install/vesc_driver/share/ament_index/resource_index/packages/vesc_driver\n'}
[6.402834] (vesc_driver) StdoutLine: {'line': b'-- Up-to-date: /home/cav330/f1tenth_ws/install/vesc_driver/share/ament_index/resource_index/rclcpp_components/vesc_driver\n'}
[6.404147] (vesc_driver) StdoutLine: {'line': b'-- Up-to-date: /home/cav330/f1tenth_ws/install/vesc_driver/share/vesc_driver/cmake/ament_cmake_export_dependencies-extras.cmake\n'}
[6.404504] (vesc_driver) StdoutLine: {'line': b'-- Up-to-date: /home/cav330/f1tenth_ws/install/vesc_driver/share/vesc_driver/cmake/ament_cmake_export_include_directories-extras.cmake\n'}
[6.404833] (vesc_driver) StdoutLine: {'line': b'-- Up-to-date: /home/cav330/f1tenth_ws/install/vesc_driver/share/vesc_driver/cmake/ament_cmake_export_libraries-extras.cmake\n'}
[6.405132] (vesc_driver) StdoutLine: {'line': b'-- Up-to-date: /home/cav330/f1tenth_ws/install/vesc_driver/share/vesc_driver/cmake/vesc_driverConfig.cmake\n'}
[6.405452] (vesc_driver) StdoutLine: {'line': b'-- Up-to-date: /home/cav330/f1tenth_ws/install/vesc_driver/share/vesc_driver/cmake/vesc_driverConfig-version.cmake\n'}
[6.405772] (vesc_driver) StdoutLine: {'line': b'-- Up-to-date: /home/cav330/f1tenth_ws/install/vesc_driver/share/vesc_driver/package.xml\n'}
[6.417695] (key_teleop) JobEnded: {'identifier': 'key_teleop', 'rc': 0}
[6.422136] (mouse_teleop) JobStarted: {'identifier': 'mouse_teleop'}
[6.486853] (vesc_driver) CommandEnded: {'returncode': 0}
[6.503655] (-) TimerEvent: {}
[6.568452] (f1tenth_gym_ros) StdoutLine: {'line': b"reading manifest file '../../build/f1tenth_gym_ros/f1tenth_gym_ros.egg-info/SOURCES.txt'\n"}
[6.573003] (f1tenth_gym_ros) StdoutLine: {'line': b"writing manifest file '../../build/f1tenth_gym_ros/f1tenth_gym_ros.egg-info/SOURCES.txt'\n"}
[6.575648] (f1tenth_gym_ros) StdoutLine: {'line': b'running build\n'}
[6.576369] (f1tenth_gym_ros) StdoutLine: {'line': b'running build_py\n'}
[6.576759] (f1tenth_gym_ros) StdoutLine: {'line': b'running install\n'}
[6.579251] (f1tenth_gym_ros) StdoutLine: {'line': b'running install_lib\n'}
[6.586021] (f1tenth_gym_ros) StdoutLine: {'line': b'running install_data\n'}
[6.587027] (f1tenth_gym_ros) StdoutLine: {'line': b'running install_egg_info\n'}
[6.593771] (f1tenth_gym_ros) StdoutLine: {'line': b"removing '/home/cav330/f1tenth_ws/install/f1tenth_gym_ros/lib/python3.8/site-packages/f1tenth_gym_ros-0.0.0-py3.8.egg-info' (and everything under it)\n"}
[6.595464] (f1tenth_gym_ros) StdoutLine: {'line': b'Copying ../../build/f1tenth_gym_ros/f1tenth_gym_ros.egg-info to /home/cav330/f1tenth_ws/install/f1tenth_gym_ros/lib/python3.8/site-packages/f1tenth_gym_ros-0.0.0-py3.8.egg-info\n'}
[6.601840] (f1tenth_gym_ros) StdoutLine: {'line': b'running install_scripts\n'}
[6.604646] (-) TimerEvent: {}
[6.624205] (vesc_driver) JobEnded: {'identifier': 'vesc_driver', 'rc': 0}
[6.629555] (vesc) JobStarted: {'identifier': 'vesc'}
[6.692862] (f1tenth_gym_ros) StdoutLine: {'line': b'Installing gym_bridge script to /home/cav330/f1tenth_ws/install/f1tenth_gym_ros/lib/f1tenth_gym_ros\n'}
[6.696210] (f1tenth_gym_ros) StdoutLine: {'line': b"writing list of installed files to '/home/cav330/f1tenth_ws/build/f1tenth_gym_ros/install.log'\n"}
[6.704983] (-) TimerEvent: {}
[6.806671] (-) TimerEvent: {}
[6.907543] (-) TimerEvent: {}
[7.008577] (-) TimerEvent: {}
[7.109725] (-) TimerEvent: {}
[7.210678] (-) TimerEvent: {}
[7.311636] (-) TimerEvent: {}
[7.412649] (-) TimerEvent: {}
[7.516942] (-) TimerEvent: {}
[7.539197] (joy_teleop) Command: {'cmd': ['/usr/bin/python3', '-W', 'ignore:setup.py install is deprecated', '-W', 'ignore:easy_install command is deprecated', 'setup.py', 'egg_info', '--egg-base', '../../../../build/joy_teleop', 'build', '--build-base', '/home/cav330/f1tenth_ws/build/joy_teleop/build', 'install', '--record', '/home/cav330/f1tenth_ws/build/joy_teleop/install.log', '--install-scripts', '$base/lib/joy_teleop', '--single-version-externally-managed', 'install_data'], 'cwd': '/home/cav330/f1tenth_ws/src/f1tenth_system/teleop_tools/joy_teleop', 'env': {'NX_ROOT': '/home/cav330/.nx', 'GJS_DEBUG_TOPICS': 'JS ERROR;JS LOG', 'LESSOPEN': '| /usr/bin/lesspipe %s', 'PULSE_CLIENTCONFIG': '/home/cav330/.nx/devices/D-1001-93C5498CD379C6E6122CA9EA4F4B18C9/audio/client.conf', 'MAIL': '/var/mail/cav330', 'USER': 'cav330', 'XDG_SESSION_TYPE': 'x11', 'NX_SYSTEM': '/usr/NX', 'SHLVL': '1', 'LD_LIBRARY_PATH': '/home/cav330/f1tenth_ws/install/teleop_tools_msgs/lib:/usr/local/cuda-11.4/lib64', 'HOME': '/home/cav330', 'OLDPWD': '/home/cav330', 'DESKTOP_SESSION': 'ubuntu-xorg', 'GNOME_SHELL_SESSION_MODE': 'ubuntu', 'DBUS_SESSION_BUS_ADDRESS': 'unix:abstract=/tmp/dbus-VBtBpNZCM3,guid=826157f4ad5c0dfac02aabc769c59fb7', 'COLORTERM': 'truecolor', 'PULSE_SCRIPT': '/home/cav330/.nx/devices/D-1001-93C5498CD379C6E6122CA9EA4F4B18C9/audio/default.pa', 'WAYLAND_DISPLAY': 'no', 'LOGNAME': 'cav330', 'PULSE_SERVER': '/home/cav330/.nx/devices/D-1001-93C5498CD379C6E6122CA9EA4F4B18C9/audio/native.socket', '_': '/usr/bin/colcon', 'XDG_SESSION_CLASS': 'user', 'USERNAME': 'cav330', 'TERM': 'xterm-256color', 'GNOME_DESKTOP_SESSION_ID': 'this-is-deprecated', 'PATH': '/usr/local/cuda-11.4/bin:/usr/local/sbin:/usr/local/bin:/usr/sbin:/usr/bin:/sbin:/bin:/usr/games:/usr/local/games:/snap/bin', 'SESSION_MANAGER': 'local/ubuntu:@/tmp/.ICE-unix/3439,unix/ubuntu:/tmp/.ICE-unix/3439', 'PULSE_RUNTIME_PATH': '/run/user/1000/pulse', 'XDG_MENU_PREFIX': 'gnome-', 'GNOME_TERMINAL_SCREEN': '/org/gnome/Terminal/screen/acc20211_aadf_49d5_af92_3e0dab956030', 'XDG_RUNTIME_DIR': '/run/user/1000', 'PULSE_CONFIG': '/home/cav330/.nx/devices/D-1001-93C5498CD379C6E6122CA9EA4F4B18C9/audio/daemon.conf', 'GDK_BACKEND': 'x11', 'DISPLAY': ':1001', 'LANG': 'en_CA.UTF-8', 'XDG_CURRENT_DESKTOP': 'ubuntu:GNOME', 'NX_TEMP': '/tmp', 'XMODIFIERS': '@im=ibus', 'XAUTHORITY': '/home/cav330/.Xauthority', 'LS_COLORS': 'rs=0:di=01;34:ln=01;36:mh=00:pi=40;33:so=01;35:do=01;35:bd=40;33;01:cd=40;33;01:or=40;31;01:mi=00:su=37;41:sg=30;43:ca=30;41:tw=30;42:ow=34;42:st=37;44:ex=01;32:*.tar=01;31:*.tgz=01;31:*.arc=01;31:*.arj=01;31:*.taz=01;31:*.lha=01;31:*.lz4=01;31:*.lzh=01;31:*.lzma=01;31:*.tlz=01;31:*.txz=01;31:*.tzo=01;31:*.t7z=01;31:*.zip=01;31:*.z=01;31:*.dz=01;31:*.gz=01;31:*.lrz=01;31:*.lz=01;31:*.lzo=01;31:*.xz=01;31:*.zst=01;31:*.tzst=01;31:*.bz2=01;31:*.bz=01;31:*.tbz=01;31:*.tbz2=01;31:*.tz=01;31:*.deb=01;31:*.rpm=01;31:*.jar=01;31:*.war=01;31:*.ear=01;31:*.sar=01;31:*.rar=01;31:*.alz=01;31:*.ace=01;31:*.zoo=01;31:*.cpio=01;31:*.7z=01;31:*.rz=01;31:*.cab=01;31:*.wim=01;31:*.swm=01;31:*.dwm=01;31:*.esd=01;31:*.jpg=01;35:*.jpeg=01;35:*.mjpg=01;35:*.mjpeg=01;35:*.gif=01;35:*.bmp=01;35:*.pbm=01;35:*.pgm=01;35:*.ppm=01;35:*.tga=01;35:*.xbm=01;35:*.xpm=01;35:*.tif=01;35:*.tiff=01;35:*.png=01;35:*.svg=01;35:*.svgz=01;35:*.mng=01;35:*.pcx=01;35:*.mov=01;35:*.mpg=01;35:*.mpeg=01;35:*.m2v=01;35:*.mkv=01;35:*.webm=01;35:*.ogm=01;35:*.mp4=01;35:*.m4v=01;35:*.mp4v=01;35:*.vob=01;35:*.qt=01;35:*.nuv=01;35:*.wmv=01;35:*.asf=01;35:*.rm=01;35:*.rmvb=01;35:*.flc=01;35:*.avi=01;35:*.fli=01;35:*.flv=01;35:*.gl=01;35:*.dl=01;35:*.xcf=01;35:*.xwd=01;35:*.yuv=01;35:*.cgm=01;35:*.emf=01;35:*.ogv=01;35:*.ogx=01;35:*.aac=00;36:*.au=00;36:*.flac=00;36:*.m4a=00;36:*.mid=00;36:*.midi=00;36:*.mka=00;36:*.mp3=00;36:*.mpc=00;36:*.ogg=00;36:*.ra=00;36:*.wav=00;36:*.oga=00;36:*.opus=00;36:*.spx=00;36:*.xspf=00;36:', 'GNOME_TERMINAL_SERVICE': ':1.107', 'SSH_AUTH_SOCK': '/run/user/1000/keyring/ssh', 'AMENT_PREFIX_PATH': '/home/cav330/f1tenth_ws/install/teleop_tools_msgs', 'SHELL': '/bin/bash', 'LESSCLOSE': '/usr/bin/lesspipe %s %s', 'NX_SESSION_ID': '93C5498CD379C6E6122CA9EA4F4B18C9', 'GJS_DEBUG_OUTPUT': 'stderr', 'QT_IM_MODULE': 'ibus', 'PWD': '/home/cav330/f1tenth_ws/build/joy_teleop', 'NX_RUNNER': '/usr/NX/bin/nxrunner', 'XDG_CONFIG_DIRS': '/etc/xdg/xdg-ubuntu-xorg:/etc/xdg', 'XDG_DATA_DIRS': '/usr/share/ubuntu-xorg:/usr/local/share:/usr/share:/var/lib/snapd/desktop', 'PYTHONPATH': '/home/cav330/f1tenth_ws/build/joy_teleop/prefix_override:/usr/lib/python3/dist-packages/colcon_core/task/python/colcon_distutils_commands:/home/cav330/f1tenth_ws/install/joy_teleop/lib/python3.8/site-packages:/home/cav330/f1tenth_ws/install/teleop_tools_msgs/lib/python3.8/site-packages', 'COLCON': '1', 'VTE_VERSION': '6003', 'NX_CONNECTION': '192.168.33.107 60297 192.168.33.130 4000', 'NXDIR': '/usr/NX', 'CMAKE_PREFIX_PATH': '/home/cav330/f1tenth_ws/install/teleop_tools_msgs'}, 'shell': False}
[7.567779] (f1tenth_gym_ros) CommandEnded: {'returncode': 0}
[7.602483] (f1tenth_gym_ros) JobEnded: {'identifier': 'f1tenth_gym_ros', 'rc': 0}
[7.616527] (vesc) JobProgress: {'identifier': 'vesc', 'progress': 'cmake'}
[7.616972] (-) TimerEvent: {}
[7.618521] (vesc) JobProgress: {'identifier': 'vesc', 'progress': 'build'}
[7.618770] (vesc) Command: {'cmd': ['/usr/bin/cmake', '--build', '/home/cav330/f1tenth_ws/build/vesc', '--', '-j4', '-l4'], 'cwd': '/home/cav330/f1tenth_ws/build/vesc', 'env': OrderedDict([('NX_ROOT', '/home/cav330/.nx'), ('GJS_DEBUG_TOPICS', 'JS ERROR;JS LOG'), ('LESSOPEN', '| /usr/bin/lesspipe %s'), ('PULSE_CLIENTCONFIG', '/home/cav330/.nx/devices/D-1001-93C5498CD379C6E6122CA9EA4F4B18C9/audio/client.conf'), ('MAIL', '/var/mail/cav330'), ('USER', 'cav330'), ('XDG_SESSION_TYPE', 'x11'), ('NX_SYSTEM', '/usr/NX'), ('SHLVL', '1'), ('LD_LIBRARY_PATH', '/home/cav330/f1tenth_ws/install/vesc_driver/lib:/home/cav330/f1tenth_ws/install/vesc_ackermann/lib:/home/cav330/f1tenth_ws/install/vesc_msgs/lib:/usr/local/cuda-11.4/lib64'), ('HOME', '/home/cav330'), ('OLDPWD', '/home/cav330'), ('DESKTOP_SESSION', 'ubuntu-xorg'), ('GNOME_SHELL_SESSION_MODE', 'ubuntu'), ('DBUS_SESSION_BUS_ADDRESS', 'unix:abstract=/tmp/dbus-VBtBpNZCM3,guid=826157f4ad5c0dfac02aabc769c59fb7'), ('COLORTERM', 'truecolor'), ('PULSE_SCRIPT', '/home/cav330/.nx/devices/D-1001-93C5498CD379C6E6122CA9EA4F4B18C9/audio/default.pa'), ('WAYLAND_DISPLAY', 'no'), ('LOGNAME', 'cav330'), ('PULSE_SERVER', '/home/cav330/.nx/devices/D-1001-93C5498CD379C6E6122CA9EA4F4B18C9/audio/native.socket'), ('_', '/usr/bin/colcon'), ('XDG_SESSION_CLASS', 'user'), ('USERNAME', 'cav330'), ('TERM', 'xterm-256color'), ('GNOME_DESKTOP_SESSION_ID', 'this-is-deprecated'), ('PATH', '/usr/local/cuda-11.4/bin:/usr/local/sbin:/usr/local/bin:/usr/sbin:/usr/bin:/sbin:/bin:/usr/games:/usr/local/games:/snap/bin'), ('SESSION_MANAGER', 'local/ubuntu:@/tmp/.ICE-unix/3439,unix/ubuntu:/tmp/.ICE-unix/3439'), ('PULSE_RUNTIME_PATH', '/run/user/1000/pulse'), ('XDG_MENU_PREFIX', 'gnome-'), ('GNOME_TERMINAL_SCREEN', '/org/gnome/Terminal/screen/acc20211_aadf_49d5_af92_3e0dab956030'), ('XDG_RUNTIME_DIR', '/run/user/1000'), ('PULSE_CONFIG', '/home/cav330/.nx/devices/D-1001-93C5498CD379C6E6122CA9EA4F4B18C9/audio/daemon.conf'), ('GDK_BACKEND', 'x11'), ('DISPLAY', ':1001'), ('LANG', 'en_CA.UTF-8'), ('XDG_CURRENT_DESKTOP', 'ubuntu:GNOME'), ('NX_TEMP', '/tmp'), ('XMODIFIERS', '@im=ibus'), ('XAUTHORITY', '/home/cav330/.Xauthority'), ('LS_COLORS', 'rs=0:di=01;34:ln=01;36:mh=00:pi=40;33:so=01;35:do=01;35:bd=40;33;01:cd=40;33;01:or=40;31;01:mi=00:su=37;41:sg=30;43:ca=30;41:tw=30;42:ow=34;42:st=37;44:ex=01;32:*.tar=01;31:*.tgz=01;31:*.arc=01;31:*.arj=01;31:*.taz=01;31:*.lha=01;31:*.lz4=01;31:*.lzh=01;31:*.lzma=01;31:*.tlz=01;31:*.txz=01;31:*.tzo=01;31:*.t7z=01;31:*.zip=01;31:*.z=01;31:*.dz=01;31:*.gz=01;31:*.lrz=01;31:*.lz=01;31:*.lzo=01;31:*.xz=01;31:*.zst=01;31:*.tzst=01;31:*.bz2=01;31:*.bz=01;31:*.tbz=01;31:*.tbz2=01;31:*.tz=01;31:*.deb=01;31:*.rpm=01;31:*.jar=01;31:*.war=01;31:*.ear=01;31:*.sar=01;31:*.rar=01;31:*.alz=01;31:*.ace=01;31:*.zoo=01;31:*.cpio=01;31:*.7z=01;31:*.rz=01;31:*.cab=01;31:*.wim=01;31:*.swm=01;31:*.dwm=01;31:*.esd=01;31:*.jpg=01;35:*.jpeg=01;35:*.mjpg=01;35:*.mjpeg=01;35:*.gif=01;35:*.bmp=01;35:*.pbm=01;35:*.pgm=01;35:*.ppm=01;35:*.tga=01;35:*.xbm=01;35:*.xpm=01;35:*.tif=01;35:*.tiff=01;35:*.png=01;35:*.svg=01;35:*.svgz=01;35:*.mng=01;35:*.pcx=01;35:*.mov=01;35:*.mpg=01;35:*.mpeg=01;35:*.m2v=01;35:*.mkv=01;35:*.webm=01;35:*.ogm=01;35:*.mp4=01;35:*.m4v=01;35:*.mp4v=01;35:*.vob=01;35:*.qt=01;35:*.nuv=01;35:*.wmv=01;35:*.asf=01;35:*.rm=01;35:*.rmvb=01;35:*.flc=01;35:*.avi=01;35:*.fli=01;35:*.flv=01;35:*.gl=01;35:*.dl=01;35:*.xcf=01;35:*.xwd=01;35:*.yuv=01;35:*.cgm=01;35:*.emf=01;35:*.ogv=01;35:*.ogx=01;35:*.aac=00;36:*.au=00;36:*.flac=00;36:*.m4a=00;36:*.mid=00;36:*.midi=00;36:*.mka=00;36:*.mp3=00;36:*.mpc=00;36:*.ogg=00;36:*.ra=00;36:*.wav=00;36:*.oga=00;36:*.opus=00;36:*.spx=00;36:*.xspf=00;36:'), ('GNOME_TERMINAL_SERVICE', ':1.107'), ('SSH_AUTH_SOCK', '/run/user/1000/keyring/ssh'), ('AMENT_PREFIX_PATH', '/home/cav330/f1tenth_ws/install/vesc_driver:/home/cav330/f1tenth_ws/install/vesc_ackermann:/home/cav330/f1tenth_ws/install/vesc_msgs'), ('SHELL', '/bin/bash'), ('LESSCLOSE', '/usr/bin/lesspipe %s %s'), ('NX_SESSION_ID', '93C5498CD379C6E6122CA9EA4F4B18C9'), ('GJS_DEBUG_OUTPUT', 'stderr'), ('QT_IM_MODULE', 'ibus'), ('PWD', '/home/cav330/f1tenth_ws/build/vesc'), ('NX_RUNNER', '/usr/NX/bin/nxrunner'), ('XDG_CONFIG_DIRS', '/etc/xdg/xdg-ubuntu-xorg:/etc/xdg'), ('XDG_DATA_DIRS', '/usr/share/ubuntu-xorg:/usr/local/share:/usr/share:/var/lib/snapd/desktop'), ('PYTHONPATH', '/home/cav330/f1tenth_ws/install/vesc_msgs/lib/python3.8/site-packages'), ('COLCON', '1'), ('VTE_VERSION', '6003'), ('NX_CONNECTION', '192.168.33.107 60297 192.168.33.130 4000'), ('NXDIR', '/usr/NX'), ('CMAKE_PREFIX_PATH', '/home/cav330/f1tenth_ws/install/vesc_driver:/home/cav330/f1tenth_ws/install/vesc_ackermann:/home/cav330/f1tenth_ws/install/vesc_msgs')]), 'shell': False}
[7.651517] (safety_node) JobStarted: {'identifier': 'safety_node'}
[7.714959] (safety_node) JobProgress: {'identifier': 'safety_node', 'progress': 'cmake'}
[7.717200] (-) TimerEvent: {}
[7.721408] (safety_node) JobProgress: {'identifier': 'safety_node', 'progress': 'build'}
[7.722793] (safety_node) Command: {'cmd': ['/usr/bin/cmake', '--build', '/home/cav330/f1tenth_ws/build/safety_node', '--', '-j4', '-l4'], 'cwd': '/home/cav330/f1tenth_ws/build/safety_node', 'env': OrderedDict([('NX_ROOT', '/home/cav330/.nx'), ('GJS_DEBUG_TOPICS', 'JS ERROR;JS LOG'), ('LESSOPEN', '| /usr/bin/lesspipe %s'), ('PULSE_CLIENTCONFIG', '/home/cav330/.nx/devices/D-1001-93C5498CD379C6E6122CA9EA4F4B18C9/audio/client.conf'), ('MAIL', '/var/mail/cav330'), ('USER', 'cav330'), ('XDG_SESSION_TYPE', 'x11'), ('NX_SYSTEM', '/usr/NX'), ('SHLVL', '1'), ('LD_LIBRARY_PATH', '/usr/local/cuda-11.4/lib64:'), ('HOME', '/home/cav330'), ('OLDPWD', '/home/cav330'), ('DESKTOP_SESSION', 'ubuntu-xorg'), ('GNOME_SHELL_SESSION_MODE', 'ubuntu'), ('DBUS_SESSION_BUS_ADDRESS', 'unix:abstract=/tmp/dbus-VBtBpNZCM3,guid=826157f4ad5c0dfac02aabc769c59fb7'), ('COLORTERM', 'truecolor'), ('PULSE_SCRIPT', '/home/cav330/.nx/devices/D-1001-93C5498CD379C6E6122CA9EA4F4B18C9/audio/default.pa'), ('WAYLAND_DISPLAY', 'no'), ('LOGNAME', 'cav330'), ('PULSE_SERVER', '/home/cav330/.nx/devices/D-1001-93C5498CD379C6E6122CA9EA4F4B18C9/audio/native.socket'), ('_', '/usr/bin/colcon'), ('XDG_SESSION_CLASS', 'user'), ('USERNAME', 'cav330'), ('TERM', 'xterm-256color'), ('GNOME_DESKTOP_SESSION_ID', 'this-is-deprecated'), ('PATH', '/usr/local/cuda-11.4/bin:/usr/local/sbin:/usr/local/bin:/usr/sbin:/usr/bin:/sbin:/bin:/usr/games:/usr/local/games:/snap/bin'), ('SESSION_MANAGER', 'local/ubuntu:@/tmp/.ICE-unix/3439,unix/ubuntu:/tmp/.ICE-unix/3439'), ('PULSE_RUNTIME_PATH', '/run/user/1000/pulse'), ('XDG_MENU_PREFIX', 'gnome-'), ('GNOME_TERMINAL_SCREEN', '/org/gnome/Terminal/screen/acc20211_aadf_49d5_af92_3e0dab956030'), ('XDG_RUNTIME_DIR', '/run/user/1000'), ('PULSE_CONFIG', '/home/cav330/.nx/devices/D-1001-93C5498CD379C6E6122CA9EA4F4B18C9/audio/daemon.conf'), ('GDK_BACKEND', 'x11'), ('DISPLAY', ':1001'), ('LANG', 'en_CA.UTF-8'), ('XDG_CURRENT_DESKTOP', 'ubuntu:GNOME'), ('NX_TEMP', '/tmp'), ('XMODIFIERS', '@im=ibus'), ('XAUTHORITY', '/home/cav330/.Xauthority'), ('LS_COLORS', 'rs=0:di=01;34:ln=01;36:mh=00:pi=40;33:so=01;35:do=01;35:bd=40;33;01:cd=40;33;01:or=40;31;01:mi=00:su=37;41:sg=30;43:ca=30;41:tw=30;42:ow=34;42:st=37;44:ex=01;32:*.tar=01;31:*.tgz=01;31:*.arc=01;31:*.arj=01;31:*.taz=01;31:*.lha=01;31:*.lz4=01;31:*.lzh=01;31:*.lzma=01;31:*.tlz=01;31:*.txz=01;31:*.tzo=01;31:*.t7z=01;31:*.zip=01;31:*.z=01;31:*.dz=01;31:*.gz=01;31:*.lrz=01;31:*.lz=01;31:*.lzo=01;31:*.xz=01;31:*.zst=01;31:*.tzst=01;31:*.bz2=01;31:*.bz=01;31:*.tbz=01;31:*.tbz2=01;31:*.tz=01;31:*.deb=01;31:*.rpm=01;31:*.jar=01;31:*.war=01;31:*.ear=01;31:*.sar=01;31:*.rar=01;31:*.alz=01;31:*.ace=01;31:*.zoo=01;31:*.cpio=01;31:*.7z=01;31:*.rz=01;31:*.cab=01;31:*.wim=01;31:*.swm=01;31:*.dwm=01;31:*.esd=01;31:*.jpg=01;35:*.jpeg=01;35:*.mjpg=01;35:*.mjpeg=01;35:*.gif=01;35:*.bmp=01;35:*.pbm=01;35:*.pgm=01;35:*.ppm=01;35:*.tga=01;35:*.xbm=01;35:*.xpm=01;35:*.tif=01;35:*.tiff=01;35:*.png=01;35:*.svg=01;35:*.svgz=01;35:*.mng=01;35:*.pcx=01;35:*.mov=01;35:*.mpg=01;35:*.mpeg=01;35:*.m2v=01;35:*.mkv=01;35:*.webm=01;35:*.ogm=01;35:*.mp4=01;35:*.m4v=01;35:*.mp4v=01;35:*.vob=01;35:*.qt=01;35:*.nuv=01;35:*.wmv=01;35:*.asf=01;35:*.rm=01;35:*.rmvb=01;35:*.flc=01;35:*.avi=01;35:*.fli=01;35:*.flv=01;35:*.gl=01;35:*.dl=01;35:*.xcf=01;35:*.xwd=01;35:*.yuv=01;35:*.cgm=01;35:*.emf=01;35:*.ogv=01;35:*.ogx=01;35:*.aac=00;36:*.au=00;36:*.flac=00;36:*.m4a=00;36:*.mid=00;36:*.midi=00;36:*.mka=00;36:*.mp3=00;36:*.mpc=00;36:*.ogg=00;36:*.ra=00;36:*.wav=00;36:*.oga=00;36:*.opus=00;36:*.spx=00;36:*.xspf=00;36:'), ('GNOME_TERMINAL_SERVICE', ':1.107'), ('SSH_AUTH_SOCK', '/run/user/1000/keyring/ssh'), ('SHELL', '/bin/bash'), ('LESSCLOSE', '/usr/bin/lesspipe %s %s'), ('NX_SESSION_ID', '93C5498CD379C6E6122CA9EA4F4B18C9'), ('GJS_DEBUG_OUTPUT', 'stderr'), ('QT_IM_MODULE', 'ibus'), ('PWD', '/home/cav330/f1tenth_ws/build/safety_node'), ('NX_RUNNER', '/usr/NX/bin/nxrunner'), ('XDG_CONFIG_DIRS', '/etc/xdg/xdg-ubuntu-xorg:/etc/xdg'), ('XDG_DATA_DIRS', '/usr/share/ubuntu-xorg:/usr/local/share:/usr/share:/var/lib/snapd/desktop'), ('COLCON', '1'), ('VTE_VERSION', '6003'), ('NX_CONNECTION', '192.168.33.107 60297 192.168.33.130 4000'), ('NXDIR', '/usr/NX')]), 'shell': False}
[7.817871] (-) TimerEvent: {}
[7.880821] (vesc) CommandEnded: {'returncode': 0}
[7.889429] (vesc) JobProgress: {'identifier': 'vesc', 'progress': 'install'}
[7.889678] (vesc) Command: {'cmd': ['/usr/bin/cmake', '--install', '/home/cav330/f1tenth_ws/build/vesc'], 'cwd': '/home/cav330/f1tenth_ws/build/vesc', 'env': OrderedDict([('NX_ROOT', '/home/cav330/.nx'), ('GJS_DEBUG_TOPICS', 'JS ERROR;JS LOG'), ('LESSOPEN', '| /usr/bin/lesspipe %s'), ('PULSE_CLIENTCONFIG', '/home/cav330/.nx/devices/D-1001-93C5498CD379C6E6122CA9EA4F4B18C9/audio/client.conf'), ('MAIL', '/var/mail/cav330'), ('USER', 'cav330'), ('XDG_SESSION_TYPE', 'x11'), ('NX_SYSTEM', '/usr/NX'), ('SHLVL', '1'), ('LD_LIBRARY_PATH', '/home/cav330/f1tenth_ws/install/vesc_driver/lib:/home/cav330/f1tenth_ws/install/vesc_ackermann/lib:/home/cav330/f1tenth_ws/install/vesc_msgs/lib:/usr/local/cuda-11.4/lib64'), ('HOME', '/home/cav330'), ('OLDPWD', '/home/cav330'), ('DESKTOP_SESSION', 'ubuntu-xorg'), ('GNOME_SHELL_SESSION_MODE', 'ubuntu'), ('DBUS_SESSION_BUS_ADDRESS', 'unix:abstract=/tmp/dbus-VBtBpNZCM3,guid=826157f4ad5c0dfac02aabc769c59fb7'), ('COLORTERM', 'truecolor'), ('PULSE_SCRIPT', '/home/cav330/.nx/devices/D-1001-93C5498CD379C6E6122CA9EA4F4B18C9/audio/default.pa'), ('WAYLAND_DISPLAY', 'no'), ('LOGNAME', 'cav330'), ('PULSE_SERVER', '/home/cav330/.nx/devices/D-1001-93C5498CD379C6E6122CA9EA4F4B18C9/audio/native.socket'), ('_', '/usr/bin/colcon'), ('XDG_SESSION_CLASS', 'user'), ('USERNAME', 'cav330'), ('TERM', 'xterm-256color'), ('GNOME_DESKTOP_SESSION_ID', 'this-is-deprecated'), ('PATH', '/usr/local/cuda-11.4/bin:/usr/local/sbin:/usr/local/bin:/usr/sbin:/usr/bin:/sbin:/bin:/usr/games:/usr/local/games:/snap/bin'), ('SESSION_MANAGER', 'local/ubuntu:@/tmp/.ICE-unix/3439,unix/ubuntu:/tmp/.ICE-unix/3439'), ('PULSE_RUNTIME_PATH', '/run/user/1000/pulse'), ('XDG_MENU_PREFIX', 'gnome-'), ('GNOME_TERMINAL_SCREEN', '/org/gnome/Terminal/screen/acc20211_aadf_49d5_af92_3e0dab956030'), ('XDG_RUNTIME_DIR', '/run/user/1000'), ('PULSE_CONFIG', '/home/cav330/.nx/devices/D-1001-93C5498CD379C6E6122CA9EA4F4B18C9/audio/daemon.conf'), ('GDK_BACKEND', 'x11'), ('DISPLAY', ':1001'), ('LANG', 'en_CA.UTF-8'), ('XDG_CURRENT_DESKTOP', 'ubuntu:GNOME'), ('NX_TEMP', '/tmp'), ('XMODIFIERS', '@im=ibus'), ('XAUTHORITY', '/home/cav330/.Xauthority'), ('LS_COLORS', 'rs=0:di=01;34:ln=01;36:mh=00:pi=40;33:so=01;35:do=01;35:bd=40;33;01:cd=40;33;01:or=40;31;01:mi=00:su=37;41:sg=30;43:ca=30;41:tw=30;42:ow=34;42:st=37;44:ex=01;32:*.tar=01;31:*.tgz=01;31:*.arc=01;31:*.arj=01;31:*.taz=01;31:*.lha=01;31:*.lz4=01;31:*.lzh=01;31:*.lzma=01;31:*.tlz=01;31:*.txz=01;31:*.tzo=01;31:*.t7z=01;31:*.zip=01;31:*.z=01;31:*.dz=01;31:*.gz=01;31:*.lrz=01;31:*.lz=01;31:*.lzo=01;31:*.xz=01;31:*.zst=01;31:*.tzst=01;31:*.bz2=01;31:*.bz=01;31:*.tbz=01;31:*.tbz2=01;31:*.tz=01;31:*.deb=01;31:*.rpm=01;31:*.jar=01;31:*.war=01;31:*.ear=01;31:*.sar=01;31:*.rar=01;31:*.alz=01;31:*.ace=01;31:*.zoo=01;31:*.cpio=01;31:*.7z=01;31:*.rz=01;31:*.cab=01;31:*.wim=01;31:*.swm=01;31:*.dwm=01;31:*.esd=01;31:*.jpg=01;35:*.jpeg=01;35:*.mjpg=01;35:*.mjpeg=01;35:*.gif=01;35:*.bmp=01;35:*.pbm=01;35:*.pgm=01;35:*.ppm=01;35:*.tga=01;35:*.xbm=01;35:*.xpm=01;35:*.tif=01;35:*.tiff=01;35:*.png=01;35:*.svg=01;35:*.svgz=01;35:*.mng=01;35:*.pcx=01;35:*.mov=01;35:*.mpg=01;35:*.mpeg=01;35:*.m2v=01;35:*.mkv=01;35:*.webm=01;35:*.ogm=01;35:*.mp4=01;35:*.m4v=01;35:*.mp4v=01;35:*.vob=01;35:*.qt=01;35:*.nuv=01;35:*.wmv=01;35:*.asf=01;35:*.rm=01;35:*.rmvb=01;35:*.flc=01;35:*.avi=01;35:*.fli=01;35:*.flv=01;35:*.gl=01;35:*.dl=01;35:*.xcf=01;35:*.xwd=01;35:*.yuv=01;35:*.cgm=01;35:*.emf=01;35:*.ogv=01;35:*.ogx=01;35:*.aac=00;36:*.au=00;36:*.flac=00;36:*.m4a=00;36:*.mid=00;36:*.midi=00;36:*.mka=00;36:*.mp3=00;36:*.mpc=00;36:*.ogg=00;36:*.ra=00;36:*.wav=00;36:*.oga=00;36:*.opus=00;36:*.spx=00;36:*.xspf=00;36:'), ('GNOME_TERMINAL_SERVICE', ':1.107'), ('SSH_AUTH_SOCK', '/run/user/1000/keyring/ssh'), ('AMENT_PREFIX_PATH', '/home/cav330/f1tenth_ws/install/vesc_driver:/home/cav330/f1tenth_ws/install/vesc_ackermann:/home/cav330/f1tenth_ws/install/vesc_msgs'), ('SHELL', '/bin/bash'), ('LESSCLOSE', '/usr/bin/lesspipe %s %s'), ('NX_SESSION_ID', '93C5498CD379C6E6122CA9EA4F4B18C9'), ('GJS_DEBUG_OUTPUT', 'stderr'), ('QT_IM_MODULE', 'ibus'), ('PWD', '/home/cav330/f1tenth_ws/build/vesc'), ('NX_RUNNER', '/usr/NX/bin/nxrunner'), ('XDG_CONFIG_DIRS', '/etc/xdg/xdg-ubuntu-xorg:/etc/xdg'), ('XDG_DATA_DIRS', '/usr/share/ubuntu-xorg:/usr/local/share:/usr/share:/var/lib/snapd/desktop'), ('PYTHONPATH', '/home/cav330/f1tenth_ws/install/vesc_msgs/lib/python3.8/site-packages'), ('COLCON', '1'), ('VTE_VERSION', '6003'), ('NX_CONNECTION', '192.168.33.107 60297 192.168.33.130 4000'), ('NXDIR', '/usr/NX'), ('CMAKE_PREFIX_PATH', '/home/cav330/f1tenth_ws/install/vesc_driver:/home/cav330/f1tenth_ws/install/vesc_ackermann:/home/cav330/f1tenth_ws/install/vesc_msgs')]), 'shell': False}
[7.918254] (-) TimerEvent: {}
[7.946481] (vesc) StdoutLine: {'line': b'-- Install configuration: ""\n'}
[7.949239] (vesc) StdoutLine: {'line': b'-- Up-to-date: /home/cav330/f1tenth_ws/install/vesc/share/ament_index/resource_index/package_run_dependencies/vesc\n'}
[7.950742] (vesc) StdoutLine: {'line': b'-- Up-to-date: /home/cav330/f1tenth_ws/install/vesc/share/ament_index/resource_index/parent_prefix_path/vesc\n'}
[7.951983] (vesc) StdoutLine: {'line': b'-- Up-to-date: /home/cav330/f1tenth_ws/install/vesc/share/vesc/environment/ament_prefix_path.sh\n'}
[7.953206] (vesc) StdoutLine: {'line': b'-- Up-to-date: /home/cav330/f1tenth_ws/install/vesc/share/vesc/environment/ament_prefix_path.dsv\n'}
[7.954369] (vesc) StdoutLine: {'line': b'-- Up-to-date: /home/cav330/f1tenth_ws/install/vesc/share/vesc/environment/path.sh\n'}
[7.956830] (vesc) StdoutLine: {'line': b'-- Up-to-date: /home/cav330/f1tenth_ws/install/vesc/share/vesc/environment/path.dsv\n'}
[7.958553] (vesc) StdoutLine: {'line': b'-- Up-to-date: /home/cav330/f1tenth_ws/install/vesc/share/vesc/local_setup.bash\n'}
[7.961498] (vesc) StdoutLine: {'line': b'-- Up-to-date: /home/cav330/f1tenth_ws/install/vesc/share/vesc/local_setup.sh\n'}
[7.962909] (vesc) StdoutLine: {'line': b'-- Up-to-date: /home/cav330/f1tenth_ws/install/vesc/share/vesc/local_setup.zsh\n'}
[7.963579] (vesc) StdoutLine: {'line': b'-- Up-to-date: /home/cav330/f1tenth_ws/install/vesc/share/vesc/local_setup.dsv\n'}
[7.963914] (vesc) StdoutLine: {'line': b'-- Installing: /home/cav330/f1tenth_ws/install/vesc/share/vesc/package.dsv\n'}
[7.965422] (vesc) StdoutLine: {'line': b'-- Up-to-date: /home/cav330/f1tenth_ws/install/vesc/share/ament_index/resource_index/packages/vesc\n'}
[7.966013] (vesc) StdoutLine: {'line': b'-- Up-to-date: /home/cav330/f1tenth_ws/install/vesc/share/vesc/cmake/vescConfig.cmake\n'}
[7.966440] (vesc) StdoutLine: {'line': b'-- Up-to-date: /home/cav330/f1tenth_ws/install/vesc/share/vesc/cmake/vescConfig-version.cmake\n'}
[7.966948] (vesc) StdoutLine: {'line': b'-- Up-to-date: /home/cav330/f1tenth_ws/install/vesc/share/vesc/package.xml\n'}
[7.974634] (vesc) CommandEnded: {'returncode': 0}
[8.018300] (-) TimerEvent: {}
[8.050456] (vesc) JobEnded: {'identifier': 'vesc', 'rc': 0}
[8.054978] (wall_follow) JobStarted: {'identifier': 'wall_follow'}
[8.097884] (wall_follow) JobProgress: {'identifier': 'wall_follow', 'progress': 'cmake'}
[8.104014] (wall_follow) JobProgress: {'identifier': 'wall_follow', 'progress': 'build'}
[8.106073] (wall_follow) Command: {'cmd': ['/usr/bin/cmake', '--build', '/home/cav330/f1tenth_ws/build/wall_follow', '--', '-j4', '-l4'], 'cwd': '/home/cav330/f1tenth_ws/build/wall_follow', 'env': OrderedDict([('NX_ROOT', '/home/cav330/.nx'), ('GJS_DEBUG_TOPICS', 'JS ERROR;JS LOG'), ('LESSOPEN', '| /usr/bin/lesspipe %s'), ('PULSE_CLIENTCONFIG', '/home/cav330/.nx/devices/D-1001-93C5498CD379C6E6122CA9EA4F4B18C9/audio/client.conf'), ('MAIL', '/var/mail/cav330'), ('USER', 'cav330'), ('XDG_SESSION_TYPE', 'x11'), ('NX_SYSTEM', '/usr/NX'), ('SHLVL', '1'), ('LD_LIBRARY_PATH', '/usr/local/cuda-11.4/lib64:'), ('HOME', '/home/cav330'), ('OLDPWD', '/home/cav330'), ('DESKTOP_SESSION', 'ubuntu-xorg'), ('GNOME_SHELL_SESSION_MODE', 'ubuntu'), ('DBUS_SESSION_BUS_ADDRESS', 'unix:abstract=/tmp/dbus-VBtBpNZCM3,guid=826157f4ad5c0dfac02aabc769c59fb7'), ('COLORTERM', 'truecolor'), ('PULSE_SCRIPT', '/home/cav330/.nx/devices/D-1001-93C5498CD379C6E6122CA9EA4F4B18C9/audio/default.pa'), ('WAYLAND_DISPLAY', 'no'), ('LOGNAME', 'cav330'), ('PULSE_SERVER', '/home/cav330/.nx/devices/D-1001-93C5498CD379C6E6122CA9EA4F4B18C9/audio/native.socket'), ('_', '/usr/bin/colcon'), ('XDG_SESSION_CLASS', 'user'), ('USERNAME', 'cav330'), ('TERM', 'xterm-256color'), ('GNOME_DESKTOP_SESSION_ID', 'this-is-deprecated'), ('PATH', '/usr/local/cuda-11.4/bin:/usr/local/sbin:/usr/local/bin:/usr/sbin:/usr/bin:/sbin:/bin:/usr/games:/usr/local/games:/snap/bin'), ('SESSION_MANAGER', 'local/ubuntu:@/tmp/.ICE-unix/3439,unix/ubuntu:/tmp/.ICE-unix/3439'), ('PULSE_RUNTIME_PATH', '/run/user/1000/pulse'), ('XDG_MENU_PREFIX', 'gnome-'), ('GNOME_TERMINAL_SCREEN', '/org/gnome/Terminal/screen/acc20211_aadf_49d5_af92_3e0dab956030'), ('XDG_RUNTIME_DIR', '/run/user/1000'), ('PULSE_CONFIG', '/home/cav330/.nx/devices/D-1001-93C5498CD379C6E6122CA9EA4F4B18C9/audio/daemon.conf'), ('GDK_BACKEND', 'x11'), ('DISPLAY', ':1001'), ('LANG', 'en_CA.UTF-8'), ('XDG_CURRENT_DESKTOP', 'ubuntu:GNOME'), ('NX_TEMP', '/tmp'), ('XMODIFIERS', '@im=ibus'), ('XAUTHORITY', '/home/cav330/.Xauthority'), ('LS_COLORS', 'rs=0:di=01;34:ln=01;36:mh=00:pi=40;33:so=01;35:do=01;35:bd=40;33;01:cd=40;33;01:or=40;31;01:mi=00:su=37;41:sg=30;43:ca=30;41:tw=30;42:ow=34;42:st=37;44:ex=01;32:*.tar=01;31:*.tgz=01;31:*.arc=01;31:*.arj=01;31:*.taz=01;31:*.lha=01;31:*.lz4=01;31:*.lzh=01;31:*.lzma=01;31:*.tlz=01;31:*.txz=01;31:*.tzo=01;31:*.t7z=01;31:*.zip=01;31:*.z=01;31:*.dz=01;31:*.gz=01;31:*.lrz=01;31:*.lz=01;31:*.lzo=01;31:*.xz=01;31:*.zst=01;31:*.tzst=01;31:*.bz2=01;31:*.bz=01;31:*.tbz=01;31:*.tbz2=01;31:*.tz=01;31:*.deb=01;31:*.rpm=01;31:*.jar=01;31:*.war=01;31:*.ear=01;31:*.sar=01;31:*.rar=01;31:*.alz=01;31:*.ace=01;31:*.zoo=01;31:*.cpio=01;31:*.7z=01;31:*.rz=01;31:*.cab=01;31:*.wim=01;31:*.swm=01;31:*.dwm=01;31:*.esd=01;31:*.jpg=01;35:*.jpeg=01;35:*.mjpg=01;35:*.mjpeg=01;35:*.gif=01;35:*.bmp=01;35:*.pbm=01;35:*.pgm=01;35:*.ppm=01;35:*.tga=01;35:*.xbm=01;35:*.xpm=01;35:*.tif=01;35:*.tiff=01;35:*.png=01;35:*.svg=01;35:*.svgz=01;35:*.mng=01;35:*.pcx=01;35:*.mov=01;35:*.mpg=01;35:*.mpeg=01;35:*.m2v=01;35:*.mkv=01;35:*.webm=01;35:*.ogm=01;35:*.mp4=01;35:*.m4v=01;35:*.mp4v=01;35:*.vob=01;35:*.qt=01;35:*.nuv=01;35:*.wmv=01;35:*.asf=01;35:*.rm=01;35:*.rmvb=01;35:*.flc=01;35:*.avi=01;35:*.fli=01;35:*.flv=01;35:*.gl=01;35:*.dl=01;35:*.xcf=01;35:*.xwd=01;35:*.yuv=01;35:*.cgm=01;35:*.emf=01;35:*.ogv=01;35:*.ogx=01;35:*.aac=00;36:*.au=00;36:*.flac=00;36:*.m4a=00;36:*.mid=00;36:*.midi=00;36:*.mka=00;36:*.mp3=00;36:*.mpc=00;36:*.ogg=00;36:*.ra=00;36:*.wav=00;36:*.oga=00;36:*.opus=00;36:*.spx=00;36:*.xspf=00;36:'), ('GNOME_TERMINAL_SERVICE', ':1.107'), ('SSH_AUTH_SOCK', '/run/user/1000/keyring/ssh'), ('SHELL', '/bin/bash'), ('LESSCLOSE', '/usr/bin/lesspipe %s %s'), ('NX_SESSION_ID', '93C5498CD379C6E6122CA9EA4F4B18C9'), ('GJS_DEBUG_OUTPUT', 'stderr'), ('QT_IM_MODULE', 'ibus'), ('PWD', '/home/cav330/f1tenth_ws/build/wall_follow'), ('NX_RUNNER', '/usr/NX/bin/nxrunner'), ('XDG_CONFIG_DIRS', '/etc/xdg/xdg-ubuntu-xorg:/etc/xdg'), ('XDG_DATA_DIRS', '/usr/share/ubuntu-xorg:/usr/local/share:/usr/share:/var/lib/snapd/desktop'), ('COLCON', '1'), ('VTE_VERSION', '6003'), ('NX_CONNECTION', '192.168.33.107 60297 192.168.33.130 4000'), ('NXDIR', '/usr/NX')]), 'shell': False}
[8.121922] (-) TimerEvent: {}
[8.187270] (safety_node) StdoutLine: {'line': b'[100%] Built target safety_node\n'}
[8.221468] (-) TimerEvent: {}
[8.246366] (safety_node) CommandEnded: {'returncode': 0}
[8.252480] (safety_node) JobProgress: {'identifier': 'safety_node', 'progress': 'install'}
[8.262394] (safety_node) Command: {'cmd': ['/usr/bin/cmake', '--install', '/home/cav330/f1tenth_ws/build/safety_node'], 'cwd': '/home/cav330/f1tenth_ws/build/safety_node', 'env': OrderedDict([('NX_ROOT', '/home/cav330/.nx'), ('GJS_DEBUG_TOPICS', 'JS ERROR;JS LOG'), ('LESSOPEN', '| /usr/bin/lesspipe %s'), ('PULSE_CLIENTCONFIG', '/home/cav330/.nx/devices/D-1001-93C5498CD379C6E6122CA9EA4F4B18C9/audio/client.conf'), ('MAIL', '/var/mail/cav330'), ('USER', 'cav330'), ('XDG_SESSION_TYPE', 'x11'), ('NX_SYSTEM', '/usr/NX'), ('SHLVL', '1'), ('LD_LIBRARY_PATH', '/usr/local/cuda-11.4/lib64:'), ('HOME', '/home/cav330'), ('OLDPWD', '/home/cav330'), ('DESKTOP_SESSION', 'ubuntu-xorg'), ('GNOME_SHELL_SESSION_MODE', 'ubuntu'), ('DBUS_SESSION_BUS_ADDRESS', 'unix:abstract=/tmp/dbus-VBtBpNZCM3,guid=826157f4ad5c0dfac02aabc769c59fb7'), ('COLORTERM', 'truecolor'), ('PULSE_SCRIPT', '/home/cav330/.nx/devices/D-1001-93C5498CD379C6E6122CA9EA4F4B18C9/audio/default.pa'), ('WAYLAND_DISPLAY', 'no'), ('LOGNAME', 'cav330'), ('PULSE_SERVER', '/home/cav330/.nx/devices/D-1001-93C5498CD379C6E6122CA9EA4F4B18C9/audio/native.socket'), ('_', '/usr/bin/colcon'), ('XDG_SESSION_CLASS', 'user'), ('USERNAME', 'cav330'), ('TERM', 'xterm-256color'), ('GNOME_DESKTOP_SESSION_ID', 'this-is-deprecated'), ('PATH', '/usr/local/cuda-11.4/bin:/usr/local/sbin:/usr/local/bin:/usr/sbin:/usr/bin:/sbin:/bin:/usr/games:/usr/local/games:/snap/bin'), ('SESSION_MANAGER', 'local/ubuntu:@/tmp/.ICE-unix/3439,unix/ubuntu:/tmp/.ICE-unix/3439'), ('PULSE_RUNTIME_PATH', '/run/user/1000/pulse'), ('XDG_MENU_PREFIX', 'gnome-'), ('GNOME_TERMINAL_SCREEN', '/org/gnome/Terminal/screen/acc20211_aadf_49d5_af92_3e0dab956030'), ('XDG_RUNTIME_DIR', '/run/user/1000'), ('PULSE_CONFIG', '/home/cav330/.nx/devices/D-1001-93C5498CD379C6E6122CA9EA4F4B18C9/audio/daemon.conf'), ('GDK_BACKEND', 'x11'), ('DISPLAY', ':1001'), ('LANG', 'en_CA.UTF-8'), ('XDG_CURRENT_DESKTOP', 'ubuntu:GNOME'), ('NX_TEMP', '/tmp'), ('XMODIFIERS', '@im=ibus'), ('XAUTHORITY', '/home/cav330/.Xauthority'), ('LS_COLORS', 'rs=0:di=01;34:ln=01;36:mh=00:pi=40;33:so=01;35:do=01;35:bd=40;33;01:cd=40;33;01:or=40;31;01:mi=00:su=37;41:sg=30;43:ca=30;41:tw=30;42:ow=34;42:st=37;44:ex=01;32:*.tar=01;31:*.tgz=01;31:*.arc=01;31:*.arj=01;31:*.taz=01;31:*.lha=01;31:*.lz4=01;31:*.lzh=01;31:*.lzma=01;31:*.tlz=01;31:*.txz=01;31:*.tzo=01;31:*.t7z=01;31:*.zip=01;31:*.z=01;31:*.dz=01;31:*.gz=01;31:*.lrz=01;31:*.lz=01;31:*.lzo=01;31:*.xz=01;31:*.zst=01;31:*.tzst=01;31:*.bz2=01;31:*.bz=01;31:*.tbz=01;31:*.tbz2=01;31:*.tz=01;31:*.deb=01;31:*.rpm=01;31:*.jar=01;31:*.war=01;31:*.ear=01;31:*.sar=01;31:*.rar=01;31:*.alz=01;31:*.ace=01;31:*.zoo=01;31:*.cpio=01;31:*.7z=01;31:*.rz=01;31:*.cab=01;31:*.wim=01;31:*.swm=01;31:*.dwm=01;31:*.esd=01;31:*.jpg=01;35:*.jpeg=01;35:*.mjpg=01;35:*.mjpeg=01;35:*.gif=01;35:*.bmp=01;35:*.pbm=01;35:*.pgm=01;35:*.ppm=01;35:*.tga=01;35:*.xbm=01;35:*.xpm=01;35:*.tif=01;35:*.tiff=01;35:*.png=01;35:*.svg=01;35:*.svgz=01;35:*.mng=01;35:*.pcx=01;35:*.mov=01;35:*.mpg=01;35:*.mpeg=01;35:*.m2v=01;35:*.mkv=01;35:*.webm=01;35:*.ogm=01;35:*.mp4=01;35:*.m4v=01;35:*.mp4v=01;35:*.vob=01;35:*.qt=01;35:*.nuv=01;35:*.wmv=01;35:*.asf=01;35:*.rm=01;35:*.rmvb=01;35:*.flc=01;35:*.avi=01;35:*.fli=01;35:*.flv=01;35:*.gl=01;35:*.dl=01;35:*.xcf=01;35:*.xwd=01;35:*.yuv=01;35:*.cgm=01;35:*.emf=01;35:*.ogv=01;35:*.ogx=01;35:*.aac=00;36:*.au=00;36:*.flac=00;36:*.m4a=00;36:*.mid=00;36:*.midi=00;36:*.mka=00;36:*.mp3=00;36:*.mpc=00;36:*.ogg=00;36:*.ra=00;36:*.wav=00;36:*.oga=00;36:*.opus=00;36:*.spx=00;36:*.xspf=00;36:'), ('GNOME_TERMINAL_SERVICE', ':1.107'), ('SSH_AUTH_SOCK', '/run/user/1000/keyring/ssh'), ('SHELL', '/bin/bash'), ('LESSCLOSE', '/usr/bin/lesspipe %s %s'), ('NX_SESSION_ID', '93C5498CD379C6E6122CA9EA4F4B18C9'), ('GJS_DEBUG_OUTPUT', 'stderr'), ('QT_IM_MODULE', 'ibus'), ('PWD', '/home/cav330/f1tenth_ws/build/safety_node'), ('NX_RUNNER', '/usr/NX/bin/nxrunner'), ('XDG_CONFIG_DIRS', '/etc/xdg/xdg-ubuntu-xorg:/etc/xdg'), ('XDG_DATA_DIRS', '/usr/share/ubuntu-xorg:/usr/local/share:/usr/share:/var/lib/snapd/desktop'), ('COLCON', '1'), ('VTE_VERSION', '6003'), ('NX_CONNECTION', '192.168.33.107 60297 192.168.33.130 4000'), ('NXDIR', '/usr/NX')]), 'shell': False}
[8.321843] (-) TimerEvent: {}
[8.328820] (safety_node) StdoutLine: {'line': b'-- Install configuration: ""\n'}
[8.331441] (safety_node) StdoutLine: {'line': b'-- Up-to-date: /home/cav330/f1tenth_ws/install/safety_node/lib/safety_node/safety_node\n'}
[8.333025] (safety_node) StdoutLine: {'line': b'-- Up-to-date: /home/cav330/f1tenth_ws/install/safety_node/share/safety_node/launch\n'}
[8.335077] (safety_node) StdoutLine: {'line': b'-- Up-to-date: /home/cav330/f1tenth_ws/install/safety_node/share/safety_node/launch/safety_node_hardware_launch.py\n'}
[8.336496] (safety_node) StdoutLine: {'line': b'-- Up-to-date: /home/cav330/f1tenth_ws/install/safety_node/share/safety_node/launch/safety_node_launch.py\n'}
[8.337118] (safety_node) StdoutLine: {'line': b'-- Up-to-date: /home/cav330/f1tenth_ws/install/safety_node/share/safety_node/config\n'}
[8.337626] (safety_node) StdoutLine: {'line': b'-- Up-to-date: /home/cav330/f1tenth_ws/install/safety_node/share/safety_node/config/hardware_params.yaml\n'}
[8.338030] (safety_node) StdoutLine: {'line': b'-- Up-to-date: /home/cav330/f1tenth_ws/install/safety_node/share/ament_index/resource_index/package_run_dependencies/safety_node\n'}
[8.338750] (safety_node) StdoutLine: {'line': b'-- Up-to-date: /home/cav330/f1tenth_ws/install/safety_node/share/ament_index/resource_index/parent_prefix_path/safety_node\n'}
[8.339095] (safety_node) StdoutLine: {'line': b'-- Up-to-date: /home/cav330/f1tenth_ws/install/safety_node/share/safety_node/environment/ament_prefix_path.sh\n'}
[8.339500] (safety_node) StdoutLine: {'line': b'-- Up-to-date: /home/cav330/f1tenth_ws/install/safety_node/share/safety_node/environment/ament_prefix_path.dsv\n'}
[8.340237] (safety_node) StdoutLine: {'line': b'-- Up-to-date: /home/cav330/f1tenth_ws/install/safety_node/share/safety_node/environment/path.sh\n'}
[8.340679] (safety_node) StdoutLine: {'line': b'-- Up-to-date: /home/cav330/f1tenth_ws/install/safety_node/share/safety_node/environment/path.dsv\n'}
[8.341102] (safety_node) StdoutLine: {'line': b'-- Up-to-date: /home/cav330/f1tenth_ws/install/safety_node/share/safety_node/local_setup.bash\n'}
[8.341510] (safety_node) StdoutLine: {'line': b'-- Up-to-date: /home/cav330/f1tenth_ws/install/safety_node/share/safety_node/local_setup.sh\n'}
[8.343192] (safety_node) StdoutLine: {'line': b'-- Up-to-date: /home/cav330/f1tenth_ws/install/safety_node/share/safety_node/local_setup.zsh\n'}
[8.343555] (safety_node) StdoutLine: {'line': b'-- Up-to-date: /home/cav330/f1tenth_ws/install/safety_node/share/safety_node/local_setup.dsv\n'}
[8.343861] (safety_node) StdoutLine: {'line': b'-- Installing: /home/cav330/f1tenth_ws/install/safety_node/share/safety_node/package.dsv\n'}
[8.344185] (safety_node) StdoutLine: {'line': b'-- Up-to-date: /home/cav330/f1tenth_ws/install/safety_node/share/ament_index/resource_index/packages/safety_node\n'}
[8.344486] (safety_node) StdoutLine: {'line': b'-- Up-to-date: /home/cav330/f1tenth_ws/install/safety_node/share/safety_node/cmake/safety_nodeConfig.cmake\n'}
[8.344777] (safety_node) StdoutLine: {'line': b'-- Up-to-date: /home/cav330/f1tenth_ws/install/safety_node/share/safety_node/cmake/safety_nodeConfig-version.cmake\n'}
[8.345060] (safety_node) StdoutLine: {'line': b'-- Up-to-date: /home/cav330/f1tenth_ws/install/safety_node/share/safety_node/package.xml\n'}
[8.352686] (safety_node) CommandEnded: {'returncode': 0}
[8.423729] (-) TimerEvent: {}
[8.447999] (safety_node) JobEnded: {'identifier': 'safety_node', 'rc': 0}
[8.523958] (-) TimerEvent: {}
[8.592990] (wall_follow) StdoutLine: {'line': b'[100%] Built target wall_follow_node\n'}
[8.624204] (-) TimerEvent: {}
[8.628437] (joy_teleop) StdoutLine: {'line': b'running egg_info\n'}
[8.630922] (joy_teleop) StdoutLine: {'line': b'writing ../../../../build/joy_teleop/joy_teleop.egg-info/PKG-INFO\n'}
[8.632498] (joy_teleop) StdoutLine: {'line': b'writing dependency_links to ../../../../build/joy_teleop/joy_teleop.egg-info/dependency_links.txt\n'}
[8.634420] (joy_teleop) StdoutLine: {'line': b'writing entry points to ../../../../build/joy_teleop/joy_teleop.egg-info/entry_points.txt\n'}
[8.635089] (joy_teleop) StdoutLine: {'line': b'writing requirements to ../../../../build/joy_teleop/joy_teleop.egg-info/requires.txt\n'}
[8.636992] (joy_teleop) StdoutLine: {'line': b'writing top-level names to ../../../../build/joy_teleop/joy_teleop.egg-info/top_level.txt\n'}
[8.649536] (wall_follow) CommandEnded: {'returncode': 0}
[8.656020] (wall_follow) JobProgress: {'identifier': 'wall_follow', 'progress': 'install'}
[8.657789] (wall_follow) Command: {'cmd': ['/usr/bin/cmake', '--install', '/home/cav330/f1tenth_ws/build/wall_follow'], 'cwd': '/home/cav330/f1tenth_ws/build/wall_follow', 'env': OrderedDict([('NX_ROOT', '/home/cav330/.nx'), ('GJS_DEBUG_TOPICS', 'JS ERROR;JS LOG'), ('LESSOPEN', '| /usr/bin/lesspipe %s'), ('PULSE_CLIENTCONFIG', '/home/cav330/.nx/devices/D-1001-93C5498CD379C6E6122CA9EA4F4B18C9/audio/client.conf'), ('MAIL', '/var/mail/cav330'), ('USER', 'cav330'), ('XDG_SESSION_TYPE', 'x11'), ('NX_SYSTEM', '/usr/NX'), ('SHLVL', '1'), ('LD_LIBRARY_PATH', '/usr/local/cuda-11.4/lib64:'), ('HOME', '/home/cav330'), ('OLDPWD', '/home/cav330'), ('DESKTOP_SESSION', 'ubuntu-xorg'), ('GNOME_SHELL_SESSION_MODE', 'ubuntu'), ('DBUS_SESSION_BUS_ADDRESS', 'unix:abstract=/tmp/dbus-VBtBpNZCM3,guid=826157f4ad5c0dfac02aabc769c59fb7'), ('COLORTERM', 'truecolor'), ('PULSE_SCRIPT', '/home/cav330/.nx/devices/D-1001-93C5498CD379C6E6122CA9EA4F4B18C9/audio/default.pa'), ('WAYLAND_DISPLAY', 'no'), ('LOGNAME', 'cav330'), ('PULSE_SERVER', '/home/cav330/.nx/devices/D-1001-93C5498CD379C6E6122CA9EA4F4B18C9/audio/native.socket'), ('_', '/usr/bin/colcon'), ('XDG_SESSION_CLASS', 'user'), ('USERNAME', 'cav330'), ('TERM', 'xterm-256color'), ('GNOME_DESKTOP_SESSION_ID', 'this-is-deprecated'), ('PATH', '/usr/local/cuda-11.4/bin:/usr/local/sbin:/usr/local/bin:/usr/sbin:/usr/bin:/sbin:/bin:/usr/games:/usr/local/games:/snap/bin'), ('SESSION_MANAGER', 'local/ubuntu:@/tmp/.ICE-unix/3439,unix/ubuntu:/tmp/.ICE-unix/3439'), ('PULSE_RUNTIME_PATH', '/run/user/1000/pulse'), ('XDG_MENU_PREFIX', 'gnome-'), ('GNOME_TERMINAL_SCREEN', '/org/gnome/Terminal/screen/acc20211_aadf_49d5_af92_3e0dab956030'), ('XDG_RUNTIME_DIR', '/run/user/1000'), ('PULSE_CONFIG', '/home/cav330/.nx/devices/D-1001-93C5498CD379C6E6122CA9EA4F4B18C9/audio/daemon.conf'), ('GDK_BACKEND', 'x11'), ('DISPLAY', ':1001'), ('LANG', 'en_CA.UTF-8'), ('XDG_CURRENT_DESKTOP', 'ubuntu:GNOME'), ('NX_TEMP', '/tmp'), ('XMODIFIERS', '@im=ibus'), ('XAUTHORITY', '/home/cav330/.Xauthority'), ('LS_COLORS', 'rs=0:di=01;34:ln=01;36:mh=00:pi=40;33:so=01;35:do=01;35:bd=40;33;01:cd=40;33;01:or=40;31;01:mi=00:su=37;41:sg=30;43:ca=30;41:tw=30;42:ow=34;42:st=37;44:ex=01;32:*.tar=01;31:*.tgz=01;31:*.arc=01;31:*.arj=01;31:*.taz=01;31:*.lha=01;31:*.lz4=01;31:*.lzh=01;31:*.lzma=01;31:*.tlz=01;31:*.txz=01;31:*.tzo=01;31:*.t7z=01;31:*.zip=01;31:*.z=01;31:*.dz=01;31:*.gz=01;31:*.lrz=01;31:*.lz=01;31:*.lzo=01;31:*.xz=01;31:*.zst=01;31:*.tzst=01;31:*.bz2=01;31:*.bz=01;31:*.tbz=01;31:*.tbz2=01;31:*.tz=01;31:*.deb=01;31:*.rpm=01;31:*.jar=01;31:*.war=01;31:*.ear=01;31:*.sar=01;31:*.rar=01;31:*.alz=01;31:*.ace=01;31:*.zoo=01;31:*.cpio=01;31:*.7z=01;31:*.rz=01;31:*.cab=01;31:*.wim=01;31:*.swm=01;31:*.dwm=01;31:*.esd=01;31:*.jpg=01;35:*.jpeg=01;35:*.mjpg=01;35:*.mjpeg=01;35:*.gif=01;35:*.bmp=01;35:*.pbm=01;35:*.pgm=01;35:*.ppm=01;35:*.tga=01;35:*.xbm=01;35:*.xpm=01;35:*.tif=01;35:*.tiff=01;35:*.png=01;35:*.svg=01;35:*.svgz=01;35:*.mng=01;35:*.pcx=01;35:*.mov=01;35:*.mpg=01;35:*.mpeg=01;35:*.m2v=01;35:*.mkv=01;35:*.webm=01;35:*.ogm=01;35:*.mp4=01;35:*.m4v=01;35:*.mp4v=01;35:*.vob=01;35:*.qt=01;35:*.nuv=01;35:*.wmv=01;35:*.asf=01;35:*.rm=01;35:*.rmvb=01;35:*.flc=01;35:*.avi=01;35:*.fli=01;35:*.flv=01;35:*.gl=01;35:*.dl=01;35:*.xcf=01;35:*.xwd=01;35:*.yuv=01;35:*.cgm=01;35:*.emf=01;35:*.ogv=01;35:*.ogx=01;35:*.aac=00;36:*.au=00;36:*.flac=00;36:*.m4a=00;36:*.mid=00;36:*.midi=00;36:*.mka=00;36:*.mp3=00;36:*.mpc=00;36:*.ogg=00;36:*.ra=00;36:*.wav=00;36:*.oga=00;36:*.opus=00;36:*.spx=00;36:*.xspf=00;36:'), ('GNOME_TERMINAL_SERVICE', ':1.107'), ('SSH_AUTH_SOCK', '/run/user/1000/keyring/ssh'), ('SHELL', '/bin/bash'), ('LESSCLOSE', '/usr/bin/lesspipe %s %s'), ('NX_SESSION_ID', '93C5498CD379C6E6122CA9EA4F4B18C9'), ('GJS_DEBUG_OUTPUT', 'stderr'), ('QT_IM_MODULE', 'ibus'), ('PWD', '/home/cav330/f1tenth_ws/build/wall_follow'), ('NX_RUNNER', '/usr/NX/bin/nxrunner'), ('XDG_CONFIG_DIRS', '/etc/xdg/xdg-ubuntu-xorg:/etc/xdg'), ('XDG_DATA_DIRS', '/usr/share/ubuntu-xorg:/usr/local/share:/usr/share:/var/lib/snapd/desktop'), ('COLCON', '1'), ('VTE_VERSION', '6003'), ('NX_CONNECTION', '192.168.33.107 60297 192.168.33.130 4000'), ('NXDIR', '/usr/NX')]), 'shell': False}
[8.715953] (wall_follow) StdoutLine: {'line': b'-- Install configuration: ""\n'}
[8.724467] (-) TimerEvent: {}
[8.725722] (wall_follow) StdoutLine: {'line': b'-- Up-to-date: /home/cav330/f1tenth_ws/install/wall_follow/lib/wall_follow/wall_follow_node\n'}
[8.728732] (wall_follow) StdoutLine: {'line': b'-- Up-to-date: /home/cav330/f1tenth_ws/install/wall_follow/share/wall_follow/launch\n'}
[8.729928] (wall_follow) StdoutLine: {'line': b'-- Up-to-date: /home/cav330/f1tenth_ws/install/wall_follow/share/wall_follow/launch/wall_follow_launch.py\n'}
[8.730438] (wall_follow) StdoutLine: {'line': b'-- Up-to-date: /home/cav330/f1tenth_ws/install/wall_follow/share/wall_follow/launch/wall_follow_hardware_launch.py\n'}
[8.731252] (wall_follow) StdoutLine: {'line': b'-- Up-to-date: /home/cav330/f1tenth_ws/install/wall_follow/share/wall_follow/launch/hardware_launch.py\n'}
[8.731896] (wall_follow) StdoutLine: {'line': b'-- Up-to-date: /home/cav330/f1tenth_ws/install/wall_follow/share/wall_follow/config\n'}
[8.732796] (wall_follow) StdoutLine: {'line': b'-- Up-to-date: /home/cav330/f1tenth_ws/install/wall_follow/share/wall_follow/config/mux_params.yaml\n'}
[8.733486] (wall_follow) StdoutLine: {'line': b'-- Up-to-date: /home/cav330/f1tenth_ws/install/wall_follow/share/wall_follow/config/hardware_params.yaml\n'}
[8.734701] (wall_follow) StdoutLine: {'line': b'-- Up-to-date: /home/cav330/f1tenth_ws/install/wall_follow/share/ament_index/resource_index/package_run_dependencies/wall_follow\n'}
[8.735787] (wall_follow) StdoutLine: {'line': b'-- Up-to-date: /home/cav330/f1tenth_ws/install/wall_follow/share/ament_index/resource_index/parent_prefix_path/wall_follow\n'}
[8.737459] (wall_follow) StdoutLine: {'line': b'-- Up-to-date: /home/cav330/f1tenth_ws/install/wall_follow/share/wall_follow/environment/ament_prefix_path.sh\n'}
[8.738592] (wall_follow) StdoutLine: {'line': b'-- Up-to-date: /home/cav330/f1tenth_ws/install/wall_follow/share/wall_follow/environment/ament_prefix_path.dsv\n'}
[8.739687] (wall_follow) StdoutLine: {'line': b'-- Up-to-date: /home/cav330/f1tenth_ws/install/wall_follow/share/wall_follow/environment/path.sh\n'}
[8.740833] (wall_follow) StdoutLine: {'line': b'-- Up-to-date: /home/cav330/f1tenth_ws/install/wall_follow/share/wall_follow/environment/path.dsv\n'}
[8.741869] (wall_follow) StdoutLine: {'line': b'-- Up-to-date: /home/cav330/f1tenth_ws/install/wall_follow/share/wall_follow/local_setup.bash\n'}
[8.742971] (wall_follow) StdoutLine: {'line': b'-- Up-to-date: /home/cav330/f1tenth_ws/install/wall_follow/share/wall_follow/local_setup.sh\n'}
[8.743954] (wall_follow) StdoutLine: {'line': b'-- Up-to-date: /home/cav330/f1tenth_ws/install/wall_follow/share/wall_follow/local_setup.zsh\n'}
[8.745785] (wall_follow) StdoutLine: {'line': b'-- Up-to-date: /home/cav330/f1tenth_ws/install/wall_follow/share/wall_follow/local_setup.dsv\n'}
[8.746659] (wall_follow) StdoutLine: {'line': b'-- Installing: /home/cav330/f1tenth_ws/install/wall_follow/share/wall_follow/package.dsv\n'}
[8.748109] (wall_follow) StdoutLine: {'line': b'-- Up-to-date: /home/cav330/f1tenth_ws/install/wall_follow/share/ament_index/resource_index/packages/wall_follow\n'}
[8.748840] (wall_follow) StdoutLine: {'line': b'-- Up-to-date: /home/cav330/f1tenth_ws/install/wall_follow/share/wall_follow/cmake/wall_followConfig.cmake\n'}
[8.749178] (wall_follow) StdoutLine: {'line': b'-- Up-to-date: /home/cav330/f1tenth_ws/install/wall_follow/share/wall_follow/cmake/wall_followConfig-version.cmake\n'}
[8.749766] (wall_follow) StdoutLine: {'line': b'-- Up-to-date: /home/cav330/f1tenth_ws/install/wall_follow/share/wall_follow/package.xml\n'}
[8.759133] (wall_follow) CommandEnded: {'returncode': 0}
[8.809544] (joy_teleop) StdoutLine: {'line': b"reading manifest file '../../../../build/joy_teleop/joy_teleop.egg-info/SOURCES.txt'\n"}
[8.816075] (joy_teleop) StdoutLine: {'line': b"writing manifest file '../../../../build/joy_teleop/joy_teleop.egg-info/SOURCES.txt'\n"}
[8.816676] (joy_teleop) StdoutLine: {'line': b'running build\n'}
[8.817039] (joy_teleop) StdoutLine: {'line': b'running build_py\n'}
[8.819735] (joy_teleop) StdoutLine: {'line': b'running install\n'}
[8.823249] (joy_teleop) StdoutLine: {'line': b'running install_lib\n'}
[8.825067] (-) TimerEvent: {}
[8.829930] (joy_teleop) StdoutLine: {'line': b'running install_data\n'}
[8.832630] (joy_teleop) StdoutLine: {'line': b'running install_egg_info\n'}
[8.839002] (wall_follow) JobEnded: {'identifier': 'wall_follow', 'rc': 0}
[8.841470] (joy_teleop) StdoutLine: {'line': b"removing '/home/cav330/f1tenth_ws/install/joy_teleop/lib/python3.8/site-packages/joy_teleop-0.3.0-py3.8.egg-info' (and everything under it)\n"}
[8.843255] (joy_teleop) StdoutLine: {'line': b'Copying ../../../../build/joy_teleop/joy_teleop.egg-info to /home/cav330/f1tenth_ws/install/joy_teleop/lib/python3.8/site-packages/joy_teleop-0.3.0-py3.8.egg-info\n'}
[8.848560] (joy_teleop) StdoutLine: {'line': b'running install_scripts\n'}
[8.924785] (joy_teleop) StdoutLine: {'line': b'Installing incrementer_server script to /home/cav330/f1tenth_ws/install/joy_teleop/lib/joy_teleop\n'}
[8.925352] (-) TimerEvent: {}
[8.927155] (joy_teleop) StdoutLine: {'line': b'Installing joy_teleop script to /home/cav330/f1tenth_ws/install/joy_teleop/lib/joy_teleop\n'}
[8.928551] (joy_teleop) StdoutLine: {'line': b"writing list of installed files to '/home/cav330/f1tenth_ws/build/joy_teleop/install.log'\n"}
[9.025587] (-) TimerEvent: {}
[9.030548] (joy_teleop) CommandEnded: {'returncode': 0}
[9.060202] (joy_teleop) JobEnded: {'identifier': 'joy_teleop', 'rc': 0}
[9.071179] (teleop_tools) JobStarted: {'identifier': 'teleop_tools'}
[9.082679] (f1tenth_stack) JobStarted: {'identifier': 'f1tenth_stack'}
[9.127597] (-) TimerEvent: {}
[9.145321] (teleop_tools) JobProgress: {'identifier': 'teleop_tools', 'progress': 'cmake'}
[9.151506] (teleop_tools) JobProgress: {'identifier': 'teleop_tools', 'progress': 'build'}
[9.161117] (teleop_tools) Command: {'cmd': ['/usr/bin/cmake', '--build', '/home/cav330/f1tenth_ws/build/teleop_tools', '--', '-j4', '-l4'], 'cwd': '/home/cav330/f1tenth_ws/build/teleop_tools', 'env': OrderedDict([('NX_ROOT', '/home/cav330/.nx'), ('GJS_DEBUG_TOPICS', 'JS ERROR;JS LOG'), ('LESSOPEN', '| /usr/bin/lesspipe %s'), ('PULSE_CLIENTCONFIG', '/home/cav330/.nx/devices/D-1001-93C5498CD379C6E6122CA9EA4F4B18C9/audio/client.conf'), ('MAIL', '/var/mail/cav330'), ('USER', 'cav330'), ('XDG_SESSION_TYPE', 'x11'), ('NX_SYSTEM', '/usr/NX'), ('SHLVL', '1'), ('LD_LIBRARY_PATH', '/home/cav330/f1tenth_ws/install/teleop_tools_msgs/lib:/usr/local/cuda-11.4/lib64'), ('HOME', '/home/cav330'), ('OLDPWD', '/home/cav330'), ('DESKTOP_SESSION', 'ubuntu-xorg'), ('GNOME_SHELL_SESSION_MODE', 'ubuntu'), ('DBUS_SESSION_BUS_ADDRESS', 'unix:abstract=/tmp/dbus-VBtBpNZCM3,guid=826157f4ad5c0dfac02aabc769c59fb7'), ('COLORTERM', 'truecolor'), ('PULSE_SCRIPT', '/home/cav330/.nx/devices/D-1001-93C5498CD379C6E6122CA9EA4F4B18C9/audio/default.pa'), ('WAYLAND_DISPLAY', 'no'), ('LOGNAME', 'cav330'), ('PULSE_SERVER', '/home/cav330/.nx/devices/D-1001-93C5498CD379C6E6122CA9EA4F4B18C9/audio/native.socket'), ('_', '/usr/bin/colcon'), ('XDG_SESSION_CLASS', 'user'), ('USERNAME', 'cav330'), ('TERM', 'xterm-256color'), ('GNOME_DESKTOP_SESSION_ID', 'this-is-deprecated'), ('PATH', '/usr/local/cuda-11.4/bin:/usr/local/sbin:/usr/local/bin:/usr/sbin:/usr/bin:/sbin:/bin:/usr/games:/usr/local/games:/snap/bin'), ('SESSION_MANAGER', 'local/ubuntu:@/tmp/.ICE-unix/3439,unix/ubuntu:/tmp/.ICE-unix/3439'), ('PULSE_RUNTIME_PATH', '/run/user/1000/pulse'), ('XDG_MENU_PREFIX', 'gnome-'), ('GNOME_TERMINAL_SCREEN', '/org/gnome/Terminal/screen/acc20211_aadf_49d5_af92_3e0dab956030'), ('XDG_RUNTIME_DIR', '/run/user/1000'), ('PULSE_CONFIG', '/home/cav330/.nx/devices/D-1001-93C5498CD379C6E6122CA9EA4F4B18C9/audio/daemon.conf'), ('GDK_BACKEND', 'x11'), ('DISPLAY', ':1001'), ('LANG', 'en_CA.UTF-8'), ('XDG_CURRENT_DESKTOP', 'ubuntu:GNOME'), ('NX_TEMP', '/tmp'), ('XMODIFIERS', '@im=ibus'), ('XAUTHORITY', '/home/cav330/.Xauthority'), ('LS_COLORS', 'rs=0:di=01;34:ln=01;36:mh=00:pi=40;33:so=01;35:do=01;35:bd=40;33;01:cd=40;33;01:or=40;31;01:mi=00:su=37;41:sg=30;43:ca=30;41:tw=30;42:ow=34;42:st=37;44:ex=01;32:*.tar=01;31:*.tgz=01;31:*.arc=01;31:*.arj=01;31:*.taz=01;31:*.lha=01;31:*.lz4=01;31:*.lzh=01;31:*.lzma=01;31:*.tlz=01;31:*.txz=01;31:*.tzo=01;31:*.t7z=01;31:*.zip=01;31:*.z=01;31:*.dz=01;31:*.gz=01;31:*.lrz=01;31:*.lz=01;31:*.lzo=01;31:*.xz=01;31:*.zst=01;31:*.tzst=01;31:*.bz2=01;31:*.bz=01;31:*.tbz=01;31:*.tbz2=01;31:*.tz=01;31:*.deb=01;31:*.rpm=01;31:*.jar=01;31:*.war=01;31:*.ear=01;31:*.sar=01;31:*.rar=01;31:*.alz=01;31:*.ace=01;31:*.zoo=01;31:*.cpio=01;31:*.7z=01;31:*.rz=01;31:*.cab=01;31:*.wim=01;31:*.swm=01;31:*.dwm=01;31:*.esd=01;31:*.jpg=01;35:*.jpeg=01;35:*.mjpg=01;35:*.mjpeg=01;35:*.gif=01;35:*.bmp=01;35:*.pbm=01;35:*.pgm=01;35:*.ppm=01;35:*.tga=01;35:*.xbm=01;35:*.xpm=01;35:*.tif=01;35:*.tiff=01;35:*.png=01;35:*.svg=01;35:*.svgz=01;35:*.mng=01;35:*.pcx=01;35:*.mov=01;35:*.mpg=01;35:*.mpeg=01;35:*.m2v=01;35:*.mkv=01;35:*.webm=01;35:*.ogm=01;35:*.mp4=01;35:*.m4v=01;35:*.mp4v=01;35:*.vob=01;35:*.qt=01;35:*.nuv=01;35:*.wmv=01;35:*.asf=01;35:*.rm=01;35:*.rmvb=01;35:*.flc=01;35:*.avi=01;35:*.fli=01;35:*.flv=01;35:*.gl=01;35:*.dl=01;35:*.xcf=01;35:*.xwd=01;35:*.yuv=01;35:*.cgm=01;35:*.emf=01;35:*.ogv=01;35:*.ogx=01;35:*.aac=00;36:*.au=00;36:*.flac=00;36:*.m4a=00;36:*.mid=00;36:*.midi=00;36:*.mka=00;36:*.mp3=00;36:*.mpc=00;36:*.ogg=00;36:*.ra=00;36:*.wav=00;36:*.oga=00;36:*.opus=00;36:*.spx=00;36:*.xspf=00;36:'), ('GNOME_TERMINAL_SERVICE', ':1.107'), ('SSH_AUTH_SOCK', '/run/user/1000/keyring/ssh'), ('AMENT_PREFIX_PATH', '/home/cav330/f1tenth_ws/install/joy_teleop:/home/cav330/f1tenth_ws/install/teleop_tools_msgs:/home/cav330/f1tenth_ws/install/key_teleop'), ('SHELL', '/bin/bash'), ('LESSCLOSE', '/usr/bin/lesspipe %s %s'), ('NX_SESSION_ID', '93C5498CD379C6E6122CA9EA4F4B18C9'), ('GJS_DEBUG_OUTPUT', 'stderr'), ('QT_IM_MODULE', 'ibus'), ('PWD', '/home/cav330/f1tenth_ws/build/teleop_tools'), ('NX_RUNNER', '/usr/NX/bin/nxrunner'), ('XDG_CONFIG_DIRS', '/etc/xdg/xdg-ubuntu-xorg:/etc/xdg'), ('XDG_DATA_DIRS', '/usr/share/ubuntu-xorg:/usr/local/share:/usr/share:/var/lib/snapd/desktop'), ('PYTHONPATH', '/home/cav330/f1tenth_ws/install/joy_teleop/lib/python3.8/site-packages:/home/cav330/f1tenth_ws/install/teleop_tools_msgs/lib/python3.8/site-packages:/home/cav330/f1tenth_ws/install/key_teleop/lib/python3.8/site-packages'), ('COLCON', '1'), ('VTE_VERSION', '6003'), ('NX_CONNECTION', '192.168.33.107 60297 192.168.33.130 4000'), ('NXDIR', '/usr/NX'), ('CMAKE_PREFIX_PATH', '/home/cav330/f1tenth_ws/install/teleop_tools_msgs')]), 'shell': False}
[9.227487] (-) TimerEvent: {}
[9.329569] (-) TimerEvent: {}
[9.432314] (-) TimerEvent: {}
[9.533717] (-) TimerEvent: {}
[9.635093] (-) TimerEvent: {}
[9.736058] (-) TimerEvent: {}
[9.837140] (-) TimerEvent: {}
[9.938107] (-) TimerEvent: {}
[10.039115] (-) TimerEvent: {}
[10.140784] (-) TimerEvent: {}
[10.161020] (mouse_teleop) Command: {'cmd': ['/usr/bin/python3', '-W', 'ignore:setup.py install is deprecated', '-W', 'ignore:easy_install command is deprecated', 'setup.py', 'egg_info', '--egg-base', '../../../../build/mouse_teleop', 'build', '--build-base', '/home/cav330/f1tenth_ws/build/mouse_teleop/build', 'install', '--record', '/home/cav330/f1tenth_ws/build/mouse_teleop/install.log', '--install-scripts', '$base/lib/mouse_teleop', '--single-version-externally-managed', 'install_data'], 'cwd': '/home/cav330/f1tenth_ws/src/f1tenth_system/teleop_tools/mouse_teleop', 'env': {'NX_ROOT': '/home/cav330/.nx', 'GJS_DEBUG_TOPICS': 'JS ERROR;JS LOG', 'LESSOPEN': '| /usr/bin/lesspipe %s', 'PULSE_CLIENTCONFIG': '/home/cav330/.nx/devices/D-1001-93C5498CD379C6E6122CA9EA4F4B18C9/audio/client.conf', 'MAIL': '/var/mail/cav330', 'USER': 'cav330', 'XDG_SESSION_TYPE': 'x11', 'NX_SYSTEM': '/usr/NX', 'SHLVL': '1', 'LD_LIBRARY_PATH': '/usr/local/cuda-11.4/lib64:', 'HOME': '/home/cav330', 'OLDPWD': '/home/cav330', 'DESKTOP_SESSION': 'ubuntu-xorg', 'GNOME_SHELL_SESSION_MODE': 'ubuntu', 'DBUS_SESSION_BUS_ADDRESS': 'unix:abstract=/tmp/dbus-VBtBpNZCM3,guid=826157f4ad5c0dfac02aabc769c59fb7', 'COLORTERM': 'truecolor', 'PULSE_SCRIPT': '/home/cav330/.nx/devices/D-1001-93C5498CD379C6E6122CA9EA4F4B18C9/audio/default.pa', 'WAYLAND_DISPLAY': 'no', 'LOGNAME': 'cav330', 'PULSE_SERVER': '/home/cav330/.nx/devices/D-1001-93C5498CD379C6E6122CA9EA4F4B18C9/audio/native.socket', '_': '/usr/bin/colcon', 'XDG_SESSION_CLASS': 'user', 'USERNAME': 'cav330', 'TERM': 'xterm-256color', 'GNOME_DESKTOP_SESSION_ID': 'this-is-deprecated', 'PATH': '/usr/local/cuda-11.4/bin:/usr/local/sbin:/usr/local/bin:/usr/sbin:/usr/bin:/sbin:/bin:/usr/games:/usr/local/games:/snap/bin', 'SESSION_MANAGER': 'local/ubuntu:@/tmp/.ICE-unix/3439,unix/ubuntu:/tmp/.ICE-unix/3439', 'PULSE_RUNTIME_PATH': '/run/user/1000/pulse', 'XDG_MENU_PREFIX': 'gnome-', 'GNOME_TERMINAL_SCREEN': '/org/gnome/Terminal/screen/acc20211_aadf_49d5_af92_3e0dab956030', 'XDG_RUNTIME_DIR': '/run/user/1000', 'PULSE_CONFIG': '/home/cav330/.nx/devices/D-1001-93C5498CD379C6E6122CA9EA4F4B18C9/audio/daemon.conf', 'GDK_BACKEND': 'x11', 'DISPLAY': ':1001', 'LANG': 'en_CA.UTF-8', 'XDG_CURRENT_DESKTOP': 'ubuntu:GNOME', 'NX_TEMP': '/tmp', 'XMODIFIERS': '@im=ibus', 'XAUTHORITY': '/home/cav330/.Xauthority', 'LS_COLORS': 'rs=0:di=01;34:ln=01;36:mh=00:pi=40;33:so=01;35:do=01;35:bd=40;33;01:cd=40;33;01:or=40;31;01:mi=00:su=37;41:sg=30;43:ca=30;41:tw=30;42:ow=34;42:st=37;44:ex=01;32:*.tar=01;31:*.tgz=01;31:*.arc=01;31:*.arj=01;31:*.taz=01;31:*.lha=01;31:*.lz4=01;31:*.lzh=01;31:*.lzma=01;31:*.tlz=01;31:*.txz=01;31:*.tzo=01;31:*.t7z=01;31:*.zip=01;31:*.z=01;31:*.dz=01;31:*.gz=01;31:*.lrz=01;31:*.lz=01;31:*.lzo=01;31:*.xz=01;31:*.zst=01;31:*.tzst=01;31:*.bz2=01;31:*.bz=01;31:*.tbz=01;31:*.tbz2=01;31:*.tz=01;31:*.deb=01;31:*.rpm=01;31:*.jar=01;31:*.war=01;31:*.ear=01;31:*.sar=01;31:*.rar=01;31:*.alz=01;31:*.ace=01;31:*.zoo=01;31:*.cpio=01;31:*.7z=01;31:*.rz=01;31:*.cab=01;31:*.wim=01;31:*.swm=01;31:*.dwm=01;31:*.esd=01;31:*.jpg=01;35:*.jpeg=01;35:*.mjpg=01;35:*.mjpeg=01;35:*.gif=01;35:*.bmp=01;35:*.pbm=01;35:*.pgm=01;35:*.ppm=01;35:*.tga=01;35:*.xbm=01;35:*.xpm=01;35:*.tif=01;35:*.tiff=01;35:*.png=01;35:*.svg=01;35:*.svgz=01;35:*.mng=01;35:*.pcx=01;35:*.mov=01;35:*.mpg=01;35:*.mpeg=01;35:*.m2v=01;35:*.mkv=01;35:*.webm=01;35:*.ogm=01;35:*.mp4=01;35:*.m4v=01;35:*.mp4v=01;35:*.vob=01;35:*.qt=01;35:*.nuv=01;35:*.wmv=01;35:*.asf=01;35:*.rm=01;35:*.rmvb=01;35:*.flc=01;35:*.avi=01;35:*.fli=01;35:*.flv=01;35:*.gl=01;35:*.dl=01;35:*.xcf=01;35:*.xwd=01;35:*.yuv=01;35:*.cgm=01;35:*.emf=01;35:*.ogv=01;35:*.ogx=01;35:*.aac=00;36:*.au=00;36:*.flac=00;36:*.m4a=00;36:*.mid=00;36:*.midi=00;36:*.mka=00;36:*.mp3=00;36:*.mpc=00;36:*.ogg=00;36:*.ra=00;36:*.wav=00;36:*.oga=00;36:*.opus=00;36:*.spx=00;36:*.xspf=00;36:', 'GNOME_TERMINAL_SERVICE': ':1.107', 'SSH_AUTH_SOCK': '/run/user/1000/keyring/ssh', 'SHELL': '/bin/bash', 'LESSCLOSE': '/usr/bin/lesspipe %s %s', 'NX_SESSION_ID': '93C5498CD379C6E6122CA9EA4F4B18C9', 'GJS_DEBUG_OUTPUT': 'stderr', 'QT_IM_MODULE': 'ibus', 'PWD': '/home/cav330/f1tenth_ws/build/mouse_teleop', 'NX_RUNNER': '/usr/NX/bin/nxrunner', 'XDG_CONFIG_DIRS': '/etc/xdg/xdg-ubuntu-xorg:/etc/xdg', 'XDG_DATA_DIRS': '/usr/share/ubuntu-xorg:/usr/local/share:/usr/share:/var/lib/snapd/desktop', 'COLCON': '1', 'VTE_VERSION': '6003', 'NX_CONNECTION': '192.168.33.107 60297 192.168.33.130 4000', 'NXDIR': '/usr/NX', 'PYTHONPATH': '/home/cav330/f1tenth_ws/build/mouse_teleop/prefix_override:/usr/lib/python3/dist-packages/colcon_core/task/python/colcon_distutils_commands:/home/cav330/f1tenth_ws/install/mouse_teleop/lib/python3.8/site-packages:'}, 'shell': False}
[10.191094] (teleop_tools) CommandEnded: {'returncode': 0}
[10.198945] (teleop_tools) JobProgress: {'identifier': 'teleop_tools', 'progress': 'install'}
[10.199092] (teleop_tools) Command: {'cmd': ['/usr/bin/cmake', '--install', '/home/cav330/f1tenth_ws/build/teleop_tools'], 'cwd': '/home/cav330/f1tenth_ws/build/teleop_tools', 'env': OrderedDict([('NX_ROOT', '/home/cav330/.nx'), ('GJS_DEBUG_TOPICS', 'JS ERROR;JS LOG'), ('LESSOPEN', '| /usr/bin/lesspipe %s'), ('PULSE_CLIENTCONFIG', '/home/cav330/.nx/devices/D-1001-93C5498CD379C6E6122CA9EA4F4B18C9/audio/client.conf'), ('MAIL', '/var/mail/cav330'), ('USER', 'cav330'), ('XDG_SESSION_TYPE', 'x11'), ('NX_SYSTEM', '/usr/NX'), ('SHLVL', '1'), ('LD_LIBRARY_PATH', '/home/cav330/f1tenth_ws/install/teleop_tools_msgs/lib:/usr/local/cuda-11.4/lib64'), ('HOME', '/home/cav330'), ('OLDPWD', '/home/cav330'), ('DESKTOP_SESSION', 'ubuntu-xorg'), ('GNOME_SHELL_SESSION_MODE', 'ubuntu'), ('DBUS_SESSION_BUS_ADDRESS', 'unix:abstract=/tmp/dbus-VBtBpNZCM3,guid=826157f4ad5c0dfac02aabc769c59fb7'), ('COLORTERM', 'truecolor'), ('PULSE_SCRIPT', '/home/cav330/.nx/devices/D-1001-93C5498CD379C6E6122CA9EA4F4B18C9/audio/default.pa'), ('WAYLAND_DISPLAY', 'no'), ('LOGNAME', 'cav330'), ('PULSE_SERVER', '/home/cav330/.nx/devices/D-1001-93C5498CD379C6E6122CA9EA4F4B18C9/audio/native.socket'), ('_', '/usr/bin/colcon'), ('XDG_SESSION_CLASS', 'user'), ('USERNAME', 'cav330'), ('TERM', 'xterm-256color'), ('GNOME_DESKTOP_SESSION_ID', 'this-is-deprecated'), ('PATH', '/usr/local/cuda-11.4/bin:/usr/local/sbin:/usr/local/bin:/usr/sbin:/usr/bin:/sbin:/bin:/usr/games:/usr/local/games:/snap/bin'), ('SESSION_MANAGER', 'local/ubuntu:@/tmp/.ICE-unix/3439,unix/ubuntu:/tmp/.ICE-unix/3439'), ('PULSE_RUNTIME_PATH', '/run/user/1000/pulse'), ('XDG_MENU_PREFIX', 'gnome-'), ('GNOME_TERMINAL_SCREEN', '/org/gnome/Terminal/screen/acc20211_aadf_49d5_af92_3e0dab956030'), ('XDG_RUNTIME_DIR', '/run/user/1000'), ('PULSE_CONFIG', '/home/cav330/.nx/devices/D-1001-93C5498CD379C6E6122CA9EA4F4B18C9/audio/daemon.conf'), ('GDK_BACKEND', 'x11'), ('DISPLAY', ':1001'), ('LANG', 'en_CA.UTF-8'), ('XDG_CURRENT_DESKTOP', 'ubuntu:GNOME'), ('NX_TEMP', '/tmp'), ('XMODIFIERS', '@im=ibus'), ('XAUTHORITY', '/home/cav330/.Xauthority'), ('LS_COLORS', 'rs=0:di=01;34:ln=01;36:mh=00:pi=40;33:so=01;35:do=01;35:bd=40;33;01:cd=40;33;01:or=40;31;01:mi=00:su=37;41:sg=30;43:ca=30;41:tw=30;42:ow=34;42:st=37;44:ex=01;32:*.tar=01;31:*.tgz=01;31:*.arc=01;31:*.arj=01;31:*.taz=01;31:*.lha=01;31:*.lz4=01;31:*.lzh=01;31:*.lzma=01;31:*.tlz=01;31:*.txz=01;31:*.tzo=01;31:*.t7z=01;31:*.zip=01;31:*.z=01;31:*.dz=01;31:*.gz=01;31:*.lrz=01;31:*.lz=01;31:*.lzo=01;31:*.xz=01;31:*.zst=01;31:*.tzst=01;31:*.bz2=01;31:*.bz=01;31:*.tbz=01;31:*.tbz2=01;31:*.tz=01;31:*.deb=01;31:*.rpm=01;31:*.jar=01;31:*.war=01;31:*.ear=01;31:*.sar=01;31:*.rar=01;31:*.alz=01;31:*.ace=01;31:*.zoo=01;31:*.cpio=01;31:*.7z=01;31:*.rz=01;31:*.cab=01;31:*.wim=01;31:*.swm=01;31:*.dwm=01;31:*.esd=01;31:*.jpg=01;35:*.jpeg=01;35:*.mjpg=01;35:*.mjpeg=01;35:*.gif=01;35:*.bmp=01;35:*.pbm=01;35:*.pgm=01;35:*.ppm=01;35:*.tga=01;35:*.xbm=01;35:*.xpm=01;35:*.tif=01;35:*.tiff=01;35:*.png=01;35:*.svg=01;35:*.svgz=01;35:*.mng=01;35:*.pcx=01;35:*.mov=01;35:*.mpg=01;35:*.mpeg=01;35:*.m2v=01;35:*.mkv=01;35:*.webm=01;35:*.ogm=01;35:*.mp4=01;35:*.m4v=01;35:*.mp4v=01;35:*.vob=01;35:*.qt=01;35:*.nuv=01;35:*.wmv=01;35:*.asf=01;35:*.rm=01;35:*.rmvb=01;35:*.flc=01;35:*.avi=01;35:*.fli=01;35:*.flv=01;35:*.gl=01;35:*.dl=01;35:*.xcf=01;35:*.xwd=01;35:*.yuv=01;35:*.cgm=01;35:*.emf=01;35:*.ogv=01;35:*.ogx=01;35:*.aac=00;36:*.au=00;36:*.flac=00;36:*.m4a=00;36:*.mid=00;36:*.midi=00;36:*.mka=00;36:*.mp3=00;36:*.mpc=00;36:*.ogg=00;36:*.ra=00;36:*.wav=00;36:*.oga=00;36:*.opus=00;36:*.spx=00;36:*.xspf=00;36:'), ('GNOME_TERMINAL_SERVICE', ':1.107'), ('SSH_AUTH_SOCK', '/run/user/1000/keyring/ssh'), ('AMENT_PREFIX_PATH', '/home/cav330/f1tenth_ws/install/joy_teleop:/home/cav330/f1tenth_ws/install/teleop_tools_msgs:/home/cav330/f1tenth_ws/install/key_teleop'), ('SHELL', '/bin/bash'), ('LESSCLOSE', '/usr/bin/lesspipe %s %s'), ('NX_SESSION_ID', '93C5498CD379C6E6122CA9EA4F4B18C9'), ('GJS_DEBUG_OUTPUT', 'stderr'), ('QT_IM_MODULE', 'ibus'), ('PWD', '/home/cav330/f1tenth_ws/build/teleop_tools'), ('NX_RUNNER', '/usr/NX/bin/nxrunner'), ('XDG_CONFIG_DIRS', '/etc/xdg/xdg-ubuntu-xorg:/etc/xdg'), ('XDG_DATA_DIRS', '/usr/share/ubuntu-xorg:/usr/local/share:/usr/share:/var/lib/snapd/desktop'), ('PYTHONPATH', '/home/cav330/f1tenth_ws/install/joy_teleop/lib/python3.8/site-packages:/home/cav330/f1tenth_ws/install/teleop_tools_msgs/lib/python3.8/site-packages:/home/cav330/f1tenth_ws/install/key_teleop/lib/python3.8/site-packages'), ('COLCON', '1'), ('VTE_VERSION', '6003'), ('NX_CONNECTION', '192.168.33.107 60297 192.168.33.130 4000'), ('NXDIR', '/usr/NX'), ('CMAKE_PREFIX_PATH', '/home/cav330/f1tenth_ws/install/teleop_tools_msgs')]), 'shell': False}
[10.241210] (-) TimerEvent: {}
[10.252671] (teleop_tools) StdoutLine: {'line': b'-- Install configuration: ""\n'}
[10.269540] (teleop_tools) StdoutLine: {'line': b'-- Up-to-date: /home/cav330/f1tenth_ws/install/teleop_tools/share/ament_index/resource_index/package_run_dependencies/teleop_tools\n'}
[10.270339] (teleop_tools) StdoutLine: {'line': b'-- Up-to-date: /home/cav330/f1tenth_ws/install/teleop_tools/share/ament_index/resource_index/parent_prefix_path/teleop_tools\n'}
[10.270739] (teleop_tools) StdoutLine: {'line': b'-- Up-to-date: /home/cav330/f1tenth_ws/install/teleop_tools/share/teleop_tools/environment/ament_prefix_path.sh\n'}
[10.271086] (teleop_tools) StdoutLine: {'line': b'-- Up-to-date: /home/cav330/f1tenth_ws/install/teleop_tools/share/teleop_tools/environment/ament_prefix_path.dsv\n'}
[10.271428] (teleop_tools) StdoutLine: {'line': b'-- Up-to-date: /home/cav330/f1tenth_ws/install/teleop_tools/share/teleop_tools/environment/path.sh\n'}
[10.271739] (teleop_tools) StdoutLine: {'line': b'-- Up-to-date: /home/cav330/f1tenth_ws/install/teleop_tools/share/teleop_tools/environment/path.dsv\n'}
[10.272068] (teleop_tools) StdoutLine: {'line': b'-- Up-to-date: /home/cav330/f1tenth_ws/install/teleop_tools/share/teleop_tools/local_setup.bash\n'}
[10.272417] (teleop_tools) StdoutLine: {'line': b'-- Up-to-date: /home/cav330/f1tenth_ws/install/teleop_tools/share/teleop_tools/local_setup.sh\n'}
[10.272718] (teleop_tools) StdoutLine: {'line': b'-- Up-to-date: /home/cav330/f1tenth_ws/install/teleop_tools/share/teleop_tools/local_setup.zsh\n'}
[10.273020] (teleop_tools) StdoutLine: {'line': b'-- Up-to-date: /home/cav330/f1tenth_ws/install/teleop_tools/share/teleop_tools/local_setup.dsv\n'}
[10.273348] (teleop_tools) StdoutLine: {'line': b'-- Installing: /home/cav330/f1tenth_ws/install/teleop_tools/share/teleop_tools/package.dsv\n'}
[10.273651] (teleop_tools) StdoutLine: {'line': b'-- Up-to-date: /home/cav330/f1tenth_ws/install/teleop_tools/share/ament_index/resource_index/packages/teleop_tools\n'}
[10.273954] (teleop_tools) StdoutLine: {'line': b'-- Up-to-date: /home/cav330/f1tenth_ws/install/teleop_tools/share/teleop_tools/cmake/teleop_toolsConfig.cmake\n'}
[10.274840] (teleop_tools) StdoutLine: {'line': b'-- Up-to-date: /home/cav330/f1tenth_ws/install/teleop_tools/share/teleop_tools/cmake/teleop_toolsConfig-version.cmake\n'}
[10.275221] (teleop_tools) StdoutLine: {'line': b'-- Up-to-date: /home/cav330/f1tenth_ws/install/teleop_tools/share/teleop_tools/package.xml\n'}
[10.290838] (teleop_tools) CommandEnded: {'returncode': 0}
[10.341593] (-) TimerEvent: {}
[10.383441] (teleop_tools) JobEnded: {'identifier': 'teleop_tools', 'rc': 0}
[10.441840] (-) TimerEvent: {}
[10.543115] (-) TimerEvent: {}
[10.643962] (-) TimerEvent: {}
[10.744940] (-) TimerEvent: {}
[10.845844] (-) TimerEvent: {}
[10.946913] (-) TimerEvent: {}
[11.047789] (-) TimerEvent: {}
[11.140195] (mouse_teleop) StdoutLine: {'line': b'running egg_info\n'}
[11.142418] (mouse_teleop) StdoutLine: {'line': b'writing ../../../../build/mouse_teleop/mouse_teleop.egg-info/PKG-INFO\n'}
[11.143891] (mouse_teleop) StdoutLine: {'line': b'writing dependency_links to ../../../../build/mouse_teleop/mouse_teleop.egg-info/dependency_links.txt\n'}
[11.144757] (mouse_teleop) StdoutLine: {'line': b'writing entry points to ../../../../build/mouse_teleop/mouse_teleop.egg-info/entry_points.txt\n'}
[11.145364] (mouse_teleop) StdoutLine: {'line': b'writing requirements to ../../../../build/mouse_teleop/mouse_teleop.egg-info/requires.txt\n'}
[11.145823] (mouse_teleop) StdoutLine: {'line': b'writing top-level names to ../../../../build/mouse_teleop/mouse_teleop.egg-info/top_level.txt\n'}
[11.147885] (-) TimerEvent: {}
[11.248571] (-) TimerEvent: {}
[11.312384] (mouse_teleop) StdoutLine: {'line': b"reading manifest file '../../../../build/mouse_teleop/mouse_teleop.egg-info/SOURCES.txt'\n"}
[11.317345] (mouse_teleop) StdoutLine: {'line': b"writing manifest file '../../../../build/mouse_teleop/mouse_teleop.egg-info/SOURCES.txt'\n"}
[11.318732] (mouse_teleop) StdoutLine: {'line': b'running build\n'}
[11.319122] (mouse_teleop) StdoutLine: {'line': b'running build_py\n'}
[11.321643] (mouse_teleop) StdoutLine: {'line': b'running install\n'}
[11.325427] (mouse_teleop) StdoutLine: {'line': b'running install_lib\n'}
[11.332316] (mouse_teleop) StdoutLine: {'line': b'running install_data\n'}
[11.335536] (mouse_teleop) StdoutLine: {'line': b'running install_egg_info\n'}
[11.342694] (mouse_teleop) StdoutLine: {'line': b"removing '/home/cav330/f1tenth_ws/install/mouse_teleop/lib/python3.8/site-packages/mouse_teleop-0.3.0-py3.8.egg-info' (and everything under it)\n"}
[11.344269] (mouse_teleop) StdoutLine: {'line': b'Copying ../../../../build/mouse_teleop/mouse_teleop.egg-info to /home/cav330/f1tenth_ws/install/mouse_teleop/lib/python3.8/site-packages/mouse_teleop-0.3.0-py3.8.egg-info\n'}
[11.348706] (-) TimerEvent: {}
[11.349767] (mouse_teleop) StdoutLine: {'line': b'running install_scripts\n'}
[11.425130] (mouse_teleop) StdoutLine: {'line': b'Installing mouse_teleop script to /home/cav330/f1tenth_ws/install/mouse_teleop/lib/mouse_teleop\n'}
[11.427903] (mouse_teleop) StdoutLine: {'line': b"writing list of installed files to '/home/cav330/f1tenth_ws/build/mouse_teleop/install.log'\n"}
[11.449008] (-) TimerEvent: {}
[11.525141] (mouse_teleop) CommandEnded: {'returncode': 0}
[11.549655] (-) TimerEvent: {}
[11.555359] (mouse_teleop) JobEnded: {'identifier': 'mouse_teleop', 'rc': 0}
[11.649859] (-) TimerEvent: {}
[11.750765] (-) TimerEvent: {}
[11.796600] (f1tenth_stack) Command: {'cmd': ['/usr/bin/python3', '-W', 'ignore:setup.py install is deprecated', '-W', 'ignore:easy_install command is deprecated', 'setup.py', 'egg_info', '--egg-base', '../../../build/f1tenth_stack', 'build', '--build-base', '/home/cav330/f1tenth_ws/build/f1tenth_stack/build', 'install', '--record', '/home/cav330/f1tenth_ws/build/f1tenth_stack/install.log', '--install-scripts', '$base/lib/f1tenth_stack', '--single-version-externally-managed', 'install_data'], 'cwd': '/home/cav330/f1tenth_ws/src/f1tenth_system/f1tenth_stack', 'env': {'NX_ROOT': '/home/cav330/.nx', 'GJS_DEBUG_TOPICS': 'JS ERROR;JS LOG', 'LESSOPEN': '| /usr/bin/lesspipe %s', 'PULSE_CLIENTCONFIG': '/home/cav330/.nx/devices/D-1001-93C5498CD379C6E6122CA9EA4F4B18C9/audio/client.conf', 'MAIL': '/var/mail/cav330', 'USER': 'cav330', 'XDG_SESSION_TYPE': 'x11', 'NX_SYSTEM': '/usr/NX', 'SHLVL': '1', 'LD_LIBRARY_PATH': '/home/cav330/f1tenth_ws/install/vesc_driver/lib:/home/cav330/f1tenth_ws/install/vesc_ackermann/lib:/home/cav330/f1tenth_ws/install/vesc_msgs/lib:/home/cav330/f1tenth_ws/install/teleop_tools_msgs/lib:/usr/local/cuda-11.4/lib64', 'HOME': '/home/cav330', 'OLDPWD': '/home/cav330', 'DESKTOP_SESSION': 'ubuntu-xorg', 'GNOME_SHELL_SESSION_MODE': 'ubuntu', 'DBUS_SESSION_BUS_ADDRESS': 'unix:abstract=/tmp/dbus-VBtBpNZCM3,guid=826157f4ad5c0dfac02aabc769c59fb7', 'COLORTERM': 'truecolor', 'PULSE_SCRIPT': '/home/cav330/.nx/devices/D-1001-93C5498CD379C6E6122CA9EA4F4B18C9/audio/default.pa', 'WAYLAND_DISPLAY': 'no', 'LOGNAME': 'cav330', 'PULSE_SERVER': '/home/cav330/.nx/devices/D-1001-93C5498CD379C6E6122CA9EA4F4B18C9/audio/native.socket', '_': '/usr/bin/colcon', 'XDG_SESSION_CLASS': 'user', 'USERNAME': 'cav330', 'TERM': 'xterm-256color', 'GNOME_DESKTOP_SESSION_ID': 'this-is-deprecated', 'PATH': '/usr/local/cuda-11.4/bin:/usr/local/sbin:/usr/local/bin:/usr/sbin:/usr/bin:/sbin:/bin:/usr/games:/usr/local/games:/snap/bin', 'SESSION_MANAGER': 'local/ubuntu:@/tmp/.ICE-unix/3439,unix/ubuntu:/tmp/.ICE-unix/3439', 'PULSE_RUNTIME_PATH': '/run/user/1000/pulse', 'XDG_MENU_PREFIX': 'gnome-', 'GNOME_TERMINAL_SCREEN': '/org/gnome/Terminal/screen/acc20211_aadf_49d5_af92_3e0dab956030', 'XDG_RUNTIME_DIR': '/run/user/1000', 'PULSE_CONFIG': '/home/cav330/.nx/devices/D-1001-93C5498CD379C6E6122CA9EA4F4B18C9/audio/daemon.conf', 'GDK_BACKEND': 'x11', 'DISPLAY': ':1001', 'LANG': 'en_CA.UTF-8', 'XDG_CURRENT_DESKTOP': 'ubuntu:GNOME', 'NX_TEMP': '/tmp', 'XMODIFIERS': '@im=ibus', 'XAUTHORITY': '/home/cav330/.Xauthority', 'LS_COLORS': 'rs=0:di=01;34:ln=01;36:mh=00:pi=40;33:so=01;35:do=01;35:bd=40;33;01:cd=40;33;01:or=40;31;01:mi=00:su=37;41:sg=30;43:ca=30;41:tw=30;42:ow=34;42:st=37;44:ex=01;32:*.tar=01;31:*.tgz=01;31:*.arc=01;31:*.arj=01;31:*.taz=01;31:*.lha=01;31:*.lz4=01;31:*.lzh=01;31:*.lzma=01;31:*.tlz=01;31:*.txz=01;31:*.tzo=01;31:*.t7z=01;31:*.zip=01;31:*.z=01;31:*.dz=01;31:*.gz=01;31:*.lrz=01;31:*.lz=01;31:*.lzo=01;31:*.xz=01;31:*.zst=01;31:*.tzst=01;31:*.bz2=01;31:*.bz=01;31:*.tbz=01;31:*.tbz2=01;31:*.tz=01;31:*.deb=01;31:*.rpm=01;31:*.jar=01;31:*.war=01;31:*.ear=01;31:*.sar=01;31:*.rar=01;31:*.alz=01;31:*.ace=01;31:*.zoo=01;31:*.cpio=01;31:*.7z=01;31:*.rz=01;31:*.cab=01;31:*.wim=01;31:*.swm=01;31:*.dwm=01;31:*.esd=01;31:*.jpg=01;35:*.jpeg=01;35:*.mjpg=01;35:*.mjpeg=01;35:*.gif=01;35:*.bmp=01;35:*.pbm=01;35:*.pgm=01;35:*.ppm=01;35:*.tga=01;35:*.xbm=01;35:*.xpm=01;35:*.tif=01;35:*.tiff=01;35:*.png=01;35:*.svg=01;35:*.svgz=01;35:*.mng=01;35:*.pcx=01;35:*.mov=01;35:*.mpg=01;35:*.mpeg=01;35:*.m2v=01;35:*.mkv=01;35:*.webm=01;35:*.ogm=01;35:*.mp4=01;35:*.m4v=01;35:*.mp4v=01;35:*.vob=01;35:*.qt=01;35:*.nuv=01;35:*.wmv=01;35:*.asf=01;35:*.rm=01;35:*.rmvb=01;35:*.flc=01;35:*.avi=01;35:*.fli=01;35:*.flv=01;35:*.gl=01;35:*.dl=01;35:*.xcf=01;35:*.xwd=01;35:*.yuv=01;35:*.cgm=01;35:*.emf=01;35:*.ogv=01;35:*.ogx=01;35:*.aac=00;36:*.au=00;36:*.flac=00;36:*.m4a=00;36:*.mid=00;36:*.midi=00;36:*.mka=00;36:*.mp3=00;36:*.mpc=00;36:*.ogg=00;36:*.ra=00;36:*.wav=00;36:*.oga=00;36:*.opus=00;36:*.spx=00;36:*.xspf=00;36:', 'GNOME_TERMINAL_SERVICE': ':1.107', 'SSH_AUTH_SOCK': '/run/user/1000/keyring/ssh', 'AMENT_PREFIX_PATH': '/home/cav330/f1tenth_ws/install/vesc:/home/cav330/f1tenth_ws/install/vesc_driver:/home/cav330/f1tenth_ws/install/vesc_ackermann:/home/cav330/f1tenth_ws/install/joy_teleop:/home/cav330/f1tenth_ws/install/vesc_msgs:/home/cav330/f1tenth_ws/install/teleop_tools_msgs:/home/cav330/f1tenth_ws/install/ackermann_mux', 'SHELL': '/bin/bash', 'LESSCLOSE': '/usr/bin/lesspipe %s %s', 'NX_SESSION_ID': '93C5498CD379C6E6122CA9EA4F4B18C9', 'GJS_DEBUG_OUTPUT': 'stderr', 'QT_IM_MODULE': 'ibus', 'PWD': '/home/cav330/f1tenth_ws/build/f1tenth_stack', 'NX_RUNNER': '/usr/NX/bin/nxrunner', 'XDG_CONFIG_DIRS': '/etc/xdg/xdg-ubuntu-xorg:/etc/xdg', 'XDG_DATA_DIRS': '/usr/share/ubuntu-xorg:/usr/local/share:/usr/share:/var/lib/snapd/desktop', 'PYTHONPATH': '/home/cav330/f1tenth_ws/build/f1tenth_stack/prefix_override:/usr/lib/python3/dist-packages/colcon_core/task/python/colcon_distutils_commands:/home/cav330/f1tenth_ws/install/f1tenth_stack/lib/python3.8/site-packages:/home/cav330/f1tenth_ws/install/joy_teleop/lib/python3.8/site-packages:/home/cav330/f1tenth_ws/install/vesc_msgs/lib/python3.8/site-packages:/home/cav330/f1tenth_ws/install/teleop_tools_msgs/lib/python3.8/site-packages', 'COLCON': '1', 'VTE_VERSION': '6003', 'NX_CONNECTION': '192.168.33.107 60297 192.168.33.130 4000', 'NXDIR': '/usr/NX', 'CMAKE_PREFIX_PATH': '/home/cav330/f1tenth_ws/install/vesc:/home/cav330/f1tenth_ws/install/vesc_driver:/home/cav330/f1tenth_ws/install/vesc_ackermann:/home/cav330/f1tenth_ws/install/vesc_msgs:/home/cav330/f1tenth_ws/install/teleop_tools_msgs:/home/cav330/f1tenth_ws/install/ackermann_mux'}, 'shell': False}
[11.851175] (-) TimerEvent: {}
[11.952403] (-) TimerEvent: {}
[12.053700] (-) TimerEvent: {}
[12.154663] (-) TimerEvent: {}
[12.255537] (-) TimerEvent: {}
[12.356406] (-) TimerEvent: {}
[12.457309] (-) TimerEvent: {}
[12.558252] (-) TimerEvent: {}
[12.582359] (f1tenth_stack) StdoutLine: {'line': b'running egg_info\n'}
[12.584670] (f1tenth_stack) StdoutLine: {'line': b'writing ../../../build/f1tenth_stack/f1tenth_stack.egg-info/PKG-INFO\n'}
[12.585712] (f1tenth_stack) StdoutLine: {'line': b'writing dependency_links to ../../../build/f1tenth_stack/f1tenth_stack.egg-info/dependency_links.txt\n'}
[12.586985] (f1tenth_stack) StdoutLine: {'line': b'writing entry points to ../../../build/f1tenth_stack/f1tenth_stack.egg-info/entry_points.txt\n'}
[12.588664] (f1tenth_stack) StdoutLine: {'line': b'writing requirements to ../../../build/f1tenth_stack/f1tenth_stack.egg-info/requires.txt\n'}
[12.589191] (f1tenth_stack) StdoutLine: {'line': b'writing top-level names to ../../../build/f1tenth_stack/f1tenth_stack.egg-info/top_level.txt\n'}
[12.658397] (-) TimerEvent: {}
[12.724040] (f1tenth_stack) StdoutLine: {'line': b"reading manifest file '../../../build/f1tenth_stack/f1tenth_stack.egg-info/SOURCES.txt'\n"}
[12.727919] (f1tenth_stack) StdoutLine: {'line': b"writing manifest file '../../../build/f1tenth_stack/f1tenth_stack.egg-info/SOURCES.txt'\n"}
[12.728565] (f1tenth_stack) StdoutLine: {'line': b'running build\n'}
[12.728955] (f1tenth_stack) StdoutLine: {'line': b'running build_py\n'}
[12.730257] (f1tenth_stack) StdoutLine: {'line': b'running install\n'}
[12.733235] (f1tenth_stack) StdoutLine: {'line': b'running install_lib\n'}
[12.739075] (f1tenth_stack) StdoutLine: {'line': b'running install_data\n'}
[12.740809] (f1tenth_stack) StdoutLine: {'line': b'running install_egg_info\n'}
[12.746874] (f1tenth_stack) StdoutLine: {'line': b"removing '/home/cav330/f1tenth_ws/install/f1tenth_stack/lib/python3.8/site-packages/f1tenth_stack-0.0.1-py3.8.egg-info' (and everything under it)\n"}
[12.748499] (f1tenth_stack) StdoutLine: {'line': b'Copying ../../../build/f1tenth_stack/f1tenth_stack.egg-info to /home/cav330/f1tenth_ws/install/f1tenth_stack/lib/python3.8/site-packages/f1tenth_stack-0.0.1-py3.8.egg-info\n'}
[12.753304] (f1tenth_stack) StdoutLine: {'line': b'running install_scripts\n'}
[12.758513] (-) TimerEvent: {}
[12.822821] (f1tenth_stack) StdoutLine: {'line': b'Installing tf_publisher script to /home/cav330/f1tenth_ws/install/f1tenth_stack/lib/f1tenth_stack\n'}
[12.823633] (f1tenth_stack) StdoutLine: {'line': b'Installing throttle_interpolator script to /home/cav330/f1tenth_ws/install/f1tenth_stack/lib/f1tenth_stack\n'}
[12.825016] (f1tenth_stack) StdoutLine: {'line': b"writing list of installed files to '/home/cav330/f1tenth_ws/build/f1tenth_stack/install.log'\n"}
[12.858857] (-) TimerEvent: {}
[12.911804] (f1tenth_stack) CommandEnded: {'returncode': 0}
[12.949027] (f1tenth_stack) JobEnded: {'identifier': 'f1tenth_stack', 'rc': 0}
[12.953785] (-) EventReactorShutdown: {}
