[0.000000] (-) TimerEvent: {}
[0.000504] (ackermann_mux) JobQueued: {'identifier': 'ackermann_mux', 'dependencies': OrderedDict()}
[0.000653] (f1tenth_gym_ros) JobQueued: {'identifier': 'f1tenth_gym_ros', 'dependencies': OrderedDict()}
[0.000747] (key_teleop) JobQueued: {'identifier': 'key_teleop', 'dependencies': OrderedDict()}
[0.001383] (mouse_teleop) JobQueued: {'identifier': 'mouse_teleop', 'dependencies': OrderedDict()}
[0.006423] (safety_node) JobQueued: {'identifier': 'safety_node', 'dependencies': OrderedDict()}
[0.006705] (teleop_tools_msgs) JobQueued: {'identifier': 'teleop_tools_msgs', 'dependencies': OrderedDict()}
[0.006917] (vesc_msgs) JobQueued: {'identifier': 'vesc_msgs', 'dependencies': OrderedDict()}
[0.007089] (wall_follow) JobQueued: {'identifier': 'wall_follow', 'dependencies': OrderedDict()}
[0.007249] (joy_teleop) JobQueued: {'identifier': 'joy_teleop', 'dependencies': OrderedDict([('teleop_tools_msgs', '/home/cav330/f1tenth_ws/install/teleop_tools_msgs')])}
[0.007419] (vesc_ackermann) JobQueued: {'identifier': 'vesc_ackermann', 'dependencies': OrderedDict([('vesc_msgs', '/home/cav330/f1tenth_ws/install/vesc_msgs')])}
[0.007575] (vesc_driver) JobQueued: {'identifier': 'vesc_driver', 'dependencies': OrderedDict([('vesc_msgs', '/home/cav330/f1tenth_ws/install/vesc_msgs')])}
[0.007754] (teleop_tools) JobQueued: {'identifier': 'teleop_tools', 'dependencies': OrderedDict([('key_teleop', '/home/cav330/f1tenth_ws/install/key_teleop'), ('teleop_tools_msgs', '/home/cav330/f1tenth_ws/install/teleop_tools_msgs'), ('joy_teleop', '/home/cav330/f1tenth_ws/install/joy_teleop')])}
[0.007895] (vesc) JobQueued: {'identifier': 'vesc', 'dependencies': OrderedDict([('vesc_msgs', '/home/cav330/f1tenth_ws/install/vesc_msgs'), ('vesc_ackermann', '/home/cav330/f1tenth_ws/install/vesc_ackermann'), ('vesc_driver', '/home/cav330/f1tenth_ws/install/vesc_driver')])}
[0.008029] (f1tenth_stack) JobQueued: {'identifier': 'f1tenth_stack', 'dependencies': OrderedDict([('ackermann_mux', '/home/cav330/f1tenth_ws/install/ackermann_mux'), ('teleop_tools_msgs', '/home/cav330/f1tenth_ws/install/teleop_tools_msgs'), ('vesc_msgs', '/home/cav330/f1tenth_ws/install/vesc_msgs'), ('joy_teleop', '/home/cav330/f1tenth_ws/install/joy_teleop'), ('vesc_ackermann', '/home/cav330/f1tenth_ws/install/vesc_ackermann'), ('vesc_driver', '/home/cav330/f1tenth_ws/install/vesc_driver'), ('vesc', '/home/cav330/f1tenth_ws/install/vesc')])}
[0.008274] (vesc_msgs) JobStarted: {'identifier': 'vesc_msgs'}
[0.062867] (teleop_tools_msgs) JobStarted: {'identifier': 'teleop_tools_msgs'}
[0.099566] (-) TimerEvent: {}
[0.110732] (ackermann_mux) JobStarted: {'identifier': 'ackermann_mux'}
[0.154825] (key_teleop) JobStarted: {'identifier': 'key_teleop'}
[0.202358] (-) TimerEvent: {}
[0.239458] (vesc_msgs) JobProgress: {'identifier': 'vesc_msgs', 'progress': 'cmake'}
[0.248886] (vesc_msgs) JobProgress: {'identifier': 'vesc_msgs', 'progress': 'build'}
[0.253310] (vesc_msgs) Command: {'cmd': ['/usr/bin/cmake', '--build', '/home/cav330/f1tenth_ws/build/vesc_msgs', '--', '-j4', '-l4'], 'cwd': '/home/cav330/f1tenth_ws/build/vesc_msgs', 'env': OrderedDict([('NX_ROOT', '/home/cav330/.nx'), ('GJS_DEBUG_TOPICS', 'JS ERROR;JS LOG'), ('LESSOPEN', '| /usr/bin/lesspipe %s'), ('PULSE_CLIENTCONFIG', '/home/cav330/.nx/devices/D-1001-5BBEA081E7CCC5FE47B3898213872B03/audio/client.conf'), ('MAIL', '/var/mail/cav330'), ('USER', 'cav330'), ('XDG_SESSION_TYPE', 'x11'), ('NX_SYSTEM', '/usr/NX'), ('SHLVL', '1'), ('LD_LIBRARY_PATH', '/home/cav330/f1tenth_ws/install/vesc_driver/lib:/home/cav330/f1tenth_ws/install/vesc_ackermann/lib:/home/cav330/f1tenth_ws/install/vesc_msgs/lib:/home/cav330/f1tenth_ws/install/teleop_tools_msgs/lib:/opt/ros/foxy/opt/yaml_cpp_vendor/lib:/opt/ros/foxy/opt/rviz_ogre_vendor/lib:/opt/ros/foxy/lib/aarch64-linux-gnu:/opt/ros/foxy/lib:/usr/local/cuda-11.4/lib64:'), ('HOME', '/home/cav330'), ('DESKTOP_SESSION', 'ubuntu-xorg'), ('ROS_PYTHON_VERSION', '3'), ('GNOME_SHELL_SESSION_MODE', 'ubuntu'), ('DBUS_SESSION_BUS_ADDRESS', 'unix:abstract=/tmp/dbus-1gzSD6Wl1K,guid=d4e8827e16524ec651a25cad69cafd2d'), ('COLORTERM', 'truecolor'), ('PULSE_SCRIPT', '/home/cav330/.nx/devices/D-1001-5BBEA081E7CCC5FE47B3898213872B03/audio/default.pa'), ('WAYLAND_DISPLAY', 'no'), ('COLCON_PREFIX_PATH', '/home/cav330/f1tenth_ws/install'), ('ROS_DISTRO', 'foxy'), ('LOGNAME', 'cav330'), ('PULSE_SERVER', '/home/cav330/.nx/devices/D-1001-5BBEA081E7CCC5FE47B3898213872B03/audio/native.socket'), ('_', '/usr/bin/colcon'), ('ROS_VERSION', '2'), ('XDG_SESSION_CLASS', 'user'), ('USERNAME', 'cav330'), ('TERM', 'xterm-256color'), ('GNOME_DESKTOP_SESSION_ID', 'this-is-deprecated'), ('ROS_LOCALHOST_ONLY', '0'), ('PATH', '/opt/ros/foxy/bin:/usr/local/cuda-11.4/bin:/home/cav330/.local/bin:/usr/local/sbin:/usr/local/bin:/usr/sbin:/usr/bin:/sbin:/bin:/usr/games:/usr/local/games:/snap/bin'), ('SESSION_MANAGER', 'local/ubuntu:@/tmp/.ICE-unix/3540,unix/ubuntu:/tmp/.ICE-unix/3540'), ('PULSE_RUNTIME_PATH', '/run/user/1000/pulse'), ('XDG_MENU_PREFIX', 'gnome-'), ('GNOME_TERMINAL_SCREEN', '/org/gnome/Terminal/screen/1415c740_4480_4aec_b3c9_829264334640'), ('XDG_RUNTIME_DIR', '/run/user/1000'), ('PULSE_CONFIG', '/home/cav330/.nx/devices/D-1001-5BBEA081E7CCC5FE47B3898213872B03/audio/daemon.conf'), ('GDK_BACKEND', 'x11'), ('DISPLAY', ':1001'), ('LANG', 'en_CA.UTF-8'), ('XDG_CURRENT_DESKTOP', 'ubuntu:GNOME'), ('NX_TEMP', '/tmp'), ('XMODIFIERS', '@im=ibus'), ('XAUTHORITY', '/home/cav330/.Xauthority'), ('LS_COLORS', 'rs=0:di=01;34:ln=01;36:mh=00:pi=40;33:so=01;35:do=01;35:bd=40;33;01:cd=40;33;01:or=40;31;01:mi=00:su=37;41:sg=30;43:ca=30;41:tw=30;42:ow=34;42:st=37;44:ex=01;32:*.tar=01;31:*.tgz=01;31:*.arc=01;31:*.arj=01;31:*.taz=01;31:*.lha=01;31:*.lz4=01;31:*.lzh=01;31:*.lzma=01;31:*.tlz=01;31:*.txz=01;31:*.tzo=01;31:*.t7z=01;31:*.zip=01;31:*.z=01;31:*.dz=01;31:*.gz=01;31:*.lrz=01;31:*.lz=01;31:*.lzo=01;31:*.xz=01;31:*.zst=01;31:*.tzst=01;31:*.bz2=01;31:*.bz=01;31:*.tbz=01;31:*.tbz2=01;31:*.tz=01;31:*.deb=01;31:*.rpm=01;31:*.jar=01;31:*.war=01;31:*.ear=01;31:*.sar=01;31:*.rar=01;31:*.alz=01;31:*.ace=01;31:*.zoo=01;31:*.cpio=01;31:*.7z=01;31:*.rz=01;31:*.cab=01;31:*.wim=01;31:*.swm=01;31:*.dwm=01;31:*.esd=01;31:*.jpg=01;35:*.jpeg=01;35:*.mjpg=01;35:*.mjpeg=01;35:*.gif=01;35:*.bmp=01;35:*.pbm=01;35:*.pgm=01;35:*.ppm=01;35:*.tga=01;35:*.xbm=01;35:*.xpm=01;35:*.tif=01;35:*.tiff=01;35:*.png=01;35:*.svg=01;35:*.svgz=01;35:*.mng=01;35:*.pcx=01;35:*.mov=01;35:*.mpg=01;35:*.mpeg=01;35:*.m2v=01;35:*.mkv=01;35:*.webm=01;35:*.ogm=01;35:*.mp4=01;35:*.m4v=01;35:*.mp4v=01;35:*.vob=01;35:*.qt=01;35:*.nuv=01;35:*.wmv=01;35:*.asf=01;35:*.rm=01;35:*.rmvb=01;35:*.flc=01;35:*.avi=01;35:*.fli=01;35:*.flv=01;35:*.gl=01;35:*.dl=01;35:*.xcf=01;35:*.xwd=01;35:*.yuv=01;35:*.cgm=01;35:*.emf=01;35:*.ogv=01;35:*.ogx=01;35:*.aac=00;36:*.au=00;36:*.flac=00;36:*.m4a=00;36:*.mid=00;36:*.midi=00;36:*.mka=00;36:*.mp3=00;36:*.mpc=00;36:*.ogg=00;36:*.ra=00;36:*.wav=00;36:*.oga=00;36:*.opus=00;36:*.spx=00;36:*.xspf=00;36:'), ('GNOME_TERMINAL_SERVICE', ':1.94'), ('SSH_AUTH_SOCK', '/run/user/1000/keyring/ssh'), ('AMENT_PREFIX_PATH', '/home/cav330/f1tenth_ws/install/wall_follow:/home/cav330/f1tenth_ws/install/f1tenth_stack:/home/cav330/f1tenth_ws/install/vesc:/home/cav330/f1tenth_ws/install/vesc_driver:/home/cav330/f1tenth_ws/install/vesc_ackermann:/home/cav330/f1tenth_ws/install/vesc_msgs:/home/cav330/f1tenth_ws/install/teleop_tools:/home/cav330/f1tenth_ws/install/joy_teleop:/home/cav330/f1tenth_ws/install/teleop_tools_msgs:/home/cav330/f1tenth_ws/install/safety_node:/home/cav330/f1tenth_ws/install/mouse_teleop:/home/cav330/f1tenth_ws/install/key_teleop:/home/cav330/f1tenth_ws/install/f1tenth_gym_ros:/home/cav330/f1tenth_ws/install/ackermann_mux:/opt/ros/foxy'), ('SHELL', '/bin/bash'), ('LESSCLOSE', '/usr/bin/lesspipe %s %s'), ('NX_SESSION_ID', '5BBEA081E7CCC5FE47B3898213872B03'), ('GJS_DEBUG_OUTPUT', 'stderr'), ('QT_IM_MODULE', 'ibus'), ('PWD', '/home/cav330/f1tenth_ws/build/vesc_msgs'), ('NX_RUNNER', '/usr/NX/bin/nxrunner'), ('XDG_CONFIG_DIRS', '/etc/xdg/xdg-ubuntu-xorg:/etc/xdg'), ('XDG_DATA_DIRS', '/usr/share/ubuntu-xorg:/usr/local/share:/usr/share:/var/lib/snapd/desktop'), ('PYTHONPATH', '/home/cav330/f1tenth_ws/install/f1tenth_stack/lib/python3.8/site-packages:/home/cav330/f1tenth_ws/install/vesc_msgs/lib/python3.8/site-packages:/home/cav330/f1tenth_ws/install/joy_teleop/lib/python3.8/site-packages:/home/cav330/f1tenth_ws/install/teleop_tools_msgs/lib/python3.8/site-packages:/home/cav330/f1tenth_ws/install/mouse_teleop/lib/python3.8/site-packages:/home/cav330/f1tenth_ws/install/key_teleop/lib/python3.8/site-packages:/home/cav330/f1tenth_ws/install/f1tenth_gym_ros/lib/python3.8/site-packages:/opt/ros/foxy/lib/python3.8/site-packages'), ('COLCON', '1'), ('VTE_VERSION', '6003'), ('CMAKE_PREFIX_PATH', '/home/cav330/f1tenth_ws/install/wall_follow:/home/cav330/f1tenth_ws/install/vesc:/home/cav330/f1tenth_ws/install/vesc_driver:/home/cav330/f1tenth_ws/install/vesc_ackermann:/home/cav330/f1tenth_ws/install/vesc_msgs:/home/cav330/f1tenth_ws/install/teleop_tools:/home/cav330/f1tenth_ws/install/teleop_tools_msgs:/home/cav330/f1tenth_ws/install/safety_node:/home/cav330/f1tenth_ws/install/ackermann_mux:/home/cav330/f1tenth_ws/install/f1tenth_stack:/home/cav330/f1tenth_ws/install/joy_teleop:/home/cav330/f1tenth_ws/install/mouse_teleop:/home/cav330/f1tenth_ws/install/key_teleop:/home/cav330/f1tenth_ws/install/f1tenth_gym_ros:/opt/ros/foxy'), ('NX_CONNECTION', '192.168.33.135 65380 192.168.33.130 4000'), ('NXDIR', '/usr/NX')]), 'shell': False}
[0.285748] (teleop_tools_msgs) JobProgress: {'identifier': 'teleop_tools_msgs', 'progress': 'cmake'}
[0.290780] (teleop_tools_msgs) JobProgress: {'identifier': 'teleop_tools_msgs', 'progress': 'build'}
[0.297721] (teleop_tools_msgs) Command: {'cmd': ['/usr/bin/cmake', '--build', '/home/cav330/f1tenth_ws/build/teleop_tools_msgs', '--', '-j4', '-l4'], 'cwd': '/home/cav330/f1tenth_ws/build/teleop_tools_msgs', 'env': OrderedDict([('NX_ROOT', '/home/cav330/.nx'), ('GJS_DEBUG_TOPICS', 'JS ERROR;JS LOG'), ('LESSOPEN', '| /usr/bin/lesspipe %s'), ('PULSE_CLIENTCONFIG', '/home/cav330/.nx/devices/D-1001-5BBEA081E7CCC5FE47B3898213872B03/audio/client.conf'), ('MAIL', '/var/mail/cav330'), ('USER', 'cav330'), ('XDG_SESSION_TYPE', 'x11'), ('NX_SYSTEM', '/usr/NX'), ('SHLVL', '1'), ('LD_LIBRARY_PATH', '/home/cav330/f1tenth_ws/install/vesc_driver/lib:/home/cav330/f1tenth_ws/install/vesc_ackermann/lib:/home/cav330/f1tenth_ws/install/vesc_msgs/lib:/home/cav330/f1tenth_ws/install/teleop_tools_msgs/lib:/opt/ros/foxy/opt/yaml_cpp_vendor/lib:/opt/ros/foxy/opt/rviz_ogre_vendor/lib:/opt/ros/foxy/lib/aarch64-linux-gnu:/opt/ros/foxy/lib:/usr/local/cuda-11.4/lib64:'), ('HOME', '/home/cav330'), ('DESKTOP_SESSION', 'ubuntu-xorg'), ('ROS_PYTHON_VERSION', '3'), ('GNOME_SHELL_SESSION_MODE', 'ubuntu'), ('DBUS_SESSION_BUS_ADDRESS', 'unix:abstract=/tmp/dbus-1gzSD6Wl1K,guid=d4e8827e16524ec651a25cad69cafd2d'), ('COLORTERM', 'truecolor'), ('PULSE_SCRIPT', '/home/cav330/.nx/devices/D-1001-5BBEA081E7CCC5FE47B3898213872B03/audio/default.pa'), ('WAYLAND_DISPLAY', 'no'), ('COLCON_PREFIX_PATH', '/home/cav330/f1tenth_ws/install'), ('ROS_DISTRO', 'foxy'), ('LOGNAME', 'cav330'), ('PULSE_SERVER', '/home/cav330/.nx/devices/D-1001-5BBEA081E7CCC5FE47B3898213872B03/audio/native.socket'), ('_', '/usr/bin/colcon'), ('ROS_VERSION', '2'), ('XDG_SESSION_CLASS', 'user'), ('USERNAME', 'cav330'), ('TERM', 'xterm-256color'), ('GNOME_DESKTOP_SESSION_ID', 'this-is-deprecated'), ('ROS_LOCALHOST_ONLY', '0'), ('PATH', '/opt/ros/foxy/bin:/usr/local/cuda-11.4/bin:/home/cav330/.local/bin:/usr/local/sbin:/usr/local/bin:/usr/sbin:/usr/bin:/sbin:/bin:/usr/games:/usr/local/games:/snap/bin'), ('SESSION_MANAGER', 'local/ubuntu:@/tmp/.ICE-unix/3540,unix/ubuntu:/tmp/.ICE-unix/3540'), ('PULSE_RUNTIME_PATH', '/run/user/1000/pulse'), ('XDG_MENU_PREFIX', 'gnome-'), ('GNOME_TERMINAL_SCREEN', '/org/gnome/Terminal/screen/1415c740_4480_4aec_b3c9_829264334640'), ('XDG_RUNTIME_DIR', '/run/user/1000'), ('PULSE_CONFIG', '/home/cav330/.nx/devices/D-1001-5BBEA081E7CCC5FE47B3898213872B03/audio/daemon.conf'), ('GDK_BACKEND', 'x11'), ('DISPLAY', ':1001'), ('LANG', 'en_CA.UTF-8'), ('XDG_CURRENT_DESKTOP', 'ubuntu:GNOME'), ('NX_TEMP', '/tmp'), ('XMODIFIERS', '@im=ibus'), ('XAUTHORITY', '/home/cav330/.Xauthority'), ('LS_COLORS', 'rs=0:di=01;34:ln=01;36:mh=00:pi=40;33:so=01;35:do=01;35:bd=40;33;01:cd=40;33;01:or=40;31;01:mi=00:su=37;41:sg=30;43:ca=30;41:tw=30;42:ow=34;42:st=37;44:ex=01;32:*.tar=01;31:*.tgz=01;31:*.arc=01;31:*.arj=01;31:*.taz=01;31:*.lha=01;31:*.lz4=01;31:*.lzh=01;31:*.lzma=01;31:*.tlz=01;31:*.txz=01;31:*.tzo=01;31:*.t7z=01;31:*.zip=01;31:*.z=01;31:*.dz=01;31:*.gz=01;31:*.lrz=01;31:*.lz=01;31:*.lzo=01;31:*.xz=01;31:*.zst=01;31:*.tzst=01;31:*.bz2=01;31:*.bz=01;31:*.tbz=01;31:*.tbz2=01;31:*.tz=01;31:*.deb=01;31:*.rpm=01;31:*.jar=01;31:*.war=01;31:*.ear=01;31:*.sar=01;31:*.rar=01;31:*.alz=01;31:*.ace=01;31:*.zoo=01;31:*.cpio=01;31:*.7z=01;31:*.rz=01;31:*.cab=01;31:*.wim=01;31:*.swm=01;31:*.dwm=01;31:*.esd=01;31:*.jpg=01;35:*.jpeg=01;35:*.mjpg=01;35:*.mjpeg=01;35:*.gif=01;35:*.bmp=01;35:*.pbm=01;35:*.pgm=01;35:*.ppm=01;35:*.tga=01;35:*.xbm=01;35:*.xpm=01;35:*.tif=01;35:*.tiff=01;35:*.png=01;35:*.svg=01;35:*.svgz=01;35:*.mng=01;35:*.pcx=01;35:*.mov=01;35:*.mpg=01;35:*.mpeg=01;35:*.m2v=01;35:*.mkv=01;35:*.webm=01;35:*.ogm=01;35:*.mp4=01;35:*.m4v=01;35:*.mp4v=01;35:*.vob=01;35:*.qt=01;35:*.nuv=01;35:*.wmv=01;35:*.asf=01;35:*.rm=01;35:*.rmvb=01;35:*.flc=01;35:*.avi=01;35:*.fli=01;35:*.flv=01;35:*.gl=01;35:*.dl=01;35:*.xcf=01;35:*.xwd=01;35:*.yuv=01;35:*.cgm=01;35:*.emf=01;35:*.ogv=01;35:*.ogx=01;35:*.aac=00;36:*.au=00;36:*.flac=00;36:*.m4a=00;36:*.mid=00;36:*.midi=00;36:*.mka=00;36:*.mp3=00;36:*.mpc=00;36:*.ogg=00;36:*.ra=00;36:*.wav=00;36:*.oga=00;36:*.opus=00;36:*.spx=00;36:*.xspf=00;36:'), ('GNOME_TERMINAL_SERVICE', ':1.94'), ('SSH_AUTH_SOCK', '/run/user/1000/keyring/ssh'), ('AMENT_PREFIX_PATH', '/home/cav330/f1tenth_ws/install/wall_follow:/home/cav330/f1tenth_ws/install/f1tenth_stack:/home/cav330/f1tenth_ws/install/vesc:/home/cav330/f1tenth_ws/install/vesc_driver:/home/cav330/f1tenth_ws/install/vesc_ackermann:/home/cav330/f1tenth_ws/install/vesc_msgs:/home/cav330/f1tenth_ws/install/teleop_tools:/home/cav330/f1tenth_ws/install/joy_teleop:/home/cav330/f1tenth_ws/install/teleop_tools_msgs:/home/cav330/f1tenth_ws/install/safety_node:/home/cav330/f1tenth_ws/install/mouse_teleop:/home/cav330/f1tenth_ws/install/key_teleop:/home/cav330/f1tenth_ws/install/f1tenth_gym_ros:/home/cav330/f1tenth_ws/install/ackermann_mux:/opt/ros/foxy'), ('SHELL', '/bin/bash'), ('LESSCLOSE', '/usr/bin/lesspipe %s %s'), ('NX_SESSION_ID', '5BBEA081E7CCC5FE47B3898213872B03'), ('GJS_DEBUG_OUTPUT', 'stderr'), ('QT_IM_MODULE', 'ibus'), ('PWD', '/home/cav330/f1tenth_ws/build/teleop_tools_msgs'), ('NX_RUNNER', '/usr/NX/bin/nxrunner'), ('XDG_CONFIG_DIRS', '/etc/xdg/xdg-ubuntu-xorg:/etc/xdg'), ('XDG_DATA_DIRS', '/usr/share/ubuntu-xorg:/usr/local/share:/usr/share:/var/lib/snapd/desktop'), ('PYTHONPATH', '/home/cav330/f1tenth_ws/install/f1tenth_stack/lib/python3.8/site-packages:/home/cav330/f1tenth_ws/install/vesc_msgs/lib/python3.8/site-packages:/home/cav330/f1tenth_ws/install/joy_teleop/lib/python3.8/site-packages:/home/cav330/f1tenth_ws/install/teleop_tools_msgs/lib/python3.8/site-packages:/home/cav330/f1tenth_ws/install/mouse_teleop/lib/python3.8/site-packages:/home/cav330/f1tenth_ws/install/key_teleop/lib/python3.8/site-packages:/home/cav330/f1tenth_ws/install/f1tenth_gym_ros/lib/python3.8/site-packages:/opt/ros/foxy/lib/python3.8/site-packages'), ('COLCON', '1'), ('VTE_VERSION', '6003'), ('CMAKE_PREFIX_PATH', '/home/cav330/f1tenth_ws/install/wall_follow:/home/cav330/f1tenth_ws/install/vesc:/home/cav330/f1tenth_ws/install/vesc_driver:/home/cav330/f1tenth_ws/install/vesc_ackermann:/home/cav330/f1tenth_ws/install/vesc_msgs:/home/cav330/f1tenth_ws/install/teleop_tools:/home/cav330/f1tenth_ws/install/teleop_tools_msgs:/home/cav330/f1tenth_ws/install/safety_node:/home/cav330/f1tenth_ws/install/ackermann_mux:/home/cav330/f1tenth_ws/install/f1tenth_stack:/home/cav330/f1tenth_ws/install/joy_teleop:/home/cav330/f1tenth_ws/install/mouse_teleop:/home/cav330/f1tenth_ws/install/key_teleop:/home/cav330/f1tenth_ws/install/f1tenth_gym_ros:/opt/ros/foxy'), ('NX_CONNECTION', '192.168.33.135 65380 192.168.33.130 4000'), ('NXDIR', '/usr/NX')]), 'shell': False}
[0.306989] (-) TimerEvent: {}
[0.310905] (ackermann_mux) JobProgress: {'identifier': 'ackermann_mux', 'progress': 'cmake'}
[0.314841] (ackermann_mux) JobProgress: {'identifier': 'ackermann_mux', 'progress': 'build'}
[0.316072] (ackermann_mux) Command: {'cmd': ['/usr/bin/cmake', '--build', '/home/cav330/f1tenth_ws/build/ackermann_mux', '--', '-j4', '-l4'], 'cwd': '/home/cav330/f1tenth_ws/build/ackermann_mux', 'env': OrderedDict([('NX_ROOT', '/home/cav330/.nx'), ('GJS_DEBUG_TOPICS', 'JS ERROR;JS LOG'), ('LESSOPEN', '| /usr/bin/lesspipe %s'), ('PULSE_CLIENTCONFIG', '/home/cav330/.nx/devices/D-1001-5BBEA081E7CCC5FE47B3898213872B03/audio/client.conf'), ('MAIL', '/var/mail/cav330'), ('USER', 'cav330'), ('XDG_SESSION_TYPE', 'x11'), ('NX_SYSTEM', '/usr/NX'), ('SHLVL', '1'), ('LD_LIBRARY_PATH', '/home/cav330/f1tenth_ws/install/vesc_driver/lib:/home/cav330/f1tenth_ws/install/vesc_ackermann/lib:/home/cav330/f1tenth_ws/install/vesc_msgs/lib:/home/cav330/f1tenth_ws/install/teleop_tools_msgs/lib:/opt/ros/foxy/opt/yaml_cpp_vendor/lib:/opt/ros/foxy/opt/rviz_ogre_vendor/lib:/opt/ros/foxy/lib/aarch64-linux-gnu:/opt/ros/foxy/lib:/usr/local/cuda-11.4/lib64:'), ('HOME', '/home/cav330'), ('DESKTOP_SESSION', 'ubuntu-xorg'), ('ROS_PYTHON_VERSION', '3'), ('GNOME_SHELL_SESSION_MODE', 'ubuntu'), ('DBUS_SESSION_BUS_ADDRESS', 'unix:abstract=/tmp/dbus-1gzSD6Wl1K,guid=d4e8827e16524ec651a25cad69cafd2d'), ('COLORTERM', 'truecolor'), ('PULSE_SCRIPT', '/home/cav330/.nx/devices/D-1001-5BBEA081E7CCC5FE47B3898213872B03/audio/default.pa'), ('WAYLAND_DISPLAY', 'no'), ('COLCON_PREFIX_PATH', '/home/cav330/f1tenth_ws/install'), ('ROS_DISTRO', 'foxy'), ('LOGNAME', 'cav330'), ('PULSE_SERVER', '/home/cav330/.nx/devices/D-1001-5BBEA081E7CCC5FE47B3898213872B03/audio/native.socket'), ('_', '/usr/bin/colcon'), ('ROS_VERSION', '2'), ('XDG_SESSION_CLASS', 'user'), ('USERNAME', 'cav330'), ('TERM', 'xterm-256color'), ('GNOME_DESKTOP_SESSION_ID', 'this-is-deprecated'), ('ROS_LOCALHOST_ONLY', '0'), ('PATH', '/opt/ros/foxy/bin:/usr/local/cuda-11.4/bin:/home/cav330/.local/bin:/usr/local/sbin:/usr/local/bin:/usr/sbin:/usr/bin:/sbin:/bin:/usr/games:/usr/local/games:/snap/bin'), ('SESSION_MANAGER', 'local/ubuntu:@/tmp/.ICE-unix/3540,unix/ubuntu:/tmp/.ICE-unix/3540'), ('PULSE_RUNTIME_PATH', '/run/user/1000/pulse'), ('XDG_MENU_PREFIX', 'gnome-'), ('GNOME_TERMINAL_SCREEN', '/org/gnome/Terminal/screen/1415c740_4480_4aec_b3c9_829264334640'), ('XDG_RUNTIME_DIR', '/run/user/1000'), ('PULSE_CONFIG', '/home/cav330/.nx/devices/D-1001-5BBEA081E7CCC5FE47B3898213872B03/audio/daemon.conf'), ('GDK_BACKEND', 'x11'), ('DISPLAY', ':1001'), ('LANG', 'en_CA.UTF-8'), ('XDG_CURRENT_DESKTOP', 'ubuntu:GNOME'), ('NX_TEMP', '/tmp'), ('XMODIFIERS', '@im=ibus'), ('XAUTHORITY', '/home/cav330/.Xauthority'), ('LS_COLORS', 'rs=0:di=01;34:ln=01;36:mh=00:pi=40;33:so=01;35:do=01;35:bd=40;33;01:cd=40;33;01:or=40;31;01:mi=00:su=37;41:sg=30;43:ca=30;41:tw=30;42:ow=34;42:st=37;44:ex=01;32:*.tar=01;31:*.tgz=01;31:*.arc=01;31:*.arj=01;31:*.taz=01;31:*.lha=01;31:*.lz4=01;31:*.lzh=01;31:*.lzma=01;31:*.tlz=01;31:*.txz=01;31:*.tzo=01;31:*.t7z=01;31:*.zip=01;31:*.z=01;31:*.dz=01;31:*.gz=01;31:*.lrz=01;31:*.lz=01;31:*.lzo=01;31:*.xz=01;31:*.zst=01;31:*.tzst=01;31:*.bz2=01;31:*.bz=01;31:*.tbz=01;31:*.tbz2=01;31:*.tz=01;31:*.deb=01;31:*.rpm=01;31:*.jar=01;31:*.war=01;31:*.ear=01;31:*.sar=01;31:*.rar=01;31:*.alz=01;31:*.ace=01;31:*.zoo=01;31:*.cpio=01;31:*.7z=01;31:*.rz=01;31:*.cab=01;31:*.wim=01;31:*.swm=01;31:*.dwm=01;31:*.esd=01;31:*.jpg=01;35:*.jpeg=01;35:*.mjpg=01;35:*.mjpeg=01;35:*.gif=01;35:*.bmp=01;35:*.pbm=01;35:*.pgm=01;35:*.ppm=01;35:*.tga=01;35:*.xbm=01;35:*.xpm=01;35:*.tif=01;35:*.tiff=01;35:*.png=01;35:*.svg=01;35:*.svgz=01;35:*.mng=01;35:*.pcx=01;35:*.mov=01;35:*.mpg=01;35:*.mpeg=01;35:*.m2v=01;35:*.mkv=01;35:*.webm=01;35:*.ogm=01;35:*.mp4=01;35:*.m4v=01;35:*.mp4v=01;35:*.vob=01;35:*.qt=01;35:*.nuv=01;35:*.wmv=01;35:*.asf=01;35:*.rm=01;35:*.rmvb=01;35:*.flc=01;35:*.avi=01;35:*.fli=01;35:*.flv=01;35:*.gl=01;35:*.dl=01;35:*.xcf=01;35:*.xwd=01;35:*.yuv=01;35:*.cgm=01;35:*.emf=01;35:*.ogv=01;35:*.ogx=01;35:*.aac=00;36:*.au=00;36:*.flac=00;36:*.m4a=00;36:*.mid=00;36:*.midi=00;36:*.mka=00;36:*.mp3=00;36:*.mpc=00;36:*.ogg=00;36:*.ra=00;36:*.wav=00;36:*.oga=00;36:*.opus=00;36:*.spx=00;36:*.xspf=00;36:'), ('GNOME_TERMINAL_SERVICE', ':1.94'), ('SSH_AUTH_SOCK', '/run/user/1000/keyring/ssh'), ('AMENT_PREFIX_PATH', '/home/cav330/f1tenth_ws/install/wall_follow:/home/cav330/f1tenth_ws/install/f1tenth_stack:/home/cav330/f1tenth_ws/install/vesc:/home/cav330/f1tenth_ws/install/vesc_driver:/home/cav330/f1tenth_ws/install/vesc_ackermann:/home/cav330/f1tenth_ws/install/vesc_msgs:/home/cav330/f1tenth_ws/install/teleop_tools:/home/cav330/f1tenth_ws/install/joy_teleop:/home/cav330/f1tenth_ws/install/teleop_tools_msgs:/home/cav330/f1tenth_ws/install/safety_node:/home/cav330/f1tenth_ws/install/mouse_teleop:/home/cav330/f1tenth_ws/install/key_teleop:/home/cav330/f1tenth_ws/install/f1tenth_gym_ros:/home/cav330/f1tenth_ws/install/ackermann_mux:/opt/ros/foxy'), ('SHELL', '/bin/bash'), ('LESSCLOSE', '/usr/bin/lesspipe %s %s'), ('NX_SESSION_ID', '5BBEA081E7CCC5FE47B3898213872B03'), ('GJS_DEBUG_OUTPUT', 'stderr'), ('QT_IM_MODULE', 'ibus'), ('PWD', '/home/cav330/f1tenth_ws/build/ackermann_mux'), ('NX_RUNNER', '/usr/NX/bin/nxrunner'), ('XDG_CONFIG_DIRS', '/etc/xdg/xdg-ubuntu-xorg:/etc/xdg'), ('XDG_DATA_DIRS', '/usr/share/ubuntu-xorg:/usr/local/share:/usr/share:/var/lib/snapd/desktop'), ('PYTHONPATH', '/home/cav330/f1tenth_ws/install/f1tenth_stack/lib/python3.8/site-packages:/home/cav330/f1tenth_ws/install/vesc_msgs/lib/python3.8/site-packages:/home/cav330/f1tenth_ws/install/joy_teleop/lib/python3.8/site-packages:/home/cav330/f1tenth_ws/install/teleop_tools_msgs/lib/python3.8/site-packages:/home/cav330/f1tenth_ws/install/mouse_teleop/lib/python3.8/site-packages:/home/cav330/f1tenth_ws/install/key_teleop/lib/python3.8/site-packages:/home/cav330/f1tenth_ws/install/f1tenth_gym_ros/lib/python3.8/site-packages:/opt/ros/foxy/lib/python3.8/site-packages'), ('COLCON', '1'), ('VTE_VERSION', '6003'), ('CMAKE_PREFIX_PATH', '/home/cav330/f1tenth_ws/install/wall_follow:/home/cav330/f1tenth_ws/install/vesc:/home/cav330/f1tenth_ws/install/vesc_driver:/home/cav330/f1tenth_ws/install/vesc_ackermann:/home/cav330/f1tenth_ws/install/vesc_msgs:/home/cav330/f1tenth_ws/install/teleop_tools:/home/cav330/f1tenth_ws/install/teleop_tools_msgs:/home/cav330/f1tenth_ws/install/safety_node:/home/cav330/f1tenth_ws/install/ackermann_mux:/home/cav330/f1tenth_ws/install/f1tenth_stack:/home/cav330/f1tenth_ws/install/joy_teleop:/home/cav330/f1tenth_ws/install/mouse_teleop:/home/cav330/f1tenth_ws/install/key_teleop:/home/cav330/f1tenth_ws/install/f1tenth_gym_ros:/opt/ros/foxy'), ('NX_CONNECTION', '192.168.33.135 65380 192.168.33.130 4000'), ('NXDIR', '/usr/NX')]), 'shell': False}
[0.407938] (-) TimerEvent: {}
[0.510390] (-) TimerEvent: {}
[0.611285] (-) TimerEvent: {}
[0.712771] (-) TimerEvent: {}
[0.814030] (-) TimerEvent: {}
[0.914900] (-) TimerEvent: {}
[1.015769] (-) TimerEvent: {}
[1.116652] (-) TimerEvent: {}
[1.218158] (-) TimerEvent: {}
[1.319055] (-) TimerEvent: {}
[1.419989] (-) TimerEvent: {}
[1.520954] (-) TimerEvent: {}
[1.621913] (-) TimerEvent: {}
[1.723828] (-) TimerEvent: {}
[1.783253] (vesc_msgs) StdoutLine: {'line': b'[ 10%] Built target vesc_msgs__rosidl_generator_c\n'}
[1.785159] (vesc_msgs) StdoutLine: {'line': b'[ 12%] Built target vesc_msgs__cpp\n'}
[1.785679] (vesc_msgs) StdoutLine: {'line': b'[ 23%] Built target vesc_msgs__rosidl_typesupport_introspection_c\n'}
[1.786030] (vesc_msgs) StdoutLine: {'line': b'[ 34%] Built target vesc_msgs__rosidl_typesupport_c\n'}
[1.786327] (vesc_msgs) StdoutLine: {'line': b'[ 45%] Built target vesc_msgs__rosidl_typesupport_cpp\n'}
[1.788320] (vesc_msgs) StdoutLine: {'line': b'[ 56%] Built target vesc_msgs__rosidl_typesupport_fastrtps_cpp\n'}
[1.790880] (vesc_msgs) StdoutLine: {'line': b'[ 67%] Built target vesc_msgs__rosidl_typesupport_introspection_cpp\n'}
[1.791532] (vesc_msgs) StdoutLine: {'line': b'[ 78%] Built target vesc_msgs__rosidl_typesupport_fastrtps_c\n'}
[1.791915] (vesc_msgs) StdoutLine: {'line': b'[ 78%] Built target vesc_msgs\n'}
[1.794336] (teleop_tools_msgs) StdoutLine: {'line': b'[  3%] Built target teleop_tools_msgs__cpp\n'}
[1.795508] (teleop_tools_msgs) StdoutLine: {'line': b'[ 12%] Built target teleop_tools_msgs__rosidl_generator_c\n'}
[1.797923] (teleop_tools_msgs) StdoutLine: {'line': b'[ 22%] Built target teleop_tools_msgs__rosidl_typesupport_cpp\n'}
[1.800110] (teleop_tools_msgs) StdoutLine: {'line': b'[ 32%] Built target teleop_tools_msgs__rosidl_typesupport_introspection_cpp\n'}
[1.800475] (teleop_tools_msgs) StdoutLine: {'line': b'[ 41%] Built target teleop_tools_msgs__rosidl_typesupport_introspection_c\n'}
[1.800957] (teleop_tools_msgs) StdoutLine: {'line': b'[ 51%] Built target teleop_tools_msgs__rosidl_typesupport_fastrtps_cpp\n'}
[1.801269] (teleop_tools_msgs) StdoutLine: {'line': b'[ 61%] Built target teleop_tools_msgs__rosidl_typesupport_c\n'}
[1.805857] (teleop_tools_msgs) StdoutLine: {'line': b'[ 70%] Built target teleop_tools_msgs__rosidl_typesupport_fastrtps_c\n'}
[1.806336] (teleop_tools_msgs) StdoutLine: {'line': b'[ 70%] Built target teleop_tools_msgs\n'}
[1.824129] (ackermann_mux) StdoutLine: {'line': b'[100%] Built target ackermann_mux\n'}
[1.825178] (-) TimerEvent: {}
[1.849663] (ackermann_mux) CommandEnded: {'returncode': 0}
[1.864461] (ackermann_mux) JobProgress: {'identifier': 'ackermann_mux', 'progress': 'install'}
[1.877466] (teleop_tools_msgs) StdoutLine: {'line': b'[ 74%] Built target teleop_tools_msgs__py\n'}
[1.908953] (vesc_msgs) StdoutLine: {'line': b'[ 80%] Built target vesc_msgs__py\n'}
[1.925409] (-) TimerEvent: {}
[1.931709] (ackermann_mux) Command: {'cmd': ['/usr/bin/cmake', '--install', '/home/cav330/f1tenth_ws/build/ackermann_mux'], 'cwd': '/home/cav330/f1tenth_ws/build/ackermann_mux', 'env': OrderedDict([('NX_ROOT', '/home/cav330/.nx'), ('GJS_DEBUG_TOPICS', 'JS ERROR;JS LOG'), ('LESSOPEN', '| /usr/bin/lesspipe %s'), ('PULSE_CLIENTCONFIG', '/home/cav330/.nx/devices/D-1001-5BBEA081E7CCC5FE47B3898213872B03/audio/client.conf'), ('MAIL', '/var/mail/cav330'), ('USER', 'cav330'), ('XDG_SESSION_TYPE', 'x11'), ('NX_SYSTEM', '/usr/NX'), ('SHLVL', '1'), ('LD_LIBRARY_PATH', '/home/cav330/f1tenth_ws/install/vesc_driver/lib:/home/cav330/f1tenth_ws/install/vesc_ackermann/lib:/home/cav330/f1tenth_ws/install/vesc_msgs/lib:/home/cav330/f1tenth_ws/install/teleop_tools_msgs/lib:/opt/ros/foxy/opt/yaml_cpp_vendor/lib:/opt/ros/foxy/opt/rviz_ogre_vendor/lib:/opt/ros/foxy/lib/aarch64-linux-gnu:/opt/ros/foxy/lib:/usr/local/cuda-11.4/lib64:'), ('HOME', '/home/cav330'), ('DESKTOP_SESSION', 'ubuntu-xorg'), ('ROS_PYTHON_VERSION', '3'), ('GNOME_SHELL_SESSION_MODE', 'ubuntu'), ('DBUS_SESSION_BUS_ADDRESS', 'unix:abstract=/tmp/dbus-1gzSD6Wl1K,guid=d4e8827e16524ec651a25cad69cafd2d'), ('COLORTERM', 'truecolor'), ('PULSE_SCRIPT', '/home/cav330/.nx/devices/D-1001-5BBEA081E7CCC5FE47B3898213872B03/audio/default.pa'), ('WAYLAND_DISPLAY', 'no'), ('COLCON_PREFIX_PATH', '/home/cav330/f1tenth_ws/install'), ('ROS_DISTRO', 'foxy'), ('LOGNAME', 'cav330'), ('PULSE_SERVER', '/home/cav330/.nx/devices/D-1001-5BBEA081E7CCC5FE47B3898213872B03/audio/native.socket'), ('_', '/usr/bin/colcon'), ('ROS_VERSION', '2'), ('XDG_SESSION_CLASS', 'user'), ('USERNAME', 'cav330'), ('TERM', 'xterm-256color'), ('GNOME_DESKTOP_SESSION_ID', 'this-is-deprecated'), ('ROS_LOCALHOST_ONLY', '0'), ('PATH', '/opt/ros/foxy/bin:/usr/local/cuda-11.4/bin:/home/cav330/.local/bin:/usr/local/sbin:/usr/local/bin:/usr/sbin:/usr/bin:/sbin:/bin:/usr/games:/usr/local/games:/snap/bin'), ('SESSION_MANAGER', 'local/ubuntu:@/tmp/.ICE-unix/3540,unix/ubuntu:/tmp/.ICE-unix/3540'), ('PULSE_RUNTIME_PATH', '/run/user/1000/pulse'), ('XDG_MENU_PREFIX', 'gnome-'), ('GNOME_TERMINAL_SCREEN', '/org/gnome/Terminal/screen/1415c740_4480_4aec_b3c9_829264334640'), ('XDG_RUNTIME_DIR', '/run/user/1000'), ('PULSE_CONFIG', '/home/cav330/.nx/devices/D-1001-5BBEA081E7CCC5FE47B3898213872B03/audio/daemon.conf'), ('GDK_BACKEND', 'x11'), ('DISPLAY', ':1001'), ('LANG', 'en_CA.UTF-8'), ('XDG_CURRENT_DESKTOP', 'ubuntu:GNOME'), ('NX_TEMP', '/tmp'), ('XMODIFIERS', '@im=ibus'), ('XAUTHORITY', '/home/cav330/.Xauthority'), ('LS_COLORS', 'rs=0:di=01;34:ln=01;36:mh=00:pi=40;33:so=01;35:do=01;35:bd=40;33;01:cd=40;33;01:or=40;31;01:mi=00:su=37;41:sg=30;43:ca=30;41:tw=30;42:ow=34;42:st=37;44:ex=01;32:*.tar=01;31:*.tgz=01;31:*.arc=01;31:*.arj=01;31:*.taz=01;31:*.lha=01;31:*.lz4=01;31:*.lzh=01;31:*.lzma=01;31:*.tlz=01;31:*.txz=01;31:*.tzo=01;31:*.t7z=01;31:*.zip=01;31:*.z=01;31:*.dz=01;31:*.gz=01;31:*.lrz=01;31:*.lz=01;31:*.lzo=01;31:*.xz=01;31:*.zst=01;31:*.tzst=01;31:*.bz2=01;31:*.bz=01;31:*.tbz=01;31:*.tbz2=01;31:*.tz=01;31:*.deb=01;31:*.rpm=01;31:*.jar=01;31:*.war=01;31:*.ear=01;31:*.sar=01;31:*.rar=01;31:*.alz=01;31:*.ace=01;31:*.zoo=01;31:*.cpio=01;31:*.7z=01;31:*.rz=01;31:*.cab=01;31:*.wim=01;31:*.swm=01;31:*.dwm=01;31:*.esd=01;31:*.jpg=01;35:*.jpeg=01;35:*.mjpg=01;35:*.mjpeg=01;35:*.gif=01;35:*.bmp=01;35:*.pbm=01;35:*.pgm=01;35:*.ppm=01;35:*.tga=01;35:*.xbm=01;35:*.xpm=01;35:*.tif=01;35:*.tiff=01;35:*.png=01;35:*.svg=01;35:*.svgz=01;35:*.mng=01;35:*.pcx=01;35:*.mov=01;35:*.mpg=01;35:*.mpeg=01;35:*.m2v=01;35:*.mkv=01;35:*.webm=01;35:*.ogm=01;35:*.mp4=01;35:*.m4v=01;35:*.mp4v=01;35:*.vob=01;35:*.qt=01;35:*.nuv=01;35:*.wmv=01;35:*.asf=01;35:*.rm=01;35:*.rmvb=01;35:*.flc=01;35:*.avi=01;35:*.fli=01;35:*.flv=01;35:*.gl=01;35:*.dl=01;35:*.xcf=01;35:*.xwd=01;35:*.yuv=01;35:*.cgm=01;35:*.emf=01;35:*.ogv=01;35:*.ogx=01;35:*.aac=00;36:*.au=00;36:*.flac=00;36:*.m4a=00;36:*.mid=00;36:*.midi=00;36:*.mka=00;36:*.mp3=00;36:*.mpc=00;36:*.ogg=00;36:*.ra=00;36:*.wav=00;36:*.oga=00;36:*.opus=00;36:*.spx=00;36:*.xspf=00;36:'), ('GNOME_TERMINAL_SERVICE', ':1.94'), ('SSH_AUTH_SOCK', '/run/user/1000/keyring/ssh'), ('AMENT_PREFIX_PATH', '/home/cav330/f1tenth_ws/install/wall_follow:/home/cav330/f1tenth_ws/install/f1tenth_stack:/home/cav330/f1tenth_ws/install/vesc:/home/cav330/f1tenth_ws/install/vesc_driver:/home/cav330/f1tenth_ws/install/vesc_ackermann:/home/cav330/f1tenth_ws/install/vesc_msgs:/home/cav330/f1tenth_ws/install/teleop_tools:/home/cav330/f1tenth_ws/install/joy_teleop:/home/cav330/f1tenth_ws/install/teleop_tools_msgs:/home/cav330/f1tenth_ws/install/safety_node:/home/cav330/f1tenth_ws/install/mouse_teleop:/home/cav330/f1tenth_ws/install/key_teleop:/home/cav330/f1tenth_ws/install/f1tenth_gym_ros:/home/cav330/f1tenth_ws/install/ackermann_mux:/opt/ros/foxy'), ('SHELL', '/bin/bash'), ('LESSCLOSE', '/usr/bin/lesspipe %s %s'), ('NX_SESSION_ID', '5BBEA081E7CCC5FE47B3898213872B03'), ('GJS_DEBUG_OUTPUT', 'stderr'), ('QT_IM_MODULE', 'ibus'), ('PWD', '/home/cav330/f1tenth_ws/build/ackermann_mux'), ('NX_RUNNER', '/usr/NX/bin/nxrunner'), ('XDG_CONFIG_DIRS', '/etc/xdg/xdg-ubuntu-xorg:/etc/xdg'), ('XDG_DATA_DIRS', '/usr/share/ubuntu-xorg:/usr/local/share:/usr/share:/var/lib/snapd/desktop'), ('PYTHONPATH', '/home/cav330/f1tenth_ws/install/f1tenth_stack/lib/python3.8/site-packages:/home/cav330/f1tenth_ws/install/vesc_msgs/lib/python3.8/site-packages:/home/cav330/f1tenth_ws/install/joy_teleop/lib/python3.8/site-packages:/home/cav330/f1tenth_ws/install/teleop_tools_msgs/lib/python3.8/site-packages:/home/cav330/f1tenth_ws/install/mouse_teleop/lib/python3.8/site-packages:/home/cav330/f1tenth_ws/install/key_teleop/lib/python3.8/site-packages:/home/cav330/f1tenth_ws/install/f1tenth_gym_ros/lib/python3.8/site-packages:/opt/ros/foxy/lib/python3.8/site-packages'), ('COLCON', '1'), ('VTE_VERSION', '6003'), ('CMAKE_PREFIX_PATH', '/home/cav330/f1tenth_ws/install/wall_follow:/home/cav330/f1tenth_ws/install/vesc:/home/cav330/f1tenth_ws/install/vesc_driver:/home/cav330/f1tenth_ws/install/vesc_ackermann:/home/cav330/f1tenth_ws/install/vesc_msgs:/home/cav330/f1tenth_ws/install/teleop_tools:/home/cav330/f1tenth_ws/install/teleop_tools_msgs:/home/cav330/f1tenth_ws/install/safety_node:/home/cav330/f1tenth_ws/install/ackermann_mux:/home/cav330/f1tenth_ws/install/f1tenth_stack:/home/cav330/f1tenth_ws/install/joy_teleop:/home/cav330/f1tenth_ws/install/mouse_teleop:/home/cav330/f1tenth_ws/install/key_teleop:/home/cav330/f1tenth_ws/install/f1tenth_gym_ros:/opt/ros/foxy'), ('NX_CONNECTION', '192.168.33.135 65380 192.168.33.130 4000'), ('NXDIR', '/usr/NX')]), 'shell': False}
[2.005240] (ackermann_mux) StdoutLine: {'line': b'-- Install configuration: ""\n'}
[2.009385] (ackermann_mux) StdoutLine: {'line': b'-- Up-to-date: /home/cav330/f1tenth_ws/install/ackermann_mux/lib/ackermann_mux/ackermann_mux\n'}
[2.013046] (ackermann_mux) StdoutLine: {'line': b'-- Up-to-date: /home/cav330/f1tenth_ws/install/ackermann_mux/share/ackermann_mux/launch\n'}
[2.014742] (ackermann_mux) StdoutLine: {'line': b'-- Up-to-date: /home/cav330/f1tenth_ws/install/ackermann_mux/share/ackermann_mux/launch/ackermann_mux_launch.py\n'}
[2.015911] (ackermann_mux) StdoutLine: {'line': b'-- Up-to-date: /home/cav330/f1tenth_ws/install/ackermann_mux/share/ackermann_mux/config\n'}
[2.017377] (ackermann_mux) StdoutLine: {'line': b'-- Up-to-date: /home/cav330/f1tenth_ws/install/ackermann_mux/share/ackermann_mux/config/ackermann_mux_locks.yaml\n'}
[2.018694] (ackermann_mux) StdoutLine: {'line': b'-- Up-to-date: /home/cav330/f1tenth_ws/install/ackermann_mux/share/ackermann_mux/config/ackermann_mux_topics.yaml\n'}
[2.019532] (ackermann_mux) StdoutLine: {'line': b'-- Up-to-date: /home/cav330/f1tenth_ws/install/ackermann_mux/share/ackermann_mux/config/joystick.yaml\n'}
[2.020541] (ackermann_mux) StdoutLine: {'line': b'-- Up-to-date: /home/cav330/f1tenth_ws/install/ackermann_mux/include\n'}
[2.021714] (ackermann_mux) StdoutLine: {'line': b'-- Up-to-date: /home/cav330/f1tenth_ws/install/ackermann_mux/include/ackermann_mux\n'}
[2.022800] (ackermann_mux) StdoutLine: {'line': b'-- Up-to-date: /home/cav330/f1tenth_ws/install/ackermann_mux/include/ackermann_mux/topic_handle.hpp\n'}
[2.023584] (ackermann_mux) StdoutLine: {'line': b'-- Up-to-date: /home/cav330/f1tenth_ws/install/ackermann_mux/include/ackermann_mux/params_helpers.hpp\n'}
[2.024857] (ackermann_mux) StdoutLine: {'line': b'-- Up-to-date: /home/cav330/f1tenth_ws/install/ackermann_mux/include/ackermann_mux/utils.hpp\n'}
[2.025653] (-) TimerEvent: {}
[2.026977] (ackermann_mux) StdoutLine: {'line': b'-- Up-to-date: /home/cav330/f1tenth_ws/install/ackermann_mux/include/ackermann_mux/ackermann_mux_diagnostics.hpp\n'}
[2.027780] (ackermann_mux) StdoutLine: {'line': b'-- Up-to-date: /home/cav330/f1tenth_ws/install/ackermann_mux/include/ackermann_mux/ackermann_mux_diagnostics_status.hpp\n'}
[2.028583] (ackermann_mux) StdoutLine: {'line': b'-- Up-to-date: /home/cav330/f1tenth_ws/install/ackermann_mux/include/ackermann_mux/ackermann_mux.hpp\n'}
[2.029817] (ackermann_mux) StdoutLine: {'line': b'-- Up-to-date: /home/cav330/f1tenth_ws/install/ackermann_mux/share/ament_index/resource_index/package_run_dependencies/ackermann_mux\n'}
[2.031244] (ackermann_mux) StdoutLine: {'line': b'-- Up-to-date: /home/cav330/f1tenth_ws/install/ackermann_mux/share/ament_index/resource_index/parent_prefix_path/ackermann_mux\n'}
[2.032345] (ackermann_mux) StdoutLine: {'line': b'-- Up-to-date: /home/cav330/f1tenth_ws/install/ackermann_mux/share/ackermann_mux/environment/ament_prefix_path.sh\n'}
[2.033461] (ackermann_mux) StdoutLine: {'line': b'-- Up-to-date: /home/cav330/f1tenth_ws/install/ackermann_mux/share/ackermann_mux/environment/ament_prefix_path.dsv\n'}
[2.034629] (ackermann_mux) StdoutLine: {'line': b'-- Up-to-date: /home/cav330/f1tenth_ws/install/ackermann_mux/share/ackermann_mux/environment/path.sh\n'}
[2.036575] (ackermann_mux) StdoutLine: {'line': b'-- Up-to-date: /home/cav330/f1tenth_ws/install/ackermann_mux/share/ackermann_mux/environment/path.dsv\n'}
[2.039296] (ackermann_mux) StdoutLine: {'line': b'-- Up-to-date: /home/cav330/f1tenth_ws/install/ackermann_mux/share/ackermann_mux/local_setup.bash\n'}
[2.040363] (ackermann_mux) StdoutLine: {'line': b'-- Up-to-date: /home/cav330/f1tenth_ws/install/ackermann_mux/share/ackermann_mux/local_setup.sh\n'}
[2.041443] (ackermann_mux) StdoutLine: {'line': b'-- Up-to-date: /home/cav330/f1tenth_ws/install/ackermann_mux/share/ackermann_mux/local_setup.zsh\n'}
[2.042642] (ackermann_mux) StdoutLine: {'line': b'-- Up-to-date: /home/cav330/f1tenth_ws/install/ackermann_mux/share/ackermann_mux/local_setup.dsv\n'}
[2.044143] (ackermann_mux) StdoutLine: {'line': b'-- Installing: /home/cav330/f1tenth_ws/install/ackermann_mux/share/ackermann_mux/package.dsv\n'}
[2.046540] (ackermann_mux) StdoutLine: {'line': b'-- Up-to-date: /home/cav330/f1tenth_ws/install/ackermann_mux/share/ament_index/resource_index/packages/ackermann_mux\n'}
[2.048010] (ackermann_mux) StdoutLine: {'line': b'-- Up-to-date: /home/cav330/f1tenth_ws/install/ackermann_mux/share/ackermann_mux/cmake/ament_cmake_export_include_directories-extras.cmake\n'}
[2.049450] (ackermann_mux) StdoutLine: {'line': b'-- Up-to-date: /home/cav330/f1tenth_ws/install/ackermann_mux/share/ackermann_mux/cmake/ament_cmake_export_dependencies-extras.cmake\n'}
[2.050785] (ackermann_mux) StdoutLine: {'line': b'-- Up-to-date: /home/cav330/f1tenth_ws/install/ackermann_mux/share/ackermann_mux/cmake/ackermann_muxConfig.cmake\n'}
[2.052742] (ackermann_mux) StdoutLine: {'line': b'-- Up-to-date: /home/cav330/f1tenth_ws/install/ackermann_mux/share/ackermann_mux/cmake/ackermann_muxConfig-version.cmake\n'}
[2.055207] (ackermann_mux) StdoutLine: {'line': b'-- Up-to-date: /home/cav330/f1tenth_ws/install/ackermann_mux/share/ackermann_mux/package.xml\n'}
[2.066079] (ackermann_mux) CommandEnded: {'returncode': 0}
[2.073805] (teleop_tools_msgs) StdoutLine: {'line': b'[ 80%] Built target teleop_tools_msgs__python\n'}
[2.114352] (vesc_msgs) StdoutLine: {'line': b'[ 89%] Built target vesc_msgs__python\n'}
[2.126085] (-) TimerEvent: {}
[2.232519] (-) TimerEvent: {}
[2.299690] (ackermann_mux) JobEnded: {'identifier': 'ackermann_mux', 'rc': 0}
[2.301898] (f1tenth_gym_ros) JobStarted: {'identifier': 'f1tenth_gym_ros'}
[2.332735] (-) TimerEvent: {}
[2.371097] (teleop_tools_msgs) StdoutLine: {'line': b'[ 87%] Built target teleop_tools_msgs__rosidl_typesupport_introspection_c__pyext\n'}
[2.434027] (-) TimerEvent: {}
[2.437459] (teleop_tools_msgs) StdoutLine: {'line': b'[ 93%] Built target teleop_tools_msgs__rosidl_typesupport_c__pyext\n'}
[2.488449] (vesc_msgs) StdoutLine: {'line': b'[ 92%] Built target vesc_msgs__rosidl_typesupport_fastrtps_c__pyext\n'}
[2.491973] (vesc_msgs) StdoutLine: {'line': b'[ 96%] Built target vesc_msgs__rosidl_typesupport_c__pyext\n'}
[2.512940] (teleop_tools_msgs) StdoutLine: {'line': b'[100%] Built target teleop_tools_msgs__rosidl_typesupport_fastrtps_c__pyext\n'}
[2.533928] (-) TimerEvent: {}
[2.546501] (vesc_msgs) StdoutLine: {'line': b'[100%] Built target vesc_msgs__rosidl_typesupport_introspection_c__pyext\n'}
[2.634146] (-) TimerEvent: {}
[2.735182] (-) TimerEvent: {}
[2.836018] (-) TimerEvent: {}
[2.937084] (-) TimerEvent: {}
[3.038633] (-) TimerEvent: {}
[3.139465] (-) TimerEvent: {}
[3.240327] (-) TimerEvent: {}
[3.341342] (-) TimerEvent: {}
[3.442743] (-) TimerEvent: {}
[3.543672] (-) TimerEvent: {}
[3.645077] (-) TimerEvent: {}
[3.654822] (teleop_tools_msgs) CommandEnded: {'returncode': 0}
[3.660667] (teleop_tools_msgs) JobProgress: {'identifier': 'teleop_tools_msgs', 'progress': 'install'}
[3.662199] (teleop_tools_msgs) Command: {'cmd': ['/usr/bin/cmake', '--install', '/home/cav330/f1tenth_ws/build/teleop_tools_msgs'], 'cwd': '/home/cav330/f1tenth_ws/build/teleop_tools_msgs', 'env': OrderedDict([('NX_ROOT', '/home/cav330/.nx'), ('GJS_DEBUG_TOPICS', 'JS ERROR;JS LOG'), ('LESSOPEN', '| /usr/bin/lesspipe %s'), ('PULSE_CLIENTCONFIG', '/home/cav330/.nx/devices/D-1001-5BBEA081E7CCC5FE47B3898213872B03/audio/client.conf'), ('MAIL', '/var/mail/cav330'), ('USER', 'cav330'), ('XDG_SESSION_TYPE', 'x11'), ('NX_SYSTEM', '/usr/NX'), ('SHLVL', '1'), ('LD_LIBRARY_PATH', '/home/cav330/f1tenth_ws/install/vesc_driver/lib:/home/cav330/f1tenth_ws/install/vesc_ackermann/lib:/home/cav330/f1tenth_ws/install/vesc_msgs/lib:/home/cav330/f1tenth_ws/install/teleop_tools_msgs/lib:/opt/ros/foxy/opt/yaml_cpp_vendor/lib:/opt/ros/foxy/opt/rviz_ogre_vendor/lib:/opt/ros/foxy/lib/aarch64-linux-gnu:/opt/ros/foxy/lib:/usr/local/cuda-11.4/lib64:'), ('HOME', '/home/cav330'), ('DESKTOP_SESSION', 'ubuntu-xorg'), ('ROS_PYTHON_VERSION', '3'), ('GNOME_SHELL_SESSION_MODE', 'ubuntu'), ('DBUS_SESSION_BUS_ADDRESS', 'unix:abstract=/tmp/dbus-1gzSD6Wl1K,guid=d4e8827e16524ec651a25cad69cafd2d'), ('COLORTERM', 'truecolor'), ('PULSE_SCRIPT', '/home/cav330/.nx/devices/D-1001-5BBEA081E7CCC5FE47B3898213872B03/audio/default.pa'), ('WAYLAND_DISPLAY', 'no'), ('COLCON_PREFIX_PATH', '/home/cav330/f1tenth_ws/install'), ('ROS_DISTRO', 'foxy'), ('LOGNAME', 'cav330'), ('PULSE_SERVER', '/home/cav330/.nx/devices/D-1001-5BBEA081E7CCC5FE47B3898213872B03/audio/native.socket'), ('_', '/usr/bin/colcon'), ('ROS_VERSION', '2'), ('XDG_SESSION_CLASS', 'user'), ('USERNAME', 'cav330'), ('TERM', 'xterm-256color'), ('GNOME_DESKTOP_SESSION_ID', 'this-is-deprecated'), ('ROS_LOCALHOST_ONLY', '0'), ('PATH', '/opt/ros/foxy/bin:/usr/local/cuda-11.4/bin:/home/cav330/.local/bin:/usr/local/sbin:/usr/local/bin:/usr/sbin:/usr/bin:/sbin:/bin:/usr/games:/usr/local/games:/snap/bin'), ('SESSION_MANAGER', 'local/ubuntu:@/tmp/.ICE-unix/3540,unix/ubuntu:/tmp/.ICE-unix/3540'), ('PULSE_RUNTIME_PATH', '/run/user/1000/pulse'), ('XDG_MENU_PREFIX', 'gnome-'), ('GNOME_TERMINAL_SCREEN', '/org/gnome/Terminal/screen/1415c740_4480_4aec_b3c9_829264334640'), ('XDG_RUNTIME_DIR', '/run/user/1000'), ('PULSE_CONFIG', '/home/cav330/.nx/devices/D-1001-5BBEA081E7CCC5FE47B3898213872B03/audio/daemon.conf'), ('GDK_BACKEND', 'x11'), ('DISPLAY', ':1001'), ('LANG', 'en_CA.UTF-8'), ('XDG_CURRENT_DESKTOP', 'ubuntu:GNOME'), ('NX_TEMP', '/tmp'), ('XMODIFIERS', '@im=ibus'), ('XAUTHORITY', '/home/cav330/.Xauthority'), ('LS_COLORS', 'rs=0:di=01;34:ln=01;36:mh=00:pi=40;33:so=01;35:do=01;35:bd=40;33;01:cd=40;33;01:or=40;31;01:mi=00:su=37;41:sg=30;43:ca=30;41:tw=30;42:ow=34;42:st=37;44:ex=01;32:*.tar=01;31:*.tgz=01;31:*.arc=01;31:*.arj=01;31:*.taz=01;31:*.lha=01;31:*.lz4=01;31:*.lzh=01;31:*.lzma=01;31:*.tlz=01;31:*.txz=01;31:*.tzo=01;31:*.t7z=01;31:*.zip=01;31:*.z=01;31:*.dz=01;31:*.gz=01;31:*.lrz=01;31:*.lz=01;31:*.lzo=01;31:*.xz=01;31:*.zst=01;31:*.tzst=01;31:*.bz2=01;31:*.bz=01;31:*.tbz=01;31:*.tbz2=01;31:*.tz=01;31:*.deb=01;31:*.rpm=01;31:*.jar=01;31:*.war=01;31:*.ear=01;31:*.sar=01;31:*.rar=01;31:*.alz=01;31:*.ace=01;31:*.zoo=01;31:*.cpio=01;31:*.7z=01;31:*.rz=01;31:*.cab=01;31:*.wim=01;31:*.swm=01;31:*.dwm=01;31:*.esd=01;31:*.jpg=01;35:*.jpeg=01;35:*.mjpg=01;35:*.mjpeg=01;35:*.gif=01;35:*.bmp=01;35:*.pbm=01;35:*.pgm=01;35:*.ppm=01;35:*.tga=01;35:*.xbm=01;35:*.xpm=01;35:*.tif=01;35:*.tiff=01;35:*.png=01;35:*.svg=01;35:*.svgz=01;35:*.mng=01;35:*.pcx=01;35:*.mov=01;35:*.mpg=01;35:*.mpeg=01;35:*.m2v=01;35:*.mkv=01;35:*.webm=01;35:*.ogm=01;35:*.mp4=01;35:*.m4v=01;35:*.mp4v=01;35:*.vob=01;35:*.qt=01;35:*.nuv=01;35:*.wmv=01;35:*.asf=01;35:*.rm=01;35:*.rmvb=01;35:*.flc=01;35:*.avi=01;35:*.fli=01;35:*.flv=01;35:*.gl=01;35:*.dl=01;35:*.xcf=01;35:*.xwd=01;35:*.yuv=01;35:*.cgm=01;35:*.emf=01;35:*.ogv=01;35:*.ogx=01;35:*.aac=00;36:*.au=00;36:*.flac=00;36:*.m4a=00;36:*.mid=00;36:*.midi=00;36:*.mka=00;36:*.mp3=00;36:*.mpc=00;36:*.ogg=00;36:*.ra=00;36:*.wav=00;36:*.oga=00;36:*.opus=00;36:*.spx=00;36:*.xspf=00;36:'), ('GNOME_TERMINAL_SERVICE', ':1.94'), ('SSH_AUTH_SOCK', '/run/user/1000/keyring/ssh'), ('AMENT_PREFIX_PATH', '/home/cav330/f1tenth_ws/install/wall_follow:/home/cav330/f1tenth_ws/install/f1tenth_stack:/home/cav330/f1tenth_ws/install/vesc:/home/cav330/f1tenth_ws/install/vesc_driver:/home/cav330/f1tenth_ws/install/vesc_ackermann:/home/cav330/f1tenth_ws/install/vesc_msgs:/home/cav330/f1tenth_ws/install/teleop_tools:/home/cav330/f1tenth_ws/install/joy_teleop:/home/cav330/f1tenth_ws/install/teleop_tools_msgs:/home/cav330/f1tenth_ws/install/safety_node:/home/cav330/f1tenth_ws/install/mouse_teleop:/home/cav330/f1tenth_ws/install/key_teleop:/home/cav330/f1tenth_ws/install/f1tenth_gym_ros:/home/cav330/f1tenth_ws/install/ackermann_mux:/opt/ros/foxy'), ('SHELL', '/bin/bash'), ('LESSCLOSE', '/usr/bin/lesspipe %s %s'), ('NX_SESSION_ID', '5BBEA081E7CCC5FE47B3898213872B03'), ('GJS_DEBUG_OUTPUT', 'stderr'), ('QT_IM_MODULE', 'ibus'), ('PWD', '/home/cav330/f1tenth_ws/build/teleop_tools_msgs'), ('NX_RUNNER', '/usr/NX/bin/nxrunner'), ('XDG_CONFIG_DIRS', '/etc/xdg/xdg-ubuntu-xorg:/etc/xdg'), ('XDG_DATA_DIRS', '/usr/share/ubuntu-xorg:/usr/local/share:/usr/share:/var/lib/snapd/desktop'), ('PYTHONPATH', '/home/cav330/f1tenth_ws/install/f1tenth_stack/lib/python3.8/site-packages:/home/cav330/f1tenth_ws/install/vesc_msgs/lib/python3.8/site-packages:/home/cav330/f1tenth_ws/install/joy_teleop/lib/python3.8/site-packages:/home/cav330/f1tenth_ws/install/teleop_tools_msgs/lib/python3.8/site-packages:/home/cav330/f1tenth_ws/install/mouse_teleop/lib/python3.8/site-packages:/home/cav330/f1tenth_ws/install/key_teleop/lib/python3.8/site-packages:/home/cav330/f1tenth_ws/install/f1tenth_gym_ros/lib/python3.8/site-packages:/opt/ros/foxy/lib/python3.8/site-packages'), ('COLCON', '1'), ('VTE_VERSION', '6003'), ('CMAKE_PREFIX_PATH', '/home/cav330/f1tenth_ws/install/wall_follow:/home/cav330/f1tenth_ws/install/vesc:/home/cav330/f1tenth_ws/install/vesc_driver:/home/cav330/f1tenth_ws/install/vesc_ackermann:/home/cav330/f1tenth_ws/install/vesc_msgs:/home/cav330/f1tenth_ws/install/teleop_tools:/home/cav330/f1tenth_ws/install/teleop_tools_msgs:/home/cav330/f1tenth_ws/install/safety_node:/home/cav330/f1tenth_ws/install/ackermann_mux:/home/cav330/f1tenth_ws/install/f1tenth_stack:/home/cav330/f1tenth_ws/install/joy_teleop:/home/cav330/f1tenth_ws/install/mouse_teleop:/home/cav330/f1tenth_ws/install/key_teleop:/home/cav330/f1tenth_ws/install/f1tenth_gym_ros:/opt/ros/foxy'), ('NX_CONNECTION', '192.168.33.135 65380 192.168.33.130 4000'), ('NXDIR', '/usr/NX')]), 'shell': False}
[3.682096] (vesc_msgs) CommandEnded: {'returncode': 0}
[3.688868] (vesc_msgs) JobProgress: {'identifier': 'vesc_msgs', 'progress': 'install'}
[3.698603] (vesc_msgs) Command: {'cmd': ['/usr/bin/cmake', '--install', '/home/cav330/f1tenth_ws/build/vesc_msgs'], 'cwd': '/home/cav330/f1tenth_ws/build/vesc_msgs', 'env': OrderedDict([('NX_ROOT', '/home/cav330/.nx'), ('GJS_DEBUG_TOPICS', 'JS ERROR;JS LOG'), ('LESSOPEN', '| /usr/bin/lesspipe %s'), ('PULSE_CLIENTCONFIG', '/home/cav330/.nx/devices/D-1001-5BBEA081E7CCC5FE47B3898213872B03/audio/client.conf'), ('MAIL', '/var/mail/cav330'), ('USER', 'cav330'), ('XDG_SESSION_TYPE', 'x11'), ('NX_SYSTEM', '/usr/NX'), ('SHLVL', '1'), ('LD_LIBRARY_PATH', '/home/cav330/f1tenth_ws/install/vesc_driver/lib:/home/cav330/f1tenth_ws/install/vesc_ackermann/lib:/home/cav330/f1tenth_ws/install/vesc_msgs/lib:/home/cav330/f1tenth_ws/install/teleop_tools_msgs/lib:/opt/ros/foxy/opt/yaml_cpp_vendor/lib:/opt/ros/foxy/opt/rviz_ogre_vendor/lib:/opt/ros/foxy/lib/aarch64-linux-gnu:/opt/ros/foxy/lib:/usr/local/cuda-11.4/lib64:'), ('HOME', '/home/cav330'), ('DESKTOP_SESSION', 'ubuntu-xorg'), ('ROS_PYTHON_VERSION', '3'), ('GNOME_SHELL_SESSION_MODE', 'ubuntu'), ('DBUS_SESSION_BUS_ADDRESS', 'unix:abstract=/tmp/dbus-1gzSD6Wl1K,guid=d4e8827e16524ec651a25cad69cafd2d'), ('COLORTERM', 'truecolor'), ('PULSE_SCRIPT', '/home/cav330/.nx/devices/D-1001-5BBEA081E7CCC5FE47B3898213872B03/audio/default.pa'), ('WAYLAND_DISPLAY', 'no'), ('COLCON_PREFIX_PATH', '/home/cav330/f1tenth_ws/install'), ('ROS_DISTRO', 'foxy'), ('LOGNAME', 'cav330'), ('PULSE_SERVER', '/home/cav330/.nx/devices/D-1001-5BBEA081E7CCC5FE47B3898213872B03/audio/native.socket'), ('_', '/usr/bin/colcon'), ('ROS_VERSION', '2'), ('XDG_SESSION_CLASS', 'user'), ('USERNAME', 'cav330'), ('TERM', 'xterm-256color'), ('GNOME_DESKTOP_SESSION_ID', 'this-is-deprecated'), ('ROS_LOCALHOST_ONLY', '0'), ('PATH', '/opt/ros/foxy/bin:/usr/local/cuda-11.4/bin:/home/cav330/.local/bin:/usr/local/sbin:/usr/local/bin:/usr/sbin:/usr/bin:/sbin:/bin:/usr/games:/usr/local/games:/snap/bin'), ('SESSION_MANAGER', 'local/ubuntu:@/tmp/.ICE-unix/3540,unix/ubuntu:/tmp/.ICE-unix/3540'), ('PULSE_RUNTIME_PATH', '/run/user/1000/pulse'), ('XDG_MENU_PREFIX', 'gnome-'), ('GNOME_TERMINAL_SCREEN', '/org/gnome/Terminal/screen/1415c740_4480_4aec_b3c9_829264334640'), ('XDG_RUNTIME_DIR', '/run/user/1000'), ('PULSE_CONFIG', '/home/cav330/.nx/devices/D-1001-5BBEA081E7CCC5FE47B3898213872B03/audio/daemon.conf'), ('GDK_BACKEND', 'x11'), ('DISPLAY', ':1001'), ('LANG', 'en_CA.UTF-8'), ('XDG_CURRENT_DESKTOP', 'ubuntu:GNOME'), ('NX_TEMP', '/tmp'), ('XMODIFIERS', '@im=ibus'), ('XAUTHORITY', '/home/cav330/.Xauthority'), ('LS_COLORS', 'rs=0:di=01;34:ln=01;36:mh=00:pi=40;33:so=01;35:do=01;35:bd=40;33;01:cd=40;33;01:or=40;31;01:mi=00:su=37;41:sg=30;43:ca=30;41:tw=30;42:ow=34;42:st=37;44:ex=01;32:*.tar=01;31:*.tgz=01;31:*.arc=01;31:*.arj=01;31:*.taz=01;31:*.lha=01;31:*.lz4=01;31:*.lzh=01;31:*.lzma=01;31:*.tlz=01;31:*.txz=01;31:*.tzo=01;31:*.t7z=01;31:*.zip=01;31:*.z=01;31:*.dz=01;31:*.gz=01;31:*.lrz=01;31:*.lz=01;31:*.lzo=01;31:*.xz=01;31:*.zst=01;31:*.tzst=01;31:*.bz2=01;31:*.bz=01;31:*.tbz=01;31:*.tbz2=01;31:*.tz=01;31:*.deb=01;31:*.rpm=01;31:*.jar=01;31:*.war=01;31:*.ear=01;31:*.sar=01;31:*.rar=01;31:*.alz=01;31:*.ace=01;31:*.zoo=01;31:*.cpio=01;31:*.7z=01;31:*.rz=01;31:*.cab=01;31:*.wim=01;31:*.swm=01;31:*.dwm=01;31:*.esd=01;31:*.jpg=01;35:*.jpeg=01;35:*.mjpg=01;35:*.mjpeg=01;35:*.gif=01;35:*.bmp=01;35:*.pbm=01;35:*.pgm=01;35:*.ppm=01;35:*.tga=01;35:*.xbm=01;35:*.xpm=01;35:*.tif=01;35:*.tiff=01;35:*.png=01;35:*.svg=01;35:*.svgz=01;35:*.mng=01;35:*.pcx=01;35:*.mov=01;35:*.mpg=01;35:*.mpeg=01;35:*.m2v=01;35:*.mkv=01;35:*.webm=01;35:*.ogm=01;35:*.mp4=01;35:*.m4v=01;35:*.mp4v=01;35:*.vob=01;35:*.qt=01;35:*.nuv=01;35:*.wmv=01;35:*.asf=01;35:*.rm=01;35:*.rmvb=01;35:*.flc=01;35:*.avi=01;35:*.fli=01;35:*.flv=01;35:*.gl=01;35:*.dl=01;35:*.xcf=01;35:*.xwd=01;35:*.yuv=01;35:*.cgm=01;35:*.emf=01;35:*.ogv=01;35:*.ogx=01;35:*.aac=00;36:*.au=00;36:*.flac=00;36:*.m4a=00;36:*.mid=00;36:*.midi=00;36:*.mka=00;36:*.mp3=00;36:*.mpc=00;36:*.ogg=00;36:*.ra=00;36:*.wav=00;36:*.oga=00;36:*.opus=00;36:*.spx=00;36:*.xspf=00;36:'), ('GNOME_TERMINAL_SERVICE', ':1.94'), ('SSH_AUTH_SOCK', '/run/user/1000/keyring/ssh'), ('AMENT_PREFIX_PATH', '/home/cav330/f1tenth_ws/install/wall_follow:/home/cav330/f1tenth_ws/install/f1tenth_stack:/home/cav330/f1tenth_ws/install/vesc:/home/cav330/f1tenth_ws/install/vesc_driver:/home/cav330/f1tenth_ws/install/vesc_ackermann:/home/cav330/f1tenth_ws/install/vesc_msgs:/home/cav330/f1tenth_ws/install/teleop_tools:/home/cav330/f1tenth_ws/install/joy_teleop:/home/cav330/f1tenth_ws/install/teleop_tools_msgs:/home/cav330/f1tenth_ws/install/safety_node:/home/cav330/f1tenth_ws/install/mouse_teleop:/home/cav330/f1tenth_ws/install/key_teleop:/home/cav330/f1tenth_ws/install/f1tenth_gym_ros:/home/cav330/f1tenth_ws/install/ackermann_mux:/opt/ros/foxy'), ('SHELL', '/bin/bash'), ('LESSCLOSE', '/usr/bin/lesspipe %s %s'), ('NX_SESSION_ID', '5BBEA081E7CCC5FE47B3898213872B03'), ('GJS_DEBUG_OUTPUT', 'stderr'), ('QT_IM_MODULE', 'ibus'), ('PWD', '/home/cav330/f1tenth_ws/build/vesc_msgs'), ('NX_RUNNER', '/usr/NX/bin/nxrunner'), ('XDG_CONFIG_DIRS', '/etc/xdg/xdg-ubuntu-xorg:/etc/xdg'), ('XDG_DATA_DIRS', '/usr/share/ubuntu-xorg:/usr/local/share:/usr/share:/var/lib/snapd/desktop'), ('PYTHONPATH', '/home/cav330/f1tenth_ws/install/f1tenth_stack/lib/python3.8/site-packages:/home/cav330/f1tenth_ws/install/vesc_msgs/lib/python3.8/site-packages:/home/cav330/f1tenth_ws/install/joy_teleop/lib/python3.8/site-packages:/home/cav330/f1tenth_ws/install/teleop_tools_msgs/lib/python3.8/site-packages:/home/cav330/f1tenth_ws/install/mouse_teleop/lib/python3.8/site-packages:/home/cav330/f1tenth_ws/install/key_teleop/lib/python3.8/site-packages:/home/cav330/f1tenth_ws/install/f1tenth_gym_ros/lib/python3.8/site-packages:/opt/ros/foxy/lib/python3.8/site-packages'), ('COLCON', '1'), ('VTE_VERSION', '6003'), ('CMAKE_PREFIX_PATH', '/home/cav330/f1tenth_ws/install/wall_follow:/home/cav330/f1tenth_ws/install/vesc:/home/cav330/f1tenth_ws/install/vesc_driver:/home/cav330/f1tenth_ws/install/vesc_ackermann:/home/cav330/f1tenth_ws/install/vesc_msgs:/home/cav330/f1tenth_ws/install/teleop_tools:/home/cav330/f1tenth_ws/install/teleop_tools_msgs:/home/cav330/f1tenth_ws/install/safety_node:/home/cav330/f1tenth_ws/install/ackermann_mux:/home/cav330/f1tenth_ws/install/f1tenth_stack:/home/cav330/f1tenth_ws/install/joy_teleop:/home/cav330/f1tenth_ws/install/mouse_teleop:/home/cav330/f1tenth_ws/install/key_teleop:/home/cav330/f1tenth_ws/install/f1tenth_gym_ros:/opt/ros/foxy'), ('NX_CONNECTION', '192.168.33.135 65380 192.168.33.130 4000'), ('NXDIR', '/usr/NX')]), 'shell': False}
[3.737032] (teleop_tools_msgs) StdoutLine: {'line': b'-- Install configuration: ""\n'}
[3.740357] (teleop_tools_msgs) StdoutLine: {'line': b'-- Up-to-date: /home/cav330/f1tenth_ws/install/teleop_tools_msgs/share/ament_index/resource_index/rosidl_interfaces/teleop_tools_msgs\n'}
[3.746060] (teleop_tools_msgs) StdoutLine: {'line': b'-- Up-to-date: /home/cav330/f1tenth_ws/install/teleop_tools_msgs/include/teleop_tools_msgs\n'}
[3.747211] (-) TimerEvent: {}
[3.748477] (teleop_tools_msgs) StdoutLine: {'line': b'-- Up-to-date: /home/cav330/f1tenth_ws/install/teleop_tools_msgs/include/teleop_tools_msgs/msg\n'}
[3.748964] (teleop_tools_msgs) StdoutLine: {'line': b'-- Up-to-date: /home/cav330/f1tenth_ws/install/teleop_tools_msgs/include/teleop_tools_msgs/msg/rosidl_generator_c__visibility_control.h\n'}
[3.749334] (teleop_tools_msgs) StdoutLine: {'line': b'-- Up-to-date: /home/cav330/f1tenth_ws/install/teleop_tools_msgs/include/teleop_tools_msgs/action\n'}
[3.749743] (teleop_tools_msgs) StdoutLine: {'line': b'-- Up-to-date: /home/cav330/f1tenth_ws/install/teleop_tools_msgs/include/teleop_tools_msgs/action/increment.h\n'}
[3.750076] (teleop_tools_msgs) StdoutLine: {'line': b'-- Up-to-date: /home/cav330/f1tenth_ws/install/teleop_tools_msgs/include/teleop_tools_msgs/action/detail\n'}
[3.750404] (teleop_tools_msgs) StdoutLine: {'line': b'-- Up-to-date: /home/cav330/f1tenth_ws/install/teleop_tools_msgs/include/teleop_tools_msgs/action/detail/increment__struct.h\n'}
[3.750705] (teleop_tools_msgs) StdoutLine: {'line': b'-- Up-to-date: /home/cav330/f1tenth_ws/install/teleop_tools_msgs/include/teleop_tools_msgs/action/detail/increment__functions.h\n'}
[3.751039] (teleop_tools_msgs) StdoutLine: {'line': b'-- Up-to-date: /home/cav330/f1tenth_ws/install/teleop_tools_msgs/include/teleop_tools_msgs/action/detail/increment__type_support.h\n'}
[3.751342] (teleop_tools_msgs) StdoutLine: {'line': b'-- Up-to-date: /home/cav330/f1tenth_ws/install/teleop_tools_msgs/include/teleop_tools_msgs/action/detail/increment__functions.c\n'}
[3.751623] (teleop_tools_msgs) StdoutLine: {'line': b'-- Up-to-date: /home/cav330/f1tenth_ws/install/teleop_tools_msgs/share/teleop_tools_msgs/environment/library_path.sh\n'}
[3.751981] (teleop_tools_msgs) StdoutLine: {'line': b'-- Up-to-date: /home/cav330/f1tenth_ws/install/teleop_tools_msgs/share/teleop_tools_msgs/environment/library_path.dsv\n'}
[3.756753] (teleop_tools_msgs) StdoutLine: {'line': b'-- Up-to-date: /home/cav330/f1tenth_ws/install/teleop_tools_msgs/lib/libteleop_tools_msgs__rosidl_generator_c.so\n'}
[3.757413] (teleop_tools_msgs) StdoutLine: {'line': b'-- Up-to-date: /home/cav330/f1tenth_ws/install/teleop_tools_msgs/include/teleop_tools_msgs\n'}
[3.758177] (vesc_msgs) StdoutLine: {'line': b'-- Install configuration: ""\n'}
[3.759459] (vesc_msgs) StdoutLine: {'line': b'-- Up-to-date: /home/cav330/f1tenth_ws/install/vesc_msgs/share/ament_index/resource_index/rosidl_interfaces/vesc_msgs\n'}
[3.761420] (vesc_msgs) StdoutLine: {'line': b'-- Up-to-date: /home/cav330/f1tenth_ws/install/vesc_msgs/include/vesc_msgs\n'}
[3.761957] (teleop_tools_msgs) StdoutLine: {'line': b'-- Up-to-date: /home/cav330/f1tenth_ws/install/teleop_tools_msgs/include/teleop_tools_msgs/msg\n'}
[3.763421] (vesc_msgs) StdoutLine: {'line': b'-- Up-to-date: /home/cav330/f1tenth_ws/install/vesc_msgs/include/vesc_msgs/msg\n'}
[3.763884] (vesc_msgs) StdoutLine: {'line': b'-- Up-to-date: /home/cav330/f1tenth_ws/install/vesc_msgs/include/vesc_msgs/msg/vesc_state.h\n'}
[3.764279] (teleop_tools_msgs) StdoutLine: {'line': b'-- Up-to-date: /home/cav330/f1tenth_ws/install/teleop_tools_msgs/include/teleop_tools_msgs/msg/rosidl_typesupport_fastrtps_c__visibility_control.h\n'}
[3.772131] (vesc_msgs) StdoutLine: {'line': b'-- Up-to-date: /home/cav330/f1tenth_ws/install/vesc_msgs/include/vesc_msgs/msg/vesc_state_stamped.h\n'}
[3.772609] (vesc_msgs) StdoutLine: {'line': b'-- Up-to-date: /home/cav330/f1tenth_ws/install/vesc_msgs/include/vesc_msgs/msg/rosidl_generator_c__visibility_control.h\n'}
[3.772956] (vesc_msgs) StdoutLine: {'line': b'-- Up-to-date: /home/cav330/f1tenth_ws/install/vesc_msgs/include/vesc_msgs/msg/vesc_imu_stamped.h\n'}
[3.773286] (vesc_msgs) StdoutLine: {'line': b'-- Up-to-date: /home/cav330/f1tenth_ws/install/vesc_msgs/include/vesc_msgs/msg/vesc_imu.h\n'}
[3.778339] (vesc_msgs) StdoutLine: {'line': b'-- Up-to-date: /home/cav330/f1tenth_ws/install/vesc_msgs/include/vesc_msgs/msg/detail\n'}
[3.778842] (teleop_tools_msgs) StdoutLine: {'line': b'-- Up-to-date: /home/cav330/f1tenth_ws/install/teleop_tools_msgs/include/teleop_tools_msgs/action\n'}
[3.779187] (vesc_msgs) StdoutLine: {'line': b'-- Up-to-date: /home/cav330/f1tenth_ws/install/vesc_msgs/include/vesc_msgs/msg/detail/vesc_imu_stamped__functions.c\n'}
[3.781483] (vesc_msgs) StdoutLine: {'line': b'-- Up-to-date: /home/cav330/f1tenth_ws/install/vesc_msgs/include/vesc_msgs/msg/detail/vesc_imu__functions.h\n'}
[3.782221] (vesc_msgs) StdoutLine: {'line': b'-- Up-to-date: /home/cav330/f1tenth_ws/install/vesc_msgs/include/vesc_msgs/msg/detail/vesc_state_stamped__type_support.h\n'}
[3.782575] (vesc_msgs) StdoutLine: {'line': b'-- Up-to-date: /home/cav330/f1tenth_ws/install/vesc_msgs/include/vesc_msgs/msg/detail/vesc_imu__struct.h\n'}
[3.788026] (vesc_msgs) StdoutLine: {'line': b'-- Up-to-date: /home/cav330/f1tenth_ws/install/vesc_msgs/include/vesc_msgs/msg/detail/vesc_state_stamped__functions.h\n'}
[3.788721] (vesc_msgs) StdoutLine: {'line': b'-- Up-to-date: /home/cav330/f1tenth_ws/install/vesc_msgs/include/vesc_msgs/msg/detail/vesc_imu__functions.c\n'}
[3.790504] (vesc_msgs) StdoutLine: {'line': b'-- Up-to-date: /home/cav330/f1tenth_ws/install/vesc_msgs/include/vesc_msgs/msg/detail/vesc_imu_stamped__type_support.h\n'}
[3.791158] (vesc_msgs) StdoutLine: {'line': b'-- Up-to-date: /home/cav330/f1tenth_ws/install/vesc_msgs/include/vesc_msgs/msg/detail/vesc_imu_stamped__struct.h\n'}
[3.791542] (vesc_msgs) StdoutLine: {'line': b'-- Up-to-date: /home/cav330/f1tenth_ws/install/vesc_msgs/include/vesc_msgs/msg/detail/vesc_state__functions.h\n'}
[3.799017] (vesc_msgs) StdoutLine: {'line': b'-- Up-to-date: /home/cav330/f1tenth_ws/install/vesc_msgs/include/vesc_msgs/msg/detail/vesc_imu_stamped__functions.h\n'}
[3.800908] (vesc_msgs) StdoutLine: {'line': b'-- Up-to-date: /home/cav330/f1tenth_ws/install/vesc_msgs/include/vesc_msgs/msg/detail/vesc_state__type_support.h\n'}
[3.801726] (vesc_msgs) StdoutLine: {'line': b'-- Up-to-date: /home/cav330/f1tenth_ws/install/vesc_msgs/include/vesc_msgs/msg/detail/vesc_imu__type_support.h\n'}
[3.802116] (vesc_msgs) StdoutLine: {'line': b'-- Up-to-date: /home/cav330/f1tenth_ws/install/vesc_msgs/include/vesc_msgs/msg/detail/vesc_state__struct.h\n'}
[3.802517] (vesc_msgs) StdoutLine: {'line': b'-- Up-to-date: /home/cav330/f1tenth_ws/install/vesc_msgs/include/vesc_msgs/msg/detail/vesc_state_stamped__struct.h\n'}
[3.802833] (vesc_msgs) StdoutLine: {'line': b'-- Up-to-date: /home/cav330/f1tenth_ws/install/vesc_msgs/include/vesc_msgs/msg/detail/vesc_state_stamped__functions.c\n'}
[3.803133] (vesc_msgs) StdoutLine: {'line': b'-- Up-to-date: /home/cav330/f1tenth_ws/install/vesc_msgs/include/vesc_msgs/msg/detail/vesc_state__functions.c\n'}
[3.803500] (vesc_msgs) StdoutLine: {'line': b'-- Up-to-date: /home/cav330/f1tenth_ws/install/vesc_msgs/share/vesc_msgs/environment/library_path.sh\n'}
[3.803794] (teleop_tools_msgs) StdoutLine: {'line': b'-- Up-to-date: /home/cav330/f1tenth_ws/install/teleop_tools_msgs/include/teleop_tools_msgs/action/detail\n'}
[3.804110] (vesc_msgs) StdoutLine: {'line': b'-- Up-to-date: /home/cav330/f1tenth_ws/install/vesc_msgs/share/vesc_msgs/environment/library_path.dsv\n'}
[3.804476] (teleop_tools_msgs) StdoutLine: {'line': b'-- Up-to-date: /home/cav330/f1tenth_ws/install/teleop_tools_msgs/include/teleop_tools_msgs/action/detail/increment__rosidl_typesupport_fastrtps_c.h\n'}
[3.805881] (teleop_tools_msgs) StdoutLine: {'line': b'-- Up-to-date: /home/cav330/f1tenth_ws/install/teleop_tools_msgs/lib/libteleop_tools_msgs__rosidl_typesupport_fastrtps_c.so\n'}
[3.806351] (vesc_msgs) StdoutLine: {'line': b'-- Up-to-date: /home/cav330/f1tenth_ws/install/vesc_msgs/lib/libvesc_msgs__rosidl_generator_c.so\n'}
[3.809081] (teleop_tools_msgs) StdoutLine: {'line': b'-- Up-to-date: /home/cav330/f1tenth_ws/install/teleop_tools_msgs/include/teleop_tools_msgs\n'}
[3.809641] (teleop_tools_msgs) StdoutLine: {'line': b'-- Up-to-date: /home/cav330/f1tenth_ws/install/teleop_tools_msgs/include/teleop_tools_msgs/msg\n'}
[3.810018] (teleop_tools_msgs) StdoutLine: {'line': b'-- Up-to-date: /home/cav330/f1tenth_ws/install/teleop_tools_msgs/include/teleop_tools_msgs/msg/rosidl_typesupport_fastrtps_cpp__visibility_control.h\n'}
[3.810351] (teleop_tools_msgs) StdoutLine: {'line': b'-- Up-to-date: /home/cav330/f1tenth_ws/install/teleop_tools_msgs/include/teleop_tools_msgs/action\n'}
[3.810742] (teleop_tools_msgs) StdoutLine: {'line': b'-- Up-to-date: /home/cav330/f1tenth_ws/install/teleop_tools_msgs/include/teleop_tools_msgs/action/detail\n'}
[3.811099] (teleop_tools_msgs) StdoutLine: {'line': b'-- Up-to-date: /home/cav330/f1tenth_ws/install/teleop_tools_msgs/include/teleop_tools_msgs/action/detail/dds_fastrtps\n'}
[3.811468] (teleop_tools_msgs) StdoutLine: {'line': b'-- Up-to-date: /home/cav330/f1tenth_ws/install/teleop_tools_msgs/include/teleop_tools_msgs/action/detail/increment__rosidl_typesupport_fastrtps_cpp.hpp\n'}
[3.812226] (teleop_tools_msgs) StdoutLine: {'line': b'-- Up-to-date: /home/cav330/f1tenth_ws/install/teleop_tools_msgs/lib/libteleop_tools_msgs__rosidl_typesupport_fastrtps_cpp.so\n'}
[3.812701] (teleop_tools_msgs) StdoutLine: {'line': b'-- Up-to-date: /home/cav330/f1tenth_ws/install/teleop_tools_msgs/include/teleop_tools_msgs\n'}
[3.813172] (teleop_tools_msgs) StdoutLine: {'line': b'-- Up-to-date: /home/cav330/f1tenth_ws/install/teleop_tools_msgs/include/teleop_tools_msgs/msg\n'}
[3.813852] (vesc_msgs) StdoutLine: {'line': b'-- Up-to-date: /home/cav330/f1tenth_ws/install/vesc_msgs/include/vesc_msgs\n'}
[3.814230] (vesc_msgs) StdoutLine: {'line': b'-- Up-to-date: /home/cav330/f1tenth_ws/install/vesc_msgs/include/vesc_msgs/msg\n'}
[3.814547] (vesc_msgs) StdoutLine: {'line': b'-- Up-to-date: /home/cav330/f1tenth_ws/install/vesc_msgs/include/vesc_msgs/msg/rosidl_typesupport_fastrtps_c__visibility_control.h\n'}
[3.814856] (vesc_msgs) StdoutLine: {'line': b'-- Up-to-date: /home/cav330/f1tenth_ws/install/vesc_msgs/include/vesc_msgs/msg/detail\n'}
[3.815230] (vesc_msgs) StdoutLine: {'line': b'-- Up-to-date: /home/cav330/f1tenth_ws/install/vesc_msgs/include/vesc_msgs/msg/detail/vesc_state_stamped__rosidl_typesupport_fastrtps_c.h\n'}
[3.815822] (teleop_tools_msgs) StdoutLine: {'line': b'-- Up-to-date: /home/cav330/f1tenth_ws/install/teleop_tools_msgs/include/teleop_tools_msgs/msg/rosidl_typesupport_introspection_c__visibility_control.h\n'}
[3.816179] (teleop_tools_msgs) StdoutLine: {'line': b'-- Up-to-date: /home/cav330/f1tenth_ws/install/teleop_tools_msgs/include/teleop_tools_msgs/action\n'}
[3.816504] (teleop_tools_msgs) StdoutLine: {'line': b'-- Up-to-date: /home/cav330/f1tenth_ws/install/teleop_tools_msgs/include/teleop_tools_msgs/action/detail\n'}
[3.816798] (teleop_tools_msgs) StdoutLine: {'line': b'-- Up-to-date: /home/cav330/f1tenth_ws/install/teleop_tools_msgs/include/teleop_tools_msgs/action/detail/increment__rosidl_typesupport_introspection_c.h\n'}
[3.817147] (teleop_tools_msgs) StdoutLine: {'line': b'-- Up-to-date: /home/cav330/f1tenth_ws/install/teleop_tools_msgs/include/teleop_tools_msgs/action/detail/increment__type_support.c\n'}
[3.817658] (vesc_msgs) StdoutLine: {'line': b'-- Up-to-date: /home/cav330/f1tenth_ws/install/vesc_msgs/include/vesc_msgs/msg/detail/vesc_imu__rosidl_typesupport_fastrtps_c.h\n'}
[3.817998] (teleop_tools_msgs) StdoutLine: {'line': b'-- Up-to-date: /home/cav330/f1tenth_ws/install/teleop_tools_msgs/lib/libteleop_tools_msgs__rosidl_typesupport_introspection_c.so\n'}
[3.818324] (vesc_msgs) StdoutLine: {'line': b'-- Up-to-date: /home/cav330/f1tenth_ws/install/vesc_msgs/include/vesc_msgs/msg/detail/vesc_imu_stamped__rosidl_typesupport_fastrtps_c.h\n'}
[3.818610] (vesc_msgs) StdoutLine: {'line': b'-- Up-to-date: /home/cav330/f1tenth_ws/install/vesc_msgs/include/vesc_msgs/msg/detail/vesc_state__rosidl_typesupport_fastrtps_c.h\n'}
[3.818893] (teleop_tools_msgs) StdoutLine: {'line': b'-- Up-to-date: /home/cav330/f1tenth_ws/install/teleop_tools_msgs/lib/libteleop_tools_msgs__rosidl_typesupport_c.so\n'}
[3.819992] (vesc_msgs) StdoutLine: {'line': b'-- Up-to-date: /home/cav330/f1tenth_ws/install/vesc_msgs/lib/libvesc_msgs__rosidl_typesupport_fastrtps_c.so\n'}
[3.820425] (teleop_tools_msgs) StdoutLine: {'line': b'-- Up-to-date: /home/cav330/f1tenth_ws/install/teleop_tools_msgs/include/teleop_tools_msgs\n'}
[3.821646] (teleop_tools_msgs) StdoutLine: {'line': b'-- Up-to-date: /home/cav330/f1tenth_ws/install/teleop_tools_msgs/include/teleop_tools_msgs/msg\n'}
[3.822362] (teleop_tools_msgs) StdoutLine: {'line': b'-- Up-to-date: /home/cav330/f1tenth_ws/install/teleop_tools_msgs/include/teleop_tools_msgs/msg/rosidl_generator_cpp__visibility_control.hpp\n'}
[3.822775] (teleop_tools_msgs) StdoutLine: {'line': b'-- Up-to-date: /home/cav330/f1tenth_ws/install/teleop_tools_msgs/include/teleop_tools_msgs/action\n'}
[3.823180] (teleop_tools_msgs) StdoutLine: {'line': b'-- Up-to-date: /home/cav330/f1tenth_ws/install/teleop_tools_msgs/include/teleop_tools_msgs/action/increment.hpp\n'}
[3.823594] (teleop_tools_msgs) StdoutLine: {'line': b'-- Up-to-date: /home/cav330/f1tenth_ws/install/teleop_tools_msgs/include/teleop_tools_msgs/action/detail\n'}
[3.824166] (teleop_tools_msgs) StdoutLine: {'line': b'-- Up-to-date: /home/cav330/f1tenth_ws/install/teleop_tools_msgs/include/teleop_tools_msgs/action/detail/increment__builder.hpp\n'}
[3.824479] (teleop_tools_msgs) StdoutLine: {'line': b'-- Up-to-date: /home/cav330/f1tenth_ws/install/teleop_tools_msgs/include/teleop_tools_msgs/action/detail/increment__type_support.hpp\n'}
[3.824839] (teleop_tools_msgs) StdoutLine: {'line': b'-- Up-to-date: /home/cav330/f1tenth_ws/install/teleop_tools_msgs/include/teleop_tools_msgs/action/detail/increment__traits.hpp\n'}
[3.825155] (teleop_tools_msgs) StdoutLine: {'line': b'-- Up-to-date: /home/cav330/f1tenth_ws/install/teleop_tools_msgs/include/teleop_tools_msgs/action/detail/increment__struct.hpp\n'}
[3.825440] (teleop_tools_msgs) StdoutLine: {'line': b'-- Up-to-date: /home/cav330/f1tenth_ws/install/teleop_tools_msgs/include/teleop_tools_msgs\n'}
[3.825856] (teleop_tools_msgs) StdoutLine: {'line': b'-- Up-to-date: /home/cav330/f1tenth_ws/install/teleop_tools_msgs/include/teleop_tools_msgs/action\n'}
[3.826194] (teleop_tools_msgs) StdoutLine: {'line': b'-- Up-to-date: /home/cav330/f1tenth_ws/install/teleop_tools_msgs/include/teleop_tools_msgs/action/detail\n'}
[3.826519] (teleop_tools_msgs) StdoutLine: {'line': b'-- Up-to-date: /home/cav330/f1tenth_ws/install/teleop_tools_msgs/include/teleop_tools_msgs/action/detail/increment__type_support.cpp\n'}
[3.826873] (teleop_tools_msgs) StdoutLine: {'line': b'-- Up-to-date: /home/cav330/f1tenth_ws/install/teleop_tools_msgs/include/teleop_tools_msgs/action/detail/increment__rosidl_typesupport_introspection_cpp.hpp\n'}
[3.827198] (vesc_msgs) StdoutLine: {'line': b'-- Up-to-date: /home/cav330/f1tenth_ws/install/vesc_msgs/include/vesc_msgs\n'}
[3.827540] (vesc_msgs) StdoutLine: {'line': b'-- Up-to-date: /home/cav330/f1tenth_ws/install/vesc_msgs/include/vesc_msgs/msg\n'}
[3.827882] (vesc_msgs) StdoutLine: {'line': b'-- Up-to-date: /home/cav330/f1tenth_ws/install/vesc_msgs/include/vesc_msgs/msg/rosidl_typesupport_fastrtps_cpp__visibility_control.h\n'}
[3.828203] (vesc_msgs) StdoutLine: {'line': b'-- Up-to-date: /home/cav330/f1tenth_ws/install/vesc_msgs/include/vesc_msgs/msg/detail\n'}
[3.828482] (vesc_msgs) StdoutLine: {'line': b'-- Up-to-date: /home/cav330/f1tenth_ws/install/vesc_msgs/include/vesc_msgs/msg/detail/vesc_state_stamped__rosidl_typesupport_fastrtps_cpp.hpp\n'}
[3.828765] (vesc_msgs) StdoutLine: {'line': b'-- Up-to-date: /home/cav330/f1tenth_ws/install/vesc_msgs/include/vesc_msgs/msg/detail/vesc_imu_stamped__rosidl_typesupport_fastrtps_cpp.hpp\n'}
[3.829095] (vesc_msgs) StdoutLine: {'line': b'-- Up-to-date: /home/cav330/f1tenth_ws/install/vesc_msgs/include/vesc_msgs/msg/detail/dds_fastrtps\n'}
[3.829456] (vesc_msgs) StdoutLine: {'line': b'-- Up-to-date: /home/cav330/f1tenth_ws/install/vesc_msgs/include/vesc_msgs/msg/detail/vesc_imu__rosidl_typesupport_fastrtps_cpp.hpp\n'}
[3.829953] (vesc_msgs) StdoutLine: {'line': b'-- Up-to-date: /home/cav330/f1tenth_ws/install/vesc_msgs/include/vesc_msgs/msg/detail/vesc_state__rosidl_typesupport_fastrtps_cpp.hpp\n'}
[3.830290] (teleop_tools_msgs) StdoutLine: {'line': b'-- Up-to-date: /home/cav330/f1tenth_ws/install/teleop_tools_msgs/lib/libteleop_tools_msgs__rosidl_typesupport_introspection_cpp.so\n'}
[3.832069] (teleop_tools_msgs) StdoutLine: {'line': b'-- Up-to-date: /home/cav330/f1tenth_ws/install/teleop_tools_msgs/lib/libteleop_tools_msgs__rosidl_typesupport_cpp.so\n'}
[3.832597] (teleop_tools_msgs) StdoutLine: {'line': b'-- Up-to-date: /home/cav330/f1tenth_ws/install/teleop_tools_msgs/share/teleop_tools_msgs/environment/pythonpath.sh\n'}
[3.832987] (teleop_tools_msgs) StdoutLine: {'line': b'-- Up-to-date: /home/cav330/f1tenth_ws/install/teleop_tools_msgs/share/teleop_tools_msgs/environment/pythonpath.dsv\n'}
[3.833415] (teleop_tools_msgs) StdoutLine: {'line': b'-- Up-to-date: /home/cav330/f1tenth_ws/install/teleop_tools_msgs/lib/python3.8/site-packages/teleop_tools_msgs/__init__.py\n'}
[3.834072] (vesc_msgs) StdoutLine: {'line': b'-- Up-to-date: /home/cav330/f1tenth_ws/install/vesc_msgs/lib/libvesc_msgs__rosidl_typesupport_fastrtps_cpp.so\n'}
[3.834444] (vesc_msgs) StdoutLine: {'line': b'-- Up-to-date: /home/cav330/f1tenth_ws/install/vesc_msgs/include/vesc_msgs\n'}
[3.834729] (vesc_msgs) StdoutLine: {'line': b'-- Up-to-date: /home/cav330/f1tenth_ws/install/vesc_msgs/include/vesc_msgs/msg\n'}
[3.835009] (vesc_msgs) StdoutLine: {'line': b'-- Up-to-date: /home/cav330/f1tenth_ws/install/vesc_msgs/include/vesc_msgs/msg/rosidl_typesupport_introspection_c__visibility_control.h\n'}
[3.836052] (vesc_msgs) StdoutLine: {'line': b'-- Up-to-date: /home/cav330/f1tenth_ws/install/vesc_msgs/include/vesc_msgs/msg/detail\n'}
[3.836515] (vesc_msgs) StdoutLine: {'line': b'-- Up-to-date: /home/cav330/f1tenth_ws/install/vesc_msgs/include/vesc_msgs/msg/detail/vesc_imu__type_support.c\n'}
[3.836819] (vesc_msgs) StdoutLine: {'line': b'-- Up-to-date: /home/cav330/f1tenth_ws/install/vesc_msgs/include/vesc_msgs/msg/detail/vesc_imu_stamped__type_support.c\n'}
[3.837132] (vesc_msgs) StdoutLine: {'line': b'-- Up-to-date: /home/cav330/f1tenth_ws/install/vesc_msgs/include/vesc_msgs/msg/detail/vesc_imu_stamped__rosidl_typesupport_introspection_c.h\n'}
[3.837424] (vesc_msgs) StdoutLine: {'line': b'-- Up-to-date: /home/cav330/f1tenth_ws/install/vesc_msgs/include/vesc_msgs/msg/detail/vesc_state_stamped__rosidl_typesupport_introspection_c.h\n'}
[3.837884] (vesc_msgs) StdoutLine: {'line': b'-- Up-to-date: /home/cav330/f1tenth_ws/install/vesc_msgs/include/vesc_msgs/msg/detail/vesc_imu__rosidl_typesupport_introspection_c.h\n'}
[3.838198] (vesc_msgs) StdoutLine: {'line': b'-- Up-to-date: /home/cav330/f1tenth_ws/install/vesc_msgs/include/vesc_msgs/msg/detail/vesc_state_stamped__type_support.c\n'}
[3.838481] (vesc_msgs) StdoutLine: {'line': b'-- Up-to-date: /home/cav330/f1tenth_ws/install/vesc_msgs/include/vesc_msgs/msg/detail/vesc_state__rosidl_typesupport_introspection_c.h\n'}
[3.838753] (vesc_msgs) StdoutLine: {'line': b'-- Up-to-date: /home/cav330/f1tenth_ws/install/vesc_msgs/include/vesc_msgs/msg/detail/vesc_state__type_support.c\n'}
[3.839070] (vesc_msgs) StdoutLine: {'line': b'-- Up-to-date: /home/cav330/f1tenth_ws/install/vesc_msgs/lib/libvesc_msgs__rosidl_typesupport_introspection_c.so\n'}
[3.844548] (vesc_msgs) StdoutLine: {'line': b'-- Up-to-date: /home/cav330/f1tenth_ws/install/vesc_msgs/lib/libvesc_msgs__rosidl_typesupport_c.so\n'}
[3.847582] (-) TimerEvent: {}
[3.849051] (vesc_msgs) StdoutLine: {'line': b'-- Up-to-date: /home/cav330/f1tenth_ws/install/vesc_msgs/include/vesc_msgs\n'}
[3.855042] (vesc_msgs) StdoutLine: {'line': b'-- Up-to-date: /home/cav330/f1tenth_ws/install/vesc_msgs/include/vesc_msgs/msg\n'}
[3.855612] (vesc_msgs) StdoutLine: {'line': b'-- Up-to-date: /home/cav330/f1tenth_ws/install/vesc_msgs/include/vesc_msgs/msg/vesc_imu.hpp\n'}
[3.855990] (vesc_msgs) StdoutLine: {'line': b'-- Up-to-date: /home/cav330/f1tenth_ws/install/vesc_msgs/include/vesc_msgs/msg/vesc_state_stamped.hpp\n'}
[3.856419] (vesc_msgs) StdoutLine: {'line': b'-- Up-to-date: /home/cav330/f1tenth_ws/install/vesc_msgs/include/vesc_msgs/msg/vesc_imu_stamped.hpp\n'}
[3.856733] (vesc_msgs) StdoutLine: {'line': b'-- Up-to-date: /home/cav330/f1tenth_ws/install/vesc_msgs/include/vesc_msgs/msg/vesc_state.hpp\n'}
[3.857047] (vesc_msgs) StdoutLine: {'line': b'-- Up-to-date: /home/cav330/f1tenth_ws/install/vesc_msgs/include/vesc_msgs/msg/rosidl_generator_cpp__visibility_control.hpp\n'}
[3.857346] (vesc_msgs) StdoutLine: {'line': b'-- Up-to-date: /home/cav330/f1tenth_ws/install/vesc_msgs/include/vesc_msgs/msg/detail\n'}
[3.857872] (vesc_msgs) StdoutLine: {'line': b'-- Up-to-date: /home/cav330/f1tenth_ws/install/vesc_msgs/include/vesc_msgs/msg/detail/vesc_state__builder.hpp\n'}
[3.858206] (vesc_msgs) StdoutLine: {'line': b'-- Up-to-date: /home/cav330/f1tenth_ws/install/vesc_msgs/include/vesc_msgs/msg/detail/vesc_state_stamped__struct.hpp\n'}
[3.858509] (vesc_msgs) StdoutLine: {'line': b'-- Up-to-date: /home/cav330/f1tenth_ws/install/vesc_msgs/include/vesc_msgs/msg/detail/vesc_imu_stamped__type_support.hpp\n'}
[3.860686] (vesc_msgs) StdoutLine: {'line': b'-- Up-to-date: /home/cav330/f1tenth_ws/install/vesc_msgs/include/vesc_msgs/msg/detail/vesc_state__type_support.hpp\n'}
[3.861155] (vesc_msgs) StdoutLine: {'line': b'-- Up-to-date: /home/cav330/f1tenth_ws/install/vesc_msgs/include/vesc_msgs/msg/detail/vesc_imu_stamped__traits.hpp\n'}
[3.863292] (vesc_msgs) StdoutLine: {'line': b'-- Up-to-date: /home/cav330/f1tenth_ws/install/vesc_msgs/include/vesc_msgs/msg/detail/vesc_imu_stamped__struct.hpp\n'}
[3.864788] (vesc_msgs) StdoutLine: {'line': b'-- Up-to-date: /home/cav330/f1tenth_ws/install/vesc_msgs/include/vesc_msgs/msg/detail/vesc_imu__traits.hpp\n'}
[3.866276] (vesc_msgs) StdoutLine: {'line': b'-- Up-to-date: /home/cav330/f1tenth_ws/install/vesc_msgs/include/vesc_msgs/msg/detail/vesc_imu_stamped__builder.hpp\n'}
[3.868036] (vesc_msgs) StdoutLine: {'line': b'-- Up-to-date: /home/cav330/f1tenth_ws/install/vesc_msgs/include/vesc_msgs/msg/detail/vesc_state_stamped__traits.hpp\n'}
[3.868408] (vesc_msgs) StdoutLine: {'line': b'-- Up-to-date: /home/cav330/f1tenth_ws/install/vesc_msgs/include/vesc_msgs/msg/detail/vesc_state_stamped__type_support.hpp\n'}
[3.868747] (vesc_msgs) StdoutLine: {'line': b'-- Up-to-date: /home/cav330/f1tenth_ws/install/vesc_msgs/include/vesc_msgs/msg/detail/vesc_state_stamped__builder.hpp\n'}
[3.869053] (vesc_msgs) StdoutLine: {'line': b'-- Up-to-date: /home/cav330/f1tenth_ws/install/vesc_msgs/include/vesc_msgs/msg/detail/vesc_imu__type_support.hpp\n'}
[3.869351] (vesc_msgs) StdoutLine: {'line': b'-- Up-to-date: /home/cav330/f1tenth_ws/install/vesc_msgs/include/vesc_msgs/msg/detail/vesc_imu__builder.hpp\n'}
[3.869829] (vesc_msgs) StdoutLine: {'line': b'-- Up-to-date: /home/cav330/f1tenth_ws/install/vesc_msgs/include/vesc_msgs/msg/detail/vesc_imu__struct.hpp\n'}
[3.870147] (vesc_msgs) StdoutLine: {'line': b'-- Up-to-date: /home/cav330/f1tenth_ws/install/vesc_msgs/include/vesc_msgs/msg/detail/vesc_state__traits.hpp\n'}
[3.870489] (vesc_msgs) StdoutLine: {'line': b'-- Up-to-date: /home/cav330/f1tenth_ws/install/vesc_msgs/include/vesc_msgs/msg/detail/vesc_state__struct.hpp\n'}
[3.870845] (vesc_msgs) StdoutLine: {'line': b'-- Up-to-date: /home/cav330/f1tenth_ws/install/vesc_msgs/include/vesc_msgs\n'}
[3.871135] (vesc_msgs) StdoutLine: {'line': b'-- Up-to-date: /home/cav330/f1tenth_ws/install/vesc_msgs/include/vesc_msgs/msg\n'}
[3.871413] (vesc_msgs) StdoutLine: {'line': b'-- Up-to-date: /home/cav330/f1tenth_ws/install/vesc_msgs/include/vesc_msgs/msg/detail\n'}
[3.871736] (vesc_msgs) StdoutLine: {'line': b'-- Up-to-date: /home/cav330/f1tenth_ws/install/vesc_msgs/include/vesc_msgs/msg/detail/vesc_state_stamped__type_support.cpp\n'}
[3.872036] (vesc_msgs) StdoutLine: {'line': b'-- Up-to-date: /home/cav330/f1tenth_ws/install/vesc_msgs/include/vesc_msgs/msg/detail/vesc_imu_stamped__type_support.cpp\n'}
[3.872329] (vesc_msgs) StdoutLine: {'line': b'-- Up-to-date: /home/cav330/f1tenth_ws/install/vesc_msgs/include/vesc_msgs/msg/detail/vesc_state__rosidl_typesupport_introspection_cpp.hpp\n'}
[3.872665] (vesc_msgs) StdoutLine: {'line': b'-- Up-to-date: /home/cav330/f1tenth_ws/install/vesc_msgs/include/vesc_msgs/msg/detail/vesc_state_stamped__rosidl_typesupport_introspection_cpp.hpp\n'}
[3.872952] (vesc_msgs) StdoutLine: {'line': b'-- Up-to-date: /home/cav330/f1tenth_ws/install/vesc_msgs/include/vesc_msgs/msg/detail/vesc_imu__type_support.cpp\n'}
[3.873222] (vesc_msgs) StdoutLine: {'line': b'-- Up-to-date: /home/cav330/f1tenth_ws/install/vesc_msgs/include/vesc_msgs/msg/detail/vesc_imu__rosidl_typesupport_introspection_cpp.hpp\n'}
[3.873489] (vesc_msgs) StdoutLine: {'line': b'-- Up-to-date: /home/cav330/f1tenth_ws/install/vesc_msgs/include/vesc_msgs/msg/detail/vesc_imu_stamped__rosidl_typesupport_introspection_cpp.hpp\n'}
[3.874447] (vesc_msgs) StdoutLine: {'line': b'-- Up-to-date: /home/cav330/f1tenth_ws/install/vesc_msgs/include/vesc_msgs/msg/detail/vesc_state__type_support.cpp\n'}
[3.880970] (vesc_msgs) StdoutLine: {'line': b'-- Up-to-date: /home/cav330/f1tenth_ws/install/vesc_msgs/lib/libvesc_msgs__rosidl_typesupport_introspection_cpp.so\n'}
[3.883552] (vesc_msgs) StdoutLine: {'line': b'-- Up-to-date: /home/cav330/f1tenth_ws/install/vesc_msgs/lib/libvesc_msgs__rosidl_typesupport_cpp.so\n'}
[3.899906] (vesc_msgs) StdoutLine: {'line': b'-- Up-to-date: /home/cav330/f1tenth_ws/install/vesc_msgs/share/vesc_msgs/environment/pythonpath.sh\n'}
[3.904157] (vesc_msgs) StdoutLine: {'line': b'-- Up-to-date: /home/cav330/f1tenth_ws/install/vesc_msgs/share/vesc_msgs/environment/pythonpath.dsv\n'}
[3.905897] (vesc_msgs) StdoutLine: {'line': b'-- Up-to-date: /home/cav330/f1tenth_ws/install/vesc_msgs/lib/python3.8/site-packages/vesc_msgs/__init__.py\n'}
[3.947868] (-) TimerEvent: {}
[3.987183] (teleop_tools_msgs) StdoutLine: {'line': b'-- Up-to-date: /home/cav330/f1tenth_ws/install/teleop_tools_msgs/lib/python3.8/site-packages/teleop_tools_msgs/action\n'}
[3.995456] (teleop_tools_msgs) StdoutLine: {'line': b'-- Up-to-date: /home/cav330/f1tenth_ws/install/teleop_tools_msgs/lib/python3.8/site-packages/teleop_tools_msgs/action/_increment.py\n'}
[3.995919] (teleop_tools_msgs) StdoutLine: {'line': b'-- Up-to-date: /home/cav330/f1tenth_ws/install/teleop_tools_msgs/lib/python3.8/site-packages/teleop_tools_msgs/action/__init__.py\n'}
[3.996391] (teleop_tools_msgs) StdoutLine: {'line': b'-- Up-to-date: /home/cav330/f1tenth_ws/install/teleop_tools_msgs/lib/python3.8/site-packages/teleop_tools_msgs/action/_increment_s.c\n'}
[3.996764] (teleop_tools_msgs) StdoutLine: {'line': b'-- Up-to-date: /home/cav330/f1tenth_ws/install/teleop_tools_msgs/lib/python3.8/site-packages/teleop_tools_msgs/teleop_tools_msgs_s__rosidl_typesupport_fastrtps_c.cpython-38-aarch64-linux-gnu.so\n'}
[3.999330] (teleop_tools_msgs) StdoutLine: {'line': b'-- Up-to-date: /home/cav330/f1tenth_ws/install/teleop_tools_msgs/lib/python3.8/site-packages/teleop_tools_msgs/teleop_tools_msgs_s__rosidl_typesupport_introspection_c.cpython-38-aarch64-linux-gnu.so\n'}
[4.001485] (teleop_tools_msgs) StdoutLine: {'line': b'-- Up-to-date: /home/cav330/f1tenth_ws/install/teleop_tools_msgs/lib/python3.8/site-packages/teleop_tools_msgs/teleop_tools_msgs_s__rosidl_typesupport_c.cpython-38-aarch64-linux-gnu.so\n'}
[4.006496] (teleop_tools_msgs) StdoutLine: {'line': b'-- Up-to-date: /home/cav330/f1tenth_ws/install/teleop_tools_msgs/lib/libteleop_tools_msgs__python.so\n'}
[4.009488] (teleop_tools_msgs) StdoutLine: {'line': b'-- Up-to-date: /home/cav330/f1tenth_ws/install/teleop_tools_msgs/share/teleop_tools_msgs/action/Increment.idl\n'}
[4.010770] (teleop_tools_msgs) StdoutLine: {'line': b'-- Up-to-date: /home/cav330/f1tenth_ws/install/teleop_tools_msgs/share/teleop_tools_msgs/action/Increment.action\n'}
[4.011214] (teleop_tools_msgs) StdoutLine: {'line': b'-- Up-to-date: /home/cav330/f1tenth_ws/install/teleop_tools_msgs/share/ament_index/resource_index/package_run_dependencies/teleop_tools_msgs\n'}
[4.012088] (teleop_tools_msgs) StdoutLine: {'line': b'-- Up-to-date: /home/cav330/f1tenth_ws/install/teleop_tools_msgs/share/ament_index/resource_index/parent_prefix_path/teleop_tools_msgs\n'}
[4.012700] (teleop_tools_msgs) StdoutLine: {'line': b'-- Up-to-date: /home/cav330/f1tenth_ws/install/teleop_tools_msgs/share/teleop_tools_msgs/environment/ament_prefix_path.sh\n'}
[4.013199] (teleop_tools_msgs) StdoutLine: {'line': b'-- Up-to-date: /home/cav330/f1tenth_ws/install/teleop_tools_msgs/share/teleop_tools_msgs/environment/ament_prefix_path.dsv\n'}
[4.013703] (teleop_tools_msgs) StdoutLine: {'line': b'-- Up-to-date: /home/cav330/f1tenth_ws/install/teleop_tools_msgs/share/teleop_tools_msgs/environment/path.sh\n'}
[4.014464] (teleop_tools_msgs) StdoutLine: {'line': b'-- Up-to-date: /home/cav330/f1tenth_ws/install/teleop_tools_msgs/share/teleop_tools_msgs/environment/path.dsv\n'}
[4.014979] (teleop_tools_msgs) StdoutLine: {'line': b'-- Up-to-date: /home/cav330/f1tenth_ws/install/teleop_tools_msgs/share/teleop_tools_msgs/local_setup.bash\n'}
[4.015280] (teleop_tools_msgs) StdoutLine: {'line': b'-- Up-to-date: /home/cav330/f1tenth_ws/install/teleop_tools_msgs/share/teleop_tools_msgs/local_setup.sh\n'}
[4.015601] (teleop_tools_msgs) StdoutLine: {'line': b'-- Up-to-date: /home/cav330/f1tenth_ws/install/teleop_tools_msgs/share/teleop_tools_msgs/local_setup.zsh\n'}
[4.015950] (teleop_tools_msgs) StdoutLine: {'line': b'-- Up-to-date: /home/cav330/f1tenth_ws/install/teleop_tools_msgs/share/teleop_tools_msgs/local_setup.dsv\n'}
[4.016347] (teleop_tools_msgs) StdoutLine: {'line': b'-- Installing: /home/cav330/f1tenth_ws/install/teleop_tools_msgs/share/teleop_tools_msgs/package.dsv\n'}
[4.016876] (teleop_tools_msgs) StdoutLine: {'line': b'-- Up-to-date: /home/cav330/f1tenth_ws/install/teleop_tools_msgs/share/ament_index/resource_index/packages/teleop_tools_msgs\n'}
[4.018739] (teleop_tools_msgs) StdoutLine: {'line': b'-- Up-to-date: /home/cav330/f1tenth_ws/install/teleop_tools_msgs/share/teleop_tools_msgs/cmake/teleop_tools_msgs__rosidl_generator_cExport.cmake\n'}
[4.020825] (teleop_tools_msgs) StdoutLine: {'line': b'-- Up-to-date: /home/cav330/f1tenth_ws/install/teleop_tools_msgs/share/teleop_tools_msgs/cmake/teleop_tools_msgs__rosidl_generator_cExport-noconfig.cmake\n'}
[4.021326] (teleop_tools_msgs) StdoutLine: {'line': b'-- Up-to-date: /home/cav330/f1tenth_ws/install/teleop_tools_msgs/share/teleop_tools_msgs/cmake/teleop_tools_msgs__rosidl_typesupport_introspection_cExport.cmake\n'}
[4.022035] (teleop_tools_msgs) StdoutLine: {'line': b'-- Up-to-date: /home/cav330/f1tenth_ws/install/teleop_tools_msgs/share/teleop_tools_msgs/cmake/teleop_tools_msgs__rosidl_typesupport_introspection_cExport-noconfig.cmake\n'}
[4.022751] (teleop_tools_msgs) StdoutLine: {'line': b'-- Up-to-date: /home/cav330/f1tenth_ws/install/teleop_tools_msgs/share/teleop_tools_msgs/cmake/teleop_tools_msgs__rosidl_typesupport_cExport.cmake\n'}
[4.024442] (teleop_tools_msgs) StdoutLine: {'line': b'-- Up-to-date: /home/cav330/f1tenth_ws/install/teleop_tools_msgs/share/teleop_tools_msgs/cmake/teleop_tools_msgs__rosidl_typesupport_cExport-noconfig.cmake\n'}
[4.024761] (teleop_tools_msgs) StdoutLine: {'line': b'-- Up-to-date: /home/cav330/f1tenth_ws/install/teleop_tools_msgs/share/teleop_tools_msgs/cmake/teleop_tools_msgs__rosidl_generator_cppExport.cmake\n'}
[4.025619] (teleop_tools_msgs) StdoutLine: {'line': b'-- Up-to-date: /home/cav330/f1tenth_ws/install/teleop_tools_msgs/share/teleop_tools_msgs/cmake/teleop_tools_msgs__rosidl_typesupport_introspection_cppExport.cmake\n'}
[4.026120] (teleop_tools_msgs) StdoutLine: {'line': b'-- Up-to-date: /home/cav330/f1tenth_ws/install/teleop_tools_msgs/share/teleop_tools_msgs/cmake/teleop_tools_msgs__rosidl_typesupport_introspection_cppExport-noconfig.cmake\n'}
[4.027279] (teleop_tools_msgs) StdoutLine: {'line': b'-- Up-to-date: /home/cav330/f1tenth_ws/install/teleop_tools_msgs/share/teleop_tools_msgs/cmake/teleop_tools_msgs__rosidl_typesupport_cppExport.cmake\n'}
[4.028107] (teleop_tools_msgs) StdoutLine: {'line': b'-- Up-to-date: /home/cav330/f1tenth_ws/install/teleop_tools_msgs/share/teleop_tools_msgs/cmake/teleop_tools_msgs__rosidl_typesupport_cppExport-noconfig.cmake\n'}
[4.029010] (teleop_tools_msgs) StdoutLine: {'line': b'-- Up-to-date: /home/cav330/f1tenth_ws/install/teleop_tools_msgs/share/teleop_tools_msgs/cmake/rosidl_cmake-extras.cmake\n'}
[4.030486] (teleop_tools_msgs) StdoutLine: {'line': b'-- Up-to-date: /home/cav330/f1tenth_ws/install/teleop_tools_msgs/share/teleop_tools_msgs/cmake/ament_cmake_export_dependencies-extras.cmake\n'}
[4.040325] (teleop_tools_msgs) StdoutLine: {'line': b'-- Up-to-date: /home/cav330/f1tenth_ws/install/teleop_tools_msgs/share/teleop_tools_msgs/cmake/ament_cmake_export_libraries-extras.cmake\n'}
[4.040711] (teleop_tools_msgs) StdoutLine: {'line': b'-- Up-to-date: /home/cav330/f1tenth_ws/install/teleop_tools_msgs/share/teleop_tools_msgs/cmake/ament_cmake_export_targets-extras.cmake\n'}
[4.041198] (teleop_tools_msgs) StdoutLine: {'line': b'-- Up-to-date: /home/cav330/f1tenth_ws/install/teleop_tools_msgs/share/teleop_tools_msgs/cmake/ament_cmake_export_include_directories-extras.cmake\n'}
[4.041533] (teleop_tools_msgs) StdoutLine: {'line': b'-- Up-to-date: /home/cav330/f1tenth_ws/install/teleop_tools_msgs/share/teleop_tools_msgs/cmake/rosidl_cmake_export_typesupport_libraries-extras.cmake\n'}
[4.041951] (teleop_tools_msgs) StdoutLine: {'line': b'-- Up-to-date: /home/cav330/f1tenth_ws/install/teleop_tools_msgs/share/teleop_tools_msgs/cmake/rosidl_cmake_export_typesupport_targets-extras.cmake\n'}
[4.042304] (teleop_tools_msgs) StdoutLine: {'line': b'-- Up-to-date: /home/cav330/f1tenth_ws/install/teleop_tools_msgs/share/teleop_tools_msgs/cmake/teleop_tools_msgsConfig.cmake\n'}
[4.042637] (teleop_tools_msgs) StdoutLine: {'line': b'-- Up-to-date: /home/cav330/f1tenth_ws/install/teleop_tools_msgs/share/teleop_tools_msgs/cmake/teleop_tools_msgsConfig-version.cmake\n'}
[4.042947] (teleop_tools_msgs) StdoutLine: {'line': b'-- Up-to-date: /home/cav330/f1tenth_ws/install/teleop_tools_msgs/share/teleop_tools_msgs/package.xml\n'}
[4.059973] (key_teleop) Command: {'cmd': ['/usr/bin/python3', '-W', 'ignore:setup.py install is deprecated', '-W', 'ignore:easy_install command is deprecated', 'setup.py', 'egg_info', '--egg-base', '../../../../build/key_teleop', 'build', '--build-base', '/home/cav330/f1tenth_ws/build/key_teleop/build', 'install', '--record', '/home/cav330/f1tenth_ws/build/key_teleop/install.log', '--install-scripts', '$base/lib/key_teleop', '--single-version-externally-managed', 'install_data'], 'cwd': '/home/cav330/f1tenth_ws/src/f1tenth_system/teleop_tools/key_teleop', 'env': {'NX_ROOT': '/home/cav330/.nx', 'GJS_DEBUG_TOPICS': 'JS ERROR;JS LOG', 'LESSOPEN': '| /usr/bin/lesspipe %s', 'PULSE_CLIENTCONFIG': '/home/cav330/.nx/devices/D-1001-5BBEA081E7CCC5FE47B3898213872B03/audio/client.conf', 'MAIL': '/var/mail/cav330', 'USER': 'cav330', 'XDG_SESSION_TYPE': 'x11', 'NX_SYSTEM': '/usr/NX', 'SHLVL': '1', 'LD_LIBRARY_PATH': '/home/cav330/f1tenth_ws/install/vesc_driver/lib:/home/cav330/f1tenth_ws/install/vesc_ackermann/lib:/home/cav330/f1tenth_ws/install/vesc_msgs/lib:/home/cav330/f1tenth_ws/install/teleop_tools_msgs/lib:/opt/ros/foxy/opt/yaml_cpp_vendor/lib:/opt/ros/foxy/opt/rviz_ogre_vendor/lib:/opt/ros/foxy/lib/aarch64-linux-gnu:/opt/ros/foxy/lib:/usr/local/cuda-11.4/lib64:', 'HOME': '/home/cav330', 'DESKTOP_SESSION': 'ubuntu-xorg', 'ROS_PYTHON_VERSION': '3', 'GNOME_SHELL_SESSION_MODE': 'ubuntu', 'DBUS_SESSION_BUS_ADDRESS': 'unix:abstract=/tmp/dbus-1gzSD6Wl1K,guid=d4e8827e16524ec651a25cad69cafd2d', 'COLORTERM': 'truecolor', 'PULSE_SCRIPT': '/home/cav330/.nx/devices/D-1001-5BBEA081E7CCC5FE47B3898213872B03/audio/default.pa', 'WAYLAND_DISPLAY': 'no', 'COLCON_PREFIX_PATH': '/home/cav330/f1tenth_ws/install', 'ROS_DISTRO': 'foxy', 'LOGNAME': 'cav330', 'PULSE_SERVER': '/home/cav330/.nx/devices/D-1001-5BBEA081E7CCC5FE47B3898213872B03/audio/native.socket', '_': '/usr/bin/colcon', 'ROS_VERSION': '2', 'XDG_SESSION_CLASS': 'user', 'USERNAME': 'cav330', 'TERM': 'xterm-256color', 'GNOME_DESKTOP_SESSION_ID': 'this-is-deprecated', 'ROS_LOCALHOST_ONLY': '0', 'PATH': '/opt/ros/foxy/bin:/usr/local/cuda-11.4/bin:/home/cav330/.local/bin:/usr/local/sbin:/usr/local/bin:/usr/sbin:/usr/bin:/sbin:/bin:/usr/games:/usr/local/games:/snap/bin', 'SESSION_MANAGER': 'local/ubuntu:@/tmp/.ICE-unix/3540,unix/ubuntu:/tmp/.ICE-unix/3540', 'PULSE_RUNTIME_PATH': '/run/user/1000/pulse', 'XDG_MENU_PREFIX': 'gnome-', 'GNOME_TERMINAL_SCREEN': '/org/gnome/Terminal/screen/1415c740_4480_4aec_b3c9_829264334640', 'XDG_RUNTIME_DIR': '/run/user/1000', 'PULSE_CONFIG': '/home/cav330/.nx/devices/D-1001-5BBEA081E7CCC5FE47B3898213872B03/audio/daemon.conf', 'GDK_BACKEND': 'x11', 'DISPLAY': ':1001', 'LANG': 'en_CA.UTF-8', 'XDG_CURRENT_DESKTOP': 'ubuntu:GNOME', 'NX_TEMP': '/tmp', 'XMODIFIERS': '@im=ibus', 'XAUTHORITY': '/home/cav330/.Xauthority', 'LS_COLORS': 'rs=0:di=01;34:ln=01;36:mh=00:pi=40;33:so=01;35:do=01;35:bd=40;33;01:cd=40;33;01:or=40;31;01:mi=00:su=37;41:sg=30;43:ca=30;41:tw=30;42:ow=34;42:st=37;44:ex=01;32:*.tar=01;31:*.tgz=01;31:*.arc=01;31:*.arj=01;31:*.taz=01;31:*.lha=01;31:*.lz4=01;31:*.lzh=01;31:*.lzma=01;31:*.tlz=01;31:*.txz=01;31:*.tzo=01;31:*.t7z=01;31:*.zip=01;31:*.z=01;31:*.dz=01;31:*.gz=01;31:*.lrz=01;31:*.lz=01;31:*.lzo=01;31:*.xz=01;31:*.zst=01;31:*.tzst=01;31:*.bz2=01;31:*.bz=01;31:*.tbz=01;31:*.tbz2=01;31:*.tz=01;31:*.deb=01;31:*.rpm=01;31:*.jar=01;31:*.war=01;31:*.ear=01;31:*.sar=01;31:*.rar=01;31:*.alz=01;31:*.ace=01;31:*.zoo=01;31:*.cpio=01;31:*.7z=01;31:*.rz=01;31:*.cab=01;31:*.wim=01;31:*.swm=01;31:*.dwm=01;31:*.esd=01;31:*.jpg=01;35:*.jpeg=01;35:*.mjpg=01;35:*.mjpeg=01;35:*.gif=01;35:*.bmp=01;35:*.pbm=01;35:*.pgm=01;35:*.ppm=01;35:*.tga=01;35:*.xbm=01;35:*.xpm=01;35:*.tif=01;35:*.tiff=01;35:*.png=01;35:*.svg=01;35:*.svgz=01;35:*.mng=01;35:*.pcx=01;35:*.mov=01;35:*.mpg=01;35:*.mpeg=01;35:*.m2v=01;35:*.mkv=01;35:*.webm=01;35:*.ogm=01;35:*.mp4=01;35:*.m4v=01;35:*.mp4v=01;35:*.vob=01;35:*.qt=01;35:*.nuv=01;35:*.wmv=01;35:*.asf=01;35:*.rm=01;35:*.rmvb=01;35:*.flc=01;35:*.avi=01;35:*.fli=01;35:*.flv=01;35:*.gl=01;35:*.dl=01;35:*.xcf=01;35:*.xwd=01;35:*.yuv=01;35:*.cgm=01;35:*.emf=01;35:*.ogv=01;35:*.ogx=01;35:*.aac=00;36:*.au=00;36:*.flac=00;36:*.m4a=00;36:*.mid=00;36:*.midi=00;36:*.mka=00;36:*.mp3=00;36:*.mpc=00;36:*.ogg=00;36:*.ra=00;36:*.wav=00;36:*.oga=00;36:*.opus=00;36:*.spx=00;36:*.xspf=00;36:', 'GNOME_TERMINAL_SERVICE': ':1.94', 'SSH_AUTH_SOCK': '/run/user/1000/keyring/ssh', 'AMENT_PREFIX_PATH': '/home/cav330/f1tenth_ws/install/wall_follow:/home/cav330/f1tenth_ws/install/f1tenth_stack:/home/cav330/f1tenth_ws/install/vesc:/home/cav330/f1tenth_ws/install/vesc_driver:/home/cav330/f1tenth_ws/install/vesc_ackermann:/home/cav330/f1tenth_ws/install/vesc_msgs:/home/cav330/f1tenth_ws/install/teleop_tools:/home/cav330/f1tenth_ws/install/joy_teleop:/home/cav330/f1tenth_ws/install/teleop_tools_msgs:/home/cav330/f1tenth_ws/install/safety_node:/home/cav330/f1tenth_ws/install/mouse_teleop:/home/cav330/f1tenth_ws/install/key_teleop:/home/cav330/f1tenth_ws/install/f1tenth_gym_ros:/home/cav330/f1tenth_ws/install/ackermann_mux:/opt/ros/foxy', 'SHELL': '/bin/bash', 'LESSCLOSE': '/usr/bin/lesspipe %s %s', 'NX_SESSION_ID': '5BBEA081E7CCC5FE47B3898213872B03', 'GJS_DEBUG_OUTPUT': 'stderr', 'QT_IM_MODULE': 'ibus', 'PWD': '/home/cav330/f1tenth_ws/build/key_teleop', 'NX_RUNNER': '/usr/NX/bin/nxrunner', 'XDG_CONFIG_DIRS': '/etc/xdg/xdg-ubuntu-xorg:/etc/xdg', 'XDG_DATA_DIRS': '/usr/share/ubuntu-xorg:/usr/local/share:/usr/share:/var/lib/snapd/desktop', 'PYTHONPATH': '/home/cav330/f1tenth_ws/build/key_teleop/prefix_override:/usr/lib/python3/dist-packages/colcon_core/task/python/colcon_distutils_commands:/home/cav330/f1tenth_ws/install/key_teleop/lib/python3.8/site-packages:/home/cav330/f1tenth_ws/install/f1tenth_stack/lib/python3.8/site-packages:/home/cav330/f1tenth_ws/install/vesc_msgs/lib/python3.8/site-packages:/home/cav330/f1tenth_ws/install/joy_teleop/lib/python3.8/site-packages:/home/cav330/f1tenth_ws/install/teleop_tools_msgs/lib/python3.8/site-packages:/home/cav330/f1tenth_ws/install/mouse_teleop/lib/python3.8/site-packages:/home/cav330/f1tenth_ws/install/key_teleop/lib/python3.8/site-packages:/home/cav330/f1tenth_ws/install/f1tenth_gym_ros/lib/python3.8/site-packages:/opt/ros/foxy/lib/python3.8/site-packages', 'COLCON': '1', 'VTE_VERSION': '6003', 'CMAKE_PREFIX_PATH': '/home/cav330/f1tenth_ws/install/wall_follow:/home/cav330/f1tenth_ws/install/vesc:/home/cav330/f1tenth_ws/install/vesc_driver:/home/cav330/f1tenth_ws/install/vesc_ackermann:/home/cav330/f1tenth_ws/install/vesc_msgs:/home/cav330/f1tenth_ws/install/teleop_tools:/home/cav330/f1tenth_ws/install/teleop_tools_msgs:/home/cav330/f1tenth_ws/install/safety_node:/home/cav330/f1tenth_ws/install/ackermann_mux', 'NX_CONNECTION': '192.168.33.135 65380 192.168.33.130 4000', 'NXDIR': '/usr/NX'}, 'shell': False}
[4.067488] (-) TimerEvent: {}
[4.082867] (teleop_tools_msgs) CommandEnded: {'returncode': 0}
[4.139211] (vesc_msgs) StdoutLine: {'line': b'-- Up-to-date: /home/cav330/f1tenth_ws/install/vesc_msgs/lib/python3.8/site-packages/vesc_msgs/msg\n'}
[4.143669] (vesc_msgs) StdoutLine: {'line': b'-- Up-to-date: /home/cav330/f1tenth_ws/install/vesc_msgs/lib/python3.8/site-packages/vesc_msgs/msg/_vesc_state_s.c\n'}
[4.144422] (vesc_msgs) StdoutLine: {'line': b'-- Up-to-date: /home/cav330/f1tenth_ws/install/vesc_msgs/lib/python3.8/site-packages/vesc_msgs/msg/_vesc_imu_stamped.py\n'}
[4.146039] (vesc_msgs) StdoutLine: {'line': b'-- Up-to-date: /home/cav330/f1tenth_ws/install/vesc_msgs/lib/python3.8/site-packages/vesc_msgs/msg/_vesc_imu.py\n'}
[4.146716] (vesc_msgs) StdoutLine: {'line': b'-- Up-to-date: /home/cav330/f1tenth_ws/install/vesc_msgs/lib/python3.8/site-packages/vesc_msgs/msg/_vesc_imu_s.c\n'}
[4.148024] (vesc_msgs) StdoutLine: {'line': b'-- Up-to-date: /home/cav330/f1tenth_ws/install/vesc_msgs/lib/python3.8/site-packages/vesc_msgs/msg/__init__.py\n'}
[4.148391] (vesc_msgs) StdoutLine: {'line': b'-- Up-to-date: /home/cav330/f1tenth_ws/install/vesc_msgs/lib/python3.8/site-packages/vesc_msgs/msg/_vesc_state_stamped_s.c\n'}
[4.148692] (vesc_msgs) StdoutLine: {'line': b'-- Up-to-date: /home/cav330/f1tenth_ws/install/vesc_msgs/lib/python3.8/site-packages/vesc_msgs/msg/_vesc_state_stamped.py\n'}
[4.148988] (vesc_msgs) StdoutLine: {'line': b'-- Up-to-date: /home/cav330/f1tenth_ws/install/vesc_msgs/lib/python3.8/site-packages/vesc_msgs/msg/_vesc_state.py\n'}
[4.149707] (vesc_msgs) StdoutLine: {'line': b'-- Up-to-date: /home/cav330/f1tenth_ws/install/vesc_msgs/lib/python3.8/site-packages/vesc_msgs/msg/_vesc_imu_stamped_s.c\n'}
[4.150073] (vesc_msgs) StdoutLine: {'line': b'-- Up-to-date: /home/cav330/f1tenth_ws/install/vesc_msgs/lib/python3.8/site-packages/vesc_msgs/vesc_msgs_s__rosidl_typesupport_fastrtps_c.cpython-38-aarch64-linux-gnu.so\n'}
[4.152896] (vesc_msgs) StdoutLine: {'line': b'-- Up-to-date: /home/cav330/f1tenth_ws/install/vesc_msgs/lib/python3.8/site-packages/vesc_msgs/vesc_msgs_s__rosidl_typesupport_introspection_c.cpython-38-aarch64-linux-gnu.so\n'}
[4.161019] (vesc_msgs) StdoutLine: {'line': b'-- Up-to-date: /home/cav330/f1tenth_ws/install/vesc_msgs/lib/python3.8/site-packages/vesc_msgs/vesc_msgs_s__rosidl_typesupport_c.cpython-38-aarch64-linux-gnu.so\n'}
[4.161811] (vesc_msgs) StdoutLine: {'line': b'-- Up-to-date: /home/cav330/f1tenth_ws/install/vesc_msgs/lib/libvesc_msgs__python.so\n'}
[4.165099] (vesc_msgs) StdoutLine: {'line': b'-- Up-to-date: /home/cav330/f1tenth_ws/install/vesc_msgs/share/vesc_msgs/msg/VescState.idl\n'}
[4.165999] (vesc_msgs) StdoutLine: {'line': b'-- Up-to-date: /home/cav330/f1tenth_ws/install/vesc_msgs/share/vesc_msgs/msg/VescStateStamped.idl\n'}
[4.166719] (vesc_msgs) StdoutLine: {'line': b'-- Up-to-date: /home/cav330/f1tenth_ws/install/vesc_msgs/share/vesc_msgs/msg/VescImu.idl\n'}
[4.167085] (vesc_msgs) StdoutLine: {'line': b'-- Up-to-date: /home/cav330/f1tenth_ws/install/vesc_msgs/share/vesc_msgs/msg/VescImuStamped.idl\n'}
[4.167402] (vesc_msgs) StdoutLine: {'line': b'-- Up-to-date: /home/cav330/f1tenth_ws/install/vesc_msgs/share/vesc_msgs/msg/VescState.msg\n'}
[4.167694] (-) TimerEvent: {}
[4.168678] (vesc_msgs) StdoutLine: {'line': b'-- Up-to-date: /home/cav330/f1tenth_ws/install/vesc_msgs/share/vesc_msgs/msg/VescStateStamped.msg\n'}
[4.169192] (vesc_msgs) StdoutLine: {'line': b'-- Up-to-date: /home/cav330/f1tenth_ws/install/vesc_msgs/share/vesc_msgs/msg/VescImu.msg\n'}
[4.169979] (vesc_msgs) StdoutLine: {'line': b'-- Up-to-date: /home/cav330/f1tenth_ws/install/vesc_msgs/share/vesc_msgs/msg/VescImuStamped.msg\n'}
[4.170326] (vesc_msgs) StdoutLine: {'line': b'-- Up-to-date: /home/cav330/f1tenth_ws/install/vesc_msgs/share/ament_index/resource_index/package_run_dependencies/vesc_msgs\n'}
[4.171033] (vesc_msgs) StdoutLine: {'line': b'-- Up-to-date: /home/cav330/f1tenth_ws/install/vesc_msgs/share/ament_index/resource_index/parent_prefix_path/vesc_msgs\n'}
[4.171568] (vesc_msgs) StdoutLine: {'line': b'-- Up-to-date: /home/cav330/f1tenth_ws/install/vesc_msgs/share/vesc_msgs/environment/ament_prefix_path.sh\n'}
[4.172246] (vesc_msgs) StdoutLine: {'line': b'-- Up-to-date: /home/cav330/f1tenth_ws/install/vesc_msgs/share/vesc_msgs/environment/ament_prefix_path.dsv\n'}
[4.173200] (vesc_msgs) StdoutLine: {'line': b'-- Up-to-date: /home/cav330/f1tenth_ws/install/vesc_msgs/share/vesc_msgs/environment/path.sh\n'}
[4.176069] (vesc_msgs) StdoutLine: {'line': b'-- Up-to-date: /home/cav330/f1tenth_ws/install/vesc_msgs/share/vesc_msgs/environment/path.dsv\n'}
[4.176988] (vesc_msgs) StdoutLine: {'line': b'-- Up-to-date: /home/cav330/f1tenth_ws/install/vesc_msgs/share/vesc_msgs/local_setup.bash\n'}
[4.177371] (vesc_msgs) StdoutLine: {'line': b'-- Up-to-date: /home/cav330/f1tenth_ws/install/vesc_msgs/share/vesc_msgs/local_setup.sh\n'}
[4.177802] (vesc_msgs) StdoutLine: {'line': b'-- Up-to-date: /home/cav330/f1tenth_ws/install/vesc_msgs/share/vesc_msgs/local_setup.zsh\n'}
[4.178122] (vesc_msgs) StdoutLine: {'line': b'-- Up-to-date: /home/cav330/f1tenth_ws/install/vesc_msgs/share/vesc_msgs/local_setup.dsv\n'}
[4.178425] (vesc_msgs) StdoutLine: {'line': b'-- Installing: /home/cav330/f1tenth_ws/install/vesc_msgs/share/vesc_msgs/package.dsv\n'}
[4.179199] (vesc_msgs) StdoutLine: {'line': b'-- Up-to-date: /home/cav330/f1tenth_ws/install/vesc_msgs/share/ament_index/resource_index/packages/vesc_msgs\n'}
[4.182177] (vesc_msgs) StdoutLine: {'line': b'-- Up-to-date: /home/cav330/f1tenth_ws/install/vesc_msgs/share/vesc_msgs/cmake/vesc_msgs__rosidl_generator_cExport.cmake\n'}
[4.182786] (vesc_msgs) StdoutLine: {'line': b'-- Up-to-date: /home/cav330/f1tenth_ws/install/vesc_msgs/share/vesc_msgs/cmake/vesc_msgs__rosidl_generator_cExport-noconfig.cmake\n'}
[4.185811] (vesc_msgs) StdoutLine: {'line': b'-- Up-to-date: /home/cav330/f1tenth_ws/install/vesc_msgs/share/vesc_msgs/cmake/vesc_msgs__rosidl_typesupport_introspection_cExport.cmake\n'}
[4.186444] (vesc_msgs) StdoutLine: {'line': b'-- Up-to-date: /home/cav330/f1tenth_ws/install/vesc_msgs/share/vesc_msgs/cmake/vesc_msgs__rosidl_typesupport_introspection_cExport-noconfig.cmake\n'}
[4.186991] (vesc_msgs) StdoutLine: {'line': b'-- Up-to-date: /home/cav330/f1tenth_ws/install/vesc_msgs/share/vesc_msgs/cmake/vesc_msgs__rosidl_typesupport_cExport.cmake\n'}
[4.187373] (vesc_msgs) StdoutLine: {'line': b'-- Up-to-date: /home/cav330/f1tenth_ws/install/vesc_msgs/share/vesc_msgs/cmake/vesc_msgs__rosidl_typesupport_cExport-noconfig.cmake\n'}
[4.189748] (vesc_msgs) StdoutLine: {'line': b'-- Up-to-date: /home/cav330/f1tenth_ws/install/vesc_msgs/share/vesc_msgs/cmake/vesc_msgs__rosidl_generator_cppExport.cmake\n'}
[4.191167] (vesc_msgs) StdoutLine: {'line': b'-- Up-to-date: /home/cav330/f1tenth_ws/install/vesc_msgs/share/vesc_msgs/cmake/vesc_msgs__rosidl_typesupport_introspection_cppExport.cmake\n'}
[4.191518] (vesc_msgs) StdoutLine: {'line': b'-- Up-to-date: /home/cav330/f1tenth_ws/install/vesc_msgs/share/vesc_msgs/cmake/vesc_msgs__rosidl_typesupport_introspection_cppExport-noconfig.cmake\n'}
[4.197013] (vesc_msgs) StdoutLine: {'line': b'-- Up-to-date: /home/cav330/f1tenth_ws/install/vesc_msgs/share/vesc_msgs/cmake/vesc_msgs__rosidl_typesupport_cppExport.cmake\n'}
[4.198400] (vesc_msgs) StdoutLine: {'line': b'-- Up-to-date: /home/cav330/f1tenth_ws/install/vesc_msgs/share/vesc_msgs/cmake/vesc_msgs__rosidl_typesupport_cppExport-noconfig.cmake\n'}
[4.199508] (vesc_msgs) StdoutLine: {'line': b'-- Up-to-date: /home/cav330/f1tenth_ws/install/vesc_msgs/share/vesc_msgs/cmake/rosidl_cmake-extras.cmake\n'}
[4.199956] (vesc_msgs) StdoutLine: {'line': b'-- Up-to-date: /home/cav330/f1tenth_ws/install/vesc_msgs/share/vesc_msgs/cmake/ament_cmake_export_dependencies-extras.cmake\n'}
[4.200269] (vesc_msgs) StdoutLine: {'line': b'-- Up-to-date: /home/cav330/f1tenth_ws/install/vesc_msgs/share/vesc_msgs/cmake/ament_cmake_export_libraries-extras.cmake\n'}
[4.218691] (vesc_msgs) StdoutLine: {'line': b'-- Up-to-date: /home/cav330/f1tenth_ws/install/vesc_msgs/share/vesc_msgs/cmake/ament_cmake_export_targets-extras.cmake\n'}
[4.219431] (vesc_msgs) StdoutLine: {'line': b'-- Up-to-date: /home/cav330/f1tenth_ws/install/vesc_msgs/share/vesc_msgs/cmake/ament_cmake_export_include_directories-extras.cmake\n'}
[4.220451] (vesc_msgs) StdoutLine: {'line': b'-- Up-to-date: /home/cav330/f1tenth_ws/install/vesc_msgs/share/vesc_msgs/cmake/rosidl_cmake_export_typesupport_libraries-extras.cmake\n'}
[4.220953] (vesc_msgs) StdoutLine: {'line': b'-- Up-to-date: /home/cav330/f1tenth_ws/install/vesc_msgs/share/vesc_msgs/cmake/rosidl_cmake_export_typesupport_targets-extras.cmake\n'}
[4.221485] (vesc_msgs) StdoutLine: {'line': b'-- Up-to-date: /home/cav330/f1tenth_ws/install/vesc_msgs/share/vesc_msgs/cmake/vesc_msgsConfig.cmake\n'}
[4.222350] (vesc_msgs) StdoutLine: {'line': b'-- Up-to-date: /home/cav330/f1tenth_ws/install/vesc_msgs/share/vesc_msgs/cmake/vesc_msgsConfig-version.cmake\n'}
[4.223354] (vesc_msgs) StdoutLine: {'line': b'-- Up-to-date: /home/cav330/f1tenth_ws/install/vesc_msgs/share/vesc_msgs/package.xml\n'}
[4.268057] (-) TimerEvent: {}
[4.274951] (teleop_tools_msgs) JobEnded: {'identifier': 'teleop_tools_msgs', 'rc': 0}
[4.280985] (joy_teleop) JobStarted: {'identifier': 'joy_teleop'}
[4.339906] (vesc_msgs) CommandEnded: {'returncode': 0}
[4.371827] (-) TimerEvent: {}
[4.467951] (vesc_msgs) JobEnded: {'identifier': 'vesc_msgs', 'rc': 0}
[4.472166] (-) TimerEvent: {}
[4.473473] (vesc_ackermann) JobStarted: {'identifier': 'vesc_ackermann'}
[4.574189] (-) TimerEvent: {}
[4.685356] (-) TimerEvent: {}
[4.786292] (-) TimerEvent: {}
[4.887237] (-) TimerEvent: {}
[4.988745] (-) TimerEvent: {}
[5.090188] (-) TimerEvent: {}
[5.191049] (-) TimerEvent: {}
[5.207401] (key_teleop) StdoutLine: {'line': b'running egg_info\n'}
[5.210749] (key_teleop) StdoutLine: {'line': b'writing ../../../../build/key_teleop/key_teleop.egg-info/PKG-INFO\n'}
[5.212432] (key_teleop) StdoutLine: {'line': b'writing dependency_links to ../../../../build/key_teleop/key_teleop.egg-info/dependency_links.txt\n'}
[5.213221] (key_teleop) StdoutLine: {'line': b'writing entry points to ../../../../build/key_teleop/key_teleop.egg-info/entry_points.txt\n'}
[5.214222] (key_teleop) StdoutLine: {'line': b'writing requirements to ../../../../build/key_teleop/key_teleop.egg-info/requires.txt\n'}
[5.214956] (key_teleop) StdoutLine: {'line': b'writing top-level names to ../../../../build/key_teleop/key_teleop.egg-info/top_level.txt\n'}
[5.291268] (-) TimerEvent: {}
[5.384994] (key_teleop) StdoutLine: {'line': b"reading manifest file '../../../../build/key_teleop/key_teleop.egg-info/SOURCES.txt'\n"}
[5.391510] (-) TimerEvent: {}
[5.398636] (key_teleop) StdoutLine: {'line': b"writing manifest file '../../../../build/key_teleop/key_teleop.egg-info/SOURCES.txt'\n"}
[5.399475] (key_teleop) StdoutLine: {'line': b'running build\n'}
[5.399861] (key_teleop) StdoutLine: {'line': b'running build_py\n'}
[5.401133] (key_teleop) StdoutLine: {'line': b'running install\n'}
[5.404993] (key_teleop) StdoutLine: {'line': b'running install_lib\n'}
[5.412698] (key_teleop) StdoutLine: {'line': b'running install_data\n'}
[5.413795] (key_teleop) StdoutLine: {'line': b'running install_egg_info\n'}
[5.424145] (key_teleop) StdoutLine: {'line': b"removing '/home/cav330/f1tenth_ws/install/key_teleop/lib/python3.8/site-packages/key_teleop-0.3.0-py3.8.egg-info' (and everything under it)\n"}
[5.425317] (key_teleop) StdoutLine: {'line': b'Copying ../../../../build/key_teleop/key_teleop.egg-info to /home/cav330/f1tenth_ws/install/key_teleop/lib/python3.8/site-packages/key_teleop-0.3.0-py3.8.egg-info\n'}
[5.435609] (key_teleop) StdoutLine: {'line': b'running install_scripts\n'}
[5.491741] (-) TimerEvent: {}
[5.510603] (key_teleop) StdoutLine: {'line': b'Installing key_teleop script to /home/cav330/f1tenth_ws/install/key_teleop/lib/key_teleop\n'}
[5.512565] (key_teleop) StdoutLine: {'line': b"writing list of installed files to '/home/cav330/f1tenth_ws/build/key_teleop/install.log'\n"}
[5.591998] (-) TimerEvent: {}
[5.693699] (-) TimerEvent: {}
[5.794667] (-) TimerEvent: {}
[5.836885] (vesc_ackermann) JobProgress: {'identifier': 'vesc_ackermann', 'progress': 'cmake'}
[5.846450] (vesc_ackermann) JobProgress: {'identifier': 'vesc_ackermann', 'progress': 'build'}
[5.848444] (vesc_ackermann) Command: {'cmd': ['/usr/bin/cmake', '--build', '/home/cav330/f1tenth_ws/build/vesc_ackermann', '--', '-j4', '-l4'], 'cwd': '/home/cav330/f1tenth_ws/build/vesc_ackermann', 'env': OrderedDict([('NX_ROOT', '/home/cav330/.nx'), ('GJS_DEBUG_TOPICS', 'JS ERROR;JS LOG'), ('LESSOPEN', '| /usr/bin/lesspipe %s'), ('PULSE_CLIENTCONFIG', '/home/cav330/.nx/devices/D-1001-5BBEA081E7CCC5FE47B3898213872B03/audio/client.conf'), ('MAIL', '/var/mail/cav330'), ('USER', 'cav330'), ('XDG_SESSION_TYPE', 'x11'), ('NX_SYSTEM', '/usr/NX'), ('SHLVL', '1'), ('LD_LIBRARY_PATH', '/home/cav330/f1tenth_ws/install/vesc_msgs/lib:/home/cav330/f1tenth_ws/install/vesc_driver/lib:/home/cav330/f1tenth_ws/install/vesc_ackermann/lib:/home/cav330/f1tenth_ws/install/teleop_tools_msgs/lib:/opt/ros/foxy/opt/yaml_cpp_vendor/lib:/opt/ros/foxy/opt/rviz_ogre_vendor/lib:/opt/ros/foxy/lib/aarch64-linux-gnu:/opt/ros/foxy/lib:/usr/local/cuda-11.4/lib64'), ('HOME', '/home/cav330'), ('DESKTOP_SESSION', 'ubuntu-xorg'), ('ROS_PYTHON_VERSION', '3'), ('GNOME_SHELL_SESSION_MODE', 'ubuntu'), ('DBUS_SESSION_BUS_ADDRESS', 'unix:abstract=/tmp/dbus-1gzSD6Wl1K,guid=d4e8827e16524ec651a25cad69cafd2d'), ('COLORTERM', 'truecolor'), ('PULSE_SCRIPT', '/home/cav330/.nx/devices/D-1001-5BBEA081E7CCC5FE47B3898213872B03/audio/default.pa'), ('WAYLAND_DISPLAY', 'no'), ('COLCON_PREFIX_PATH', '/home/cav330/f1tenth_ws/install'), ('ROS_DISTRO', 'foxy'), ('LOGNAME', 'cav330'), ('PULSE_SERVER', '/home/cav330/.nx/devices/D-1001-5BBEA081E7CCC5FE47B3898213872B03/audio/native.socket'), ('_', '/usr/bin/colcon'), ('ROS_VERSION', '2'), ('XDG_SESSION_CLASS', 'user'), ('USERNAME', 'cav330'), ('TERM', 'xterm-256color'), ('GNOME_DESKTOP_SESSION_ID', 'this-is-deprecated'), ('ROS_LOCALHOST_ONLY', '0'), ('PATH', '/opt/ros/foxy/bin:/usr/local/cuda-11.4/bin:/home/cav330/.local/bin:/usr/local/sbin:/usr/local/bin:/usr/sbin:/usr/bin:/sbin:/bin:/usr/games:/usr/local/games:/snap/bin'), ('SESSION_MANAGER', 'local/ubuntu:@/tmp/.ICE-unix/3540,unix/ubuntu:/tmp/.ICE-unix/3540'), ('PULSE_RUNTIME_PATH', '/run/user/1000/pulse'), ('XDG_MENU_PREFIX', 'gnome-'), ('GNOME_TERMINAL_SCREEN', '/org/gnome/Terminal/screen/1415c740_4480_4aec_b3c9_829264334640'), ('XDG_RUNTIME_DIR', '/run/user/1000'), ('PULSE_CONFIG', '/home/cav330/.nx/devices/D-1001-5BBEA081E7CCC5FE47B3898213872B03/audio/daemon.conf'), ('GDK_BACKEND', 'x11'), ('DISPLAY', ':1001'), ('LANG', 'en_CA.UTF-8'), ('XDG_CURRENT_DESKTOP', 'ubuntu:GNOME'), ('NX_TEMP', '/tmp'), ('XMODIFIERS', '@im=ibus'), ('XAUTHORITY', '/home/cav330/.Xauthority'), ('LS_COLORS', 'rs=0:di=01;34:ln=01;36:mh=00:pi=40;33:so=01;35:do=01;35:bd=40;33;01:cd=40;33;01:or=40;31;01:mi=00:su=37;41:sg=30;43:ca=30;41:tw=30;42:ow=34;42:st=37;44:ex=01;32:*.tar=01;31:*.tgz=01;31:*.arc=01;31:*.arj=01;31:*.taz=01;31:*.lha=01;31:*.lz4=01;31:*.lzh=01;31:*.lzma=01;31:*.tlz=01;31:*.txz=01;31:*.tzo=01;31:*.t7z=01;31:*.zip=01;31:*.z=01;31:*.dz=01;31:*.gz=01;31:*.lrz=01;31:*.lz=01;31:*.lzo=01;31:*.xz=01;31:*.zst=01;31:*.tzst=01;31:*.bz2=01;31:*.bz=01;31:*.tbz=01;31:*.tbz2=01;31:*.tz=01;31:*.deb=01;31:*.rpm=01;31:*.jar=01;31:*.war=01;31:*.ear=01;31:*.sar=01;31:*.rar=01;31:*.alz=01;31:*.ace=01;31:*.zoo=01;31:*.cpio=01;31:*.7z=01;31:*.rz=01;31:*.cab=01;31:*.wim=01;31:*.swm=01;31:*.dwm=01;31:*.esd=01;31:*.jpg=01;35:*.jpeg=01;35:*.mjpg=01;35:*.mjpeg=01;35:*.gif=01;35:*.bmp=01;35:*.pbm=01;35:*.pgm=01;35:*.ppm=01;35:*.tga=01;35:*.xbm=01;35:*.xpm=01;35:*.tif=01;35:*.tiff=01;35:*.png=01;35:*.svg=01;35:*.svgz=01;35:*.mng=01;35:*.pcx=01;35:*.mov=01;35:*.mpg=01;35:*.mpeg=01;35:*.m2v=01;35:*.mkv=01;35:*.webm=01;35:*.ogm=01;35:*.mp4=01;35:*.m4v=01;35:*.mp4v=01;35:*.vob=01;35:*.qt=01;35:*.nuv=01;35:*.wmv=01;35:*.asf=01;35:*.rm=01;35:*.rmvb=01;35:*.flc=01;35:*.avi=01;35:*.fli=01;35:*.flv=01;35:*.gl=01;35:*.dl=01;35:*.xcf=01;35:*.xwd=01;35:*.yuv=01;35:*.cgm=01;35:*.emf=01;35:*.ogv=01;35:*.ogx=01;35:*.aac=00;36:*.au=00;36:*.flac=00;36:*.m4a=00;36:*.mid=00;36:*.midi=00;36:*.mka=00;36:*.mp3=00;36:*.mpc=00;36:*.ogg=00;36:*.ra=00;36:*.wav=00;36:*.oga=00;36:*.opus=00;36:*.spx=00;36:*.xspf=00;36:'), ('GNOME_TERMINAL_SERVICE', ':1.94'), ('SSH_AUTH_SOCK', '/run/user/1000/keyring/ssh'), ('AMENT_PREFIX_PATH', '/home/cav330/f1tenth_ws/install/wall_follow:/home/cav330/f1tenth_ws/install/f1tenth_stack:/home/cav330/f1tenth_ws/install/vesc:/home/cav330/f1tenth_ws/install/vesc_driver:/home/cav330/f1tenth_ws/install/vesc_ackermann:/home/cav330/f1tenth_ws/install/vesc_msgs:/home/cav330/f1tenth_ws/install/teleop_tools:/home/cav330/f1tenth_ws/install/joy_teleop:/home/cav330/f1tenth_ws/install/teleop_tools_msgs:/home/cav330/f1tenth_ws/install/safety_node:/home/cav330/f1tenth_ws/install/mouse_teleop:/home/cav330/f1tenth_ws/install/key_teleop:/home/cav330/f1tenth_ws/install/f1tenth_gym_ros:/home/cav330/f1tenth_ws/install/ackermann_mux:/opt/ros/foxy'), ('SHELL', '/bin/bash'), ('LESSCLOSE', '/usr/bin/lesspipe %s %s'), ('NX_SESSION_ID', '5BBEA081E7CCC5FE47B3898213872B03'), ('GJS_DEBUG_OUTPUT', 'stderr'), ('QT_IM_MODULE', 'ibus'), ('PWD', '/home/cav330/f1tenth_ws/build/vesc_ackermann'), ('NX_RUNNER', '/usr/NX/bin/nxrunner'), ('XDG_CONFIG_DIRS', '/etc/xdg/xdg-ubuntu-xorg:/etc/xdg'), ('XDG_DATA_DIRS', '/usr/share/ubuntu-xorg:/usr/local/share:/usr/share:/var/lib/snapd/desktop'), ('PYTHONPATH', '/home/cav330/f1tenth_ws/install/vesc_msgs/lib/python3.8/site-packages:/home/cav330/f1tenth_ws/install/f1tenth_stack/lib/python3.8/site-packages:/home/cav330/f1tenth_ws/install/joy_teleop/lib/python3.8/site-packages:/home/cav330/f1tenth_ws/install/teleop_tools_msgs/lib/python3.8/site-packages:/home/cav330/f1tenth_ws/install/mouse_teleop/lib/python3.8/site-packages:/home/cav330/f1tenth_ws/install/key_teleop/lib/python3.8/site-packages:/home/cav330/f1tenth_ws/install/f1tenth_gym_ros/lib/python3.8/site-packages:/opt/ros/foxy/lib/python3.8/site-packages'), ('COLCON', '1'), ('VTE_VERSION', '6003'), ('CMAKE_PREFIX_PATH', '/home/cav330/f1tenth_ws/install/vesc_msgs:/home/cav330/f1tenth_ws/install/wall_follow:/home/cav330/f1tenth_ws/install/vesc:/home/cav330/f1tenth_ws/install/vesc_driver:/home/cav330/f1tenth_ws/install/vesc_ackermann:/home/cav330/f1tenth_ws/install/teleop_tools:/home/cav330/f1tenth_ws/install/teleop_tools_msgs:/home/cav330/f1tenth_ws/install/safety_node:/home/cav330/f1tenth_ws/install/ackermann_mux:/home/cav330/f1tenth_ws/install/f1tenth_stack:/home/cav330/f1tenth_ws/install/joy_teleop:/home/cav330/f1tenth_ws/install/mouse_teleop:/home/cav330/f1tenth_ws/install/key_teleop:/home/cav330/f1tenth_ws/install/f1tenth_gym_ros:/opt/ros/foxy'), ('NX_CONNECTION', '192.168.33.135 65380 192.168.33.130 4000'), ('NXDIR', '/usr/NX')]), 'shell': False}
[5.872393] (f1tenth_gym_ros) Command: {'cmd': ['/usr/bin/python3', '-W', 'ignore:setup.py install is deprecated', '-W', 'ignore:easy_install command is deprecated', 'setup.py', 'egg_info', '--egg-base', '../../build/f1tenth_gym_ros', 'build', '--build-base', '/home/cav330/f1tenth_ws/build/f1tenth_gym_ros/build', 'install', '--record', '/home/cav330/f1tenth_ws/build/f1tenth_gym_ros/install.log', '--single-version-externally-managed', 'install_data'], 'cwd': '/home/cav330/f1tenth_ws/src/f1tenth_gym_ros', 'env': {'NX_ROOT': '/home/cav330/.nx', 'GJS_DEBUG_TOPICS': 'JS ERROR;JS LOG', 'LESSOPEN': '| /usr/bin/lesspipe %s', 'PULSE_CLIENTCONFIG': '/home/cav330/.nx/devices/D-1001-5BBEA081E7CCC5FE47B3898213872B03/audio/client.conf', 'MAIL': '/var/mail/cav330', 'USER': 'cav330', 'XDG_SESSION_TYPE': 'x11', 'NX_SYSTEM': '/usr/NX', 'SHLVL': '1', 'LD_LIBRARY_PATH': '/home/cav330/f1tenth_ws/install/vesc_driver/lib:/home/cav330/f1tenth_ws/install/vesc_ackermann/lib:/home/cav330/f1tenth_ws/install/vesc_msgs/lib:/home/cav330/f1tenth_ws/install/teleop_tools_msgs/lib:/opt/ros/foxy/opt/yaml_cpp_vendor/lib:/opt/ros/foxy/opt/rviz_ogre_vendor/lib:/opt/ros/foxy/lib/aarch64-linux-gnu:/opt/ros/foxy/lib:/usr/local/cuda-11.4/lib64:', 'HOME': '/home/cav330', 'DESKTOP_SESSION': 'ubuntu-xorg', 'ROS_PYTHON_VERSION': '3', 'GNOME_SHELL_SESSION_MODE': 'ubuntu', 'DBUS_SESSION_BUS_ADDRESS': 'unix:abstract=/tmp/dbus-1gzSD6Wl1K,guid=d4e8827e16524ec651a25cad69cafd2d', 'COLORTERM': 'truecolor', 'PULSE_SCRIPT': '/home/cav330/.nx/devices/D-1001-5BBEA081E7CCC5FE47B3898213872B03/audio/default.pa', 'WAYLAND_DISPLAY': 'no', 'COLCON_PREFIX_PATH': '/home/cav330/f1tenth_ws/install', 'ROS_DISTRO': 'foxy', 'LOGNAME': 'cav330', 'PULSE_SERVER': '/home/cav330/.nx/devices/D-1001-5BBEA081E7CCC5FE47B3898213872B03/audio/native.socket', '_': '/usr/bin/colcon', 'ROS_VERSION': '2', 'XDG_SESSION_CLASS': 'user', 'USERNAME': 'cav330', 'TERM': 'xterm-256color', 'GNOME_DESKTOP_SESSION_ID': 'this-is-deprecated', 'ROS_LOCALHOST_ONLY': '0', 'PATH': '/opt/ros/foxy/bin:/usr/local/cuda-11.4/bin:/home/cav330/.local/bin:/usr/local/sbin:/usr/local/bin:/usr/sbin:/usr/bin:/sbin:/bin:/usr/games:/usr/local/games:/snap/bin', 'SESSION_MANAGER': 'local/ubuntu:@/tmp/.ICE-unix/3540,unix/ubuntu:/tmp/.ICE-unix/3540', 'PULSE_RUNTIME_PATH': '/run/user/1000/pulse', 'XDG_MENU_PREFIX': 'gnome-', 'GNOME_TERMINAL_SCREEN': '/org/gnome/Terminal/screen/1415c740_4480_4aec_b3c9_829264334640', 'XDG_RUNTIME_DIR': '/run/user/1000', 'PULSE_CONFIG': '/home/cav330/.nx/devices/D-1001-5BBEA081E7CCC5FE47B3898213872B03/audio/daemon.conf', 'GDK_BACKEND': 'x11', 'DISPLAY': ':1001', 'LANG': 'en_CA.UTF-8', 'XDG_CURRENT_DESKTOP': 'ubuntu:GNOME', 'NX_TEMP': '/tmp', 'XMODIFIERS': '@im=ibus', 'XAUTHORITY': '/home/cav330/.Xauthority', 'LS_COLORS': 'rs=0:di=01;34:ln=01;36:mh=00:pi=40;33:so=01;35:do=01;35:bd=40;33;01:cd=40;33;01:or=40;31;01:mi=00:su=37;41:sg=30;43:ca=30;41:tw=30;42:ow=34;42:st=37;44:ex=01;32:*.tar=01;31:*.tgz=01;31:*.arc=01;31:*.arj=01;31:*.taz=01;31:*.lha=01;31:*.lz4=01;31:*.lzh=01;31:*.lzma=01;31:*.tlz=01;31:*.txz=01;31:*.tzo=01;31:*.t7z=01;31:*.zip=01;31:*.z=01;31:*.dz=01;31:*.gz=01;31:*.lrz=01;31:*.lz=01;31:*.lzo=01;31:*.xz=01;31:*.zst=01;31:*.tzst=01;31:*.bz2=01;31:*.bz=01;31:*.tbz=01;31:*.tbz2=01;31:*.tz=01;31:*.deb=01;31:*.rpm=01;31:*.jar=01;31:*.war=01;31:*.ear=01;31:*.sar=01;31:*.rar=01;31:*.alz=01;31:*.ace=01;31:*.zoo=01;31:*.cpio=01;31:*.7z=01;31:*.rz=01;31:*.cab=01;31:*.wim=01;31:*.swm=01;31:*.dwm=01;31:*.esd=01;31:*.jpg=01;35:*.jpeg=01;35:*.mjpg=01;35:*.mjpeg=01;35:*.gif=01;35:*.bmp=01;35:*.pbm=01;35:*.pgm=01;35:*.ppm=01;35:*.tga=01;35:*.xbm=01;35:*.xpm=01;35:*.tif=01;35:*.tiff=01;35:*.png=01;35:*.svg=01;35:*.svgz=01;35:*.mng=01;35:*.pcx=01;35:*.mov=01;35:*.mpg=01;35:*.mpeg=01;35:*.m2v=01;35:*.mkv=01;35:*.webm=01;35:*.ogm=01;35:*.mp4=01;35:*.m4v=01;35:*.mp4v=01;35:*.vob=01;35:*.qt=01;35:*.nuv=01;35:*.wmv=01;35:*.asf=01;35:*.rm=01;35:*.rmvb=01;35:*.flc=01;35:*.avi=01;35:*.fli=01;35:*.flv=01;35:*.gl=01;35:*.dl=01;35:*.xcf=01;35:*.xwd=01;35:*.yuv=01;35:*.cgm=01;35:*.emf=01;35:*.ogv=01;35:*.ogx=01;35:*.aac=00;36:*.au=00;36:*.flac=00;36:*.m4a=00;36:*.mid=00;36:*.midi=00;36:*.mka=00;36:*.mp3=00;36:*.mpc=00;36:*.ogg=00;36:*.ra=00;36:*.wav=00;36:*.oga=00;36:*.opus=00;36:*.spx=00;36:*.xspf=00;36:', 'GNOME_TERMINAL_SERVICE': ':1.94', 'SSH_AUTH_SOCK': '/run/user/1000/keyring/ssh', 'AMENT_PREFIX_PATH': '/home/cav330/f1tenth_ws/install/wall_follow:/home/cav330/f1tenth_ws/install/f1tenth_stack:/home/cav330/f1tenth_ws/install/vesc:/home/cav330/f1tenth_ws/install/vesc_driver:/home/cav330/f1tenth_ws/install/vesc_ackermann:/home/cav330/f1tenth_ws/install/vesc_msgs:/home/cav330/f1tenth_ws/install/teleop_tools:/home/cav330/f1tenth_ws/install/joy_teleop:/home/cav330/f1tenth_ws/install/teleop_tools_msgs:/home/cav330/f1tenth_ws/install/safety_node:/home/cav330/f1tenth_ws/install/mouse_teleop:/home/cav330/f1tenth_ws/install/key_teleop:/home/cav330/f1tenth_ws/install/f1tenth_gym_ros:/home/cav330/f1tenth_ws/install/ackermann_mux:/opt/ros/foxy', 'SHELL': '/bin/bash', 'LESSCLOSE': '/usr/bin/lesspipe %s %s', 'NX_SESSION_ID': '5BBEA081E7CCC5FE47B3898213872B03', 'GJS_DEBUG_OUTPUT': 'stderr', 'QT_IM_MODULE': 'ibus', 'PWD': '/home/cav330/f1tenth_ws/build/f1tenth_gym_ros', 'NX_RUNNER': '/usr/NX/bin/nxrunner', 'XDG_CONFIG_DIRS': '/etc/xdg/xdg-ubuntu-xorg:/etc/xdg', 'XDG_DATA_DIRS': '/usr/share/ubuntu-xorg:/usr/local/share:/usr/share:/var/lib/snapd/desktop', 'PYTHONPATH': '/home/cav330/f1tenth_ws/build/f1tenth_gym_ros/prefix_override:/usr/lib/python3/dist-packages/colcon_core/task/python/colcon_distutils_commands:/home/cav330/f1tenth_ws/install/f1tenth_gym_ros/lib/python3.8/site-packages:/home/cav330/f1tenth_ws/install/f1tenth_stack/lib/python3.8/site-packages:/home/cav330/f1tenth_ws/install/vesc_msgs/lib/python3.8/site-packages:/home/cav330/f1tenth_ws/install/joy_teleop/lib/python3.8/site-packages:/home/cav330/f1tenth_ws/install/teleop_tools_msgs/lib/python3.8/site-packages:/home/cav330/f1tenth_ws/install/mouse_teleop/lib/python3.8/site-packages:/home/cav330/f1tenth_ws/install/key_teleop/lib/python3.8/site-packages:/home/cav330/f1tenth_ws/install/f1tenth_gym_ros/lib/python3.8/site-packages:/opt/ros/foxy/lib/python3.8/site-packages', 'COLCON': '1', 'VTE_VERSION': '6003', 'CMAKE_PREFIX_PATH': '/home/cav330/f1tenth_ws/install/wall_follow:/home/cav330/f1tenth_ws/install/vesc:/home/cav330/f1tenth_ws/install/vesc_driver:/home/cav330/f1tenth_ws/install/vesc_ackermann:/home/cav330/f1tenth_ws/install/vesc_msgs:/home/cav330/f1tenth_ws/install/teleop_tools:/home/cav330/f1tenth_ws/install/teleop_tools_msgs:/home/cav330/f1tenth_ws/install/safety_node:/home/cav330/f1tenth_ws/install/ackermann_mux', 'NX_CONNECTION': '192.168.33.135 65380 192.168.33.130 4000', 'NXDIR': '/usr/NX'}, 'shell': False}
[5.900252] (key_teleop) CommandEnded: {'returncode': 0}
[5.903195] (-) TimerEvent: {}
[5.950236] (key_teleop) JobEnded: {'identifier': 'key_teleop', 'rc': 0}
[5.955111] (vesc_driver) JobStarted: {'identifier': 'vesc_driver'}
[6.005397] (-) TimerEvent: {}
[6.085212] (vesc_driver) JobProgress: {'identifier': 'vesc_driver', 'progress': 'cmake'}
[6.092644] (vesc_driver) JobProgress: {'identifier': 'vesc_driver', 'progress': 'build'}
[6.095985] (vesc_driver) Command: {'cmd': ['/usr/bin/cmake', '--build', '/home/cav330/f1tenth_ws/build/vesc_driver', '--', '-j4', '-l4'], 'cwd': '/home/cav330/f1tenth_ws/build/vesc_driver', 'env': OrderedDict([('NX_ROOT', '/home/cav330/.nx'), ('GJS_DEBUG_TOPICS', 'JS ERROR;JS LOG'), ('LESSOPEN', '| /usr/bin/lesspipe %s'), ('PULSE_CLIENTCONFIG', '/home/cav330/.nx/devices/D-1001-5BBEA081E7CCC5FE47B3898213872B03/audio/client.conf'), ('MAIL', '/var/mail/cav330'), ('USER', 'cav330'), ('XDG_SESSION_TYPE', 'x11'), ('NX_SYSTEM', '/usr/NX'), ('SHLVL', '1'), ('LD_LIBRARY_PATH', '/home/cav330/f1tenth_ws/install/vesc_msgs/lib:/home/cav330/f1tenth_ws/install/vesc_driver/lib:/home/cav330/f1tenth_ws/install/vesc_ackermann/lib:/home/cav330/f1tenth_ws/install/teleop_tools_msgs/lib:/opt/ros/foxy/opt/yaml_cpp_vendor/lib:/opt/ros/foxy/opt/rviz_ogre_vendor/lib:/opt/ros/foxy/lib/aarch64-linux-gnu:/opt/ros/foxy/lib:/usr/local/cuda-11.4/lib64'), ('HOME', '/home/cav330'), ('DESKTOP_SESSION', 'ubuntu-xorg'), ('ROS_PYTHON_VERSION', '3'), ('GNOME_SHELL_SESSION_MODE', 'ubuntu'), ('DBUS_SESSION_BUS_ADDRESS', 'unix:abstract=/tmp/dbus-1gzSD6Wl1K,guid=d4e8827e16524ec651a25cad69cafd2d'), ('COLORTERM', 'truecolor'), ('PULSE_SCRIPT', '/home/cav330/.nx/devices/D-1001-5BBEA081E7CCC5FE47B3898213872B03/audio/default.pa'), ('WAYLAND_DISPLAY', 'no'), ('COLCON_PREFIX_PATH', '/home/cav330/f1tenth_ws/install'), ('ROS_DISTRO', 'foxy'), ('LOGNAME', 'cav330'), ('PULSE_SERVER', '/home/cav330/.nx/devices/D-1001-5BBEA081E7CCC5FE47B3898213872B03/audio/native.socket'), ('_', '/usr/bin/colcon'), ('ROS_VERSION', '2'), ('XDG_SESSION_CLASS', 'user'), ('USERNAME', 'cav330'), ('TERM', 'xterm-256color'), ('GNOME_DESKTOP_SESSION_ID', 'this-is-deprecated'), ('ROS_LOCALHOST_ONLY', '0'), ('PATH', '/opt/ros/foxy/bin:/usr/local/cuda-11.4/bin:/home/cav330/.local/bin:/usr/local/sbin:/usr/local/bin:/usr/sbin:/usr/bin:/sbin:/bin:/usr/games:/usr/local/games:/snap/bin'), ('SESSION_MANAGER', 'local/ubuntu:@/tmp/.ICE-unix/3540,unix/ubuntu:/tmp/.ICE-unix/3540'), ('PULSE_RUNTIME_PATH', '/run/user/1000/pulse'), ('XDG_MENU_PREFIX', 'gnome-'), ('GNOME_TERMINAL_SCREEN', '/org/gnome/Terminal/screen/1415c740_4480_4aec_b3c9_829264334640'), ('XDG_RUNTIME_DIR', '/run/user/1000'), ('PULSE_CONFIG', '/home/cav330/.nx/devices/D-1001-5BBEA081E7CCC5FE47B3898213872B03/audio/daemon.conf'), ('GDK_BACKEND', 'x11'), ('DISPLAY', ':1001'), ('LANG', 'en_CA.UTF-8'), ('XDG_CURRENT_DESKTOP', 'ubuntu:GNOME'), ('NX_TEMP', '/tmp'), ('XMODIFIERS', '@im=ibus'), ('XAUTHORITY', '/home/cav330/.Xauthority'), ('LS_COLORS', 'rs=0:di=01;34:ln=01;36:mh=00:pi=40;33:so=01;35:do=01;35:bd=40;33;01:cd=40;33;01:or=40;31;01:mi=00:su=37;41:sg=30;43:ca=30;41:tw=30;42:ow=34;42:st=37;44:ex=01;32:*.tar=01;31:*.tgz=01;31:*.arc=01;31:*.arj=01;31:*.taz=01;31:*.lha=01;31:*.lz4=01;31:*.lzh=01;31:*.lzma=01;31:*.tlz=01;31:*.txz=01;31:*.tzo=01;31:*.t7z=01;31:*.zip=01;31:*.z=01;31:*.dz=01;31:*.gz=01;31:*.lrz=01;31:*.lz=01;31:*.lzo=01;31:*.xz=01;31:*.zst=01;31:*.tzst=01;31:*.bz2=01;31:*.bz=01;31:*.tbz=01;31:*.tbz2=01;31:*.tz=01;31:*.deb=01;31:*.rpm=01;31:*.jar=01;31:*.war=01;31:*.ear=01;31:*.sar=01;31:*.rar=01;31:*.alz=01;31:*.ace=01;31:*.zoo=01;31:*.cpio=01;31:*.7z=01;31:*.rz=01;31:*.cab=01;31:*.wim=01;31:*.swm=01;31:*.dwm=01;31:*.esd=01;31:*.jpg=01;35:*.jpeg=01;35:*.mjpg=01;35:*.mjpeg=01;35:*.gif=01;35:*.bmp=01;35:*.pbm=01;35:*.pgm=01;35:*.ppm=01;35:*.tga=01;35:*.xbm=01;35:*.xpm=01;35:*.tif=01;35:*.tiff=01;35:*.png=01;35:*.svg=01;35:*.svgz=01;35:*.mng=01;35:*.pcx=01;35:*.mov=01;35:*.mpg=01;35:*.mpeg=01;35:*.m2v=01;35:*.mkv=01;35:*.webm=01;35:*.ogm=01;35:*.mp4=01;35:*.m4v=01;35:*.mp4v=01;35:*.vob=01;35:*.qt=01;35:*.nuv=01;35:*.wmv=01;35:*.asf=01;35:*.rm=01;35:*.rmvb=01;35:*.flc=01;35:*.avi=01;35:*.fli=01;35:*.flv=01;35:*.gl=01;35:*.dl=01;35:*.xcf=01;35:*.xwd=01;35:*.yuv=01;35:*.cgm=01;35:*.emf=01;35:*.ogv=01;35:*.ogx=01;35:*.aac=00;36:*.au=00;36:*.flac=00;36:*.m4a=00;36:*.mid=00;36:*.midi=00;36:*.mka=00;36:*.mp3=00;36:*.mpc=00;36:*.ogg=00;36:*.ra=00;36:*.wav=00;36:*.oga=00;36:*.opus=00;36:*.spx=00;36:*.xspf=00;36:'), ('GNOME_TERMINAL_SERVICE', ':1.94'), ('SSH_AUTH_SOCK', '/run/user/1000/keyring/ssh'), ('AMENT_PREFIX_PATH', '/home/cav330/f1tenth_ws/install/wall_follow:/home/cav330/f1tenth_ws/install/f1tenth_stack:/home/cav330/f1tenth_ws/install/vesc:/home/cav330/f1tenth_ws/install/vesc_driver:/home/cav330/f1tenth_ws/install/vesc_ackermann:/home/cav330/f1tenth_ws/install/vesc_msgs:/home/cav330/f1tenth_ws/install/teleop_tools:/home/cav330/f1tenth_ws/install/joy_teleop:/home/cav330/f1tenth_ws/install/teleop_tools_msgs:/home/cav330/f1tenth_ws/install/safety_node:/home/cav330/f1tenth_ws/install/mouse_teleop:/home/cav330/f1tenth_ws/install/key_teleop:/home/cav330/f1tenth_ws/install/f1tenth_gym_ros:/home/cav330/f1tenth_ws/install/ackermann_mux:/opt/ros/foxy'), ('SHELL', '/bin/bash'), ('LESSCLOSE', '/usr/bin/lesspipe %s %s'), ('NX_SESSION_ID', '5BBEA081E7CCC5FE47B3898213872B03'), ('GJS_DEBUG_OUTPUT', 'stderr'), ('QT_IM_MODULE', 'ibus'), ('PWD', '/home/cav330/f1tenth_ws/build/vesc_driver'), ('NX_RUNNER', '/usr/NX/bin/nxrunner'), ('XDG_CONFIG_DIRS', '/etc/xdg/xdg-ubuntu-xorg:/etc/xdg'), ('XDG_DATA_DIRS', '/usr/share/ubuntu-xorg:/usr/local/share:/usr/share:/var/lib/snapd/desktop'), ('PYTHONPATH', '/home/cav330/f1tenth_ws/install/vesc_msgs/lib/python3.8/site-packages:/home/cav330/f1tenth_ws/install/f1tenth_stack/lib/python3.8/site-packages:/home/cav330/f1tenth_ws/install/joy_teleop/lib/python3.8/site-packages:/home/cav330/f1tenth_ws/install/teleop_tools_msgs/lib/python3.8/site-packages:/home/cav330/f1tenth_ws/install/mouse_teleop/lib/python3.8/site-packages:/home/cav330/f1tenth_ws/install/key_teleop/lib/python3.8/site-packages:/home/cav330/f1tenth_ws/install/f1tenth_gym_ros/lib/python3.8/site-packages:/opt/ros/foxy/lib/python3.8/site-packages'), ('COLCON', '1'), ('VTE_VERSION', '6003'), ('CMAKE_PREFIX_PATH', '/home/cav330/f1tenth_ws/install/vesc_msgs:/home/cav330/f1tenth_ws/install/wall_follow:/home/cav330/f1tenth_ws/install/vesc:/home/cav330/f1tenth_ws/install/vesc_driver:/home/cav330/f1tenth_ws/install/vesc_ackermann:/home/cav330/f1tenth_ws/install/teleop_tools:/home/cav330/f1tenth_ws/install/teleop_tools_msgs:/home/cav330/f1tenth_ws/install/safety_node:/home/cav330/f1tenth_ws/install/ackermann_mux:/home/cav330/f1tenth_ws/install/f1tenth_stack:/home/cav330/f1tenth_ws/install/joy_teleop:/home/cav330/f1tenth_ws/install/mouse_teleop:/home/cav330/f1tenth_ws/install/key_teleop:/home/cav330/f1tenth_ws/install/f1tenth_gym_ros:/opt/ros/foxy'), ('NX_CONNECTION', '192.168.33.135 65380 192.168.33.130 4000'), ('NXDIR', '/usr/NX')]), 'shell': False}
[6.113019] (-) TimerEvent: {}
[6.214527] (-) TimerEvent: {}
[6.316024] (-) TimerEvent: {}
[6.400346] (vesc_ackermann) StdoutLine: {'line': b'[ 28%] Built target ackermann_to_vesc_node\n'}
[6.416239] (-) TimerEvent: {}
[6.462384] (vesc_ackermann) StdoutLine: {'line': b'[ 57%] Built target vesc_to_odom_node\n'}
[6.500670] (vesc_ackermann) StdoutLine: {'line': b'[100%] Built target vesc_ackermann\n'}
[6.516447] (-) TimerEvent: {}
[6.585833] (vesc_ackermann) CommandEnded: {'returncode': 0}
[6.596966] (vesc_ackermann) JobProgress: {'identifier': 'vesc_ackermann', 'progress': 'install'}
[6.603441] (vesc_ackermann) Command: {'cmd': ['/usr/bin/cmake', '--install', '/home/cav330/f1tenth_ws/build/vesc_ackermann'], 'cwd': '/home/cav330/f1tenth_ws/build/vesc_ackermann', 'env': OrderedDict([('NX_ROOT', '/home/cav330/.nx'), ('GJS_DEBUG_TOPICS', 'JS ERROR;JS LOG'), ('LESSOPEN', '| /usr/bin/lesspipe %s'), ('PULSE_CLIENTCONFIG', '/home/cav330/.nx/devices/D-1001-5BBEA081E7CCC5FE47B3898213872B03/audio/client.conf'), ('MAIL', '/var/mail/cav330'), ('USER', 'cav330'), ('XDG_SESSION_TYPE', 'x11'), ('NX_SYSTEM', '/usr/NX'), ('SHLVL', '1'), ('LD_LIBRARY_PATH', '/home/cav330/f1tenth_ws/install/vesc_msgs/lib:/home/cav330/f1tenth_ws/install/vesc_driver/lib:/home/cav330/f1tenth_ws/install/vesc_ackermann/lib:/home/cav330/f1tenth_ws/install/teleop_tools_msgs/lib:/opt/ros/foxy/opt/yaml_cpp_vendor/lib:/opt/ros/foxy/opt/rviz_ogre_vendor/lib:/opt/ros/foxy/lib/aarch64-linux-gnu:/opt/ros/foxy/lib:/usr/local/cuda-11.4/lib64'), ('HOME', '/home/cav330'), ('DESKTOP_SESSION', 'ubuntu-xorg'), ('ROS_PYTHON_VERSION', '3'), ('GNOME_SHELL_SESSION_MODE', 'ubuntu'), ('DBUS_SESSION_BUS_ADDRESS', 'unix:abstract=/tmp/dbus-1gzSD6Wl1K,guid=d4e8827e16524ec651a25cad69cafd2d'), ('COLORTERM', 'truecolor'), ('PULSE_SCRIPT', '/home/cav330/.nx/devices/D-1001-5BBEA081E7CCC5FE47B3898213872B03/audio/default.pa'), ('WAYLAND_DISPLAY', 'no'), ('COLCON_PREFIX_PATH', '/home/cav330/f1tenth_ws/install'), ('ROS_DISTRO', 'foxy'), ('LOGNAME', 'cav330'), ('PULSE_SERVER', '/home/cav330/.nx/devices/D-1001-5BBEA081E7CCC5FE47B3898213872B03/audio/native.socket'), ('_', '/usr/bin/colcon'), ('ROS_VERSION', '2'), ('XDG_SESSION_CLASS', 'user'), ('USERNAME', 'cav330'), ('TERM', 'xterm-256color'), ('GNOME_DESKTOP_SESSION_ID', 'this-is-deprecated'), ('ROS_LOCALHOST_ONLY', '0'), ('PATH', '/opt/ros/foxy/bin:/usr/local/cuda-11.4/bin:/home/cav330/.local/bin:/usr/local/sbin:/usr/local/bin:/usr/sbin:/usr/bin:/sbin:/bin:/usr/games:/usr/local/games:/snap/bin'), ('SESSION_MANAGER', 'local/ubuntu:@/tmp/.ICE-unix/3540,unix/ubuntu:/tmp/.ICE-unix/3540'), ('PULSE_RUNTIME_PATH', '/run/user/1000/pulse'), ('XDG_MENU_PREFIX', 'gnome-'), ('GNOME_TERMINAL_SCREEN', '/org/gnome/Terminal/screen/1415c740_4480_4aec_b3c9_829264334640'), ('XDG_RUNTIME_DIR', '/run/user/1000'), ('PULSE_CONFIG', '/home/cav330/.nx/devices/D-1001-5BBEA081E7CCC5FE47B3898213872B03/audio/daemon.conf'), ('GDK_BACKEND', 'x11'), ('DISPLAY', ':1001'), ('LANG', 'en_CA.UTF-8'), ('XDG_CURRENT_DESKTOP', 'ubuntu:GNOME'), ('NX_TEMP', '/tmp'), ('XMODIFIERS', '@im=ibus'), ('XAUTHORITY', '/home/cav330/.Xauthority'), ('LS_COLORS', 'rs=0:di=01;34:ln=01;36:mh=00:pi=40;33:so=01;35:do=01;35:bd=40;33;01:cd=40;33;01:or=40;31;01:mi=00:su=37;41:sg=30;43:ca=30;41:tw=30;42:ow=34;42:st=37;44:ex=01;32:*.tar=01;31:*.tgz=01;31:*.arc=01;31:*.arj=01;31:*.taz=01;31:*.lha=01;31:*.lz4=01;31:*.lzh=01;31:*.lzma=01;31:*.tlz=01;31:*.txz=01;31:*.tzo=01;31:*.t7z=01;31:*.zip=01;31:*.z=01;31:*.dz=01;31:*.gz=01;31:*.lrz=01;31:*.lz=01;31:*.lzo=01;31:*.xz=01;31:*.zst=01;31:*.tzst=01;31:*.bz2=01;31:*.bz=01;31:*.tbz=01;31:*.tbz2=01;31:*.tz=01;31:*.deb=01;31:*.rpm=01;31:*.jar=01;31:*.war=01;31:*.ear=01;31:*.sar=01;31:*.rar=01;31:*.alz=01;31:*.ace=01;31:*.zoo=01;31:*.cpio=01;31:*.7z=01;31:*.rz=01;31:*.cab=01;31:*.wim=01;31:*.swm=01;31:*.dwm=01;31:*.esd=01;31:*.jpg=01;35:*.jpeg=01;35:*.mjpg=01;35:*.mjpeg=01;35:*.gif=01;35:*.bmp=01;35:*.pbm=01;35:*.pgm=01;35:*.ppm=01;35:*.tga=01;35:*.xbm=01;35:*.xpm=01;35:*.tif=01;35:*.tiff=01;35:*.png=01;35:*.svg=01;35:*.svgz=01;35:*.mng=01;35:*.pcx=01;35:*.mov=01;35:*.mpg=01;35:*.mpeg=01;35:*.m2v=01;35:*.mkv=01;35:*.webm=01;35:*.ogm=01;35:*.mp4=01;35:*.m4v=01;35:*.mp4v=01;35:*.vob=01;35:*.qt=01;35:*.nuv=01;35:*.wmv=01;35:*.asf=01;35:*.rm=01;35:*.rmvb=01;35:*.flc=01;35:*.avi=01;35:*.fli=01;35:*.flv=01;35:*.gl=01;35:*.dl=01;35:*.xcf=01;35:*.xwd=01;35:*.yuv=01;35:*.cgm=01;35:*.emf=01;35:*.ogv=01;35:*.ogx=01;35:*.aac=00;36:*.au=00;36:*.flac=00;36:*.m4a=00;36:*.mid=00;36:*.midi=00;36:*.mka=00;36:*.mp3=00;36:*.mpc=00;36:*.ogg=00;36:*.ra=00;36:*.wav=00;36:*.oga=00;36:*.opus=00;36:*.spx=00;36:*.xspf=00;36:'), ('GNOME_TERMINAL_SERVICE', ':1.94'), ('SSH_AUTH_SOCK', '/run/user/1000/keyring/ssh'), ('AMENT_PREFIX_PATH', '/home/cav330/f1tenth_ws/install/wall_follow:/home/cav330/f1tenth_ws/install/f1tenth_stack:/home/cav330/f1tenth_ws/install/vesc:/home/cav330/f1tenth_ws/install/vesc_driver:/home/cav330/f1tenth_ws/install/vesc_ackermann:/home/cav330/f1tenth_ws/install/vesc_msgs:/home/cav330/f1tenth_ws/install/teleop_tools:/home/cav330/f1tenth_ws/install/joy_teleop:/home/cav330/f1tenth_ws/install/teleop_tools_msgs:/home/cav330/f1tenth_ws/install/safety_node:/home/cav330/f1tenth_ws/install/mouse_teleop:/home/cav330/f1tenth_ws/install/key_teleop:/home/cav330/f1tenth_ws/install/f1tenth_gym_ros:/home/cav330/f1tenth_ws/install/ackermann_mux:/opt/ros/foxy'), ('SHELL', '/bin/bash'), ('LESSCLOSE', '/usr/bin/lesspipe %s %s'), ('NX_SESSION_ID', '5BBEA081E7CCC5FE47B3898213872B03'), ('GJS_DEBUG_OUTPUT', 'stderr'), ('QT_IM_MODULE', 'ibus'), ('PWD', '/home/cav330/f1tenth_ws/build/vesc_ackermann'), ('NX_RUNNER', '/usr/NX/bin/nxrunner'), ('XDG_CONFIG_DIRS', '/etc/xdg/xdg-ubuntu-xorg:/etc/xdg'), ('XDG_DATA_DIRS', '/usr/share/ubuntu-xorg:/usr/local/share:/usr/share:/var/lib/snapd/desktop'), ('PYTHONPATH', '/home/cav330/f1tenth_ws/install/vesc_msgs/lib/python3.8/site-packages:/home/cav330/f1tenth_ws/install/f1tenth_stack/lib/python3.8/site-packages:/home/cav330/f1tenth_ws/install/joy_teleop/lib/python3.8/site-packages:/home/cav330/f1tenth_ws/install/teleop_tools_msgs/lib/python3.8/site-packages:/home/cav330/f1tenth_ws/install/mouse_teleop/lib/python3.8/site-packages:/home/cav330/f1tenth_ws/install/key_teleop/lib/python3.8/site-packages:/home/cav330/f1tenth_ws/install/f1tenth_gym_ros/lib/python3.8/site-packages:/opt/ros/foxy/lib/python3.8/site-packages'), ('COLCON', '1'), ('VTE_VERSION', '6003'), ('CMAKE_PREFIX_PATH', '/home/cav330/f1tenth_ws/install/vesc_msgs:/home/cav330/f1tenth_ws/install/wall_follow:/home/cav330/f1tenth_ws/install/vesc:/home/cav330/f1tenth_ws/install/vesc_driver:/home/cav330/f1tenth_ws/install/vesc_ackermann:/home/cav330/f1tenth_ws/install/teleop_tools:/home/cav330/f1tenth_ws/install/teleop_tools_msgs:/home/cav330/f1tenth_ws/install/safety_node:/home/cav330/f1tenth_ws/install/ackermann_mux:/home/cav330/f1tenth_ws/install/f1tenth_stack:/home/cav330/f1tenth_ws/install/joy_teleop:/home/cav330/f1tenth_ws/install/mouse_teleop:/home/cav330/f1tenth_ws/install/key_teleop:/home/cav330/f1tenth_ws/install/f1tenth_gym_ros:/opt/ros/foxy'), ('NX_CONNECTION', '192.168.33.135 65380 192.168.33.130 4000'), ('NXDIR', '/usr/NX')]), 'shell': False}
[6.618375] (-) TimerEvent: {}
[6.709946] (vesc_ackermann) StdoutLine: {'line': b'-- Install configuration: ""\n'}
[6.711398] (vesc_ackermann) StdoutLine: {'line': b'-- Up-to-date: /home/cav330/f1tenth_ws/install/vesc_ackermann/lib/vesc_ackermann/ackermann_to_vesc_node\n'}
[6.715922] (vesc_ackermann) StdoutLine: {'line': b'-- Up-to-date: /home/cav330/f1tenth_ws/install/vesc_ackermann/lib/vesc_ackermann/vesc_to_odom_node\n'}
[6.717439] (vesc_ackermann) StdoutLine: {'line': b'-- Up-to-date: /home/cav330/f1tenth_ws/install/vesc_ackermann/include\n'}
[6.718519] (-) TimerEvent: {}
[6.728697] (vesc_ackermann) StdoutLine: {'line': b'-- Up-to-date: /home/cav330/f1tenth_ws/install/vesc_ackermann/include/vesc_ackermann\n'}
[6.729871] (vesc_ackermann) StdoutLine: {'line': b'-- Up-to-date: /home/cav330/f1tenth_ws/install/vesc_ackermann/include/vesc_ackermann/ackermann_to_vesc.hpp\n'}
[6.731676] (vesc_ackermann) StdoutLine: {'line': b'-- Up-to-date: /home/cav330/f1tenth_ws/install/vesc_ackermann/include/vesc_ackermann/vesc_to_odom.hpp\n'}
[6.732132] (vesc_ackermann) StdoutLine: {'line': b'-- Up-to-date: /home/cav330/f1tenth_ws/install/vesc_ackermann/share/vesc_ackermann/environment/library_path.sh\n'}
[6.732850] (vesc_ackermann) StdoutLine: {'line': b'-- Up-to-date: /home/cav330/f1tenth_ws/install/vesc_ackermann/share/vesc_ackermann/environment/library_path.dsv\n'}
[6.733233] (vesc_ackermann) StdoutLine: {'line': b'-- Up-to-date: /home/cav330/f1tenth_ws/install/vesc_ackermann/lib/libvesc_ackermann.so\n'}
[6.734695] (vesc_ackermann) StdoutLine: {'line': b'-- Up-to-date: /home/cav330/f1tenth_ws/install/vesc_ackermann/share/vesc_ackermann/launch\n'}
[6.735491] (vesc_ackermann) StdoutLine: {'line': b'-- Up-to-date: /home/cav330/f1tenth_ws/install/vesc_ackermann/share/vesc_ackermann/launch/ackermann_to_vesc_node.launch.xml\n'}
[6.736146] (vesc_ackermann) StdoutLine: {'line': b'-- Up-to-date: /home/cav330/f1tenth_ws/install/vesc_ackermann/share/vesc_ackermann/launch/vesc_to_odom_node.launch.xml\n'}
[6.736653] (vesc_ackermann) StdoutLine: {'line': b'-- Up-to-date: /home/cav330/f1tenth_ws/install/vesc_ackermann/share/ament_index/resource_index/package_run_dependencies/vesc_ackermann\n'}
[6.745476] (vesc_ackermann) StdoutLine: {'line': b'-- Up-to-date: /home/cav330/f1tenth_ws/install/vesc_ackermann/share/ament_index/resource_index/parent_prefix_path/vesc_ackermann\n'}
[6.748095] (vesc_ackermann) StdoutLine: {'line': b'-- Up-to-date: /home/cav330/f1tenth_ws/install/vesc_ackermann/share/vesc_ackermann/environment/ament_prefix_path.sh\n'}
[6.749242] (vesc_ackermann) StdoutLine: {'line': b'-- Up-to-date: /home/cav330/f1tenth_ws/install/vesc_ackermann/share/vesc_ackermann/environment/ament_prefix_path.dsv\n'}
[6.749789] (vesc_ackermann) StdoutLine: {'line': b'-- Up-to-date: /home/cav330/f1tenth_ws/install/vesc_ackermann/share/vesc_ackermann/environment/path.sh\n'}
[6.750165] (vesc_ackermann) StdoutLine: {'line': b'-- Up-to-date: /home/cav330/f1tenth_ws/install/vesc_ackermann/share/vesc_ackermann/environment/path.dsv\n'}
[6.750519] (vesc_ackermann) StdoutLine: {'line': b'-- Up-to-date: /home/cav330/f1tenth_ws/install/vesc_ackermann/share/vesc_ackermann/local_setup.bash\n'}
[6.752012] (vesc_ackermann) StdoutLine: {'line': b'-- Up-to-date: /home/cav330/f1tenth_ws/install/vesc_ackermann/share/vesc_ackermann/local_setup.sh\n'}
[6.752607] (vesc_ackermann) StdoutLine: {'line': b'-- Up-to-date: /home/cav330/f1tenth_ws/install/vesc_ackermann/share/vesc_ackermann/local_setup.zsh\n'}
[6.754062] (vesc_ackermann) StdoutLine: {'line': b'-- Up-to-date: /home/cav330/f1tenth_ws/install/vesc_ackermann/share/vesc_ackermann/local_setup.dsv\n'}
[6.754648] (vesc_ackermann) StdoutLine: {'line': b'-- Installing: /home/cav330/f1tenth_ws/install/vesc_ackermann/share/vesc_ackermann/package.dsv\n'}
[6.755078] (vesc_ackermann) StdoutLine: {'line': b'-- Up-to-date: /home/cav330/f1tenth_ws/install/vesc_ackermann/share/ament_index/resource_index/packages/vesc_ackermann\n'}
[6.755425] (vesc_ackermann) StdoutLine: {'line': b'-- Up-to-date: /home/cav330/f1tenth_ws/install/vesc_ackermann/share/ament_index/resource_index/rclcpp_components/vesc_ackermann\n'}
[6.755775] (vesc_ackermann) StdoutLine: {'line': b'-- Up-to-date: /home/cav330/f1tenth_ws/install/vesc_ackermann/share/vesc_ackermann/cmake/ament_cmake_export_dependencies-extras.cmake\n'}
[6.756167] (vesc_ackermann) StdoutLine: {'line': b'-- Up-to-date: /home/cav330/f1tenth_ws/install/vesc_ackermann/share/vesc_ackermann/cmake/ament_cmake_export_include_directories-extras.cmake\n'}
[6.756500] (vesc_ackermann) StdoutLine: {'line': b'-- Up-to-date: /home/cav330/f1tenth_ws/install/vesc_ackermann/share/vesc_ackermann/cmake/ament_cmake_export_libraries-extras.cmake\n'}
[6.756849] (vesc_ackermann) StdoutLine: {'line': b'-- Up-to-date: /home/cav330/f1tenth_ws/install/vesc_ackermann/share/vesc_ackermann/cmake/vesc_ackermannConfig.cmake\n'}
[6.757226] (vesc_ackermann) StdoutLine: {'line': b'-- Up-to-date: /home/cav330/f1tenth_ws/install/vesc_ackermann/share/vesc_ackermann/cmake/vesc_ackermannConfig-version.cmake\n'}
[6.758021] (vesc_ackermann) StdoutLine: {'line': b'-- Up-to-date: /home/cav330/f1tenth_ws/install/vesc_ackermann/share/vesc_ackermann/package.xml\n'}
[6.759855] (vesc_driver) StdoutLine: {'line': b'[ 50%] Built target vesc_driver\n'}
[6.763464] (vesc_driver) StdoutLine: {'line': b'[ 70%] Built target vesc_driver_node\n'}
[6.769107] (vesc_ackermann) CommandEnded: {'returncode': 0}
[6.818758] (-) TimerEvent: {}
[6.880845] (vesc_ackermann) JobEnded: {'identifier': 'vesc_ackermann', 'rc': 0}
[6.888184] (mouse_teleop) JobStarted: {'identifier': 'mouse_teleop'}
[6.921497] (-) TimerEvent: {}
[6.995017] (vesc_driver) StdoutLine: {'line': b'[100%] Built target vesc_device_namer\n'}
[7.022123] (-) TimerEvent: {}
[7.124218] (-) TimerEvent: {}
[7.225858] (-) TimerEvent: {}
[7.295522] (f1tenth_gym_ros) StdoutLine: {'line': b'running egg_info\n'}
[7.299524] (f1tenth_gym_ros) StdoutLine: {'line': b'writing ../../build/f1tenth_gym_ros/f1tenth_gym_ros.egg-info/PKG-INFO\n'}
[7.302268] (f1tenth_gym_ros) StdoutLine: {'line': b'writing dependency_links to ../../build/f1tenth_gym_ros/f1tenth_gym_ros.egg-info/dependency_links.txt\n'}
[7.303454] (f1tenth_gym_ros) StdoutLine: {'line': b'writing entry points to ../../build/f1tenth_gym_ros/f1tenth_gym_ros.egg-info/entry_points.txt\n'}
[7.304474] (f1tenth_gym_ros) StdoutLine: {'line': b'writing requirements to ../../build/f1tenth_gym_ros/f1tenth_gym_ros.egg-info/requires.txt\n'}
[7.305284] (f1tenth_gym_ros) StdoutLine: {'line': b'writing top-level names to ../../build/f1tenth_gym_ros/f1tenth_gym_ros.egg-info/top_level.txt\n'}
[7.326055] (-) TimerEvent: {}
[7.426942] (-) TimerEvent: {}
[7.472103] (f1tenth_gym_ros) StdoutLine: {'line': b"reading manifest file '../../build/f1tenth_gym_ros/f1tenth_gym_ros.egg-info/SOURCES.txt'\n"}
[7.482252] (f1tenth_gym_ros) StdoutLine: {'line': b"writing manifest file '../../build/f1tenth_gym_ros/f1tenth_gym_ros.egg-info/SOURCES.txt'\n"}
[7.484828] (f1tenth_gym_ros) StdoutLine: {'line': b'running build\n'}
[7.485480] (f1tenth_gym_ros) StdoutLine: {'line': b'running build_py\n'}
[7.487076] (f1tenth_gym_ros) StdoutLine: {'line': b'running install\n'}
[7.492235] (f1tenth_gym_ros) StdoutLine: {'line': b'running install_lib\n'}
[7.499975] (f1tenth_gym_ros) StdoutLine: {'line': b'running install_data\n'}
[7.502469] (f1tenth_gym_ros) StdoutLine: {'line': b'running install_egg_info\n'}
[7.509322] (f1tenth_gym_ros) StdoutLine: {'line': b"removing '/home/cav330/f1tenth_ws/install/f1tenth_gym_ros/lib/python3.8/site-packages/f1tenth_gym_ros-0.0.0-py3.8.egg-info' (and everything under it)\n"}
[7.513334] (f1tenth_gym_ros) StdoutLine: {'line': b'Copying ../../build/f1tenth_gym_ros/f1tenth_gym_ros.egg-info to /home/cav330/f1tenth_ws/install/f1tenth_gym_ros/lib/python3.8/site-packages/f1tenth_gym_ros-0.0.0-py3.8.egg-info\n'}
[7.518692] (f1tenth_gym_ros) StdoutLine: {'line': b'running install_scripts\n'}
[7.527106] (-) TimerEvent: {}
[7.603853] (f1tenth_gym_ros) StdoutLine: {'line': b'Installing gym_bridge script to /home/cav330/f1tenth_ws/install/f1tenth_gym_ros/lib/f1tenth_gym_ros\n'}
[7.606198] (f1tenth_gym_ros) StdoutLine: {'line': b"writing list of installed files to '/home/cav330/f1tenth_ws/build/f1tenth_gym_ros/install.log'\n"}
[7.629154] (-) TimerEvent: {}
[7.730547] (-) TimerEvent: {}
[7.831696] (-) TimerEvent: {}
[7.933123] (-) TimerEvent: {}
[8.034342] (-) TimerEvent: {}
[8.135736] (-) TimerEvent: {}
[8.201540] (vesc_driver) CommandEnded: {'returncode': 0}
[8.207468] (vesc_driver) JobProgress: {'identifier': 'vesc_driver', 'progress': 'install'}
[8.210098] (vesc_driver) Command: {'cmd': ['/usr/bin/cmake', '--install', '/home/cav330/f1tenth_ws/build/vesc_driver'], 'cwd': '/home/cav330/f1tenth_ws/build/vesc_driver', 'env': OrderedDict([('NX_ROOT', '/home/cav330/.nx'), ('GJS_DEBUG_TOPICS', 'JS ERROR;JS LOG'), ('LESSOPEN', '| /usr/bin/lesspipe %s'), ('PULSE_CLIENTCONFIG', '/home/cav330/.nx/devices/D-1001-5BBEA081E7CCC5FE47B3898213872B03/audio/client.conf'), ('MAIL', '/var/mail/cav330'), ('USER', 'cav330'), ('XDG_SESSION_TYPE', 'x11'), ('NX_SYSTEM', '/usr/NX'), ('SHLVL', '1'), ('LD_LIBRARY_PATH', '/home/cav330/f1tenth_ws/install/vesc_msgs/lib:/home/cav330/f1tenth_ws/install/vesc_driver/lib:/home/cav330/f1tenth_ws/install/vesc_ackermann/lib:/home/cav330/f1tenth_ws/install/teleop_tools_msgs/lib:/opt/ros/foxy/opt/yaml_cpp_vendor/lib:/opt/ros/foxy/opt/rviz_ogre_vendor/lib:/opt/ros/foxy/lib/aarch64-linux-gnu:/opt/ros/foxy/lib:/usr/local/cuda-11.4/lib64'), ('HOME', '/home/cav330'), ('DESKTOP_SESSION', 'ubuntu-xorg'), ('ROS_PYTHON_VERSION', '3'), ('GNOME_SHELL_SESSION_MODE', 'ubuntu'), ('DBUS_SESSION_BUS_ADDRESS', 'unix:abstract=/tmp/dbus-1gzSD6Wl1K,guid=d4e8827e16524ec651a25cad69cafd2d'), ('COLORTERM', 'truecolor'), ('PULSE_SCRIPT', '/home/cav330/.nx/devices/D-1001-5BBEA081E7CCC5FE47B3898213872B03/audio/default.pa'), ('WAYLAND_DISPLAY', 'no'), ('COLCON_PREFIX_PATH', '/home/cav330/f1tenth_ws/install'), ('ROS_DISTRO', 'foxy'), ('LOGNAME', 'cav330'), ('PULSE_SERVER', '/home/cav330/.nx/devices/D-1001-5BBEA081E7CCC5FE47B3898213872B03/audio/native.socket'), ('_', '/usr/bin/colcon'), ('ROS_VERSION', '2'), ('XDG_SESSION_CLASS', 'user'), ('USERNAME', 'cav330'), ('TERM', 'xterm-256color'), ('GNOME_DESKTOP_SESSION_ID', 'this-is-deprecated'), ('ROS_LOCALHOST_ONLY', '0'), ('PATH', '/opt/ros/foxy/bin:/usr/local/cuda-11.4/bin:/home/cav330/.local/bin:/usr/local/sbin:/usr/local/bin:/usr/sbin:/usr/bin:/sbin:/bin:/usr/games:/usr/local/games:/snap/bin'), ('SESSION_MANAGER', 'local/ubuntu:@/tmp/.ICE-unix/3540,unix/ubuntu:/tmp/.ICE-unix/3540'), ('PULSE_RUNTIME_PATH', '/run/user/1000/pulse'), ('XDG_MENU_PREFIX', 'gnome-'), ('GNOME_TERMINAL_SCREEN', '/org/gnome/Terminal/screen/1415c740_4480_4aec_b3c9_829264334640'), ('XDG_RUNTIME_DIR', '/run/user/1000'), ('PULSE_CONFIG', '/home/cav330/.nx/devices/D-1001-5BBEA081E7CCC5FE47B3898213872B03/audio/daemon.conf'), ('GDK_BACKEND', 'x11'), ('DISPLAY', ':1001'), ('LANG', 'en_CA.UTF-8'), ('XDG_CURRENT_DESKTOP', 'ubuntu:GNOME'), ('NX_TEMP', '/tmp'), ('XMODIFIERS', '@im=ibus'), ('XAUTHORITY', '/home/cav330/.Xauthority'), ('LS_COLORS', 'rs=0:di=01;34:ln=01;36:mh=00:pi=40;33:so=01;35:do=01;35:bd=40;33;01:cd=40;33;01:or=40;31;01:mi=00:su=37;41:sg=30;43:ca=30;41:tw=30;42:ow=34;42:st=37;44:ex=01;32:*.tar=01;31:*.tgz=01;31:*.arc=01;31:*.arj=01;31:*.taz=01;31:*.lha=01;31:*.lz4=01;31:*.lzh=01;31:*.lzma=01;31:*.tlz=01;31:*.txz=01;31:*.tzo=01;31:*.t7z=01;31:*.zip=01;31:*.z=01;31:*.dz=01;31:*.gz=01;31:*.lrz=01;31:*.lz=01;31:*.lzo=01;31:*.xz=01;31:*.zst=01;31:*.tzst=01;31:*.bz2=01;31:*.bz=01;31:*.tbz=01;31:*.tbz2=01;31:*.tz=01;31:*.deb=01;31:*.rpm=01;31:*.jar=01;31:*.war=01;31:*.ear=01;31:*.sar=01;31:*.rar=01;31:*.alz=01;31:*.ace=01;31:*.zoo=01;31:*.cpio=01;31:*.7z=01;31:*.rz=01;31:*.cab=01;31:*.wim=01;31:*.swm=01;31:*.dwm=01;31:*.esd=01;31:*.jpg=01;35:*.jpeg=01;35:*.mjpg=01;35:*.mjpeg=01;35:*.gif=01;35:*.bmp=01;35:*.pbm=01;35:*.pgm=01;35:*.ppm=01;35:*.tga=01;35:*.xbm=01;35:*.xpm=01;35:*.tif=01;35:*.tiff=01;35:*.png=01;35:*.svg=01;35:*.svgz=01;35:*.mng=01;35:*.pcx=01;35:*.mov=01;35:*.mpg=01;35:*.mpeg=01;35:*.m2v=01;35:*.mkv=01;35:*.webm=01;35:*.ogm=01;35:*.mp4=01;35:*.m4v=01;35:*.mp4v=01;35:*.vob=01;35:*.qt=01;35:*.nuv=01;35:*.wmv=01;35:*.asf=01;35:*.rm=01;35:*.rmvb=01;35:*.flc=01;35:*.avi=01;35:*.fli=01;35:*.flv=01;35:*.gl=01;35:*.dl=01;35:*.xcf=01;35:*.xwd=01;35:*.yuv=01;35:*.cgm=01;35:*.emf=01;35:*.ogv=01;35:*.ogx=01;35:*.aac=00;36:*.au=00;36:*.flac=00;36:*.m4a=00;36:*.mid=00;36:*.midi=00;36:*.mka=00;36:*.mp3=00;36:*.mpc=00;36:*.ogg=00;36:*.ra=00;36:*.wav=00;36:*.oga=00;36:*.opus=00;36:*.spx=00;36:*.xspf=00;36:'), ('GNOME_TERMINAL_SERVICE', ':1.94'), ('SSH_AUTH_SOCK', '/run/user/1000/keyring/ssh'), ('AMENT_PREFIX_PATH', '/home/cav330/f1tenth_ws/install/wall_follow:/home/cav330/f1tenth_ws/install/f1tenth_stack:/home/cav330/f1tenth_ws/install/vesc:/home/cav330/f1tenth_ws/install/vesc_driver:/home/cav330/f1tenth_ws/install/vesc_ackermann:/home/cav330/f1tenth_ws/install/vesc_msgs:/home/cav330/f1tenth_ws/install/teleop_tools:/home/cav330/f1tenth_ws/install/joy_teleop:/home/cav330/f1tenth_ws/install/teleop_tools_msgs:/home/cav330/f1tenth_ws/install/safety_node:/home/cav330/f1tenth_ws/install/mouse_teleop:/home/cav330/f1tenth_ws/install/key_teleop:/home/cav330/f1tenth_ws/install/f1tenth_gym_ros:/home/cav330/f1tenth_ws/install/ackermann_mux:/opt/ros/foxy'), ('SHELL', '/bin/bash'), ('LESSCLOSE', '/usr/bin/lesspipe %s %s'), ('NX_SESSION_ID', '5BBEA081E7CCC5FE47B3898213872B03'), ('GJS_DEBUG_OUTPUT', 'stderr'), ('QT_IM_MODULE', 'ibus'), ('PWD', '/home/cav330/f1tenth_ws/build/vesc_driver'), ('NX_RUNNER', '/usr/NX/bin/nxrunner'), ('XDG_CONFIG_DIRS', '/etc/xdg/xdg-ubuntu-xorg:/etc/xdg'), ('XDG_DATA_DIRS', '/usr/share/ubuntu-xorg:/usr/local/share:/usr/share:/var/lib/snapd/desktop'), ('PYTHONPATH', '/home/cav330/f1tenth_ws/install/vesc_msgs/lib/python3.8/site-packages:/home/cav330/f1tenth_ws/install/f1tenth_stack/lib/python3.8/site-packages:/home/cav330/f1tenth_ws/install/joy_teleop/lib/python3.8/site-packages:/home/cav330/f1tenth_ws/install/teleop_tools_msgs/lib/python3.8/site-packages:/home/cav330/f1tenth_ws/install/mouse_teleop/lib/python3.8/site-packages:/home/cav330/f1tenth_ws/install/key_teleop/lib/python3.8/site-packages:/home/cav330/f1tenth_ws/install/f1tenth_gym_ros/lib/python3.8/site-packages:/opt/ros/foxy/lib/python3.8/site-packages'), ('COLCON', '1'), ('VTE_VERSION', '6003'), ('CMAKE_PREFIX_PATH', '/home/cav330/f1tenth_ws/install/vesc_msgs:/home/cav330/f1tenth_ws/install/wall_follow:/home/cav330/f1tenth_ws/install/vesc:/home/cav330/f1tenth_ws/install/vesc_driver:/home/cav330/f1tenth_ws/install/vesc_ackermann:/home/cav330/f1tenth_ws/install/teleop_tools:/home/cav330/f1tenth_ws/install/teleop_tools_msgs:/home/cav330/f1tenth_ws/install/safety_node:/home/cav330/f1tenth_ws/install/ackermann_mux:/home/cav330/f1tenth_ws/install/f1tenth_stack:/home/cav330/f1tenth_ws/install/joy_teleop:/home/cav330/f1tenth_ws/install/mouse_teleop:/home/cav330/f1tenth_ws/install/key_teleop:/home/cav330/f1tenth_ws/install/f1tenth_gym_ros:/opt/ros/foxy'), ('NX_CONNECTION', '192.168.33.135 65380 192.168.33.130 4000'), ('NXDIR', '/usr/NX')]), 'shell': False}
[8.227679] (f1tenth_gym_ros) CommandEnded: {'returncode': 0}
[8.236640] (-) TimerEvent: {}
[8.263099] (f1tenth_gym_ros) JobEnded: {'identifier': 'f1tenth_gym_ros', 'rc': 0}
[8.268094] (joy_teleop) Command: {'cmd': ['/usr/bin/python3', '-W', 'ignore:setup.py install is deprecated', '-W', 'ignore:easy_install command is deprecated', 'setup.py', 'egg_info', '--egg-base', '../../../../build/joy_teleop', 'build', '--build-base', '/home/cav330/f1tenth_ws/build/joy_teleop/build', 'install', '--record', '/home/cav330/f1tenth_ws/build/joy_teleop/install.log', '--install-scripts', '$base/lib/joy_teleop', '--single-version-externally-managed', 'install_data'], 'cwd': '/home/cav330/f1tenth_ws/src/f1tenth_system/teleop_tools/joy_teleop', 'env': {'NX_ROOT': '/home/cav330/.nx', 'GJS_DEBUG_TOPICS': 'JS ERROR;JS LOG', 'LESSOPEN': '| /usr/bin/lesspipe %s', 'PULSE_CLIENTCONFIG': '/home/cav330/.nx/devices/D-1001-5BBEA081E7CCC5FE47B3898213872B03/audio/client.conf', 'MAIL': '/var/mail/cav330', 'USER': 'cav330', 'XDG_SESSION_TYPE': 'x11', 'NX_SYSTEM': '/usr/NX', 'SHLVL': '1', 'LD_LIBRARY_PATH': '/home/cav330/f1tenth_ws/install/teleop_tools_msgs/lib:/home/cav330/f1tenth_ws/install/vesc_driver/lib:/home/cav330/f1tenth_ws/install/vesc_ackermann/lib:/home/cav330/f1tenth_ws/install/vesc_msgs/lib:/opt/ros/foxy/opt/yaml_cpp_vendor/lib:/opt/ros/foxy/opt/rviz_ogre_vendor/lib:/opt/ros/foxy/lib/aarch64-linux-gnu:/opt/ros/foxy/lib:/usr/local/cuda-11.4/lib64', 'HOME': '/home/cav330', 'DESKTOP_SESSION': 'ubuntu-xorg', 'ROS_PYTHON_VERSION': '3', 'GNOME_SHELL_SESSION_MODE': 'ubuntu', 'DBUS_SESSION_BUS_ADDRESS': 'unix:abstract=/tmp/dbus-1gzSD6Wl1K,guid=d4e8827e16524ec651a25cad69cafd2d', 'COLORTERM': 'truecolor', 'PULSE_SCRIPT': '/home/cav330/.nx/devices/D-1001-5BBEA081E7CCC5FE47B3898213872B03/audio/default.pa', 'WAYLAND_DISPLAY': 'no', 'COLCON_PREFIX_PATH': '/home/cav330/f1tenth_ws/install', 'ROS_DISTRO': 'foxy', 'LOGNAME': 'cav330', 'PULSE_SERVER': '/home/cav330/.nx/devices/D-1001-5BBEA081E7CCC5FE47B3898213872B03/audio/native.socket', '_': '/usr/bin/colcon', 'ROS_VERSION': '2', 'XDG_SESSION_CLASS': 'user', 'USERNAME': 'cav330', 'TERM': 'xterm-256color', 'GNOME_DESKTOP_SESSION_ID': 'this-is-deprecated', 'ROS_LOCALHOST_ONLY': '0', 'PATH': '/opt/ros/foxy/bin:/usr/local/cuda-11.4/bin:/home/cav330/.local/bin:/usr/local/sbin:/usr/local/bin:/usr/sbin:/usr/bin:/sbin:/bin:/usr/games:/usr/local/games:/snap/bin', 'SESSION_MANAGER': 'local/ubuntu:@/tmp/.ICE-unix/3540,unix/ubuntu:/tmp/.ICE-unix/3540', 'PULSE_RUNTIME_PATH': '/run/user/1000/pulse', 'XDG_MENU_PREFIX': 'gnome-', 'GNOME_TERMINAL_SCREEN': '/org/gnome/Terminal/screen/1415c740_4480_4aec_b3c9_829264334640', 'XDG_RUNTIME_DIR': '/run/user/1000', 'PULSE_CONFIG': '/home/cav330/.nx/devices/D-1001-5BBEA081E7CCC5FE47B3898213872B03/audio/daemon.conf', 'GDK_BACKEND': 'x11', 'DISPLAY': ':1001', 'LANG': 'en_CA.UTF-8', 'XDG_CURRENT_DESKTOP': 'ubuntu:GNOME', 'NX_TEMP': '/tmp', 'XMODIFIERS': '@im=ibus', 'XAUTHORITY': '/home/cav330/.Xauthority', 'LS_COLORS': 'rs=0:di=01;34:ln=01;36:mh=00:pi=40;33:so=01;35:do=01;35:bd=40;33;01:cd=40;33;01:or=40;31;01:mi=00:su=37;41:sg=30;43:ca=30;41:tw=30;42:ow=34;42:st=37;44:ex=01;32:*.tar=01;31:*.tgz=01;31:*.arc=01;31:*.arj=01;31:*.taz=01;31:*.lha=01;31:*.lz4=01;31:*.lzh=01;31:*.lzma=01;31:*.tlz=01;31:*.txz=01;31:*.tzo=01;31:*.t7z=01;31:*.zip=01;31:*.z=01;31:*.dz=01;31:*.gz=01;31:*.lrz=01;31:*.lz=01;31:*.lzo=01;31:*.xz=01;31:*.zst=01;31:*.tzst=01;31:*.bz2=01;31:*.bz=01;31:*.tbz=01;31:*.tbz2=01;31:*.tz=01;31:*.deb=01;31:*.rpm=01;31:*.jar=01;31:*.war=01;31:*.ear=01;31:*.sar=01;31:*.rar=01;31:*.alz=01;31:*.ace=01;31:*.zoo=01;31:*.cpio=01;31:*.7z=01;31:*.rz=01;31:*.cab=01;31:*.wim=01;31:*.swm=01;31:*.dwm=01;31:*.esd=01;31:*.jpg=01;35:*.jpeg=01;35:*.mjpg=01;35:*.mjpeg=01;35:*.gif=01;35:*.bmp=01;35:*.pbm=01;35:*.pgm=01;35:*.ppm=01;35:*.tga=01;35:*.xbm=01;35:*.xpm=01;35:*.tif=01;35:*.tiff=01;35:*.png=01;35:*.svg=01;35:*.svgz=01;35:*.mng=01;35:*.pcx=01;35:*.mov=01;35:*.mpg=01;35:*.mpeg=01;35:*.m2v=01;35:*.mkv=01;35:*.webm=01;35:*.ogm=01;35:*.mp4=01;35:*.m4v=01;35:*.mp4v=01;35:*.vob=01;35:*.qt=01;35:*.nuv=01;35:*.wmv=01;35:*.asf=01;35:*.rm=01;35:*.rmvb=01;35:*.flc=01;35:*.avi=01;35:*.fli=01;35:*.flv=01;35:*.gl=01;35:*.dl=01;35:*.xcf=01;35:*.xwd=01;35:*.yuv=01;35:*.cgm=01;35:*.emf=01;35:*.ogv=01;35:*.ogx=01;35:*.aac=00;36:*.au=00;36:*.flac=00;36:*.m4a=00;36:*.mid=00;36:*.midi=00;36:*.mka=00;36:*.mp3=00;36:*.mpc=00;36:*.ogg=00;36:*.ra=00;36:*.wav=00;36:*.oga=00;36:*.opus=00;36:*.spx=00;36:*.xspf=00;36:', 'GNOME_TERMINAL_SERVICE': ':1.94', 'SSH_AUTH_SOCK': '/run/user/1000/keyring/ssh', 'AMENT_PREFIX_PATH': '/home/cav330/f1tenth_ws/install/wall_follow:/home/cav330/f1tenth_ws/install/f1tenth_stack:/home/cav330/f1tenth_ws/install/vesc:/home/cav330/f1tenth_ws/install/vesc_driver:/home/cav330/f1tenth_ws/install/vesc_ackermann:/home/cav330/f1tenth_ws/install/vesc_msgs:/home/cav330/f1tenth_ws/install/teleop_tools:/home/cav330/f1tenth_ws/install/joy_teleop:/home/cav330/f1tenth_ws/install/teleop_tools_msgs:/home/cav330/f1tenth_ws/install/safety_node:/home/cav330/f1tenth_ws/install/mouse_teleop:/home/cav330/f1tenth_ws/install/key_teleop:/home/cav330/f1tenth_ws/install/f1tenth_gym_ros:/home/cav330/f1tenth_ws/install/ackermann_mux:/opt/ros/foxy', 'SHELL': '/bin/bash', 'LESSCLOSE': '/usr/bin/lesspipe %s %s', 'NX_SESSION_ID': '5BBEA081E7CCC5FE47B3898213872B03', 'GJS_DEBUG_OUTPUT': 'stderr', 'QT_IM_MODULE': 'ibus', 'PWD': '/home/cav330/f1tenth_ws/build/joy_teleop', 'NX_RUNNER': '/usr/NX/bin/nxrunner', 'XDG_CONFIG_DIRS': '/etc/xdg/xdg-ubuntu-xorg:/etc/xdg', 'XDG_DATA_DIRS': '/usr/share/ubuntu-xorg:/usr/local/share:/usr/share:/var/lib/snapd/desktop', 'PYTHONPATH': '/home/cav330/f1tenth_ws/build/joy_teleop/prefix_override:/usr/lib/python3/dist-packages/colcon_core/task/python/colcon_distutils_commands:/home/cav330/f1tenth_ws/install/joy_teleop/lib/python3.8/site-packages:/home/cav330/f1tenth_ws/install/teleop_tools_msgs/lib/python3.8/site-packages:/home/cav330/f1tenth_ws/install/f1tenth_stack/lib/python3.8/site-packages:/home/cav330/f1tenth_ws/install/vesc_msgs/lib/python3.8/site-packages:/home/cav330/f1tenth_ws/install/joy_teleop/lib/python3.8/site-packages:/home/cav330/f1tenth_ws/install/mouse_teleop/lib/python3.8/site-packages:/home/cav330/f1tenth_ws/install/key_teleop/lib/python3.8/site-packages:/home/cav330/f1tenth_ws/install/f1tenth_gym_ros/lib/python3.8/site-packages:/opt/ros/foxy/lib/python3.8/site-packages', 'COLCON': '1', 'VTE_VERSION': '6003', 'CMAKE_PREFIX_PATH': '/home/cav330/f1tenth_ws/install/teleop_tools_msgs:/home/cav330/f1tenth_ws/install/wall_follow:/home/cav330/f1tenth_ws/install/vesc:/home/cav330/f1tenth_ws/install/vesc_driver:/home/cav330/f1tenth_ws/install/vesc_ackermann:/home/cav330/f1tenth_ws/install/vesc_msgs:/home/cav330/f1tenth_ws/install/teleop_tools:/home/cav330/f1tenth_ws/install/safety_node:/home/cav330/f1tenth_ws/install/ackermann_mux', 'NX_CONNECTION': '192.168.33.135 65380 192.168.33.130 4000', 'NXDIR': '/usr/NX'}, 'shell': False}
[8.307582] (safety_node) JobStarted: {'identifier': 'safety_node'}
[8.311155] (vesc_driver) StdoutLine: {'line': b'-- Install configuration: ""\n'}
[8.312616] (vesc_driver) StdoutLine: {'line': b'-- Up-to-date: /home/cav330/f1tenth_ws/install/vesc_driver/lib/vesc_driver/vesc_driver_node\n'}
[8.313181] (vesc_driver) StdoutLine: {'line': b'-- Up-to-date: /home/cav330/f1tenth_ws/install/vesc_driver/include\n'}
[8.314032] (vesc_driver) StdoutLine: {'line': b'-- Up-to-date: /home/cav330/f1tenth_ws/install/vesc_driver/include/vesc_driver\n'}
[8.314427] (vesc_driver) StdoutLine: {'line': b'-- Up-to-date: /home/cav330/f1tenth_ws/install/vesc_driver/include/vesc_driver/vesc_driver.hpp\n'}
[8.314866] (vesc_driver) StdoutLine: {'line': b'-- Up-to-date: /home/cav330/f1tenth_ws/install/vesc_driver/include/vesc_driver/crc.hpp\n'}
[8.315283] (vesc_driver) StdoutLine: {'line': b'-- Up-to-date: /home/cav330/f1tenth_ws/install/vesc_driver/include/vesc_driver/vesc_packet_factory.hpp\n'}
[8.315862] (vesc_driver) StdoutLine: {'line': b'-- Up-to-date: /home/cav330/f1tenth_ws/install/vesc_driver/include/vesc_driver/datatypes.hpp\n'}
[8.316478] (vesc_driver) StdoutLine: {'line': b'-- Up-to-date: /home/cav330/f1tenth_ws/install/vesc_driver/include/vesc_driver/vesc_interface.hpp\n'}
[8.317083] (vesc_driver) StdoutLine: {'line': b'-- Up-to-date: /home/cav330/f1tenth_ws/install/vesc_driver/include/vesc_driver/vesc_device_uuid_lookup.hpp\n'}
[8.317509] (vesc_driver) StdoutLine: {'line': b'-- Up-to-date: /home/cav330/f1tenth_ws/install/vesc_driver/include/vesc_driver/vesc_packet.hpp\n'}
[8.318015] (vesc_driver) StdoutLine: {'line': b'-- Up-to-date: /home/cav330/f1tenth_ws/install/vesc_driver/share/vesc_driver/environment/library_path.sh\n'}
[8.318305] (vesc_driver) StdoutLine: {'line': b'-- Up-to-date: /home/cav330/f1tenth_ws/install/vesc_driver/share/vesc_driver/environment/library_path.dsv\n'}
[8.318589] (vesc_driver) StdoutLine: {'line': b'-- Up-to-date: /home/cav330/f1tenth_ws/install/vesc_driver/lib/libvesc_driver.so\n'}
[8.318860] (vesc_driver) StdoutLine: {'line': b'-- Up-to-date: /home/cav330/f1tenth_ws/install/vesc_driver/lib/vesc_driver/vesc_device_namer\n'}
[8.319194] (vesc_driver) StdoutLine: {'line': b'-- Up-to-date: /home/cav330/f1tenth_ws/install/vesc_driver/share/vesc_driver/launch\n'}
[8.319478] (vesc_driver) StdoutLine: {'line': b'-- Up-to-date: /home/cav330/f1tenth_ws/install/vesc_driver/share/vesc_driver/launch/vesc_driver_node.launch.py\n'}
[8.319759] (vesc_driver) StdoutLine: {'line': b'-- Up-to-date: /home/cav330/f1tenth_ws/install/vesc_driver/share/vesc_driver/params\n'}
[8.320099] (vesc_driver) StdoutLine: {'line': b'-- Up-to-date: /home/cav330/f1tenth_ws/install/vesc_driver/share/vesc_driver/params/vesc_config.yaml\n'}
[8.320391] (vesc_driver) StdoutLine: {'line': b'-- Up-to-date: /home/cav330/f1tenth_ws/install/vesc_driver/share/ament_index/resource_index/package_run_dependencies/vesc_driver\n'}
[8.320695] (vesc_driver) StdoutLine: {'line': b'-- Up-to-date: /home/cav330/f1tenth_ws/install/vesc_driver/share/ament_index/resource_index/parent_prefix_path/vesc_driver\n'}
[8.321005] (vesc_driver) StdoutLine: {'line': b'-- Up-to-date: /home/cav330/f1tenth_ws/install/vesc_driver/share/vesc_driver/environment/ament_prefix_path.sh\n'}
[8.321277] (vesc_driver) StdoutLine: {'line': b'-- Up-to-date: /home/cav330/f1tenth_ws/install/vesc_driver/share/vesc_driver/environment/ament_prefix_path.dsv\n'}
[8.321638] (vesc_driver) StdoutLine: {'line': b'-- Up-to-date: /home/cav330/f1tenth_ws/install/vesc_driver/share/vesc_driver/environment/path.sh\n'}
[8.322215] (vesc_driver) StdoutLine: {'line': b'-- Up-to-date: /home/cav330/f1tenth_ws/install/vesc_driver/share/vesc_driver/environment/path.dsv\n'}
[8.322837] (vesc_driver) StdoutLine: {'line': b'-- Up-to-date: /home/cav330/f1tenth_ws/install/vesc_driver/share/vesc_driver/local_setup.bash\n'}
[8.323358] (vesc_driver) StdoutLine: {'line': b'-- Up-to-date: /home/cav330/f1tenth_ws/install/vesc_driver/share/vesc_driver/local_setup.sh\n'}
[8.323922] (vesc_driver) StdoutLine: {'line': b'-- Up-to-date: /home/cav330/f1tenth_ws/install/vesc_driver/share/vesc_driver/local_setup.zsh\n'}
[8.324363] (vesc_driver) StdoutLine: {'line': b'-- Up-to-date: /home/cav330/f1tenth_ws/install/vesc_driver/share/vesc_driver/local_setup.dsv\n'}
[8.324803] (vesc_driver) StdoutLine: {'line': b'-- Installing: /home/cav330/f1tenth_ws/install/vesc_driver/share/vesc_driver/package.dsv\n'}
[8.325366] (vesc_driver) StdoutLine: {'line': b'-- Up-to-date: /home/cav330/f1tenth_ws/install/vesc_driver/share/ament_index/resource_index/packages/vesc_driver\n'}
[8.326053] (vesc_driver) StdoutLine: {'line': b'-- Up-to-date: /home/cav330/f1tenth_ws/install/vesc_driver/share/ament_index/resource_index/rclcpp_components/vesc_driver\n'}
[8.326382] (vesc_driver) StdoutLine: {'line': b'-- Up-to-date: /home/cav330/f1tenth_ws/install/vesc_driver/share/vesc_driver/cmake/ament_cmake_export_dependencies-extras.cmake\n'}
[8.327822] (vesc_driver) StdoutLine: {'line': b'-- Up-to-date: /home/cav330/f1tenth_ws/install/vesc_driver/share/vesc_driver/cmake/ament_cmake_export_include_directories-extras.cmake\n'}
[8.328221] (vesc_driver) StdoutLine: {'line': b'-- Up-to-date: /home/cav330/f1tenth_ws/install/vesc_driver/share/vesc_driver/cmake/ament_cmake_export_libraries-extras.cmake\n'}
[8.328557] (vesc_driver) StdoutLine: {'line': b'-- Up-to-date: /home/cav330/f1tenth_ws/install/vesc_driver/share/vesc_driver/cmake/vesc_driverConfig.cmake\n'}
[8.328864] (vesc_driver) StdoutLine: {'line': b'-- Up-to-date: /home/cav330/f1tenth_ws/install/vesc_driver/share/vesc_driver/cmake/vesc_driverConfig-version.cmake\n'}
[8.329146] (vesc_driver) StdoutLine: {'line': b'-- Up-to-date: /home/cav330/f1tenth_ws/install/vesc_driver/share/vesc_driver/package.xml\n'}
[8.336924] (-) TimerEvent: {}
[8.422353] (safety_node) JobProgress: {'identifier': 'safety_node', 'progress': 'cmake'}
[8.432472] (safety_node) JobProgress: {'identifier': 'safety_node', 'progress': 'build'}
[8.435305] (safety_node) Command: {'cmd': ['/usr/bin/cmake', '--build', '/home/cav330/f1tenth_ws/build/safety_node', '--', '-j4', '-l4'], 'cwd': '/home/cav330/f1tenth_ws/build/safety_node', 'env': OrderedDict([('NX_ROOT', '/home/cav330/.nx'), ('GJS_DEBUG_TOPICS', 'JS ERROR;JS LOG'), ('LESSOPEN', '| /usr/bin/lesspipe %s'), ('PULSE_CLIENTCONFIG', '/home/cav330/.nx/devices/D-1001-5BBEA081E7CCC5FE47B3898213872B03/audio/client.conf'), ('MAIL', '/var/mail/cav330'), ('USER', 'cav330'), ('XDG_SESSION_TYPE', 'x11'), ('NX_SYSTEM', '/usr/NX'), ('SHLVL', '1'), ('LD_LIBRARY_PATH', '/home/cav330/f1tenth_ws/install/vesc_driver/lib:/home/cav330/f1tenth_ws/install/vesc_ackermann/lib:/home/cav330/f1tenth_ws/install/vesc_msgs/lib:/home/cav330/f1tenth_ws/install/teleop_tools_msgs/lib:/opt/ros/foxy/opt/yaml_cpp_vendor/lib:/opt/ros/foxy/opt/rviz_ogre_vendor/lib:/opt/ros/foxy/lib/aarch64-linux-gnu:/opt/ros/foxy/lib:/usr/local/cuda-11.4/lib64:'), ('HOME', '/home/cav330'), ('DESKTOP_SESSION', 'ubuntu-xorg'), ('ROS_PYTHON_VERSION', '3'), ('GNOME_SHELL_SESSION_MODE', 'ubuntu'), ('DBUS_SESSION_BUS_ADDRESS', 'unix:abstract=/tmp/dbus-1gzSD6Wl1K,guid=d4e8827e16524ec651a25cad69cafd2d'), ('COLORTERM', 'truecolor'), ('PULSE_SCRIPT', '/home/cav330/.nx/devices/D-1001-5BBEA081E7CCC5FE47B3898213872B03/audio/default.pa'), ('WAYLAND_DISPLAY', 'no'), ('COLCON_PREFIX_PATH', '/home/cav330/f1tenth_ws/install'), ('ROS_DISTRO', 'foxy'), ('LOGNAME', 'cav330'), ('PULSE_SERVER', '/home/cav330/.nx/devices/D-1001-5BBEA081E7CCC5FE47B3898213872B03/audio/native.socket'), ('_', '/usr/bin/colcon'), ('ROS_VERSION', '2'), ('XDG_SESSION_CLASS', 'user'), ('USERNAME', 'cav330'), ('TERM', 'xterm-256color'), ('GNOME_DESKTOP_SESSION_ID', 'this-is-deprecated'), ('ROS_LOCALHOST_ONLY', '0'), ('PATH', '/opt/ros/foxy/bin:/usr/local/cuda-11.4/bin:/home/cav330/.local/bin:/usr/local/sbin:/usr/local/bin:/usr/sbin:/usr/bin:/sbin:/bin:/usr/games:/usr/local/games:/snap/bin'), ('SESSION_MANAGER', 'local/ubuntu:@/tmp/.ICE-unix/3540,unix/ubuntu:/tmp/.ICE-unix/3540'), ('PULSE_RUNTIME_PATH', '/run/user/1000/pulse'), ('XDG_MENU_PREFIX', 'gnome-'), ('GNOME_TERMINAL_SCREEN', '/org/gnome/Terminal/screen/1415c740_4480_4aec_b3c9_829264334640'), ('XDG_RUNTIME_DIR', '/run/user/1000'), ('PULSE_CONFIG', '/home/cav330/.nx/devices/D-1001-5BBEA081E7CCC5FE47B3898213872B03/audio/daemon.conf'), ('GDK_BACKEND', 'x11'), ('DISPLAY', ':1001'), ('LANG', 'en_CA.UTF-8'), ('XDG_CURRENT_DESKTOP', 'ubuntu:GNOME'), ('NX_TEMP', '/tmp'), ('XMODIFIERS', '@im=ibus'), ('XAUTHORITY', '/home/cav330/.Xauthority'), ('LS_COLORS', 'rs=0:di=01;34:ln=01;36:mh=00:pi=40;33:so=01;35:do=01;35:bd=40;33;01:cd=40;33;01:or=40;31;01:mi=00:su=37;41:sg=30;43:ca=30;41:tw=30;42:ow=34;42:st=37;44:ex=01;32:*.tar=01;31:*.tgz=01;31:*.arc=01;31:*.arj=01;31:*.taz=01;31:*.lha=01;31:*.lz4=01;31:*.lzh=01;31:*.lzma=01;31:*.tlz=01;31:*.txz=01;31:*.tzo=01;31:*.t7z=01;31:*.zip=01;31:*.z=01;31:*.dz=01;31:*.gz=01;31:*.lrz=01;31:*.lz=01;31:*.lzo=01;31:*.xz=01;31:*.zst=01;31:*.tzst=01;31:*.bz2=01;31:*.bz=01;31:*.tbz=01;31:*.tbz2=01;31:*.tz=01;31:*.deb=01;31:*.rpm=01;31:*.jar=01;31:*.war=01;31:*.ear=01;31:*.sar=01;31:*.rar=01;31:*.alz=01;31:*.ace=01;31:*.zoo=01;31:*.cpio=01;31:*.7z=01;31:*.rz=01;31:*.cab=01;31:*.wim=01;31:*.swm=01;31:*.dwm=01;31:*.esd=01;31:*.jpg=01;35:*.jpeg=01;35:*.mjpg=01;35:*.mjpeg=01;35:*.gif=01;35:*.bmp=01;35:*.pbm=01;35:*.pgm=01;35:*.ppm=01;35:*.tga=01;35:*.xbm=01;35:*.xpm=01;35:*.tif=01;35:*.tiff=01;35:*.png=01;35:*.svg=01;35:*.svgz=01;35:*.mng=01;35:*.pcx=01;35:*.mov=01;35:*.mpg=01;35:*.mpeg=01;35:*.m2v=01;35:*.mkv=01;35:*.webm=01;35:*.ogm=01;35:*.mp4=01;35:*.m4v=01;35:*.mp4v=01;35:*.vob=01;35:*.qt=01;35:*.nuv=01;35:*.wmv=01;35:*.asf=01;35:*.rm=01;35:*.rmvb=01;35:*.flc=01;35:*.avi=01;35:*.fli=01;35:*.flv=01;35:*.gl=01;35:*.dl=01;35:*.xcf=01;35:*.xwd=01;35:*.yuv=01;35:*.cgm=01;35:*.emf=01;35:*.ogv=01;35:*.ogx=01;35:*.aac=00;36:*.au=00;36:*.flac=00;36:*.m4a=00;36:*.mid=00;36:*.midi=00;36:*.mka=00;36:*.mp3=00;36:*.mpc=00;36:*.ogg=00;36:*.ra=00;36:*.wav=00;36:*.oga=00;36:*.opus=00;36:*.spx=00;36:*.xspf=00;36:'), ('GNOME_TERMINAL_SERVICE', ':1.94'), ('SSH_AUTH_SOCK', '/run/user/1000/keyring/ssh'), ('AMENT_PREFIX_PATH', '/home/cav330/f1tenth_ws/install/wall_follow:/home/cav330/f1tenth_ws/install/f1tenth_stack:/home/cav330/f1tenth_ws/install/vesc:/home/cav330/f1tenth_ws/install/vesc_driver:/home/cav330/f1tenth_ws/install/vesc_ackermann:/home/cav330/f1tenth_ws/install/vesc_msgs:/home/cav330/f1tenth_ws/install/teleop_tools:/home/cav330/f1tenth_ws/install/joy_teleop:/home/cav330/f1tenth_ws/install/teleop_tools_msgs:/home/cav330/f1tenth_ws/install/safety_node:/home/cav330/f1tenth_ws/install/mouse_teleop:/home/cav330/f1tenth_ws/install/key_teleop:/home/cav330/f1tenth_ws/install/f1tenth_gym_ros:/home/cav330/f1tenth_ws/install/ackermann_mux:/opt/ros/foxy'), ('SHELL', '/bin/bash'), ('LESSCLOSE', '/usr/bin/lesspipe %s %s'), ('NX_SESSION_ID', '5BBEA081E7CCC5FE47B3898213872B03'), ('GJS_DEBUG_OUTPUT', 'stderr'), ('QT_IM_MODULE', 'ibus'), ('PWD', '/home/cav330/f1tenth_ws/build/safety_node'), ('NX_RUNNER', '/usr/NX/bin/nxrunner'), ('XDG_CONFIG_DIRS', '/etc/xdg/xdg-ubuntu-xorg:/etc/xdg'), ('XDG_DATA_DIRS', '/usr/share/ubuntu-xorg:/usr/local/share:/usr/share:/var/lib/snapd/desktop'), ('PYTHONPATH', '/home/cav330/f1tenth_ws/install/f1tenth_stack/lib/python3.8/site-packages:/home/cav330/f1tenth_ws/install/vesc_msgs/lib/python3.8/site-packages:/home/cav330/f1tenth_ws/install/joy_teleop/lib/python3.8/site-packages:/home/cav330/f1tenth_ws/install/teleop_tools_msgs/lib/python3.8/site-packages:/home/cav330/f1tenth_ws/install/mouse_teleop/lib/python3.8/site-packages:/home/cav330/f1tenth_ws/install/key_teleop/lib/python3.8/site-packages:/home/cav330/f1tenth_ws/install/f1tenth_gym_ros/lib/python3.8/site-packages:/opt/ros/foxy/lib/python3.8/site-packages'), ('COLCON', '1'), ('VTE_VERSION', '6003'), ('CMAKE_PREFIX_PATH', '/home/cav330/f1tenth_ws/install/wall_follow:/home/cav330/f1tenth_ws/install/vesc:/home/cav330/f1tenth_ws/install/vesc_driver:/home/cav330/f1tenth_ws/install/vesc_ackermann:/home/cav330/f1tenth_ws/install/vesc_msgs:/home/cav330/f1tenth_ws/install/teleop_tools:/home/cav330/f1tenth_ws/install/teleop_tools_msgs:/home/cav330/f1tenth_ws/install/safety_node:/home/cav330/f1tenth_ws/install/ackermann_mux:/home/cav330/f1tenth_ws/install/f1tenth_stack:/home/cav330/f1tenth_ws/install/joy_teleop:/home/cav330/f1tenth_ws/install/mouse_teleop:/home/cav330/f1tenth_ws/install/key_teleop:/home/cav330/f1tenth_ws/install/f1tenth_gym_ros:/opt/ros/foxy'), ('NX_CONNECTION', '192.168.33.135 65380 192.168.33.130 4000'), ('NXDIR', '/usr/NX')]), 'shell': False}
[8.449288] (-) TimerEvent: {}
[8.458319] (vesc_driver) CommandEnded: {'returncode': 0}
[8.549686] (-) TimerEvent: {}
[8.572530] (vesc_driver) JobEnded: {'identifier': 'vesc_driver', 'rc': 0}
[8.576184] (vesc) JobStarted: {'identifier': 'vesc'}
[8.650341] (-) TimerEvent: {}
[8.723335] (vesc) JobProgress: {'identifier': 'vesc', 'progress': 'cmake'}
[8.727345] (vesc) JobProgress: {'identifier': 'vesc', 'progress': 'build'}
[8.734632] (vesc) Command: {'cmd': ['/usr/bin/cmake', '--build', '/home/cav330/f1tenth_ws/build/vesc', '--', '-j4', '-l4'], 'cwd': '/home/cav330/f1tenth_ws/build/vesc', 'env': OrderedDict([('NX_ROOT', '/home/cav330/.nx'), ('GJS_DEBUG_TOPICS', 'JS ERROR;JS LOG'), ('LESSOPEN', '| /usr/bin/lesspipe %s'), ('PULSE_CLIENTCONFIG', '/home/cav330/.nx/devices/D-1001-5BBEA081E7CCC5FE47B3898213872B03/audio/client.conf'), ('MAIL', '/var/mail/cav330'), ('USER', 'cav330'), ('XDG_SESSION_TYPE', 'x11'), ('NX_SYSTEM', '/usr/NX'), ('SHLVL', '1'), ('LD_LIBRARY_PATH', '/home/cav330/f1tenth_ws/install/vesc_driver/lib:/home/cav330/f1tenth_ws/install/vesc_ackermann/lib:/home/cav330/f1tenth_ws/install/vesc_msgs/lib:/home/cav330/f1tenth_ws/install/teleop_tools_msgs/lib:/opt/ros/foxy/opt/yaml_cpp_vendor/lib:/opt/ros/foxy/opt/rviz_ogre_vendor/lib:/opt/ros/foxy/lib/aarch64-linux-gnu:/opt/ros/foxy/lib:/usr/local/cuda-11.4/lib64'), ('HOME', '/home/cav330'), ('DESKTOP_SESSION', 'ubuntu-xorg'), ('ROS_PYTHON_VERSION', '3'), ('GNOME_SHELL_SESSION_MODE', 'ubuntu'), ('DBUS_SESSION_BUS_ADDRESS', 'unix:abstract=/tmp/dbus-1gzSD6Wl1K,guid=d4e8827e16524ec651a25cad69cafd2d'), ('COLORTERM', 'truecolor'), ('PULSE_SCRIPT', '/home/cav330/.nx/devices/D-1001-5BBEA081E7CCC5FE47B3898213872B03/audio/default.pa'), ('WAYLAND_DISPLAY', 'no'), ('COLCON_PREFIX_PATH', '/home/cav330/f1tenth_ws/install'), ('ROS_DISTRO', 'foxy'), ('LOGNAME', 'cav330'), ('PULSE_SERVER', '/home/cav330/.nx/devices/D-1001-5BBEA081E7CCC5FE47B3898213872B03/audio/native.socket'), ('_', '/usr/bin/colcon'), ('ROS_VERSION', '2'), ('XDG_SESSION_CLASS', 'user'), ('USERNAME', 'cav330'), ('TERM', 'xterm-256color'), ('GNOME_DESKTOP_SESSION_ID', 'this-is-deprecated'), ('ROS_LOCALHOST_ONLY', '0'), ('PATH', '/opt/ros/foxy/bin:/usr/local/cuda-11.4/bin:/home/cav330/.local/bin:/usr/local/sbin:/usr/local/bin:/usr/sbin:/usr/bin:/sbin:/bin:/usr/games:/usr/local/games:/snap/bin'), ('SESSION_MANAGER', 'local/ubuntu:@/tmp/.ICE-unix/3540,unix/ubuntu:/tmp/.ICE-unix/3540'), ('PULSE_RUNTIME_PATH', '/run/user/1000/pulse'), ('XDG_MENU_PREFIX', 'gnome-'), ('GNOME_TERMINAL_SCREEN', '/org/gnome/Terminal/screen/1415c740_4480_4aec_b3c9_829264334640'), ('XDG_RUNTIME_DIR', '/run/user/1000'), ('PULSE_CONFIG', '/home/cav330/.nx/devices/D-1001-5BBEA081E7CCC5FE47B3898213872B03/audio/daemon.conf'), ('GDK_BACKEND', 'x11'), ('DISPLAY', ':1001'), ('LANG', 'en_CA.UTF-8'), ('XDG_CURRENT_DESKTOP', 'ubuntu:GNOME'), ('NX_TEMP', '/tmp'), ('XMODIFIERS', '@im=ibus'), ('XAUTHORITY', '/home/cav330/.Xauthority'), ('LS_COLORS', 'rs=0:di=01;34:ln=01;36:mh=00:pi=40;33:so=01;35:do=01;35:bd=40;33;01:cd=40;33;01:or=40;31;01:mi=00:su=37;41:sg=30;43:ca=30;41:tw=30;42:ow=34;42:st=37;44:ex=01;32:*.tar=01;31:*.tgz=01;31:*.arc=01;31:*.arj=01;31:*.taz=01;31:*.lha=01;31:*.lz4=01;31:*.lzh=01;31:*.lzma=01;31:*.tlz=01;31:*.txz=01;31:*.tzo=01;31:*.t7z=01;31:*.zip=01;31:*.z=01;31:*.dz=01;31:*.gz=01;31:*.lrz=01;31:*.lz=01;31:*.lzo=01;31:*.xz=01;31:*.zst=01;31:*.tzst=01;31:*.bz2=01;31:*.bz=01;31:*.tbz=01;31:*.tbz2=01;31:*.tz=01;31:*.deb=01;31:*.rpm=01;31:*.jar=01;31:*.war=01;31:*.ear=01;31:*.sar=01;31:*.rar=01;31:*.alz=01;31:*.ace=01;31:*.zoo=01;31:*.cpio=01;31:*.7z=01;31:*.rz=01;31:*.cab=01;31:*.wim=01;31:*.swm=01;31:*.dwm=01;31:*.esd=01;31:*.jpg=01;35:*.jpeg=01;35:*.mjpg=01;35:*.mjpeg=01;35:*.gif=01;35:*.bmp=01;35:*.pbm=01;35:*.pgm=01;35:*.ppm=01;35:*.tga=01;35:*.xbm=01;35:*.xpm=01;35:*.tif=01;35:*.tiff=01;35:*.png=01;35:*.svg=01;35:*.svgz=01;35:*.mng=01;35:*.pcx=01;35:*.mov=01;35:*.mpg=01;35:*.mpeg=01;35:*.m2v=01;35:*.mkv=01;35:*.webm=01;35:*.ogm=01;35:*.mp4=01;35:*.m4v=01;35:*.mp4v=01;35:*.vob=01;35:*.qt=01;35:*.nuv=01;35:*.wmv=01;35:*.asf=01;35:*.rm=01;35:*.rmvb=01;35:*.flc=01;35:*.avi=01;35:*.fli=01;35:*.flv=01;35:*.gl=01;35:*.dl=01;35:*.xcf=01;35:*.xwd=01;35:*.yuv=01;35:*.cgm=01;35:*.emf=01;35:*.ogv=01;35:*.ogx=01;35:*.aac=00;36:*.au=00;36:*.flac=00;36:*.m4a=00;36:*.mid=00;36:*.midi=00;36:*.mka=00;36:*.mp3=00;36:*.mpc=00;36:*.ogg=00;36:*.ra=00;36:*.wav=00;36:*.oga=00;36:*.opus=00;36:*.spx=00;36:*.xspf=00;36:'), ('GNOME_TERMINAL_SERVICE', ':1.94'), ('SSH_AUTH_SOCK', '/run/user/1000/keyring/ssh'), ('AMENT_PREFIX_PATH', '/home/cav330/f1tenth_ws/install/wall_follow:/home/cav330/f1tenth_ws/install/f1tenth_stack:/home/cav330/f1tenth_ws/install/vesc:/home/cav330/f1tenth_ws/install/vesc_driver:/home/cav330/f1tenth_ws/install/vesc_ackermann:/home/cav330/f1tenth_ws/install/vesc_msgs:/home/cav330/f1tenth_ws/install/teleop_tools:/home/cav330/f1tenth_ws/install/joy_teleop:/home/cav330/f1tenth_ws/install/teleop_tools_msgs:/home/cav330/f1tenth_ws/install/safety_node:/home/cav330/f1tenth_ws/install/mouse_teleop:/home/cav330/f1tenth_ws/install/key_teleop:/home/cav330/f1tenth_ws/install/f1tenth_gym_ros:/home/cav330/f1tenth_ws/install/ackermann_mux:/opt/ros/foxy'), ('SHELL', '/bin/bash'), ('LESSCLOSE', '/usr/bin/lesspipe %s %s'), ('NX_SESSION_ID', '5BBEA081E7CCC5FE47B3898213872B03'), ('GJS_DEBUG_OUTPUT', 'stderr'), ('QT_IM_MODULE', 'ibus'), ('PWD', '/home/cav330/f1tenth_ws/build/vesc'), ('NX_RUNNER', '/usr/NX/bin/nxrunner'), ('XDG_CONFIG_DIRS', '/etc/xdg/xdg-ubuntu-xorg:/etc/xdg'), ('XDG_DATA_DIRS', '/usr/share/ubuntu-xorg:/usr/local/share:/usr/share:/var/lib/snapd/desktop'), ('PYTHONPATH', '/home/cav330/f1tenth_ws/install/vesc_msgs/lib/python3.8/site-packages:/home/cav330/f1tenth_ws/install/f1tenth_stack/lib/python3.8/site-packages:/home/cav330/f1tenth_ws/install/joy_teleop/lib/python3.8/site-packages:/home/cav330/f1tenth_ws/install/teleop_tools_msgs/lib/python3.8/site-packages:/home/cav330/f1tenth_ws/install/mouse_teleop/lib/python3.8/site-packages:/home/cav330/f1tenth_ws/install/key_teleop/lib/python3.8/site-packages:/home/cav330/f1tenth_ws/install/f1tenth_gym_ros/lib/python3.8/site-packages:/opt/ros/foxy/lib/python3.8/site-packages'), ('COLCON', '1'), ('VTE_VERSION', '6003'), ('CMAKE_PREFIX_PATH', '/home/cav330/f1tenth_ws/install/vesc_driver:/home/cav330/f1tenth_ws/install/vesc_ackermann:/home/cav330/f1tenth_ws/install/vesc_msgs:/home/cav330/f1tenth_ws/install/wall_follow:/home/cav330/f1tenth_ws/install/vesc:/home/cav330/f1tenth_ws/install/teleop_tools:/home/cav330/f1tenth_ws/install/teleop_tools_msgs:/home/cav330/f1tenth_ws/install/safety_node:/home/cav330/f1tenth_ws/install/ackermann_mux:/home/cav330/f1tenth_ws/install/f1tenth_stack:/home/cav330/f1tenth_ws/install/joy_teleop:/home/cav330/f1tenth_ws/install/mouse_teleop:/home/cav330/f1tenth_ws/install/key_teleop:/home/cav330/f1tenth_ws/install/f1tenth_gym_ros:/opt/ros/foxy'), ('NX_CONNECTION', '192.168.33.135 65380 192.168.33.130 4000'), ('NXDIR', '/usr/NX')]), 'shell': False}
[8.750455] (-) TimerEvent: {}
[8.854616] (-) TimerEvent: {}
[8.923534] (safety_node) StdoutLine: {'line': b'[100%] Built target safety_node\n'}
[8.954842] (-) TimerEvent: {}
[8.977062] (vesc) CommandEnded: {'returncode': 0}
[8.983682] (vesc) JobProgress: {'identifier': 'vesc', 'progress': 'install'}
[8.994973] (vesc) Command: {'cmd': ['/usr/bin/cmake', '--install', '/home/cav330/f1tenth_ws/build/vesc'], 'cwd': '/home/cav330/f1tenth_ws/build/vesc', 'env': OrderedDict([('NX_ROOT', '/home/cav330/.nx'), ('GJS_DEBUG_TOPICS', 'JS ERROR;JS LOG'), ('LESSOPEN', '| /usr/bin/lesspipe %s'), ('PULSE_CLIENTCONFIG', '/home/cav330/.nx/devices/D-1001-5BBEA081E7CCC5FE47B3898213872B03/audio/client.conf'), ('MAIL', '/var/mail/cav330'), ('USER', 'cav330'), ('XDG_SESSION_TYPE', 'x11'), ('NX_SYSTEM', '/usr/NX'), ('SHLVL', '1'), ('LD_LIBRARY_PATH', '/home/cav330/f1tenth_ws/install/vesc_driver/lib:/home/cav330/f1tenth_ws/install/vesc_ackermann/lib:/home/cav330/f1tenth_ws/install/vesc_msgs/lib:/home/cav330/f1tenth_ws/install/teleop_tools_msgs/lib:/opt/ros/foxy/opt/yaml_cpp_vendor/lib:/opt/ros/foxy/opt/rviz_ogre_vendor/lib:/opt/ros/foxy/lib/aarch64-linux-gnu:/opt/ros/foxy/lib:/usr/local/cuda-11.4/lib64'), ('HOME', '/home/cav330'), ('DESKTOP_SESSION', 'ubuntu-xorg'), ('ROS_PYTHON_VERSION', '3'), ('GNOME_SHELL_SESSION_MODE', 'ubuntu'), ('DBUS_SESSION_BUS_ADDRESS', 'unix:abstract=/tmp/dbus-1gzSD6Wl1K,guid=d4e8827e16524ec651a25cad69cafd2d'), ('COLORTERM', 'truecolor'), ('PULSE_SCRIPT', '/home/cav330/.nx/devices/D-1001-5BBEA081E7CCC5FE47B3898213872B03/audio/default.pa'), ('WAYLAND_DISPLAY', 'no'), ('COLCON_PREFIX_PATH', '/home/cav330/f1tenth_ws/install'), ('ROS_DISTRO', 'foxy'), ('LOGNAME', 'cav330'), ('PULSE_SERVER', '/home/cav330/.nx/devices/D-1001-5BBEA081E7CCC5FE47B3898213872B03/audio/native.socket'), ('_', '/usr/bin/colcon'), ('ROS_VERSION', '2'), ('XDG_SESSION_CLASS', 'user'), ('USERNAME', 'cav330'), ('TERM', 'xterm-256color'), ('GNOME_DESKTOP_SESSION_ID', 'this-is-deprecated'), ('ROS_LOCALHOST_ONLY', '0'), ('PATH', '/opt/ros/foxy/bin:/usr/local/cuda-11.4/bin:/home/cav330/.local/bin:/usr/local/sbin:/usr/local/bin:/usr/sbin:/usr/bin:/sbin:/bin:/usr/games:/usr/local/games:/snap/bin'), ('SESSION_MANAGER', 'local/ubuntu:@/tmp/.ICE-unix/3540,unix/ubuntu:/tmp/.ICE-unix/3540'), ('PULSE_RUNTIME_PATH', '/run/user/1000/pulse'), ('XDG_MENU_PREFIX', 'gnome-'), ('GNOME_TERMINAL_SCREEN', '/org/gnome/Terminal/screen/1415c740_4480_4aec_b3c9_829264334640'), ('XDG_RUNTIME_DIR', '/run/user/1000'), ('PULSE_CONFIG', '/home/cav330/.nx/devices/D-1001-5BBEA081E7CCC5FE47B3898213872B03/audio/daemon.conf'), ('GDK_BACKEND', 'x11'), ('DISPLAY', ':1001'), ('LANG', 'en_CA.UTF-8'), ('XDG_CURRENT_DESKTOP', 'ubuntu:GNOME'), ('NX_TEMP', '/tmp'), ('XMODIFIERS', '@im=ibus'), ('XAUTHORITY', '/home/cav330/.Xauthority'), ('LS_COLORS', 'rs=0:di=01;34:ln=01;36:mh=00:pi=40;33:so=01;35:do=01;35:bd=40;33;01:cd=40;33;01:or=40;31;01:mi=00:su=37;41:sg=30;43:ca=30;41:tw=30;42:ow=34;42:st=37;44:ex=01;32:*.tar=01;31:*.tgz=01;31:*.arc=01;31:*.arj=01;31:*.taz=01;31:*.lha=01;31:*.lz4=01;31:*.lzh=01;31:*.lzma=01;31:*.tlz=01;31:*.txz=01;31:*.tzo=01;31:*.t7z=01;31:*.zip=01;31:*.z=01;31:*.dz=01;31:*.gz=01;31:*.lrz=01;31:*.lz=01;31:*.lzo=01;31:*.xz=01;31:*.zst=01;31:*.tzst=01;31:*.bz2=01;31:*.bz=01;31:*.tbz=01;31:*.tbz2=01;31:*.tz=01;31:*.deb=01;31:*.rpm=01;31:*.jar=01;31:*.war=01;31:*.ear=01;31:*.sar=01;31:*.rar=01;31:*.alz=01;31:*.ace=01;31:*.zoo=01;31:*.cpio=01;31:*.7z=01;31:*.rz=01;31:*.cab=01;31:*.wim=01;31:*.swm=01;31:*.dwm=01;31:*.esd=01;31:*.jpg=01;35:*.jpeg=01;35:*.mjpg=01;35:*.mjpeg=01;35:*.gif=01;35:*.bmp=01;35:*.pbm=01;35:*.pgm=01;35:*.ppm=01;35:*.tga=01;35:*.xbm=01;35:*.xpm=01;35:*.tif=01;35:*.tiff=01;35:*.png=01;35:*.svg=01;35:*.svgz=01;35:*.mng=01;35:*.pcx=01;35:*.mov=01;35:*.mpg=01;35:*.mpeg=01;35:*.m2v=01;35:*.mkv=01;35:*.webm=01;35:*.ogm=01;35:*.mp4=01;35:*.m4v=01;35:*.mp4v=01;35:*.vob=01;35:*.qt=01;35:*.nuv=01;35:*.wmv=01;35:*.asf=01;35:*.rm=01;35:*.rmvb=01;35:*.flc=01;35:*.avi=01;35:*.fli=01;35:*.flv=01;35:*.gl=01;35:*.dl=01;35:*.xcf=01;35:*.xwd=01;35:*.yuv=01;35:*.cgm=01;35:*.emf=01;35:*.ogv=01;35:*.ogx=01;35:*.aac=00;36:*.au=00;36:*.flac=00;36:*.m4a=00;36:*.mid=00;36:*.midi=00;36:*.mka=00;36:*.mp3=00;36:*.mpc=00;36:*.ogg=00;36:*.ra=00;36:*.wav=00;36:*.oga=00;36:*.opus=00;36:*.spx=00;36:*.xspf=00;36:'), ('GNOME_TERMINAL_SERVICE', ':1.94'), ('SSH_AUTH_SOCK', '/run/user/1000/keyring/ssh'), ('AMENT_PREFIX_PATH', '/home/cav330/f1tenth_ws/install/wall_follow:/home/cav330/f1tenth_ws/install/f1tenth_stack:/home/cav330/f1tenth_ws/install/vesc:/home/cav330/f1tenth_ws/install/vesc_driver:/home/cav330/f1tenth_ws/install/vesc_ackermann:/home/cav330/f1tenth_ws/install/vesc_msgs:/home/cav330/f1tenth_ws/install/teleop_tools:/home/cav330/f1tenth_ws/install/joy_teleop:/home/cav330/f1tenth_ws/install/teleop_tools_msgs:/home/cav330/f1tenth_ws/install/safety_node:/home/cav330/f1tenth_ws/install/mouse_teleop:/home/cav330/f1tenth_ws/install/key_teleop:/home/cav330/f1tenth_ws/install/f1tenth_gym_ros:/home/cav330/f1tenth_ws/install/ackermann_mux:/opt/ros/foxy'), ('SHELL', '/bin/bash'), ('LESSCLOSE', '/usr/bin/lesspipe %s %s'), ('NX_SESSION_ID', '5BBEA081E7CCC5FE47B3898213872B03'), ('GJS_DEBUG_OUTPUT', 'stderr'), ('QT_IM_MODULE', 'ibus'), ('PWD', '/home/cav330/f1tenth_ws/build/vesc'), ('NX_RUNNER', '/usr/NX/bin/nxrunner'), ('XDG_CONFIG_DIRS', '/etc/xdg/xdg-ubuntu-xorg:/etc/xdg'), ('XDG_DATA_DIRS', '/usr/share/ubuntu-xorg:/usr/local/share:/usr/share:/var/lib/snapd/desktop'), ('PYTHONPATH', '/home/cav330/f1tenth_ws/install/vesc_msgs/lib/python3.8/site-packages:/home/cav330/f1tenth_ws/install/f1tenth_stack/lib/python3.8/site-packages:/home/cav330/f1tenth_ws/install/joy_teleop/lib/python3.8/site-packages:/home/cav330/f1tenth_ws/install/teleop_tools_msgs/lib/python3.8/site-packages:/home/cav330/f1tenth_ws/install/mouse_teleop/lib/python3.8/site-packages:/home/cav330/f1tenth_ws/install/key_teleop/lib/python3.8/site-packages:/home/cav330/f1tenth_ws/install/f1tenth_gym_ros/lib/python3.8/site-packages:/opt/ros/foxy/lib/python3.8/site-packages'), ('COLCON', '1'), ('VTE_VERSION', '6003'), ('CMAKE_PREFIX_PATH', '/home/cav330/f1tenth_ws/install/vesc_driver:/home/cav330/f1tenth_ws/install/vesc_ackermann:/home/cav330/f1tenth_ws/install/vesc_msgs:/home/cav330/f1tenth_ws/install/wall_follow:/home/cav330/f1tenth_ws/install/vesc:/home/cav330/f1tenth_ws/install/teleop_tools:/home/cav330/f1tenth_ws/install/teleop_tools_msgs:/home/cav330/f1tenth_ws/install/safety_node:/home/cav330/f1tenth_ws/install/ackermann_mux:/home/cav330/f1tenth_ws/install/f1tenth_stack:/home/cav330/f1tenth_ws/install/joy_teleop:/home/cav330/f1tenth_ws/install/mouse_teleop:/home/cav330/f1tenth_ws/install/key_teleop:/home/cav330/f1tenth_ws/install/f1tenth_gym_ros:/opt/ros/foxy'), ('NX_CONNECTION', '192.168.33.135 65380 192.168.33.130 4000'), ('NXDIR', '/usr/NX')]), 'shell': False}
[9.014539] (safety_node) CommandEnded: {'returncode': 0}
[9.032276] (safety_node) JobProgress: {'identifier': 'safety_node', 'progress': 'install'}
[9.033786] (safety_node) Command: {'cmd': ['/usr/bin/cmake', '--install', '/home/cav330/f1tenth_ws/build/safety_node'], 'cwd': '/home/cav330/f1tenth_ws/build/safety_node', 'env': OrderedDict([('NX_ROOT', '/home/cav330/.nx'), ('GJS_DEBUG_TOPICS', 'JS ERROR;JS LOG'), ('LESSOPEN', '| /usr/bin/lesspipe %s'), ('PULSE_CLIENTCONFIG', '/home/cav330/.nx/devices/D-1001-5BBEA081E7CCC5FE47B3898213872B03/audio/client.conf'), ('MAIL', '/var/mail/cav330'), ('USER', 'cav330'), ('XDG_SESSION_TYPE', 'x11'), ('NX_SYSTEM', '/usr/NX'), ('SHLVL', '1'), ('LD_LIBRARY_PATH', '/home/cav330/f1tenth_ws/install/vesc_driver/lib:/home/cav330/f1tenth_ws/install/vesc_ackermann/lib:/home/cav330/f1tenth_ws/install/vesc_msgs/lib:/home/cav330/f1tenth_ws/install/teleop_tools_msgs/lib:/opt/ros/foxy/opt/yaml_cpp_vendor/lib:/opt/ros/foxy/opt/rviz_ogre_vendor/lib:/opt/ros/foxy/lib/aarch64-linux-gnu:/opt/ros/foxy/lib:/usr/local/cuda-11.4/lib64:'), ('HOME', '/home/cav330'), ('DESKTOP_SESSION', 'ubuntu-xorg'), ('ROS_PYTHON_VERSION', '3'), ('GNOME_SHELL_SESSION_MODE', 'ubuntu'), ('DBUS_SESSION_BUS_ADDRESS', 'unix:abstract=/tmp/dbus-1gzSD6Wl1K,guid=d4e8827e16524ec651a25cad69cafd2d'), ('COLORTERM', 'truecolor'), ('PULSE_SCRIPT', '/home/cav330/.nx/devices/D-1001-5BBEA081E7CCC5FE47B3898213872B03/audio/default.pa'), ('WAYLAND_DISPLAY', 'no'), ('COLCON_PREFIX_PATH', '/home/cav330/f1tenth_ws/install'), ('ROS_DISTRO', 'foxy'), ('LOGNAME', 'cav330'), ('PULSE_SERVER', '/home/cav330/.nx/devices/D-1001-5BBEA081E7CCC5FE47B3898213872B03/audio/native.socket'), ('_', '/usr/bin/colcon'), ('ROS_VERSION', '2'), ('XDG_SESSION_CLASS', 'user'), ('USERNAME', 'cav330'), ('TERM', 'xterm-256color'), ('GNOME_DESKTOP_SESSION_ID', 'this-is-deprecated'), ('ROS_LOCALHOST_ONLY', '0'), ('PATH', '/opt/ros/foxy/bin:/usr/local/cuda-11.4/bin:/home/cav330/.local/bin:/usr/local/sbin:/usr/local/bin:/usr/sbin:/usr/bin:/sbin:/bin:/usr/games:/usr/local/games:/snap/bin'), ('SESSION_MANAGER', 'local/ubuntu:@/tmp/.ICE-unix/3540,unix/ubuntu:/tmp/.ICE-unix/3540'), ('PULSE_RUNTIME_PATH', '/run/user/1000/pulse'), ('XDG_MENU_PREFIX', 'gnome-'), ('GNOME_TERMINAL_SCREEN', '/org/gnome/Terminal/screen/1415c740_4480_4aec_b3c9_829264334640'), ('XDG_RUNTIME_DIR', '/run/user/1000'), ('PULSE_CONFIG', '/home/cav330/.nx/devices/D-1001-5BBEA081E7CCC5FE47B3898213872B03/audio/daemon.conf'), ('GDK_BACKEND', 'x11'), ('DISPLAY', ':1001'), ('LANG', 'en_CA.UTF-8'), ('XDG_CURRENT_DESKTOP', 'ubuntu:GNOME'), ('NX_TEMP', '/tmp'), ('XMODIFIERS', '@im=ibus'), ('XAUTHORITY', '/home/cav330/.Xauthority'), ('LS_COLORS', 'rs=0:di=01;34:ln=01;36:mh=00:pi=40;33:so=01;35:do=01;35:bd=40;33;01:cd=40;33;01:or=40;31;01:mi=00:su=37;41:sg=30;43:ca=30;41:tw=30;42:ow=34;42:st=37;44:ex=01;32:*.tar=01;31:*.tgz=01;31:*.arc=01;31:*.arj=01;31:*.taz=01;31:*.lha=01;31:*.lz4=01;31:*.lzh=01;31:*.lzma=01;31:*.tlz=01;31:*.txz=01;31:*.tzo=01;31:*.t7z=01;31:*.zip=01;31:*.z=01;31:*.dz=01;31:*.gz=01;31:*.lrz=01;31:*.lz=01;31:*.lzo=01;31:*.xz=01;31:*.zst=01;31:*.tzst=01;31:*.bz2=01;31:*.bz=01;31:*.tbz=01;31:*.tbz2=01;31:*.tz=01;31:*.deb=01;31:*.rpm=01;31:*.jar=01;31:*.war=01;31:*.ear=01;31:*.sar=01;31:*.rar=01;31:*.alz=01;31:*.ace=01;31:*.zoo=01;31:*.cpio=01;31:*.7z=01;31:*.rz=01;31:*.cab=01;31:*.wim=01;31:*.swm=01;31:*.dwm=01;31:*.esd=01;31:*.jpg=01;35:*.jpeg=01;35:*.mjpg=01;35:*.mjpeg=01;35:*.gif=01;35:*.bmp=01;35:*.pbm=01;35:*.pgm=01;35:*.ppm=01;35:*.tga=01;35:*.xbm=01;35:*.xpm=01;35:*.tif=01;35:*.tiff=01;35:*.png=01;35:*.svg=01;35:*.svgz=01;35:*.mng=01;35:*.pcx=01;35:*.mov=01;35:*.mpg=01;35:*.mpeg=01;35:*.m2v=01;35:*.mkv=01;35:*.webm=01;35:*.ogm=01;35:*.mp4=01;35:*.m4v=01;35:*.mp4v=01;35:*.vob=01;35:*.qt=01;35:*.nuv=01;35:*.wmv=01;35:*.asf=01;35:*.rm=01;35:*.rmvb=01;35:*.flc=01;35:*.avi=01;35:*.fli=01;35:*.flv=01;35:*.gl=01;35:*.dl=01;35:*.xcf=01;35:*.xwd=01;35:*.yuv=01;35:*.cgm=01;35:*.emf=01;35:*.ogv=01;35:*.ogx=01;35:*.aac=00;36:*.au=00;36:*.flac=00;36:*.m4a=00;36:*.mid=00;36:*.midi=00;36:*.mka=00;36:*.mp3=00;36:*.mpc=00;36:*.ogg=00;36:*.ra=00;36:*.wav=00;36:*.oga=00;36:*.opus=00;36:*.spx=00;36:*.xspf=00;36:'), ('GNOME_TERMINAL_SERVICE', ':1.94'), ('SSH_AUTH_SOCK', '/run/user/1000/keyring/ssh'), ('AMENT_PREFIX_PATH', '/home/cav330/f1tenth_ws/install/wall_follow:/home/cav330/f1tenth_ws/install/f1tenth_stack:/home/cav330/f1tenth_ws/install/vesc:/home/cav330/f1tenth_ws/install/vesc_driver:/home/cav330/f1tenth_ws/install/vesc_ackermann:/home/cav330/f1tenth_ws/install/vesc_msgs:/home/cav330/f1tenth_ws/install/teleop_tools:/home/cav330/f1tenth_ws/install/joy_teleop:/home/cav330/f1tenth_ws/install/teleop_tools_msgs:/home/cav330/f1tenth_ws/install/safety_node:/home/cav330/f1tenth_ws/install/mouse_teleop:/home/cav330/f1tenth_ws/install/key_teleop:/home/cav330/f1tenth_ws/install/f1tenth_gym_ros:/home/cav330/f1tenth_ws/install/ackermann_mux:/opt/ros/foxy'), ('SHELL', '/bin/bash'), ('LESSCLOSE', '/usr/bin/lesspipe %s %s'), ('NX_SESSION_ID', '5BBEA081E7CCC5FE47B3898213872B03'), ('GJS_DEBUG_OUTPUT', 'stderr'), ('QT_IM_MODULE', 'ibus'), ('PWD', '/home/cav330/f1tenth_ws/build/safety_node'), ('NX_RUNNER', '/usr/NX/bin/nxrunner'), ('XDG_CONFIG_DIRS', '/etc/xdg/xdg-ubuntu-xorg:/etc/xdg'), ('XDG_DATA_DIRS', '/usr/share/ubuntu-xorg:/usr/local/share:/usr/share:/var/lib/snapd/desktop'), ('PYTHONPATH', '/home/cav330/f1tenth_ws/install/f1tenth_stack/lib/python3.8/site-packages:/home/cav330/f1tenth_ws/install/vesc_msgs/lib/python3.8/site-packages:/home/cav330/f1tenth_ws/install/joy_teleop/lib/python3.8/site-packages:/home/cav330/f1tenth_ws/install/teleop_tools_msgs/lib/python3.8/site-packages:/home/cav330/f1tenth_ws/install/mouse_teleop/lib/python3.8/site-packages:/home/cav330/f1tenth_ws/install/key_teleop/lib/python3.8/site-packages:/home/cav330/f1tenth_ws/install/f1tenth_gym_ros/lib/python3.8/site-packages:/opt/ros/foxy/lib/python3.8/site-packages'), ('COLCON', '1'), ('VTE_VERSION', '6003'), ('CMAKE_PREFIX_PATH', '/home/cav330/f1tenth_ws/install/wall_follow:/home/cav330/f1tenth_ws/install/vesc:/home/cav330/f1tenth_ws/install/vesc_driver:/home/cav330/f1tenth_ws/install/vesc_ackermann:/home/cav330/f1tenth_ws/install/vesc_msgs:/home/cav330/f1tenth_ws/install/teleop_tools:/home/cav330/f1tenth_ws/install/teleop_tools_msgs:/home/cav330/f1tenth_ws/install/safety_node:/home/cav330/f1tenth_ws/install/ackermann_mux:/home/cav330/f1tenth_ws/install/f1tenth_stack:/home/cav330/f1tenth_ws/install/joy_teleop:/home/cav330/f1tenth_ws/install/mouse_teleop:/home/cav330/f1tenth_ws/install/key_teleop:/home/cav330/f1tenth_ws/install/f1tenth_gym_ros:/opt/ros/foxy'), ('NX_CONNECTION', '192.168.33.135 65380 192.168.33.130 4000'), ('NXDIR', '/usr/NX')]), 'shell': False}
[9.060306] (-) TimerEvent: {}
[9.064799] (vesc) StdoutLine: {'line': b'-- Install configuration: ""\n'}
[9.066433] (vesc) StdoutLine: {'line': b'-- Up-to-date: /home/cav330/f1tenth_ws/install/vesc/share/ament_index/resource_index/package_run_dependencies/vesc\n'}
[9.070488] (vesc) StdoutLine: {'line': b'-- Up-to-date: /home/cav330/f1tenth_ws/install/vesc/share/ament_index/resource_index/parent_prefix_path/vesc\n'}
[9.071432] (vesc) StdoutLine: {'line': b'-- Up-to-date: /home/cav330/f1tenth_ws/install/vesc/share/vesc/environment/ament_prefix_path.sh\n'}
[9.072099] (vesc) StdoutLine: {'line': b'-- Up-to-date: /home/cav330/f1tenth_ws/install/vesc/share/vesc/environment/ament_prefix_path.dsv\n'}
[9.072576] (vesc) StdoutLine: {'line': b'-- Up-to-date: /home/cav330/f1tenth_ws/install/vesc/share/vesc/environment/path.sh\n'}
[9.073205] (vesc) StdoutLine: {'line': b'-- Up-to-date: /home/cav330/f1tenth_ws/install/vesc/share/vesc/environment/path.dsv\n'}
[9.075556] (vesc) StdoutLine: {'line': b'-- Up-to-date: /home/cav330/f1tenth_ws/install/vesc/share/vesc/local_setup.bash\n'}
[9.075970] (vesc) StdoutLine: {'line': b'-- Up-to-date: /home/cav330/f1tenth_ws/install/vesc/share/vesc/local_setup.sh\n'}
[9.076317] (vesc) StdoutLine: {'line': b'-- Up-to-date: /home/cav330/f1tenth_ws/install/vesc/share/vesc/local_setup.zsh\n'}
[9.076622] (vesc) StdoutLine: {'line': b'-- Up-to-date: /home/cav330/f1tenth_ws/install/vesc/share/vesc/local_setup.dsv\n'}
[9.076948] (vesc) StdoutLine: {'line': b'-- Installing: /home/cav330/f1tenth_ws/install/vesc/share/vesc/package.dsv\n'}
[9.079216] (vesc) StdoutLine: {'line': b'-- Up-to-date: /home/cav330/f1tenth_ws/install/vesc/share/ament_index/resource_index/packages/vesc\n'}
[9.080509] (vesc) StdoutLine: {'line': b'-- Up-to-date: /home/cav330/f1tenth_ws/install/vesc/share/vesc/cmake/vescConfig.cmake\n'}
[9.081310] (vesc) StdoutLine: {'line': b'-- Up-to-date: /home/cav330/f1tenth_ws/install/vesc/share/vesc/cmake/vescConfig-version.cmake\n'}
[9.082918] (vesc) StdoutLine: {'line': b'-- Up-to-date: /home/cav330/f1tenth_ws/install/vesc/share/vesc/package.xml\n'}
[9.094316] (vesc) CommandEnded: {'returncode': 0}
[9.130791] (safety_node) StdoutLine: {'line': b'-- Install configuration: ""\n'}
[9.131379] (safety_node) StdoutLine: {'line': b'-- Up-to-date: /home/cav330/f1tenth_ws/install/safety_node/lib/safety_node/safety_node\n'}
[9.132026] (safety_node) StdoutLine: {'line': b'-- Up-to-date: /home/cav330/f1tenth_ws/install/safety_node/share/safety_node/launch\n'}
[9.132708] (safety_node) StdoutLine: {'line': b'-- Up-to-date: /home/cav330/f1tenth_ws/install/safety_node/share/safety_node/launch/safety_node_hardware_launch.py\n'}
[9.133664] (safety_node) StdoutLine: {'line': b'-- Up-to-date: /home/cav330/f1tenth_ws/install/safety_node/share/safety_node/launch/safety_node_launch.py\n'}
[9.134120] (safety_node) StdoutLine: {'line': b'-- Up-to-date: /home/cav330/f1tenth_ws/install/safety_node/share/safety_node/config\n'}
[9.134735] (safety_node) StdoutLine: {'line': b'-- Up-to-date: /home/cav330/f1tenth_ws/install/safety_node/share/safety_node/config/hardware_params.yaml\n'}
[9.135389] (safety_node) StdoutLine: {'line': b'-- Up-to-date: /home/cav330/f1tenth_ws/install/safety_node/share/ament_index/resource_index/package_run_dependencies/safety_node\n'}
[9.137512] (safety_node) StdoutLine: {'line': b'-- Up-to-date: /home/cav330/f1tenth_ws/install/safety_node/share/ament_index/resource_index/parent_prefix_path/safety_node\n'}
[9.138282] (safety_node) StdoutLine: {'line': b'-- Up-to-date: /home/cav330/f1tenth_ws/install/safety_node/share/safety_node/environment/ament_prefix_path.sh\n'}
[9.138771] (safety_node) StdoutLine: {'line': b'-- Up-to-date: /home/cav330/f1tenth_ws/install/safety_node/share/safety_node/environment/ament_prefix_path.dsv\n'}
[9.139112] (safety_node) StdoutLine: {'line': b'-- Up-to-date: /home/cav330/f1tenth_ws/install/safety_node/share/safety_node/environment/path.sh\n'}
[9.139707] (safety_node) StdoutLine: {'line': b'-- Up-to-date: /home/cav330/f1tenth_ws/install/safety_node/share/safety_node/environment/path.dsv\n'}
[9.140535] (safety_node) StdoutLine: {'line': b'-- Up-to-date: /home/cav330/f1tenth_ws/install/safety_node/share/safety_node/local_setup.bash\n'}
[9.141760] (safety_node) StdoutLine: {'line': b'-- Up-to-date: /home/cav330/f1tenth_ws/install/safety_node/share/safety_node/local_setup.sh\n'}
[9.142705] (safety_node) StdoutLine: {'line': b'-- Up-to-date: /home/cav330/f1tenth_ws/install/safety_node/share/safety_node/local_setup.zsh\n'}
[9.143653] (safety_node) StdoutLine: {'line': b'-- Up-to-date: /home/cav330/f1tenth_ws/install/safety_node/share/safety_node/local_setup.dsv\n'}
[9.144157] (safety_node) StdoutLine: {'line': b'-- Installing: /home/cav330/f1tenth_ws/install/safety_node/share/safety_node/package.dsv\n'}
[9.146506] (safety_node) StdoutLine: {'line': b'-- Up-to-date: /home/cav330/f1tenth_ws/install/safety_node/share/ament_index/resource_index/packages/safety_node\n'}
[9.147166] (safety_node) StdoutLine: {'line': b'-- Up-to-date: /home/cav330/f1tenth_ws/install/safety_node/share/safety_node/cmake/safety_nodeConfig.cmake\n'}
[9.147877] (safety_node) StdoutLine: {'line': b'-- Up-to-date: /home/cav330/f1tenth_ws/install/safety_node/share/safety_node/cmake/safety_nodeConfig-version.cmake\n'}
[9.148652] (safety_node) StdoutLine: {'line': b'-- Up-to-date: /home/cav330/f1tenth_ws/install/safety_node/share/safety_node/package.xml\n'}
[9.161253] (-) TimerEvent: {}
[9.197024] (vesc) JobEnded: {'identifier': 'vesc', 'rc': 0}
[9.207489] (wall_follow) JobStarted: {'identifier': 'wall_follow'}
[9.262769] (-) TimerEvent: {}
[9.294196] (safety_node) CommandEnded: {'returncode': 0}
[9.363168] (-) TimerEvent: {}
[9.380347] (safety_node) JobEnded: {'identifier': 'safety_node', 'rc': 0}
[9.387800] (wall_follow) JobProgress: {'identifier': 'wall_follow', 'progress': 'cmake'}
[9.391769] (wall_follow) JobProgress: {'identifier': 'wall_follow', 'progress': 'build'}
[9.400411] (wall_follow) Command: {'cmd': ['/usr/bin/cmake', '--build', '/home/cav330/f1tenth_ws/build/wall_follow', '--', '-j4', '-l4'], 'cwd': '/home/cav330/f1tenth_ws/build/wall_follow', 'env': OrderedDict([('NX_ROOT', '/home/cav330/.nx'), ('GJS_DEBUG_TOPICS', 'JS ERROR;JS LOG'), ('LESSOPEN', '| /usr/bin/lesspipe %s'), ('PULSE_CLIENTCONFIG', '/home/cav330/.nx/devices/D-1001-5BBEA081E7CCC5FE47B3898213872B03/audio/client.conf'), ('MAIL', '/var/mail/cav330'), ('USER', 'cav330'), ('XDG_SESSION_TYPE', 'x11'), ('NX_SYSTEM', '/usr/NX'), ('SHLVL', '1'), ('LD_LIBRARY_PATH', '/home/cav330/f1tenth_ws/install/vesc_driver/lib:/home/cav330/f1tenth_ws/install/vesc_ackermann/lib:/home/cav330/f1tenth_ws/install/vesc_msgs/lib:/home/cav330/f1tenth_ws/install/teleop_tools_msgs/lib:/opt/ros/foxy/opt/yaml_cpp_vendor/lib:/opt/ros/foxy/opt/rviz_ogre_vendor/lib:/opt/ros/foxy/lib/aarch64-linux-gnu:/opt/ros/foxy/lib:/usr/local/cuda-11.4/lib64:'), ('HOME', '/home/cav330'), ('DESKTOP_SESSION', 'ubuntu-xorg'), ('ROS_PYTHON_VERSION', '3'), ('GNOME_SHELL_SESSION_MODE', 'ubuntu'), ('DBUS_SESSION_BUS_ADDRESS', 'unix:abstract=/tmp/dbus-1gzSD6Wl1K,guid=d4e8827e16524ec651a25cad69cafd2d'), ('COLORTERM', 'truecolor'), ('PULSE_SCRIPT', '/home/cav330/.nx/devices/D-1001-5BBEA081E7CCC5FE47B3898213872B03/audio/default.pa'), ('WAYLAND_DISPLAY', 'no'), ('COLCON_PREFIX_PATH', '/home/cav330/f1tenth_ws/install'), ('ROS_DISTRO', 'foxy'), ('LOGNAME', 'cav330'), ('PULSE_SERVER', '/home/cav330/.nx/devices/D-1001-5BBEA081E7CCC5FE47B3898213872B03/audio/native.socket'), ('_', '/usr/bin/colcon'), ('ROS_VERSION', '2'), ('XDG_SESSION_CLASS', 'user'), ('USERNAME', 'cav330'), ('TERM', 'xterm-256color'), ('GNOME_DESKTOP_SESSION_ID', 'this-is-deprecated'), ('ROS_LOCALHOST_ONLY', '0'), ('PATH', '/opt/ros/foxy/bin:/usr/local/cuda-11.4/bin:/home/cav330/.local/bin:/usr/local/sbin:/usr/local/bin:/usr/sbin:/usr/bin:/sbin:/bin:/usr/games:/usr/local/games:/snap/bin'), ('SESSION_MANAGER', 'local/ubuntu:@/tmp/.ICE-unix/3540,unix/ubuntu:/tmp/.ICE-unix/3540'), ('PULSE_RUNTIME_PATH', '/run/user/1000/pulse'), ('XDG_MENU_PREFIX', 'gnome-'), ('GNOME_TERMINAL_SCREEN', '/org/gnome/Terminal/screen/1415c740_4480_4aec_b3c9_829264334640'), ('XDG_RUNTIME_DIR', '/run/user/1000'), ('PULSE_CONFIG', '/home/cav330/.nx/devices/D-1001-5BBEA081E7CCC5FE47B3898213872B03/audio/daemon.conf'), ('GDK_BACKEND', 'x11'), ('DISPLAY', ':1001'), ('LANG', 'en_CA.UTF-8'), ('XDG_CURRENT_DESKTOP', 'ubuntu:GNOME'), ('NX_TEMP', '/tmp'), ('XMODIFIERS', '@im=ibus'), ('XAUTHORITY', '/home/cav330/.Xauthority'), ('LS_COLORS', 'rs=0:di=01;34:ln=01;36:mh=00:pi=40;33:so=01;35:do=01;35:bd=40;33;01:cd=40;33;01:or=40;31;01:mi=00:su=37;41:sg=30;43:ca=30;41:tw=30;42:ow=34;42:st=37;44:ex=01;32:*.tar=01;31:*.tgz=01;31:*.arc=01;31:*.arj=01;31:*.taz=01;31:*.lha=01;31:*.lz4=01;31:*.lzh=01;31:*.lzma=01;31:*.tlz=01;31:*.txz=01;31:*.tzo=01;31:*.t7z=01;31:*.zip=01;31:*.z=01;31:*.dz=01;31:*.gz=01;31:*.lrz=01;31:*.lz=01;31:*.lzo=01;31:*.xz=01;31:*.zst=01;31:*.tzst=01;31:*.bz2=01;31:*.bz=01;31:*.tbz=01;31:*.tbz2=01;31:*.tz=01;31:*.deb=01;31:*.rpm=01;31:*.jar=01;31:*.war=01;31:*.ear=01;31:*.sar=01;31:*.rar=01;31:*.alz=01;31:*.ace=01;31:*.zoo=01;31:*.cpio=01;31:*.7z=01;31:*.rz=01;31:*.cab=01;31:*.wim=01;31:*.swm=01;31:*.dwm=01;31:*.esd=01;31:*.jpg=01;35:*.jpeg=01;35:*.mjpg=01;35:*.mjpeg=01;35:*.gif=01;35:*.bmp=01;35:*.pbm=01;35:*.pgm=01;35:*.ppm=01;35:*.tga=01;35:*.xbm=01;35:*.xpm=01;35:*.tif=01;35:*.tiff=01;35:*.png=01;35:*.svg=01;35:*.svgz=01;35:*.mng=01;35:*.pcx=01;35:*.mov=01;35:*.mpg=01;35:*.mpeg=01;35:*.m2v=01;35:*.mkv=01;35:*.webm=01;35:*.ogm=01;35:*.mp4=01;35:*.m4v=01;35:*.mp4v=01;35:*.vob=01;35:*.qt=01;35:*.nuv=01;35:*.wmv=01;35:*.asf=01;35:*.rm=01;35:*.rmvb=01;35:*.flc=01;35:*.avi=01;35:*.fli=01;35:*.flv=01;35:*.gl=01;35:*.dl=01;35:*.xcf=01;35:*.xwd=01;35:*.yuv=01;35:*.cgm=01;35:*.emf=01;35:*.ogv=01;35:*.ogx=01;35:*.aac=00;36:*.au=00;36:*.flac=00;36:*.m4a=00;36:*.mid=00;36:*.midi=00;36:*.mka=00;36:*.mp3=00;36:*.mpc=00;36:*.ogg=00;36:*.ra=00;36:*.wav=00;36:*.oga=00;36:*.opus=00;36:*.spx=00;36:*.xspf=00;36:'), ('GNOME_TERMINAL_SERVICE', ':1.94'), ('SSH_AUTH_SOCK', '/run/user/1000/keyring/ssh'), ('AMENT_PREFIX_PATH', '/home/cav330/f1tenth_ws/install/wall_follow:/home/cav330/f1tenth_ws/install/f1tenth_stack:/home/cav330/f1tenth_ws/install/vesc:/home/cav330/f1tenth_ws/install/vesc_driver:/home/cav330/f1tenth_ws/install/vesc_ackermann:/home/cav330/f1tenth_ws/install/vesc_msgs:/home/cav330/f1tenth_ws/install/teleop_tools:/home/cav330/f1tenth_ws/install/joy_teleop:/home/cav330/f1tenth_ws/install/teleop_tools_msgs:/home/cav330/f1tenth_ws/install/safety_node:/home/cav330/f1tenth_ws/install/mouse_teleop:/home/cav330/f1tenth_ws/install/key_teleop:/home/cav330/f1tenth_ws/install/f1tenth_gym_ros:/home/cav330/f1tenth_ws/install/ackermann_mux:/opt/ros/foxy'), ('SHELL', '/bin/bash'), ('LESSCLOSE', '/usr/bin/lesspipe %s %s'), ('NX_SESSION_ID', '5BBEA081E7CCC5FE47B3898213872B03'), ('GJS_DEBUG_OUTPUT', 'stderr'), ('QT_IM_MODULE', 'ibus'), ('PWD', '/home/cav330/f1tenth_ws/build/wall_follow'), ('NX_RUNNER', '/usr/NX/bin/nxrunner'), ('XDG_CONFIG_DIRS', '/etc/xdg/xdg-ubuntu-xorg:/etc/xdg'), ('XDG_DATA_DIRS', '/usr/share/ubuntu-xorg:/usr/local/share:/usr/share:/var/lib/snapd/desktop'), ('PYTHONPATH', '/home/cav330/f1tenth_ws/install/f1tenth_stack/lib/python3.8/site-packages:/home/cav330/f1tenth_ws/install/vesc_msgs/lib/python3.8/site-packages:/home/cav330/f1tenth_ws/install/joy_teleop/lib/python3.8/site-packages:/home/cav330/f1tenth_ws/install/teleop_tools_msgs/lib/python3.8/site-packages:/home/cav330/f1tenth_ws/install/mouse_teleop/lib/python3.8/site-packages:/home/cav330/f1tenth_ws/install/key_teleop/lib/python3.8/site-packages:/home/cav330/f1tenth_ws/install/f1tenth_gym_ros/lib/python3.8/site-packages:/opt/ros/foxy/lib/python3.8/site-packages'), ('COLCON', '1'), ('VTE_VERSION', '6003'), ('CMAKE_PREFIX_PATH', '/home/cav330/f1tenth_ws/install/wall_follow:/home/cav330/f1tenth_ws/install/vesc:/home/cav330/f1tenth_ws/install/vesc_driver:/home/cav330/f1tenth_ws/install/vesc_ackermann:/home/cav330/f1tenth_ws/install/vesc_msgs:/home/cav330/f1tenth_ws/install/teleop_tools:/home/cav330/f1tenth_ws/install/teleop_tools_msgs:/home/cav330/f1tenth_ws/install/safety_node:/home/cav330/f1tenth_ws/install/ackermann_mux:/home/cav330/f1tenth_ws/install/f1tenth_stack:/home/cav330/f1tenth_ws/install/joy_teleop:/home/cav330/f1tenth_ws/install/mouse_teleop:/home/cav330/f1tenth_ws/install/key_teleop:/home/cav330/f1tenth_ws/install/f1tenth_gym_ros:/opt/ros/foxy'), ('NX_CONNECTION', '192.168.33.135 65380 192.168.33.130 4000'), ('NXDIR', '/usr/NX')]), 'shell': False}
[9.463529] (-) TimerEvent: {}
[9.565279] (-) TimerEvent: {}
[9.631558] (joy_teleop) StdoutLine: {'line': b'running egg_info\n'}
[9.635406] (joy_teleop) StdoutLine: {'line': b'writing ../../../../build/joy_teleop/joy_teleop.egg-info/PKG-INFO\n'}
[9.637029] (joy_teleop) StdoutLine: {'line': b'writing dependency_links to ../../../../build/joy_teleop/joy_teleop.egg-info/dependency_links.txt\n'}
[9.638275] (joy_teleop) StdoutLine: {'line': b'writing entry points to ../../../../build/joy_teleop/joy_teleop.egg-info/entry_points.txt\n'}
[9.638915] (joy_teleop) StdoutLine: {'line': b'writing requirements to ../../../../build/joy_teleop/joy_teleop.egg-info/requires.txt\n'}
[9.639543] (joy_teleop) StdoutLine: {'line': b'writing top-level names to ../../../../build/joy_teleop/joy_teleop.egg-info/top_level.txt\n'}
[9.665483] (-) TimerEvent: {}
[9.767026] (-) TimerEvent: {}
[9.796035] (joy_teleop) StdoutLine: {'line': b"reading manifest file '../../../../build/joy_teleop/joy_teleop.egg-info/SOURCES.txt'\n"}
[9.800887] (joy_teleop) StdoutLine: {'line': b"writing manifest file '../../../../build/joy_teleop/joy_teleop.egg-info/SOURCES.txt'\n"}
[9.802025] (joy_teleop) StdoutLine: {'line': b'running build\n'}
[9.802628] (joy_teleop) StdoutLine: {'line': b'running build_py\n'}
[9.805872] (joy_teleop) StdoutLine: {'line': b'running install\n'}
[9.811090] (joy_teleop) StdoutLine: {'line': b'running install_lib\n'}
[9.818357] (wall_follow) StdoutLine: {'line': b'[100%] Built target wall_follow_node\n'}
[9.819963] (joy_teleop) StdoutLine: {'line': b'running install_data\n'}
[9.821528] (joy_teleop) StdoutLine: {'line': b'running install_egg_info\n'}
[9.829057] (joy_teleop) StdoutLine: {'line': b"removing '/home/cav330/f1tenth_ws/install/joy_teleop/lib/python3.8/site-packages/joy_teleop-0.3.0-py3.8.egg-info' (and everything under it)\n"}
[9.830726] (joy_teleop) StdoutLine: {'line': b'Copying ../../../../build/joy_teleop/joy_teleop.egg-info to /home/cav330/f1tenth_ws/install/joy_teleop/lib/python3.8/site-packages/joy_teleop-0.3.0-py3.8.egg-info\n'}
[9.836680] (joy_teleop) StdoutLine: {'line': b'running install_scripts\n'}
[9.867758] (-) TimerEvent: {}
[9.881264] (wall_follow) CommandEnded: {'returncode': 0}
[9.886366] (wall_follow) JobProgress: {'identifier': 'wall_follow', 'progress': 'install'}
[9.887636] (wall_follow) Command: {'cmd': ['/usr/bin/cmake', '--install', '/home/cav330/f1tenth_ws/build/wall_follow'], 'cwd': '/home/cav330/f1tenth_ws/build/wall_follow', 'env': OrderedDict([('NX_ROOT', '/home/cav330/.nx'), ('GJS_DEBUG_TOPICS', 'JS ERROR;JS LOG'), ('LESSOPEN', '| /usr/bin/lesspipe %s'), ('PULSE_CLIENTCONFIG', '/home/cav330/.nx/devices/D-1001-5BBEA081E7CCC5FE47B3898213872B03/audio/client.conf'), ('MAIL', '/var/mail/cav330'), ('USER', 'cav330'), ('XDG_SESSION_TYPE', 'x11'), ('NX_SYSTEM', '/usr/NX'), ('SHLVL', '1'), ('LD_LIBRARY_PATH', '/home/cav330/f1tenth_ws/install/vesc_driver/lib:/home/cav330/f1tenth_ws/install/vesc_ackermann/lib:/home/cav330/f1tenth_ws/install/vesc_msgs/lib:/home/cav330/f1tenth_ws/install/teleop_tools_msgs/lib:/opt/ros/foxy/opt/yaml_cpp_vendor/lib:/opt/ros/foxy/opt/rviz_ogre_vendor/lib:/opt/ros/foxy/lib/aarch64-linux-gnu:/opt/ros/foxy/lib:/usr/local/cuda-11.4/lib64:'), ('HOME', '/home/cav330'), ('DESKTOP_SESSION', 'ubuntu-xorg'), ('ROS_PYTHON_VERSION', '3'), ('GNOME_SHELL_SESSION_MODE', 'ubuntu'), ('DBUS_SESSION_BUS_ADDRESS', 'unix:abstract=/tmp/dbus-1gzSD6Wl1K,guid=d4e8827e16524ec651a25cad69cafd2d'), ('COLORTERM', 'truecolor'), ('PULSE_SCRIPT', '/home/cav330/.nx/devices/D-1001-5BBEA081E7CCC5FE47B3898213872B03/audio/default.pa'), ('WAYLAND_DISPLAY', 'no'), ('COLCON_PREFIX_PATH', '/home/cav330/f1tenth_ws/install'), ('ROS_DISTRO', 'foxy'), ('LOGNAME', 'cav330'), ('PULSE_SERVER', '/home/cav330/.nx/devices/D-1001-5BBEA081E7CCC5FE47B3898213872B03/audio/native.socket'), ('_', '/usr/bin/colcon'), ('ROS_VERSION', '2'), ('XDG_SESSION_CLASS', 'user'), ('USERNAME', 'cav330'), ('TERM', 'xterm-256color'), ('GNOME_DESKTOP_SESSION_ID', 'this-is-deprecated'), ('ROS_LOCALHOST_ONLY', '0'), ('PATH', '/opt/ros/foxy/bin:/usr/local/cuda-11.4/bin:/home/cav330/.local/bin:/usr/local/sbin:/usr/local/bin:/usr/sbin:/usr/bin:/sbin:/bin:/usr/games:/usr/local/games:/snap/bin'), ('SESSION_MANAGER', 'local/ubuntu:@/tmp/.ICE-unix/3540,unix/ubuntu:/tmp/.ICE-unix/3540'), ('PULSE_RUNTIME_PATH', '/run/user/1000/pulse'), ('XDG_MENU_PREFIX', 'gnome-'), ('GNOME_TERMINAL_SCREEN', '/org/gnome/Terminal/screen/1415c740_4480_4aec_b3c9_829264334640'), ('XDG_RUNTIME_DIR', '/run/user/1000'), ('PULSE_CONFIG', '/home/cav330/.nx/devices/D-1001-5BBEA081E7CCC5FE47B3898213872B03/audio/daemon.conf'), ('GDK_BACKEND', 'x11'), ('DISPLAY', ':1001'), ('LANG', 'en_CA.UTF-8'), ('XDG_CURRENT_DESKTOP', 'ubuntu:GNOME'), ('NX_TEMP', '/tmp'), ('XMODIFIERS', '@im=ibus'), ('XAUTHORITY', '/home/cav330/.Xauthority'), ('LS_COLORS', 'rs=0:di=01;34:ln=01;36:mh=00:pi=40;33:so=01;35:do=01;35:bd=40;33;01:cd=40;33;01:or=40;31;01:mi=00:su=37;41:sg=30;43:ca=30;41:tw=30;42:ow=34;42:st=37;44:ex=01;32:*.tar=01;31:*.tgz=01;31:*.arc=01;31:*.arj=01;31:*.taz=01;31:*.lha=01;31:*.lz4=01;31:*.lzh=01;31:*.lzma=01;31:*.tlz=01;31:*.txz=01;31:*.tzo=01;31:*.t7z=01;31:*.zip=01;31:*.z=01;31:*.dz=01;31:*.gz=01;31:*.lrz=01;31:*.lz=01;31:*.lzo=01;31:*.xz=01;31:*.zst=01;31:*.tzst=01;31:*.bz2=01;31:*.bz=01;31:*.tbz=01;31:*.tbz2=01;31:*.tz=01;31:*.deb=01;31:*.rpm=01;31:*.jar=01;31:*.war=01;31:*.ear=01;31:*.sar=01;31:*.rar=01;31:*.alz=01;31:*.ace=01;31:*.zoo=01;31:*.cpio=01;31:*.7z=01;31:*.rz=01;31:*.cab=01;31:*.wim=01;31:*.swm=01;31:*.dwm=01;31:*.esd=01;31:*.jpg=01;35:*.jpeg=01;35:*.mjpg=01;35:*.mjpeg=01;35:*.gif=01;35:*.bmp=01;35:*.pbm=01;35:*.pgm=01;35:*.ppm=01;35:*.tga=01;35:*.xbm=01;35:*.xpm=01;35:*.tif=01;35:*.tiff=01;35:*.png=01;35:*.svg=01;35:*.svgz=01;35:*.mng=01;35:*.pcx=01;35:*.mov=01;35:*.mpg=01;35:*.mpeg=01;35:*.m2v=01;35:*.mkv=01;35:*.webm=01;35:*.ogm=01;35:*.mp4=01;35:*.m4v=01;35:*.mp4v=01;35:*.vob=01;35:*.qt=01;35:*.nuv=01;35:*.wmv=01;35:*.asf=01;35:*.rm=01;35:*.rmvb=01;35:*.flc=01;35:*.avi=01;35:*.fli=01;35:*.flv=01;35:*.gl=01;35:*.dl=01;35:*.xcf=01;35:*.xwd=01;35:*.yuv=01;35:*.cgm=01;35:*.emf=01;35:*.ogv=01;35:*.ogx=01;35:*.aac=00;36:*.au=00;36:*.flac=00;36:*.m4a=00;36:*.mid=00;36:*.midi=00;36:*.mka=00;36:*.mp3=00;36:*.mpc=00;36:*.ogg=00;36:*.ra=00;36:*.wav=00;36:*.oga=00;36:*.opus=00;36:*.spx=00;36:*.xspf=00;36:'), ('GNOME_TERMINAL_SERVICE', ':1.94'), ('SSH_AUTH_SOCK', '/run/user/1000/keyring/ssh'), ('AMENT_PREFIX_PATH', '/home/cav330/f1tenth_ws/install/wall_follow:/home/cav330/f1tenth_ws/install/f1tenth_stack:/home/cav330/f1tenth_ws/install/vesc:/home/cav330/f1tenth_ws/install/vesc_driver:/home/cav330/f1tenth_ws/install/vesc_ackermann:/home/cav330/f1tenth_ws/install/vesc_msgs:/home/cav330/f1tenth_ws/install/teleop_tools:/home/cav330/f1tenth_ws/install/joy_teleop:/home/cav330/f1tenth_ws/install/teleop_tools_msgs:/home/cav330/f1tenth_ws/install/safety_node:/home/cav330/f1tenth_ws/install/mouse_teleop:/home/cav330/f1tenth_ws/install/key_teleop:/home/cav330/f1tenth_ws/install/f1tenth_gym_ros:/home/cav330/f1tenth_ws/install/ackermann_mux:/opt/ros/foxy'), ('SHELL', '/bin/bash'), ('LESSCLOSE', '/usr/bin/lesspipe %s %s'), ('NX_SESSION_ID', '5BBEA081E7CCC5FE47B3898213872B03'), ('GJS_DEBUG_OUTPUT', 'stderr'), ('QT_IM_MODULE', 'ibus'), ('PWD', '/home/cav330/f1tenth_ws/build/wall_follow'), ('NX_RUNNER', '/usr/NX/bin/nxrunner'), ('XDG_CONFIG_DIRS', '/etc/xdg/xdg-ubuntu-xorg:/etc/xdg'), ('XDG_DATA_DIRS', '/usr/share/ubuntu-xorg:/usr/local/share:/usr/share:/var/lib/snapd/desktop'), ('PYTHONPATH', '/home/cav330/f1tenth_ws/install/f1tenth_stack/lib/python3.8/site-packages:/home/cav330/f1tenth_ws/install/vesc_msgs/lib/python3.8/site-packages:/home/cav330/f1tenth_ws/install/joy_teleop/lib/python3.8/site-packages:/home/cav330/f1tenth_ws/install/teleop_tools_msgs/lib/python3.8/site-packages:/home/cav330/f1tenth_ws/install/mouse_teleop/lib/python3.8/site-packages:/home/cav330/f1tenth_ws/install/key_teleop/lib/python3.8/site-packages:/home/cav330/f1tenth_ws/install/f1tenth_gym_ros/lib/python3.8/site-packages:/opt/ros/foxy/lib/python3.8/site-packages'), ('COLCON', '1'), ('VTE_VERSION', '6003'), ('CMAKE_PREFIX_PATH', '/home/cav330/f1tenth_ws/install/wall_follow:/home/cav330/f1tenth_ws/install/vesc:/home/cav330/f1tenth_ws/install/vesc_driver:/home/cav330/f1tenth_ws/install/vesc_ackermann:/home/cav330/f1tenth_ws/install/vesc_msgs:/home/cav330/f1tenth_ws/install/teleop_tools:/home/cav330/f1tenth_ws/install/teleop_tools_msgs:/home/cav330/f1tenth_ws/install/safety_node:/home/cav330/f1tenth_ws/install/ackermann_mux:/home/cav330/f1tenth_ws/install/f1tenth_stack:/home/cav330/f1tenth_ws/install/joy_teleop:/home/cav330/f1tenth_ws/install/mouse_teleop:/home/cav330/f1tenth_ws/install/key_teleop:/home/cav330/f1tenth_ws/install/f1tenth_gym_ros:/opt/ros/foxy'), ('NX_CONNECTION', '192.168.33.135 65380 192.168.33.130 4000'), ('NXDIR', '/usr/NX')]), 'shell': False}
[9.919689] (joy_teleop) StdoutLine: {'line': b'Installing incrementer_server script to /home/cav330/f1tenth_ws/install/joy_teleop/lib/joy_teleop\n'}
[9.921512] (joy_teleop) StdoutLine: {'line': b'Installing joy_teleop script to /home/cav330/f1tenth_ws/install/joy_teleop/lib/joy_teleop\n'}
[9.923209] (joy_teleop) StdoutLine: {'line': b"writing list of installed files to '/home/cav330/f1tenth_ws/build/joy_teleop/install.log'\n"}
[9.959638] (wall_follow) StdoutLine: {'line': b'-- Install configuration: ""\n'}
[9.963491] (wall_follow) StdoutLine: {'line': b'-- Up-to-date: /home/cav330/f1tenth_ws/install/wall_follow/lib/wall_follow/wall_follow_node\n'}
[9.966904] (wall_follow) StdoutLine: {'line': b'-- Up-to-date: /home/cav330/f1tenth_ws/install/wall_follow/share/wall_follow/launch\n'}
[9.967571] (-) TimerEvent: {}
[9.969039] (wall_follow) StdoutLine: {'line': b'-- Up-to-date: /home/cav330/f1tenth_ws/install/wall_follow/share/wall_follow/launch/wall_follow_launch.py\n'}
[9.969806] (wall_follow) StdoutLine: {'line': b'-- Up-to-date: /home/cav330/f1tenth_ws/install/wall_follow/share/wall_follow/launch/wall_follow_hardware_launch.py\n'}
[9.970434] (wall_follow) StdoutLine: {'line': b'-- Up-to-date: /home/cav330/f1tenth_ws/install/wall_follow/share/wall_follow/launch/hardware_launch.py\n'}
[9.970822] (wall_follow) StdoutLine: {'line': b'-- Up-to-date: /home/cav330/f1tenth_ws/install/wall_follow/share/wall_follow/config\n'}
[9.971200] (wall_follow) StdoutLine: {'line': b'-- Up-to-date: /home/cav330/f1tenth_ws/install/wall_follow/share/wall_follow/config/mux_params.yaml\n'}
[9.971698] (wall_follow) StdoutLine: {'line': b'-- Up-to-date: /home/cav330/f1tenth_ws/install/wall_follow/share/wall_follow/config/hardware_params.yaml\n'}
[9.972285] (wall_follow) StdoutLine: {'line': b'-- Up-to-date: /home/cav330/f1tenth_ws/install/wall_follow/share/ament_index/resource_index/package_run_dependencies/wall_follow\n'}
[9.973173] (wall_follow) StdoutLine: {'line': b'-- Up-to-date: /home/cav330/f1tenth_ws/install/wall_follow/share/ament_index/resource_index/parent_prefix_path/wall_follow\n'}
[9.974058] (wall_follow) StdoutLine: {'line': b'-- Up-to-date: /home/cav330/f1tenth_ws/install/wall_follow/share/wall_follow/environment/ament_prefix_path.sh\n'}
[9.974743] (wall_follow) StdoutLine: {'line': b'-- Up-to-date: /home/cav330/f1tenth_ws/install/wall_follow/share/wall_follow/environment/ament_prefix_path.dsv\n'}
[9.975333] (wall_follow) StdoutLine: {'line': b'-- Up-to-date: /home/cav330/f1tenth_ws/install/wall_follow/share/wall_follow/environment/path.sh\n'}
[9.975946] (wall_follow) StdoutLine: {'line': b'-- Up-to-date: /home/cav330/f1tenth_ws/install/wall_follow/share/wall_follow/environment/path.dsv\n'}
[9.976507] (wall_follow) StdoutLine: {'line': b'-- Up-to-date: /home/cav330/f1tenth_ws/install/wall_follow/share/wall_follow/local_setup.bash\n'}
[9.977114] (wall_follow) StdoutLine: {'line': b'-- Up-to-date: /home/cav330/f1tenth_ws/install/wall_follow/share/wall_follow/local_setup.sh\n'}
[9.977860] (wall_follow) StdoutLine: {'line': b'-- Up-to-date: /home/cav330/f1tenth_ws/install/wall_follow/share/wall_follow/local_setup.zsh\n'}
[9.978446] (wall_follow) StdoutLine: {'line': b'-- Up-to-date: /home/cav330/f1tenth_ws/install/wall_follow/share/wall_follow/local_setup.dsv\n'}
[9.980212] (wall_follow) StdoutLine: {'line': b'-- Installing: /home/cav330/f1tenth_ws/install/wall_follow/share/wall_follow/package.dsv\n'}
[9.982180] (wall_follow) StdoutLine: {'line': b'-- Up-to-date: /home/cav330/f1tenth_ws/install/wall_follow/share/ament_index/resource_index/packages/wall_follow\n'}
[9.983225] (wall_follow) StdoutLine: {'line': b'-- Up-to-date: /home/cav330/f1tenth_ws/install/wall_follow/share/wall_follow/cmake/wall_followConfig.cmake\n'}
[9.983833] (wall_follow) StdoutLine: {'line': b'-- Up-to-date: /home/cav330/f1tenth_ws/install/wall_follow/share/wall_follow/cmake/wall_followConfig-version.cmake\n'}
[9.984468] (wall_follow) StdoutLine: {'line': b'-- Up-to-date: /home/cav330/f1tenth_ws/install/wall_follow/share/wall_follow/package.xml\n'}
[10.005796] (wall_follow) CommandEnded: {'returncode': 0}
[10.067817] (-) TimerEvent: {}
[10.071934] (wall_follow) JobEnded: {'identifier': 'wall_follow', 'rc': 0}
[10.078478] (joy_teleop) CommandEnded: {'returncode': 0}
[10.116725] (joy_teleop) JobEnded: {'identifier': 'joy_teleop', 'rc': 0}
[10.123315] (teleop_tools) JobStarted: {'identifier': 'teleop_tools'}
[10.158927] (f1tenth_stack) JobStarted: {'identifier': 'f1tenth_stack'}
[10.169412] (-) TimerEvent: {}
[10.237373] (teleop_tools) JobProgress: {'identifier': 'teleop_tools', 'progress': 'cmake'}
[10.257934] (teleop_tools) JobProgress: {'identifier': 'teleop_tools', 'progress': 'build'}
[10.258203] (teleop_tools) Command: {'cmd': ['/usr/bin/cmake', '--build', '/home/cav330/f1tenth_ws/build/teleop_tools', '--', '-j4', '-l4'], 'cwd': '/home/cav330/f1tenth_ws/build/teleop_tools', 'env': OrderedDict([('NX_ROOT', '/home/cav330/.nx'), ('GJS_DEBUG_TOPICS', 'JS ERROR;JS LOG'), ('LESSOPEN', '| /usr/bin/lesspipe %s'), ('PULSE_CLIENTCONFIG', '/home/cav330/.nx/devices/D-1001-5BBEA081E7CCC5FE47B3898213872B03/audio/client.conf'), ('MAIL', '/var/mail/cav330'), ('USER', 'cav330'), ('XDG_SESSION_TYPE', 'x11'), ('NX_SYSTEM', '/usr/NX'), ('SHLVL', '1'), ('LD_LIBRARY_PATH', '/home/cav330/f1tenth_ws/install/teleop_tools_msgs/lib:/home/cav330/f1tenth_ws/install/vesc_driver/lib:/home/cav330/f1tenth_ws/install/vesc_ackermann/lib:/home/cav330/f1tenth_ws/install/vesc_msgs/lib:/opt/ros/foxy/opt/yaml_cpp_vendor/lib:/opt/ros/foxy/opt/rviz_ogre_vendor/lib:/opt/ros/foxy/lib/aarch64-linux-gnu:/opt/ros/foxy/lib:/usr/local/cuda-11.4/lib64'), ('HOME', '/home/cav330'), ('DESKTOP_SESSION', 'ubuntu-xorg'), ('ROS_PYTHON_VERSION', '3'), ('GNOME_SHELL_SESSION_MODE', 'ubuntu'), ('DBUS_SESSION_BUS_ADDRESS', 'unix:abstract=/tmp/dbus-1gzSD6Wl1K,guid=d4e8827e16524ec651a25cad69cafd2d'), ('COLORTERM', 'truecolor'), ('PULSE_SCRIPT', '/home/cav330/.nx/devices/D-1001-5BBEA081E7CCC5FE47B3898213872B03/audio/default.pa'), ('WAYLAND_DISPLAY', 'no'), ('COLCON_PREFIX_PATH', '/home/cav330/f1tenth_ws/install'), ('ROS_DISTRO', 'foxy'), ('LOGNAME', 'cav330'), ('PULSE_SERVER', '/home/cav330/.nx/devices/D-1001-5BBEA081E7CCC5FE47B3898213872B03/audio/native.socket'), ('_', '/usr/bin/colcon'), ('ROS_VERSION', '2'), ('XDG_SESSION_CLASS', 'user'), ('USERNAME', 'cav330'), ('TERM', 'xterm-256color'), ('GNOME_DESKTOP_SESSION_ID', 'this-is-deprecated'), ('ROS_LOCALHOST_ONLY', '0'), ('PATH', '/opt/ros/foxy/bin:/usr/local/cuda-11.4/bin:/home/cav330/.local/bin:/usr/local/sbin:/usr/local/bin:/usr/sbin:/usr/bin:/sbin:/bin:/usr/games:/usr/local/games:/snap/bin'), ('SESSION_MANAGER', 'local/ubuntu:@/tmp/.ICE-unix/3540,unix/ubuntu:/tmp/.ICE-unix/3540'), ('PULSE_RUNTIME_PATH', '/run/user/1000/pulse'), ('XDG_MENU_PREFIX', 'gnome-'), ('GNOME_TERMINAL_SCREEN', '/org/gnome/Terminal/screen/1415c740_4480_4aec_b3c9_829264334640'), ('XDG_RUNTIME_DIR', '/run/user/1000'), ('PULSE_CONFIG', '/home/cav330/.nx/devices/D-1001-5BBEA081E7CCC5FE47B3898213872B03/audio/daemon.conf'), ('GDK_BACKEND', 'x11'), ('DISPLAY', ':1001'), ('LANG', 'en_CA.UTF-8'), ('XDG_CURRENT_DESKTOP', 'ubuntu:GNOME'), ('NX_TEMP', '/tmp'), ('XMODIFIERS', '@im=ibus'), ('XAUTHORITY', '/home/cav330/.Xauthority'), ('LS_COLORS', 'rs=0:di=01;34:ln=01;36:mh=00:pi=40;33:so=01;35:do=01;35:bd=40;33;01:cd=40;33;01:or=40;31;01:mi=00:su=37;41:sg=30;43:ca=30;41:tw=30;42:ow=34;42:st=37;44:ex=01;32:*.tar=01;31:*.tgz=01;31:*.arc=01;31:*.arj=01;31:*.taz=01;31:*.lha=01;31:*.lz4=01;31:*.lzh=01;31:*.lzma=01;31:*.tlz=01;31:*.txz=01;31:*.tzo=01;31:*.t7z=01;31:*.zip=01;31:*.z=01;31:*.dz=01;31:*.gz=01;31:*.lrz=01;31:*.lz=01;31:*.lzo=01;31:*.xz=01;31:*.zst=01;31:*.tzst=01;31:*.bz2=01;31:*.bz=01;31:*.tbz=01;31:*.tbz2=01;31:*.tz=01;31:*.deb=01;31:*.rpm=01;31:*.jar=01;31:*.war=01;31:*.ear=01;31:*.sar=01;31:*.rar=01;31:*.alz=01;31:*.ace=01;31:*.zoo=01;31:*.cpio=01;31:*.7z=01;31:*.rz=01;31:*.cab=01;31:*.wim=01;31:*.swm=01;31:*.dwm=01;31:*.esd=01;31:*.jpg=01;35:*.jpeg=01;35:*.mjpg=01;35:*.mjpeg=01;35:*.gif=01;35:*.bmp=01;35:*.pbm=01;35:*.pgm=01;35:*.ppm=01;35:*.tga=01;35:*.xbm=01;35:*.xpm=01;35:*.tif=01;35:*.tiff=01;35:*.png=01;35:*.svg=01;35:*.svgz=01;35:*.mng=01;35:*.pcx=01;35:*.mov=01;35:*.mpg=01;35:*.mpeg=01;35:*.m2v=01;35:*.mkv=01;35:*.webm=01;35:*.ogm=01;35:*.mp4=01;35:*.m4v=01;35:*.mp4v=01;35:*.vob=01;35:*.qt=01;35:*.nuv=01;35:*.wmv=01;35:*.asf=01;35:*.rm=01;35:*.rmvb=01;35:*.flc=01;35:*.avi=01;35:*.fli=01;35:*.flv=01;35:*.gl=01;35:*.dl=01;35:*.xcf=01;35:*.xwd=01;35:*.yuv=01;35:*.cgm=01;35:*.emf=01;35:*.ogv=01;35:*.ogx=01;35:*.aac=00;36:*.au=00;36:*.flac=00;36:*.m4a=00;36:*.mid=00;36:*.midi=00;36:*.mka=00;36:*.mp3=00;36:*.mpc=00;36:*.ogg=00;36:*.ra=00;36:*.wav=00;36:*.oga=00;36:*.opus=00;36:*.spx=00;36:*.xspf=00;36:'), ('GNOME_TERMINAL_SERVICE', ':1.94'), ('SSH_AUTH_SOCK', '/run/user/1000/keyring/ssh'), ('AMENT_PREFIX_PATH', '/home/cav330/f1tenth_ws/install/joy_teleop:/home/cav330/f1tenth_ws/install/key_teleop:/home/cav330/f1tenth_ws/install/wall_follow:/home/cav330/f1tenth_ws/install/f1tenth_stack:/home/cav330/f1tenth_ws/install/vesc:/home/cav330/f1tenth_ws/install/vesc_driver:/home/cav330/f1tenth_ws/install/vesc_ackermann:/home/cav330/f1tenth_ws/install/vesc_msgs:/home/cav330/f1tenth_ws/install/teleop_tools:/home/cav330/f1tenth_ws/install/teleop_tools_msgs:/home/cav330/f1tenth_ws/install/safety_node:/home/cav330/f1tenth_ws/install/mouse_teleop:/home/cav330/f1tenth_ws/install/f1tenth_gym_ros:/home/cav330/f1tenth_ws/install/ackermann_mux:/opt/ros/foxy'), ('SHELL', '/bin/bash'), ('LESSCLOSE', '/usr/bin/lesspipe %s %s'), ('NX_SESSION_ID', '5BBEA081E7CCC5FE47B3898213872B03'), ('GJS_DEBUG_OUTPUT', 'stderr'), ('QT_IM_MODULE', 'ibus'), ('PWD', '/home/cav330/f1tenth_ws/build/teleop_tools'), ('NX_RUNNER', '/usr/NX/bin/nxrunner'), ('XDG_CONFIG_DIRS', '/etc/xdg/xdg-ubuntu-xorg:/etc/xdg'), ('XDG_DATA_DIRS', '/usr/share/ubuntu-xorg:/usr/local/share:/usr/share:/var/lib/snapd/desktop'), ('PYTHONPATH', '/home/cav330/f1tenth_ws/install/joy_teleop/lib/python3.8/site-packages:/home/cav330/f1tenth_ws/install/teleop_tools_msgs/lib/python3.8/site-packages:/home/cav330/f1tenth_ws/install/key_teleop/lib/python3.8/site-packages:/home/cav330/f1tenth_ws/install/f1tenth_stack/lib/python3.8/site-packages:/home/cav330/f1tenth_ws/install/vesc_msgs/lib/python3.8/site-packages:/home/cav330/f1tenth_ws/install/mouse_teleop/lib/python3.8/site-packages:/home/cav330/f1tenth_ws/install/f1tenth_gym_ros/lib/python3.8/site-packages:/opt/ros/foxy/lib/python3.8/site-packages'), ('COLCON', '1'), ('VTE_VERSION', '6003'), ('CMAKE_PREFIX_PATH', '/home/cav330/f1tenth_ws/install/teleop_tools_msgs:/home/cav330/f1tenth_ws/install/wall_follow:/home/cav330/f1tenth_ws/install/vesc:/home/cav330/f1tenth_ws/install/vesc_driver:/home/cav330/f1tenth_ws/install/vesc_ackermann:/home/cav330/f1tenth_ws/install/vesc_msgs:/home/cav330/f1tenth_ws/install/teleop_tools:/home/cav330/f1tenth_ws/install/safety_node:/home/cav330/f1tenth_ws/install/ackermann_mux:/home/cav330/f1tenth_ws/install/f1tenth_stack:/home/cav330/f1tenth_ws/install/joy_teleop:/home/cav330/f1tenth_ws/install/mouse_teleop:/home/cav330/f1tenth_ws/install/key_teleop:/home/cav330/f1tenth_ws/install/f1tenth_gym_ros:/opt/ros/foxy'), ('NX_CONNECTION', '192.168.33.135 65380 192.168.33.130 4000'), ('NXDIR', '/usr/NX')]), 'shell': False}
[10.272733] (-) TimerEvent: {}
[10.377703] (-) TimerEvent: {}
[10.479927] (-) TimerEvent: {}
[10.580755] (-) TimerEvent: {}
[10.681831] (-) TimerEvent: {}
[10.782767] (-) TimerEvent: {}
[10.883665] (-) TimerEvent: {}
[10.984557] (-) TimerEvent: {}
[11.085492] (-) TimerEvent: {}
[11.186387] (-) TimerEvent: {}
[11.287803] (-) TimerEvent: {}
[11.370508] (teleop_tools) CommandEnded: {'returncode': 0}
[11.378252] (teleop_tools) JobProgress: {'identifier': 'teleop_tools', 'progress': 'install'}
[11.379210] (teleop_tools) Command: {'cmd': ['/usr/bin/cmake', '--install', '/home/cav330/f1tenth_ws/build/teleop_tools'], 'cwd': '/home/cav330/f1tenth_ws/build/teleop_tools', 'env': OrderedDict([('NX_ROOT', '/home/cav330/.nx'), ('GJS_DEBUG_TOPICS', 'JS ERROR;JS LOG'), ('LESSOPEN', '| /usr/bin/lesspipe %s'), ('PULSE_CLIENTCONFIG', '/home/cav330/.nx/devices/D-1001-5BBEA081E7CCC5FE47B3898213872B03/audio/client.conf'), ('MAIL', '/var/mail/cav330'), ('USER', 'cav330'), ('XDG_SESSION_TYPE', 'x11'), ('NX_SYSTEM', '/usr/NX'), ('SHLVL', '1'), ('LD_LIBRARY_PATH', '/home/cav330/f1tenth_ws/install/teleop_tools_msgs/lib:/home/cav330/f1tenth_ws/install/vesc_driver/lib:/home/cav330/f1tenth_ws/install/vesc_ackermann/lib:/home/cav330/f1tenth_ws/install/vesc_msgs/lib:/opt/ros/foxy/opt/yaml_cpp_vendor/lib:/opt/ros/foxy/opt/rviz_ogre_vendor/lib:/opt/ros/foxy/lib/aarch64-linux-gnu:/opt/ros/foxy/lib:/usr/local/cuda-11.4/lib64'), ('HOME', '/home/cav330'), ('DESKTOP_SESSION', 'ubuntu-xorg'), ('ROS_PYTHON_VERSION', '3'), ('GNOME_SHELL_SESSION_MODE', 'ubuntu'), ('DBUS_SESSION_BUS_ADDRESS', 'unix:abstract=/tmp/dbus-1gzSD6Wl1K,guid=d4e8827e16524ec651a25cad69cafd2d'), ('COLORTERM', 'truecolor'), ('PULSE_SCRIPT', '/home/cav330/.nx/devices/D-1001-5BBEA081E7CCC5FE47B3898213872B03/audio/default.pa'), ('WAYLAND_DISPLAY', 'no'), ('COLCON_PREFIX_PATH', '/home/cav330/f1tenth_ws/install'), ('ROS_DISTRO', 'foxy'), ('LOGNAME', 'cav330'), ('PULSE_SERVER', '/home/cav330/.nx/devices/D-1001-5BBEA081E7CCC5FE47B3898213872B03/audio/native.socket'), ('_', '/usr/bin/colcon'), ('ROS_VERSION', '2'), ('XDG_SESSION_CLASS', 'user'), ('USERNAME', 'cav330'), ('TERM', 'xterm-256color'), ('GNOME_DESKTOP_SESSION_ID', 'this-is-deprecated'), ('ROS_LOCALHOST_ONLY', '0'), ('PATH', '/opt/ros/foxy/bin:/usr/local/cuda-11.4/bin:/home/cav330/.local/bin:/usr/local/sbin:/usr/local/bin:/usr/sbin:/usr/bin:/sbin:/bin:/usr/games:/usr/local/games:/snap/bin'), ('SESSION_MANAGER', 'local/ubuntu:@/tmp/.ICE-unix/3540,unix/ubuntu:/tmp/.ICE-unix/3540'), ('PULSE_RUNTIME_PATH', '/run/user/1000/pulse'), ('XDG_MENU_PREFIX', 'gnome-'), ('GNOME_TERMINAL_SCREEN', '/org/gnome/Terminal/screen/1415c740_4480_4aec_b3c9_829264334640'), ('XDG_RUNTIME_DIR', '/run/user/1000'), ('PULSE_CONFIG', '/home/cav330/.nx/devices/D-1001-5BBEA081E7CCC5FE47B3898213872B03/audio/daemon.conf'), ('GDK_BACKEND', 'x11'), ('DISPLAY', ':1001'), ('LANG', 'en_CA.UTF-8'), ('XDG_CURRENT_DESKTOP', 'ubuntu:GNOME'), ('NX_TEMP', '/tmp'), ('XMODIFIERS', '@im=ibus'), ('XAUTHORITY', '/home/cav330/.Xauthority'), ('LS_COLORS', 'rs=0:di=01;34:ln=01;36:mh=00:pi=40;33:so=01;35:do=01;35:bd=40;33;01:cd=40;33;01:or=40;31;01:mi=00:su=37;41:sg=30;43:ca=30;41:tw=30;42:ow=34;42:st=37;44:ex=01;32:*.tar=01;31:*.tgz=01;31:*.arc=01;31:*.arj=01;31:*.taz=01;31:*.lha=01;31:*.lz4=01;31:*.lzh=01;31:*.lzma=01;31:*.tlz=01;31:*.txz=01;31:*.tzo=01;31:*.t7z=01;31:*.zip=01;31:*.z=01;31:*.dz=01;31:*.gz=01;31:*.lrz=01;31:*.lz=01;31:*.lzo=01;31:*.xz=01;31:*.zst=01;31:*.tzst=01;31:*.bz2=01;31:*.bz=01;31:*.tbz=01;31:*.tbz2=01;31:*.tz=01;31:*.deb=01;31:*.rpm=01;31:*.jar=01;31:*.war=01;31:*.ear=01;31:*.sar=01;31:*.rar=01;31:*.alz=01;31:*.ace=01;31:*.zoo=01;31:*.cpio=01;31:*.7z=01;31:*.rz=01;31:*.cab=01;31:*.wim=01;31:*.swm=01;31:*.dwm=01;31:*.esd=01;31:*.jpg=01;35:*.jpeg=01;35:*.mjpg=01;35:*.mjpeg=01;35:*.gif=01;35:*.bmp=01;35:*.pbm=01;35:*.pgm=01;35:*.ppm=01;35:*.tga=01;35:*.xbm=01;35:*.xpm=01;35:*.tif=01;35:*.tiff=01;35:*.png=01;35:*.svg=01;35:*.svgz=01;35:*.mng=01;35:*.pcx=01;35:*.mov=01;35:*.mpg=01;35:*.mpeg=01;35:*.m2v=01;35:*.mkv=01;35:*.webm=01;35:*.ogm=01;35:*.mp4=01;35:*.m4v=01;35:*.mp4v=01;35:*.vob=01;35:*.qt=01;35:*.nuv=01;35:*.wmv=01;35:*.asf=01;35:*.rm=01;35:*.rmvb=01;35:*.flc=01;35:*.avi=01;35:*.fli=01;35:*.flv=01;35:*.gl=01;35:*.dl=01;35:*.xcf=01;35:*.xwd=01;35:*.yuv=01;35:*.cgm=01;35:*.emf=01;35:*.ogv=01;35:*.ogx=01;35:*.aac=00;36:*.au=00;36:*.flac=00;36:*.m4a=00;36:*.mid=00;36:*.midi=00;36:*.mka=00;36:*.mp3=00;36:*.mpc=00;36:*.ogg=00;36:*.ra=00;36:*.wav=00;36:*.oga=00;36:*.opus=00;36:*.spx=00;36:*.xspf=00;36:'), ('GNOME_TERMINAL_SERVICE', ':1.94'), ('SSH_AUTH_SOCK', '/run/user/1000/keyring/ssh'), ('AMENT_PREFIX_PATH', '/home/cav330/f1tenth_ws/install/joy_teleop:/home/cav330/f1tenth_ws/install/key_teleop:/home/cav330/f1tenth_ws/install/wall_follow:/home/cav330/f1tenth_ws/install/f1tenth_stack:/home/cav330/f1tenth_ws/install/vesc:/home/cav330/f1tenth_ws/install/vesc_driver:/home/cav330/f1tenth_ws/install/vesc_ackermann:/home/cav330/f1tenth_ws/install/vesc_msgs:/home/cav330/f1tenth_ws/install/teleop_tools:/home/cav330/f1tenth_ws/install/teleop_tools_msgs:/home/cav330/f1tenth_ws/install/safety_node:/home/cav330/f1tenth_ws/install/mouse_teleop:/home/cav330/f1tenth_ws/install/f1tenth_gym_ros:/home/cav330/f1tenth_ws/install/ackermann_mux:/opt/ros/foxy'), ('SHELL', '/bin/bash'), ('LESSCLOSE', '/usr/bin/lesspipe %s %s'), ('NX_SESSION_ID', '5BBEA081E7CCC5FE47B3898213872B03'), ('GJS_DEBUG_OUTPUT', 'stderr'), ('QT_IM_MODULE', 'ibus'), ('PWD', '/home/cav330/f1tenth_ws/build/teleop_tools'), ('NX_RUNNER', '/usr/NX/bin/nxrunner'), ('XDG_CONFIG_DIRS', '/etc/xdg/xdg-ubuntu-xorg:/etc/xdg'), ('XDG_DATA_DIRS', '/usr/share/ubuntu-xorg:/usr/local/share:/usr/share:/var/lib/snapd/desktop'), ('PYTHONPATH', '/home/cav330/f1tenth_ws/install/joy_teleop/lib/python3.8/site-packages:/home/cav330/f1tenth_ws/install/teleop_tools_msgs/lib/python3.8/site-packages:/home/cav330/f1tenth_ws/install/key_teleop/lib/python3.8/site-packages:/home/cav330/f1tenth_ws/install/f1tenth_stack/lib/python3.8/site-packages:/home/cav330/f1tenth_ws/install/vesc_msgs/lib/python3.8/site-packages:/home/cav330/f1tenth_ws/install/mouse_teleop/lib/python3.8/site-packages:/home/cav330/f1tenth_ws/install/f1tenth_gym_ros/lib/python3.8/site-packages:/opt/ros/foxy/lib/python3.8/site-packages'), ('COLCON', '1'), ('VTE_VERSION', '6003'), ('CMAKE_PREFIX_PATH', '/home/cav330/f1tenth_ws/install/teleop_tools_msgs:/home/cav330/f1tenth_ws/install/wall_follow:/home/cav330/f1tenth_ws/install/vesc:/home/cav330/f1tenth_ws/install/vesc_driver:/home/cav330/f1tenth_ws/install/vesc_ackermann:/home/cav330/f1tenth_ws/install/vesc_msgs:/home/cav330/f1tenth_ws/install/teleop_tools:/home/cav330/f1tenth_ws/install/safety_node:/home/cav330/f1tenth_ws/install/ackermann_mux:/home/cav330/f1tenth_ws/install/f1tenth_stack:/home/cav330/f1tenth_ws/install/joy_teleop:/home/cav330/f1tenth_ws/install/mouse_teleop:/home/cav330/f1tenth_ws/install/key_teleop:/home/cav330/f1tenth_ws/install/f1tenth_gym_ros:/opt/ros/foxy'), ('NX_CONNECTION', '192.168.33.135 65380 192.168.33.130 4000'), ('NXDIR', '/usr/NX')]), 'shell': False}
[11.392348] (-) TimerEvent: {}
[11.402761] (mouse_teleop) Command: {'cmd': ['/usr/bin/python3', '-W', 'ignore:setup.py install is deprecated', '-W', 'ignore:easy_install command is deprecated', 'setup.py', 'egg_info', '--egg-base', '../../../../build/mouse_teleop', 'build', '--build-base', '/home/cav330/f1tenth_ws/build/mouse_teleop/build', 'install', '--record', '/home/cav330/f1tenth_ws/build/mouse_teleop/install.log', '--install-scripts', '$base/lib/mouse_teleop', '--single-version-externally-managed', 'install_data'], 'cwd': '/home/cav330/f1tenth_ws/src/f1tenth_system/teleop_tools/mouse_teleop', 'env': {'NX_ROOT': '/home/cav330/.nx', 'GJS_DEBUG_TOPICS': 'JS ERROR;JS LOG', 'LESSOPEN': '| /usr/bin/lesspipe %s', 'PULSE_CLIENTCONFIG': '/home/cav330/.nx/devices/D-1001-5BBEA081E7CCC5FE47B3898213872B03/audio/client.conf', 'MAIL': '/var/mail/cav330', 'USER': 'cav330', 'XDG_SESSION_TYPE': 'x11', 'NX_SYSTEM': '/usr/NX', 'SHLVL': '1', 'LD_LIBRARY_PATH': '/home/cav330/f1tenth_ws/install/vesc_driver/lib:/home/cav330/f1tenth_ws/install/vesc_ackermann/lib:/home/cav330/f1tenth_ws/install/vesc_msgs/lib:/home/cav330/f1tenth_ws/install/teleop_tools_msgs/lib:/opt/ros/foxy/opt/yaml_cpp_vendor/lib:/opt/ros/foxy/opt/rviz_ogre_vendor/lib:/opt/ros/foxy/lib/aarch64-linux-gnu:/opt/ros/foxy/lib:/usr/local/cuda-11.4/lib64:', 'HOME': '/home/cav330', 'DESKTOP_SESSION': 'ubuntu-xorg', 'ROS_PYTHON_VERSION': '3', 'GNOME_SHELL_SESSION_MODE': 'ubuntu', 'DBUS_SESSION_BUS_ADDRESS': 'unix:abstract=/tmp/dbus-1gzSD6Wl1K,guid=d4e8827e16524ec651a25cad69cafd2d', 'COLORTERM': 'truecolor', 'PULSE_SCRIPT': '/home/cav330/.nx/devices/D-1001-5BBEA081E7CCC5FE47B3898213872B03/audio/default.pa', 'WAYLAND_DISPLAY': 'no', 'COLCON_PREFIX_PATH': '/home/cav330/f1tenth_ws/install', 'ROS_DISTRO': 'foxy', 'LOGNAME': 'cav330', 'PULSE_SERVER': '/home/cav330/.nx/devices/D-1001-5BBEA081E7CCC5FE47B3898213872B03/audio/native.socket', '_': '/usr/bin/colcon', 'ROS_VERSION': '2', 'XDG_SESSION_CLASS': 'user', 'USERNAME': 'cav330', 'TERM': 'xterm-256color', 'GNOME_DESKTOP_SESSION_ID': 'this-is-deprecated', 'ROS_LOCALHOST_ONLY': '0', 'PATH': '/opt/ros/foxy/bin:/usr/local/cuda-11.4/bin:/home/cav330/.local/bin:/usr/local/sbin:/usr/local/bin:/usr/sbin:/usr/bin:/sbin:/bin:/usr/games:/usr/local/games:/snap/bin', 'SESSION_MANAGER': 'local/ubuntu:@/tmp/.ICE-unix/3540,unix/ubuntu:/tmp/.ICE-unix/3540', 'PULSE_RUNTIME_PATH': '/run/user/1000/pulse', 'XDG_MENU_PREFIX': 'gnome-', 'GNOME_TERMINAL_SCREEN': '/org/gnome/Terminal/screen/1415c740_4480_4aec_b3c9_829264334640', 'XDG_RUNTIME_DIR': '/run/user/1000', 'PULSE_CONFIG': '/home/cav330/.nx/devices/D-1001-5BBEA081E7CCC5FE47B3898213872B03/audio/daemon.conf', 'GDK_BACKEND': 'x11', 'DISPLAY': ':1001', 'LANG': 'en_CA.UTF-8', 'XDG_CURRENT_DESKTOP': 'ubuntu:GNOME', 'NX_TEMP': '/tmp', 'XMODIFIERS': '@im=ibus', 'XAUTHORITY': '/home/cav330/.Xauthority', 'LS_COLORS': 'rs=0:di=01;34:ln=01;36:mh=00:pi=40;33:so=01;35:do=01;35:bd=40;33;01:cd=40;33;01:or=40;31;01:mi=00:su=37;41:sg=30;43:ca=30;41:tw=30;42:ow=34;42:st=37;44:ex=01;32:*.tar=01;31:*.tgz=01;31:*.arc=01;31:*.arj=01;31:*.taz=01;31:*.lha=01;31:*.lz4=01;31:*.lzh=01;31:*.lzma=01;31:*.tlz=01;31:*.txz=01;31:*.tzo=01;31:*.t7z=01;31:*.zip=01;31:*.z=01;31:*.dz=01;31:*.gz=01;31:*.lrz=01;31:*.lz=01;31:*.lzo=01;31:*.xz=01;31:*.zst=01;31:*.tzst=01;31:*.bz2=01;31:*.bz=01;31:*.tbz=01;31:*.tbz2=01;31:*.tz=01;31:*.deb=01;31:*.rpm=01;31:*.jar=01;31:*.war=01;31:*.ear=01;31:*.sar=01;31:*.rar=01;31:*.alz=01;31:*.ace=01;31:*.zoo=01;31:*.cpio=01;31:*.7z=01;31:*.rz=01;31:*.cab=01;31:*.wim=01;31:*.swm=01;31:*.dwm=01;31:*.esd=01;31:*.jpg=01;35:*.jpeg=01;35:*.mjpg=01;35:*.mjpeg=01;35:*.gif=01;35:*.bmp=01;35:*.pbm=01;35:*.pgm=01;35:*.ppm=01;35:*.tga=01;35:*.xbm=01;35:*.xpm=01;35:*.tif=01;35:*.tiff=01;35:*.png=01;35:*.svg=01;35:*.svgz=01;35:*.mng=01;35:*.pcx=01;35:*.mov=01;35:*.mpg=01;35:*.mpeg=01;35:*.m2v=01;35:*.mkv=01;35:*.webm=01;35:*.ogm=01;35:*.mp4=01;35:*.m4v=01;35:*.mp4v=01;35:*.vob=01;35:*.qt=01;35:*.nuv=01;35:*.wmv=01;35:*.asf=01;35:*.rm=01;35:*.rmvb=01;35:*.flc=01;35:*.avi=01;35:*.fli=01;35:*.flv=01;35:*.gl=01;35:*.dl=01;35:*.xcf=01;35:*.xwd=01;35:*.yuv=01;35:*.cgm=01;35:*.emf=01;35:*.ogv=01;35:*.ogx=01;35:*.aac=00;36:*.au=00;36:*.flac=00;36:*.m4a=00;36:*.mid=00;36:*.midi=00;36:*.mka=00;36:*.mp3=00;36:*.mpc=00;36:*.ogg=00;36:*.ra=00;36:*.wav=00;36:*.oga=00;36:*.opus=00;36:*.spx=00;36:*.xspf=00;36:', 'GNOME_TERMINAL_SERVICE': ':1.94', 'SSH_AUTH_SOCK': '/run/user/1000/keyring/ssh', 'AMENT_PREFIX_PATH': '/home/cav330/f1tenth_ws/install/wall_follow:/home/cav330/f1tenth_ws/install/f1tenth_stack:/home/cav330/f1tenth_ws/install/vesc:/home/cav330/f1tenth_ws/install/vesc_driver:/home/cav330/f1tenth_ws/install/vesc_ackermann:/home/cav330/f1tenth_ws/install/vesc_msgs:/home/cav330/f1tenth_ws/install/teleop_tools:/home/cav330/f1tenth_ws/install/joy_teleop:/home/cav330/f1tenth_ws/install/teleop_tools_msgs:/home/cav330/f1tenth_ws/install/safety_node:/home/cav330/f1tenth_ws/install/mouse_teleop:/home/cav330/f1tenth_ws/install/key_teleop:/home/cav330/f1tenth_ws/install/f1tenth_gym_ros:/home/cav330/f1tenth_ws/install/ackermann_mux:/opt/ros/foxy', 'SHELL': '/bin/bash', 'LESSCLOSE': '/usr/bin/lesspipe %s %s', 'NX_SESSION_ID': '5BBEA081E7CCC5FE47B3898213872B03', 'GJS_DEBUG_OUTPUT': 'stderr', 'QT_IM_MODULE': 'ibus', 'PWD': '/home/cav330/f1tenth_ws/build/mouse_teleop', 'NX_RUNNER': '/usr/NX/bin/nxrunner', 'XDG_CONFIG_DIRS': '/etc/xdg/xdg-ubuntu-xorg:/etc/xdg', 'XDG_DATA_DIRS': '/usr/share/ubuntu-xorg:/usr/local/share:/usr/share:/var/lib/snapd/desktop', 'PYTHONPATH': '/home/cav330/f1tenth_ws/build/mouse_teleop/prefix_override:/usr/lib/python3/dist-packages/colcon_core/task/python/colcon_distutils_commands:/home/cav330/f1tenth_ws/install/mouse_teleop/lib/python3.8/site-packages:/home/cav330/f1tenth_ws/install/f1tenth_stack/lib/python3.8/site-packages:/home/cav330/f1tenth_ws/install/vesc_msgs/lib/python3.8/site-packages:/home/cav330/f1tenth_ws/install/joy_teleop/lib/python3.8/site-packages:/home/cav330/f1tenth_ws/install/teleop_tools_msgs/lib/python3.8/site-packages:/home/cav330/f1tenth_ws/install/mouse_teleop/lib/python3.8/site-packages:/home/cav330/f1tenth_ws/install/key_teleop/lib/python3.8/site-packages:/home/cav330/f1tenth_ws/install/f1tenth_gym_ros/lib/python3.8/site-packages:/opt/ros/foxy/lib/python3.8/site-packages', 'COLCON': '1', 'VTE_VERSION': '6003', 'CMAKE_PREFIX_PATH': '/home/cav330/f1tenth_ws/install/wall_follow:/home/cav330/f1tenth_ws/install/vesc:/home/cav330/f1tenth_ws/install/vesc_driver:/home/cav330/f1tenth_ws/install/vesc_ackermann:/home/cav330/f1tenth_ws/install/vesc_msgs:/home/cav330/f1tenth_ws/install/teleop_tools:/home/cav330/f1tenth_ws/install/teleop_tools_msgs:/home/cav330/f1tenth_ws/install/safety_node:/home/cav330/f1tenth_ws/install/ackermann_mux', 'NX_CONNECTION': '192.168.33.135 65380 192.168.33.130 4000', 'NXDIR': '/usr/NX'}, 'shell': False}
[11.435304] (teleop_tools) StdoutLine: {'line': b'-- Install configuration: ""\n'}
[11.436858] (teleop_tools) StdoutLine: {'line': b'-- Up-to-date: /home/cav330/f1tenth_ws/install/teleop_tools/share/ament_index/resource_index/package_run_dependencies/teleop_tools\n'}
[11.439300] (teleop_tools) StdoutLine: {'line': b'-- Up-to-date: /home/cav330/f1tenth_ws/install/teleop_tools/share/ament_index/resource_index/parent_prefix_path/teleop_tools\n'}
[11.440487] (teleop_tools) StdoutLine: {'line': b'-- Up-to-date: /home/cav330/f1tenth_ws/install/teleop_tools/share/teleop_tools/environment/ament_prefix_path.sh\n'}
[11.440987] (teleop_tools) StdoutLine: {'line': b'-- Up-to-date: /home/cav330/f1tenth_ws/install/teleop_tools/share/teleop_tools/environment/ament_prefix_path.dsv\n'}
[11.441359] (teleop_tools) StdoutLine: {'line': b'-- Up-to-date: /home/cav330/f1tenth_ws/install/teleop_tools/share/teleop_tools/environment/path.sh\n'}
[11.441864] (teleop_tools) StdoutLine: {'line': b'-- Up-to-date: /home/cav330/f1tenth_ws/install/teleop_tools/share/teleop_tools/environment/path.dsv\n'}
[11.442215] (teleop_tools) StdoutLine: {'line': b'-- Up-to-date: /home/cav330/f1tenth_ws/install/teleop_tools/share/teleop_tools/local_setup.bash\n'}
[11.443459] (teleop_tools) StdoutLine: {'line': b'-- Up-to-date: /home/cav330/f1tenth_ws/install/teleop_tools/share/teleop_tools/local_setup.sh\n'}
[11.444030] (teleop_tools) StdoutLine: {'line': b'-- Up-to-date: /home/cav330/f1tenth_ws/install/teleop_tools/share/teleop_tools/local_setup.zsh\n'}
[11.444687] (teleop_tools) StdoutLine: {'line': b'-- Up-to-date: /home/cav330/f1tenth_ws/install/teleop_tools/share/teleop_tools/local_setup.dsv\n'}
[11.445728] (teleop_tools) StdoutLine: {'line': b'-- Installing: /home/cav330/f1tenth_ws/install/teleop_tools/share/teleop_tools/package.dsv\n'}
[11.448642] (teleop_tools) StdoutLine: {'line': b'-- Up-to-date: /home/cav330/f1tenth_ws/install/teleop_tools/share/ament_index/resource_index/packages/teleop_tools\n'}
[11.449328] (teleop_tools) StdoutLine: {'line': b'-- Up-to-date: /home/cav330/f1tenth_ws/install/teleop_tools/share/teleop_tools/cmake/teleop_toolsConfig.cmake\n'}
[11.450097] (teleop_tools) StdoutLine: {'line': b'-- Up-to-date: /home/cav330/f1tenth_ws/install/teleop_tools/share/teleop_tools/cmake/teleop_toolsConfig-version.cmake\n'}
[11.450525] (teleop_tools) StdoutLine: {'line': b'-- Up-to-date: /home/cav330/f1tenth_ws/install/teleop_tools/share/teleop_tools/package.xml\n'}
[11.482958] (teleop_tools) CommandEnded: {'returncode': 0}
[11.492594] (-) TimerEvent: {}
[11.572157] (teleop_tools) JobEnded: {'identifier': 'teleop_tools', 'rc': 0}
[11.593926] (-) TimerEvent: {}
[11.694717] (-) TimerEvent: {}
[11.795622] (-) TimerEvent: {}
[11.896678] (-) TimerEvent: {}
[11.999591] (-) TimerEvent: {}
[12.100493] (-) TimerEvent: {}
[12.201393] (-) TimerEvent: {}
[12.302380] (-) TimerEvent: {}
[12.405716] (-) TimerEvent: {}
[12.431104] (mouse_teleop) StdoutLine: {'line': b'running egg_info\n'}
[12.433667] (mouse_teleop) StdoutLine: {'line': b'writing ../../../../build/mouse_teleop/mouse_teleop.egg-info/PKG-INFO\n'}
[12.435393] (mouse_teleop) StdoutLine: {'line': b'writing dependency_links to ../../../../build/mouse_teleop/mouse_teleop.egg-info/dependency_links.txt\n'}
[12.437425] (mouse_teleop) StdoutLine: {'line': b'writing entry points to ../../../../build/mouse_teleop/mouse_teleop.egg-info/entry_points.txt\n'}
[12.438418] (mouse_teleop) StdoutLine: {'line': b'writing requirements to ../../../../build/mouse_teleop/mouse_teleop.egg-info/requires.txt\n'}
[12.439313] (mouse_teleop) StdoutLine: {'line': b'writing top-level names to ../../../../build/mouse_teleop/mouse_teleop.egg-info/top_level.txt\n'}
[12.505913] (-) TimerEvent: {}
[12.580668] (mouse_teleop) StdoutLine: {'line': b"reading manifest file '../../../../build/mouse_teleop/mouse_teleop.egg-info/SOURCES.txt'\n"}
[12.584693] (mouse_teleop) StdoutLine: {'line': b"writing manifest file '../../../../build/mouse_teleop/mouse_teleop.egg-info/SOURCES.txt'\n"}
[12.585426] (mouse_teleop) StdoutLine: {'line': b'running build\n'}
[12.585867] (mouse_teleop) StdoutLine: {'line': b'running build_py\n'}
[12.588367] (mouse_teleop) StdoutLine: {'line': b'running install\n'}
[12.591876] (mouse_teleop) StdoutLine: {'line': b'running install_lib\n'}
[12.598684] (mouse_teleop) StdoutLine: {'line': b'running install_data\n'}
[12.600063] (mouse_teleop) StdoutLine: {'line': b'running install_egg_info\n'}
[12.606083] (-) TimerEvent: {}
[12.607019] (mouse_teleop) StdoutLine: {'line': b"removing '/home/cav330/f1tenth_ws/install/mouse_teleop/lib/python3.8/site-packages/mouse_teleop-0.3.0-py3.8.egg-info' (and everything under it)\n"}
[12.609306] (mouse_teleop) StdoutLine: {'line': b'Copying ../../../../build/mouse_teleop/mouse_teleop.egg-info to /home/cav330/f1tenth_ws/install/mouse_teleop/lib/python3.8/site-packages/mouse_teleop-0.3.0-py3.8.egg-info\n'}
[12.614190] (mouse_teleop) StdoutLine: {'line': b'running install_scripts\n'}
[12.686079] (mouse_teleop) StdoutLine: {'line': b'Installing mouse_teleop script to /home/cav330/f1tenth_ws/install/mouse_teleop/lib/mouse_teleop\n'}
[12.690176] (mouse_teleop) StdoutLine: {'line': b"writing list of installed files to '/home/cav330/f1tenth_ws/build/mouse_teleop/install.log'\n"}
[12.706377] (-) TimerEvent: {}
[12.779789] (mouse_teleop) CommandEnded: {'returncode': 0}
[12.807120] (mouse_teleop) JobEnded: {'identifier': 'mouse_teleop', 'rc': 0}
[12.808723] (-) TimerEvent: {}
[12.909320] (-) TimerEvent: {}
[13.010151] (-) TimerEvent: {}
[13.110985] (-) TimerEvent: {}
[13.168178] (f1tenth_stack) Command: {'cmd': ['/usr/bin/python3', '-W', 'ignore:setup.py install is deprecated', '-W', 'ignore:easy_install command is deprecated', 'setup.py', 'egg_info', '--egg-base', '../../../build/f1tenth_stack', 'build', '--build-base', '/home/cav330/f1tenth_ws/build/f1tenth_stack/build', 'install', '--record', '/home/cav330/f1tenth_ws/build/f1tenth_stack/install.log', '--install-scripts', '$base/lib/f1tenth_stack', '--single-version-externally-managed', 'install_data'], 'cwd': '/home/cav330/f1tenth_ws/src/f1tenth_system/f1tenth_stack', 'env': {'NX_ROOT': '/home/cav330/.nx', 'GJS_DEBUG_TOPICS': 'JS ERROR;JS LOG', 'LESSOPEN': '| /usr/bin/lesspipe %s', 'PULSE_CLIENTCONFIG': '/home/cav330/.nx/devices/D-1001-5BBEA081E7CCC5FE47B3898213872B03/audio/client.conf', 'MAIL': '/var/mail/cav330', 'USER': 'cav330', 'XDG_SESSION_TYPE': 'x11', 'NX_SYSTEM': '/usr/NX', 'SHLVL': '1', 'LD_LIBRARY_PATH': '/home/cav330/f1tenth_ws/install/vesc_driver/lib:/home/cav330/f1tenth_ws/install/vesc_ackermann/lib:/home/cav330/f1tenth_ws/install/vesc_msgs/lib:/home/cav330/f1tenth_ws/install/teleop_tools_msgs/lib:/opt/ros/foxy/opt/yaml_cpp_vendor/lib:/opt/ros/foxy/opt/rviz_ogre_vendor/lib:/opt/ros/foxy/lib/aarch64-linux-gnu:/opt/ros/foxy/lib:/usr/local/cuda-11.4/lib64', 'HOME': '/home/cav330', 'DESKTOP_SESSION': 'ubuntu-xorg', 'ROS_PYTHON_VERSION': '3', 'GNOME_SHELL_SESSION_MODE': 'ubuntu', 'DBUS_SESSION_BUS_ADDRESS': 'unix:abstract=/tmp/dbus-1gzSD6Wl1K,guid=d4e8827e16524ec651a25cad69cafd2d', 'COLORTERM': 'truecolor', 'PULSE_SCRIPT': '/home/cav330/.nx/devices/D-1001-5BBEA081E7CCC5FE47B3898213872B03/audio/default.pa', 'WAYLAND_DISPLAY': 'no', 'COLCON_PREFIX_PATH': '/home/cav330/f1tenth_ws/install', 'ROS_DISTRO': 'foxy', 'LOGNAME': 'cav330', 'PULSE_SERVER': '/home/cav330/.nx/devices/D-1001-5BBEA081E7CCC5FE47B3898213872B03/audio/native.socket', '_': '/usr/bin/colcon', 'ROS_VERSION': '2', 'XDG_SESSION_CLASS': 'user', 'USERNAME': 'cav330', 'TERM': 'xterm-256color', 'GNOME_DESKTOP_SESSION_ID': 'this-is-deprecated', 'ROS_LOCALHOST_ONLY': '0', 'PATH': '/opt/ros/foxy/bin:/usr/local/cuda-11.4/bin:/home/cav330/.local/bin:/usr/local/sbin:/usr/local/bin:/usr/sbin:/usr/bin:/sbin:/bin:/usr/games:/usr/local/games:/snap/bin', 'SESSION_MANAGER': 'local/ubuntu:@/tmp/.ICE-unix/3540,unix/ubuntu:/tmp/.ICE-unix/3540', 'PULSE_RUNTIME_PATH': '/run/user/1000/pulse', 'XDG_MENU_PREFIX': 'gnome-', 'GNOME_TERMINAL_SCREEN': '/org/gnome/Terminal/screen/1415c740_4480_4aec_b3c9_829264334640', 'XDG_RUNTIME_DIR': '/run/user/1000', 'PULSE_CONFIG': '/home/cav330/.nx/devices/D-1001-5BBEA081E7CCC5FE47B3898213872B03/audio/daemon.conf', 'GDK_BACKEND': 'x11', 'DISPLAY': ':1001', 'LANG': 'en_CA.UTF-8', 'XDG_CURRENT_DESKTOP': 'ubuntu:GNOME', 'NX_TEMP': '/tmp', 'XMODIFIERS': '@im=ibus', 'XAUTHORITY': '/home/cav330/.Xauthority', 'LS_COLORS': 'rs=0:di=01;34:ln=01;36:mh=00:pi=40;33:so=01;35:do=01;35:bd=40;33;01:cd=40;33;01:or=40;31;01:mi=00:su=37;41:sg=30;43:ca=30;41:tw=30;42:ow=34;42:st=37;44:ex=01;32:*.tar=01;31:*.tgz=01;31:*.arc=01;31:*.arj=01;31:*.taz=01;31:*.lha=01;31:*.lz4=01;31:*.lzh=01;31:*.lzma=01;31:*.tlz=01;31:*.txz=01;31:*.tzo=01;31:*.t7z=01;31:*.zip=01;31:*.z=01;31:*.dz=01;31:*.gz=01;31:*.lrz=01;31:*.lz=01;31:*.lzo=01;31:*.xz=01;31:*.zst=01;31:*.tzst=01;31:*.bz2=01;31:*.bz=01;31:*.tbz=01;31:*.tbz2=01;31:*.tz=01;31:*.deb=01;31:*.rpm=01;31:*.jar=01;31:*.war=01;31:*.ear=01;31:*.sar=01;31:*.rar=01;31:*.alz=01;31:*.ace=01;31:*.zoo=01;31:*.cpio=01;31:*.7z=01;31:*.rz=01;31:*.cab=01;31:*.wim=01;31:*.swm=01;31:*.dwm=01;31:*.esd=01;31:*.jpg=01;35:*.jpeg=01;35:*.mjpg=01;35:*.mjpeg=01;35:*.gif=01;35:*.bmp=01;35:*.pbm=01;35:*.pgm=01;35:*.ppm=01;35:*.tga=01;35:*.xbm=01;35:*.xpm=01;35:*.tif=01;35:*.tiff=01;35:*.png=01;35:*.svg=01;35:*.svgz=01;35:*.mng=01;35:*.pcx=01;35:*.mov=01;35:*.mpg=01;35:*.mpeg=01;35:*.m2v=01;35:*.mkv=01;35:*.webm=01;35:*.ogm=01;35:*.mp4=01;35:*.m4v=01;35:*.mp4v=01;35:*.vob=01;35:*.qt=01;35:*.nuv=01;35:*.wmv=01;35:*.asf=01;35:*.rm=01;35:*.rmvb=01;35:*.flc=01;35:*.avi=01;35:*.fli=01;35:*.flv=01;35:*.gl=01;35:*.dl=01;35:*.xcf=01;35:*.xwd=01;35:*.yuv=01;35:*.cgm=01;35:*.emf=01;35:*.ogv=01;35:*.ogx=01;35:*.aac=00;36:*.au=00;36:*.flac=00;36:*.m4a=00;36:*.mid=00;36:*.midi=00;36:*.mka=00;36:*.mp3=00;36:*.mpc=00;36:*.ogg=00;36:*.ra=00;36:*.wav=00;36:*.oga=00;36:*.opus=00;36:*.spx=00;36:*.xspf=00;36:', 'GNOME_TERMINAL_SERVICE': ':1.94', 'SSH_AUTH_SOCK': '/run/user/1000/keyring/ssh', 'AMENT_PREFIX_PATH': '/home/cav330/f1tenth_ws/install/joy_teleop:/home/cav330/f1tenth_ws/install/wall_follow:/home/cav330/f1tenth_ws/install/f1tenth_stack:/home/cav330/f1tenth_ws/install/vesc:/home/cav330/f1tenth_ws/install/vesc_driver:/home/cav330/f1tenth_ws/install/vesc_ackermann:/home/cav330/f1tenth_ws/install/vesc_msgs:/home/cav330/f1tenth_ws/install/teleop_tools:/home/cav330/f1tenth_ws/install/teleop_tools_msgs:/home/cav330/f1tenth_ws/install/safety_node:/home/cav330/f1tenth_ws/install/mouse_teleop:/home/cav330/f1tenth_ws/install/key_teleop:/home/cav330/f1tenth_ws/install/f1tenth_gym_ros:/home/cav330/f1tenth_ws/install/ackermann_mux:/opt/ros/foxy', 'SHELL': '/bin/bash', 'LESSCLOSE': '/usr/bin/lesspipe %s %s', 'NX_SESSION_ID': '5BBEA081E7CCC5FE47B3898213872B03', 'GJS_DEBUG_OUTPUT': 'stderr', 'QT_IM_MODULE': 'ibus', 'PWD': '/home/cav330/f1tenth_ws/build/f1tenth_stack', 'NX_RUNNER': '/usr/NX/bin/nxrunner', 'XDG_CONFIG_DIRS': '/etc/xdg/xdg-ubuntu-xorg:/etc/xdg', 'XDG_DATA_DIRS': '/usr/share/ubuntu-xorg:/usr/local/share:/usr/share:/var/lib/snapd/desktop', 'PYTHONPATH': '/home/cav330/f1tenth_ws/build/f1tenth_stack/prefix_override:/usr/lib/python3/dist-packages/colcon_core/task/python/colcon_distutils_commands:/home/cav330/f1tenth_ws/install/f1tenth_stack/lib/python3.8/site-packages:/home/cav330/f1tenth_ws/install/joy_teleop/lib/python3.8/site-packages:/home/cav330/f1tenth_ws/install/vesc_msgs/lib/python3.8/site-packages:/home/cav330/f1tenth_ws/install/teleop_tools_msgs/lib/python3.8/site-packages:/home/cav330/f1tenth_ws/install/f1tenth_stack/lib/python3.8/site-packages:/home/cav330/f1tenth_ws/install/mouse_teleop/lib/python3.8/site-packages:/home/cav330/f1tenth_ws/install/key_teleop/lib/python3.8/site-packages:/home/cav330/f1tenth_ws/install/f1tenth_gym_ros/lib/python3.8/site-packages:/opt/ros/foxy/lib/python3.8/site-packages', 'COLCON': '1', 'VTE_VERSION': '6003', 'CMAKE_PREFIX_PATH': '/home/cav330/f1tenth_ws/install/vesc:/home/cav330/f1tenth_ws/install/vesc_driver:/home/cav330/f1tenth_ws/install/vesc_ackermann:/home/cav330/f1tenth_ws/install/vesc_msgs:/home/cav330/f1tenth_ws/install/teleop_tools_msgs:/home/cav330/f1tenth_ws/install/ackermann_mux:/home/cav330/f1tenth_ws/install/wall_follow:/home/cav330/f1tenth_ws/install/teleop_tools:/home/cav330/f1tenth_ws/install/safety_node', 'NX_CONNECTION': '192.168.33.135 65380 192.168.33.130 4000', 'NXDIR': '/usr/NX'}, 'shell': False}
[13.211295] (-) TimerEvent: {}
[13.312738] (-) TimerEvent: {}
[13.414220] (-) TimerEvent: {}
[13.515277] (-) TimerEvent: {}
[13.616156] (-) TimerEvent: {}
[13.717209] (-) TimerEvent: {}
[13.818075] (-) TimerEvent: {}
[13.918905] (-) TimerEvent: {}
[14.019673] (-) TimerEvent: {}
[14.088275] (f1tenth_stack) StdoutLine: {'line': b'running egg_info\n'}
[14.090544] (f1tenth_stack) StdoutLine: {'line': b'writing ../../../build/f1tenth_stack/f1tenth_stack.egg-info/PKG-INFO\n'}
[14.091905] (f1tenth_stack) StdoutLine: {'line': b'writing dependency_links to ../../../build/f1tenth_stack/f1tenth_stack.egg-info/dependency_links.txt\n'}
[14.093274] (f1tenth_stack) StdoutLine: {'line': b'writing entry points to ../../../build/f1tenth_stack/f1tenth_stack.egg-info/entry_points.txt\n'}
[14.094147] (f1tenth_stack) StdoutLine: {'line': b'writing requirements to ../../../build/f1tenth_stack/f1tenth_stack.egg-info/requires.txt\n'}
[14.094653] (f1tenth_stack) StdoutLine: {'line': b'writing top-level names to ../../../build/f1tenth_stack/f1tenth_stack.egg-info/top_level.txt\n'}
[14.119858] (-) TimerEvent: {}
[14.220612] (-) TimerEvent: {}
[14.225384] (f1tenth_stack) StdoutLine: {'line': b"reading manifest file '../../../build/f1tenth_stack/f1tenth_stack.egg-info/SOURCES.txt'\n"}
[14.229323] (f1tenth_stack) StdoutLine: {'line': b"writing manifest file '../../../build/f1tenth_stack/f1tenth_stack.egg-info/SOURCES.txt'\n"}
[14.230007] (f1tenth_stack) StdoutLine: {'line': b'running build\n'}
[14.230453] (f1tenth_stack) StdoutLine: {'line': b'running build_py\n'}
[14.232304] (f1tenth_stack) StdoutLine: {'line': b'running install\n'}
[14.235776] (f1tenth_stack) StdoutLine: {'line': b'running install_lib\n'}
[14.242440] (f1tenth_stack) StdoutLine: {'line': b'running install_data\n'}
[14.243774] (f1tenth_stack) StdoutLine: {'line': b'running install_egg_info\n'}
[14.250496] (f1tenth_stack) StdoutLine: {'line': b"removing '/home/cav330/f1tenth_ws/install/f1tenth_stack/lib/python3.8/site-packages/f1tenth_stack-0.0.1-py3.8.egg-info' (and everything under it)\n"}
[14.252290] (f1tenth_stack) StdoutLine: {'line': b'Copying ../../../build/f1tenth_stack/f1tenth_stack.egg-info to /home/cav330/f1tenth_ws/install/f1tenth_stack/lib/python3.8/site-packages/f1tenth_stack-0.0.1-py3.8.egg-info\n'}
[14.259026] (f1tenth_stack) StdoutLine: {'line': b'running install_scripts\n'}
[14.320818] (-) TimerEvent: {}
[14.324023] (f1tenth_stack) StdoutLine: {'line': b'Installing tf_publisher script to /home/cav330/f1tenth_ws/install/f1tenth_stack/lib/f1tenth_stack\n'}
[14.325029] (f1tenth_stack) StdoutLine: {'line': b'Installing throttle_interpolator script to /home/cav330/f1tenth_ws/install/f1tenth_stack/lib/f1tenth_stack\n'}
[14.326503] (f1tenth_stack) StdoutLine: {'line': b"writing list of installed files to '/home/cav330/f1tenth_ws/build/f1tenth_stack/install.log'\n"}
[14.410336] (f1tenth_stack) CommandEnded: {'returncode': 0}
[14.421007] (-) TimerEvent: {}
[14.455925] (f1tenth_stack) JobEnded: {'identifier': 'f1tenth_stack', 'rc': 0}
[14.461343] (-) EventReactorShutdown: {}
