[1.079s] DEBUG:colcon:Command line arguments: ['/usr/bin/colcon', 'build']
[1.080s] DEBUG:colcon:Parsed command line arguments: Namespace(allow_overriding=[], ament_cmake_args=None, base_paths=['.'], build_base='build', catkin_cmake_args=None, catkin_skip_building_tests=False, cmake_args=None, cmake_clean_cache=False, cmake_clean_first=False, cmake_force_configure=False, cmake_target=None, cmake_target_skip_unavailable=False, continue_on_error=False, event_handlers=None, executor='parallel', ignore_user_meta=False, install_base='install', log_base=None, log_level=None, main=<bound method BuildVerb.main of <colcon_core.verb.build.BuildVerb object at 0xffff962b7250>>, merge_install=False, metas=['./colcon.meta'], packages_above=None, packages_above_and_dependencies=None, packages_above_depth=None, packages_end=None, packages_ignore=None, packages_ignore_regex=None, packages_select=None, packages_select_build_failed=False, packages_select_by_dep=None, packages_select_regex=None, packages_select_test_failures=False, packages_skip=None, packages_skip_build_finished=False, packages_skip_by_dep=None, packages_skip_regex=None, packages_skip_test_passed=False, packages_skip_up_to=None, packages_start=None, packages_up_to=None, packages_up_to_regex=None, parallel_workers=4, paths=None, symlink_install=False, test_result_base=None, verb_extension=<colcon_core.verb.build.BuildVerb object at 0xffff962b7250>, verb_name='build', verb_parser=<colcon_defaults.argument_parser.defaults.DefaultArgumentsDecorator object at 0xffff96252ca0>)
[2.002s] Level 1:colcon.colcon_core.package_discovery:discover_packages(colcon_meta) check parameters
[2.002s] Level 1:colcon.colcon_core.package_discovery:discover_packages(recursive) check parameters
[2.002s] Level 1:colcon.colcon_core.package_discovery:discover_packages(ignore) check parameters
[2.002s] Level 1:colcon.colcon_core.package_discovery:discover_packages(path) check parameters
[2.002s] Level 1:colcon.colcon_core.package_discovery:discover_packages(colcon_meta) discover
[2.003s] Level 1:colcon.colcon_core.package_discovery:discover_packages(recursive) discover
[2.003s] INFO:colcon.colcon_core.package_discovery:Crawling recursively for packages in '/home/cav330/f1tenth_ws'
[2.003s] Level 1:colcon.colcon_core.package_identification:_identify(.) by extensions ['ignore', 'ignore_ament_install']
[2.004s] Level 1:colcon.colcon_core.package_identification:_identify(.) by extension 'ignore'
[2.005s] Level 1:colcon.colcon_core.package_identification:_identify(.) by extension 'ignore_ament_install'
[2.005s] Level 1:colcon.colcon_core.package_identification:_identify(.) by extensions ['colcon_pkg']
[2.005s] Level 1:colcon.colcon_core.package_identification:_identify(.) by extension 'colcon_pkg'
[2.005s] Level 1:colcon.colcon_core.package_identification:_identify(.) by extensions ['colcon_meta']
[2.006s] Level 1:colcon.colcon_core.package_identification:_identify(.) by extension 'colcon_meta'
[2.006s] Level 1:colcon.colcon_core.package_identification:_identify(.) by extensions ['ros']
[2.006s] Level 1:colcon.colcon_core.package_identification:_identify(.) by extension 'ros'
[2.060s] Level 1:colcon.colcon_core.package_identification:_identify(.) by extensions ['cmake', 'python']
[2.060s] Level 1:colcon.colcon_core.package_identification:_identify(.) by extension 'cmake'
[2.060s] Level 1:colcon.colcon_core.package_identification:_identify(.) by extension 'python'
[2.061s] Level 1:colcon.colcon_core.package_identification:_identify(.) by extensions ['python_setup_py']
[2.061s] Level 1:colcon.colcon_core.package_identification:_identify(.) by extension 'python_setup_py'
[2.061s] Level 1:colcon.colcon_core.package_identification:_identify(build) by extensions ['ignore', 'ignore_ament_install']
[2.062s] Level 1:colcon.colcon_core.package_identification:_identify(build) by extension 'ignore'
[2.062s] Level 1:colcon.colcon_core.package_identification:_identify(build) ignored
[2.062s] Level 1:colcon.colcon_core.package_identification:_identify(install) by extensions ['ignore', 'ignore_ament_install']
[2.063s] Level 1:colcon.colcon_core.package_identification:_identify(install) by extension 'ignore'
[2.063s] Level 1:colcon.colcon_core.package_identification:_identify(install) ignored
[2.063s] Level 1:colcon.colcon_core.package_identification:_identify(log) by extensions ['ignore', 'ignore_ament_install']
[2.064s] Level 1:colcon.colcon_core.package_identification:_identify(log) by extension 'ignore'
[2.064s] Level 1:colcon.colcon_core.package_identification:_identify(log) ignored
[2.064s] Level 1:colcon.colcon_core.package_identification:_identify(src) by extensions ['ignore', 'ignore_ament_install']
[2.065s] Level 1:colcon.colcon_core.package_identification:_identify(src) by extension 'ignore'
[2.065s] Level 1:colcon.colcon_core.package_identification:_identify(src) by extension 'ignore_ament_install'
[2.065s] Level 1:colcon.colcon_core.package_identification:_identify(src) by extensions ['colcon_pkg']
[2.065s] Level 1:colcon.colcon_core.package_identification:_identify(src) by extension 'colcon_pkg'
[2.066s] Level 1:colcon.colcon_core.package_identification:_identify(src) by extensions ['colcon_meta']
[2.066s] Level 1:colcon.colcon_core.package_identification:_identify(src) by extension 'colcon_meta'
[2.066s] Level 1:colcon.colcon_core.package_identification:_identify(src) by extensions ['ros']
[2.066s] Level 1:colcon.colcon_core.package_identification:_identify(src) by extension 'ros'
[2.066s] Level 1:colcon.colcon_core.package_identification:_identify(src) by extensions ['cmake', 'python']
[2.067s] Level 1:colcon.colcon_core.package_identification:_identify(src) by extension 'cmake'
[2.067s] Level 1:colcon.colcon_core.package_identification:_identify(src) by extension 'python'
[2.067s] Level 1:colcon.colcon_core.package_identification:_identify(src) by extensions ['python_setup_py']
[2.067s] Level 1:colcon.colcon_core.package_identification:_identify(src) by extension 'python_setup_py'
[2.068s] Level 1:colcon.colcon_core.package_identification:_identify(src/f1tenth_gym_ros) by extensions ['ignore', 'ignore_ament_install']
[2.068s] Level 1:colcon.colcon_core.package_identification:_identify(src/f1tenth_gym_ros) by extension 'ignore'
[2.068s] Level 1:colcon.colcon_core.package_identification:_identify(src/f1tenth_gym_ros) by extension 'ignore_ament_install'
[2.069s] Level 1:colcon.colcon_core.package_identification:_identify(src/f1tenth_gym_ros) by extensions ['colcon_pkg']
[2.069s] Level 1:colcon.colcon_core.package_identification:_identify(src/f1tenth_gym_ros) by extension 'colcon_pkg'
[2.069s] Level 1:colcon.colcon_core.package_identification:_identify(src/f1tenth_gym_ros) by extensions ['colcon_meta']
[2.069s] Level 1:colcon.colcon_core.package_identification:_identify(src/f1tenth_gym_ros) by extension 'colcon_meta'
[2.069s] Level 1:colcon.colcon_core.package_identification:_identify(src/f1tenth_gym_ros) by extensions ['ros']
[2.069s] Level 1:colcon.colcon_core.package_identification:_identify(src/f1tenth_gym_ros) by extension 'ros'
[2.083s] DEBUG:colcon.colcon_core.package_identification:Package 'src/f1tenth_gym_ros' with type 'ros.ament_python' and name 'f1tenth_gym_ros'
[2.085s] Level 1:colcon.colcon_core.package_identification:_identify(src/f1tenth_system) by extensions ['ignore', 'ignore_ament_install']
[2.085s] Level 1:colcon.colcon_core.package_identification:_identify(src/f1tenth_system) by extension 'ignore'
[2.086s] Level 1:colcon.colcon_core.package_identification:_identify(src/f1tenth_system) by extension 'ignore_ament_install'
[2.086s] Level 1:colcon.colcon_core.package_identification:_identify(src/f1tenth_system) by extensions ['colcon_pkg']
[2.086s] Level 1:colcon.colcon_core.package_identification:_identify(src/f1tenth_system) by extension 'colcon_pkg'
[2.086s] Level 1:colcon.colcon_core.package_identification:_identify(src/f1tenth_system) by extensions ['colcon_meta']
[2.087s] Level 1:colcon.colcon_core.package_identification:_identify(src/f1tenth_system) by extension 'colcon_meta'
[2.087s] Level 1:colcon.colcon_core.package_identification:_identify(src/f1tenth_system) by extensions ['ros']
[2.087s] Level 1:colcon.colcon_core.package_identification:_identify(src/f1tenth_system) by extension 'ros'
[2.088s] Level 1:colcon.colcon_core.package_identification:_identify(src/f1tenth_system) by extensions ['cmake', 'python']
[2.088s] Level 1:colcon.colcon_core.package_identification:_identify(src/f1tenth_system) by extension 'cmake'
[2.088s] Level 1:colcon.colcon_core.package_identification:_identify(src/f1tenth_system) by extension 'python'
[2.088s] Level 1:colcon.colcon_core.package_identification:_identify(src/f1tenth_system) by extensions ['python_setup_py']
[2.088s] Level 1:colcon.colcon_core.package_identification:_identify(src/f1tenth_system) by extension 'python_setup_py'
[2.090s] Level 1:colcon.colcon_core.package_identification:_identify(src/f1tenth_system/ackermann_mux) by extensions ['ignore', 'ignore_ament_install']
[2.090s] Level 1:colcon.colcon_core.package_identification:_identify(src/f1tenth_system/ackermann_mux) by extension 'ignore'
[2.090s] Level 1:colcon.colcon_core.package_identification:_identify(src/f1tenth_system/ackermann_mux) by extension 'ignore_ament_install'
[2.091s] Level 1:colcon.colcon_core.package_identification:_identify(src/f1tenth_system/ackermann_mux) by extensions ['colcon_pkg']
[2.091s] Level 1:colcon.colcon_core.package_identification:_identify(src/f1tenth_system/ackermann_mux) by extension 'colcon_pkg'
[2.091s] Level 1:colcon.colcon_core.package_identification:_identify(src/f1tenth_system/ackermann_mux) by extensions ['colcon_meta']
[2.092s] Level 1:colcon.colcon_core.package_identification:_identify(src/f1tenth_system/ackermann_mux) by extension 'colcon_meta'
[2.092s] Level 1:colcon.colcon_core.package_identification:_identify(src/f1tenth_system/ackermann_mux) by extensions ['ros']
[2.092s] Level 1:colcon.colcon_core.package_identification:_identify(src/f1tenth_system/ackermann_mux) by extension 'ros'
[2.097s] DEBUG:colcon.colcon_core.package_identification:Package 'src/f1tenth_system/ackermann_mux' with type 'ros.ament_cmake' and name 'ackermann_mux'
[2.099s] Level 1:colcon.colcon_core.package_identification:_identify(src/f1tenth_system/f1tenth_stack) by extensions ['ignore', 'ignore_ament_install']
[2.099s] Level 1:colcon.colcon_core.package_identification:_identify(src/f1tenth_system/f1tenth_stack) by extension 'ignore'
[2.099s] Level 1:colcon.colcon_core.package_identification:_identify(src/f1tenth_system/f1tenth_stack) by extension 'ignore_ament_install'
[2.100s] Level 1:colcon.colcon_core.package_identification:_identify(src/f1tenth_system/f1tenth_stack) by extensions ['colcon_pkg']
[2.100s] Level 1:colcon.colcon_core.package_identification:_identify(src/f1tenth_system/f1tenth_stack) by extension 'colcon_pkg'
[2.100s] Level 1:colcon.colcon_core.package_identification:_identify(src/f1tenth_system/f1tenth_stack) by extensions ['colcon_meta']
[2.100s] Level 1:colcon.colcon_core.package_identification:_identify(src/f1tenth_system/f1tenth_stack) by extension 'colcon_meta'
[2.100s] Level 1:colcon.colcon_core.package_identification:_identify(src/f1tenth_system/f1tenth_stack) by extensions ['ros']
[2.100s] Level 1:colcon.colcon_core.package_identification:_identify(src/f1tenth_system/f1tenth_stack) by extension 'ros'
[2.105s] DEBUG:colcon.colcon_core.package_identification:Package 'src/f1tenth_system/f1tenth_stack' with type 'ros.ament_python' and name 'f1tenth_stack'
[2.106s] Level 1:colcon.colcon_core.package_identification:_identify(src/f1tenth_system/scripts) by extensions ['ignore', 'ignore_ament_install']
[2.106s] Level 1:colcon.colcon_core.package_identification:_identify(src/f1tenth_system/scripts) by extension 'ignore'
[2.107s] Level 1:colcon.colcon_core.package_identification:_identify(src/f1tenth_system/scripts) by extension 'ignore_ament_install'
[2.107s] Level 1:colcon.colcon_core.package_identification:_identify(src/f1tenth_system/scripts) by extensions ['colcon_pkg']
[2.107s] Level 1:colcon.colcon_core.package_identification:_identify(src/f1tenth_system/scripts) by extension 'colcon_pkg'
[2.107s] Level 1:colcon.colcon_core.package_identification:_identify(src/f1tenth_system/scripts) by extensions ['colcon_meta']
[2.108s] Level 1:colcon.colcon_core.package_identification:_identify(src/f1tenth_system/scripts) by extension 'colcon_meta'
[2.108s] Level 1:colcon.colcon_core.package_identification:_identify(src/f1tenth_system/scripts) by extensions ['ros']
[2.108s] Level 1:colcon.colcon_core.package_identification:_identify(src/f1tenth_system/scripts) by extension 'ros'
[2.108s] Level 1:colcon.colcon_core.package_identification:_identify(src/f1tenth_system/scripts) by extensions ['cmake', 'python']
[2.108s] Level 1:colcon.colcon_core.package_identification:_identify(src/f1tenth_system/scripts) by extension 'cmake'
[2.109s] Level 1:colcon.colcon_core.package_identification:_identify(src/f1tenth_system/scripts) by extension 'python'
[2.109s] Level 1:colcon.colcon_core.package_identification:_identify(src/f1tenth_system/scripts) by extensions ['python_setup_py']
[2.109s] Level 1:colcon.colcon_core.package_identification:_identify(src/f1tenth_system/scripts) by extension 'python_setup_py'
[2.110s] Level 1:colcon.colcon_core.package_identification:_identify(src/f1tenth_system/teleop_tools) by extensions ['ignore', 'ignore_ament_install']
[2.110s] Level 1:colcon.colcon_core.package_identification:_identify(src/f1tenth_system/teleop_tools) by extension 'ignore'
[2.110s] Level 1:colcon.colcon_core.package_identification:_identify(src/f1tenth_system/teleop_tools) by extension 'ignore_ament_install'
[2.110s] Level 1:colcon.colcon_core.package_identification:_identify(src/f1tenth_system/teleop_tools) by extensions ['colcon_pkg']
[2.111s] Level 1:colcon.colcon_core.package_identification:_identify(src/f1tenth_system/teleop_tools) by extension 'colcon_pkg'
[2.111s] Level 1:colcon.colcon_core.package_identification:_identify(src/f1tenth_system/teleop_tools) by extensions ['colcon_meta']
[2.111s] Level 1:colcon.colcon_core.package_identification:_identify(src/f1tenth_system/teleop_tools) by extension 'colcon_meta'
[2.111s] Level 1:colcon.colcon_core.package_identification:_identify(src/f1tenth_system/teleop_tools) by extensions ['ros']
[2.111s] Level 1:colcon.colcon_core.package_identification:_identify(src/f1tenth_system/teleop_tools) by extension 'ros'
[2.112s] Level 1:colcon.colcon_core.package_identification:_identify(src/f1tenth_system/teleop_tools) by extensions ['cmake', 'python']
[2.112s] Level 1:colcon.colcon_core.package_identification:_identify(src/f1tenth_system/teleop_tools) by extension 'cmake'
[2.112s] Level 1:colcon.colcon_core.package_identification:_identify(src/f1tenth_system/teleop_tools) by extension 'python'
[2.112s] Level 1:colcon.colcon_core.package_identification:_identify(src/f1tenth_system/teleop_tools) by extensions ['python_setup_py']
[2.112s] Level 1:colcon.colcon_core.package_identification:_identify(src/f1tenth_system/teleop_tools) by extension 'python_setup_py'
[2.113s] Level 1:colcon.colcon_core.package_identification:_identify(src/f1tenth_system/teleop_tools/joy_teleop) by extensions ['ignore', 'ignore_ament_install']
[2.114s] Level 1:colcon.colcon_core.package_identification:_identify(src/f1tenth_system/teleop_tools/joy_teleop) by extension 'ignore'
[2.114s] Level 1:colcon.colcon_core.package_identification:_identify(src/f1tenth_system/teleop_tools/joy_teleop) by extension 'ignore_ament_install'
[2.114s] Level 1:colcon.colcon_core.package_identification:_identify(src/f1tenth_system/teleop_tools/joy_teleop) by extensions ['colcon_pkg']
[2.114s] Level 1:colcon.colcon_core.package_identification:_identify(src/f1tenth_system/teleop_tools/joy_teleop) by extension 'colcon_pkg'
[2.115s] Level 1:colcon.colcon_core.package_identification:_identify(src/f1tenth_system/teleop_tools/joy_teleop) by extensions ['colcon_meta']
[2.115s] Level 1:colcon.colcon_core.package_identification:_identify(src/f1tenth_system/teleop_tools/joy_teleop) by extension 'colcon_meta'
[2.115s] Level 1:colcon.colcon_core.package_identification:_identify(src/f1tenth_system/teleop_tools/joy_teleop) by extensions ['ros']
[2.116s] Level 1:colcon.colcon_core.package_identification:_identify(src/f1tenth_system/teleop_tools/joy_teleop) by extension 'ros'
[2.119s] DEBUG:colcon.colcon_core.package_identification:Package 'src/f1tenth_system/teleop_tools/joy_teleop' with type 'ros.ament_python' and name 'joy_teleop'
[2.120s] Level 1:colcon.colcon_core.package_identification:_identify(src/f1tenth_system/teleop_tools/key_teleop) by extensions ['ignore', 'ignore_ament_install']
[2.120s] Level 1:colcon.colcon_core.package_identification:_identify(src/f1tenth_system/teleop_tools/key_teleop) by extension 'ignore'
[2.121s] Level 1:colcon.colcon_core.package_identification:_identify(src/f1tenth_system/teleop_tools/key_teleop) by extension 'ignore_ament_install'
[2.121s] Level 1:colcon.colcon_core.package_identification:_identify(src/f1tenth_system/teleop_tools/key_teleop) by extensions ['colcon_pkg']
[2.121s] Level 1:colcon.colcon_core.package_identification:_identify(src/f1tenth_system/teleop_tools/key_teleop) by extension 'colcon_pkg'
[2.121s] Level 1:colcon.colcon_core.package_identification:_identify(src/f1tenth_system/teleop_tools/key_teleop) by extensions ['colcon_meta']
[2.121s] Level 1:colcon.colcon_core.package_identification:_identify(src/f1tenth_system/teleop_tools/key_teleop) by extension 'colcon_meta'
[2.122s] Level 1:colcon.colcon_core.package_identification:_identify(src/f1tenth_system/teleop_tools/key_teleop) by extensions ['ros']
[2.122s] Level 1:colcon.colcon_core.package_identification:_identify(src/f1tenth_system/teleop_tools/key_teleop) by extension 'ros'
[2.126s] DEBUG:colcon.colcon_core.package_identification:Package 'src/f1tenth_system/teleop_tools/key_teleop' with type 'ros.ament_python' and name 'key_teleop'
[2.127s] Level 1:colcon.colcon_core.package_identification:_identify(src/f1tenth_system/teleop_tools/mouse_teleop) by extensions ['ignore', 'ignore_ament_install']
[2.127s] Level 1:colcon.colcon_core.package_identification:_identify(src/f1tenth_system/teleop_tools/mouse_teleop) by extension 'ignore'
[2.127s] Level 1:colcon.colcon_core.package_identification:_identify(src/f1tenth_system/teleop_tools/mouse_teleop) by extension 'ignore_ament_install'
[2.128s] Level 1:colcon.colcon_core.package_identification:_identify(src/f1tenth_system/teleop_tools/mouse_teleop) by extensions ['colcon_pkg']
[2.128s] Level 1:colcon.colcon_core.package_identification:_identify(src/f1tenth_system/teleop_tools/mouse_teleop) by extension 'colcon_pkg'
[2.128s] Level 1:colcon.colcon_core.package_identification:_identify(src/f1tenth_system/teleop_tools/mouse_teleop) by extensions ['colcon_meta']
[2.128s] Level 1:colcon.colcon_core.package_identification:_identify(src/f1tenth_system/teleop_tools/mouse_teleop) by extension 'colcon_meta'
[2.128s] Level 1:colcon.colcon_core.package_identification:_identify(src/f1tenth_system/teleop_tools/mouse_teleop) by extensions ['ros']
[2.128s] Level 1:colcon.colcon_core.package_identification:_identify(src/f1tenth_system/teleop_tools/mouse_teleop) by extension 'ros'
[2.131s] DEBUG:colcon.colcon_core.package_identification:Package 'src/f1tenth_system/teleop_tools/mouse_teleop' with type 'ros.ament_python' and name 'mouse_teleop'
[2.132s] Level 1:colcon.colcon_core.package_identification:_identify(src/f1tenth_system/teleop_tools/teleop_tools) by extensions ['ignore', 'ignore_ament_install']
[2.132s] Level 1:colcon.colcon_core.package_identification:_identify(src/f1tenth_system/teleop_tools/teleop_tools) by extension 'ignore'
[2.133s] Level 1:colcon.colcon_core.package_identification:_identify(src/f1tenth_system/teleop_tools/teleop_tools) by extension 'ignore_ament_install'
[2.133s] Level 1:colcon.colcon_core.package_identification:_identify(src/f1tenth_system/teleop_tools/teleop_tools) by extensions ['colcon_pkg']
[2.133s] Level 1:colcon.colcon_core.package_identification:_identify(src/f1tenth_system/teleop_tools/teleop_tools) by extension 'colcon_pkg'
[2.133s] Level 1:colcon.colcon_core.package_identification:_identify(src/f1tenth_system/teleop_tools/teleop_tools) by extensions ['colcon_meta']
[2.133s] Level 1:colcon.colcon_core.package_identification:_identify(src/f1tenth_system/teleop_tools/teleop_tools) by extension 'colcon_meta'
[2.134s] Level 1:colcon.colcon_core.package_identification:_identify(src/f1tenth_system/teleop_tools/teleop_tools) by extensions ['ros']
[2.134s] Level 1:colcon.colcon_core.package_identification:_identify(src/f1tenth_system/teleop_tools/teleop_tools) by extension 'ros'
[2.136s] DEBUG:colcon.colcon_core.package_identification:Package 'src/f1tenth_system/teleop_tools/teleop_tools' with type 'ros.ament_cmake' and name 'teleop_tools'
[2.137s] Level 1:colcon.colcon_core.package_identification:_identify(src/f1tenth_system/teleop_tools/teleop_tools_msgs) by extensions ['ignore', 'ignore_ament_install']
[2.137s] Level 1:colcon.colcon_core.package_identification:_identify(src/f1tenth_system/teleop_tools/teleop_tools_msgs) by extension 'ignore'
[2.138s] Level 1:colcon.colcon_core.package_identification:_identify(src/f1tenth_system/teleop_tools/teleop_tools_msgs) by extension 'ignore_ament_install'
[2.138s] Level 1:colcon.colcon_core.package_identification:_identify(src/f1tenth_system/teleop_tools/teleop_tools_msgs) by extensions ['colcon_pkg']
[2.138s] Level 1:colcon.colcon_core.package_identification:_identify(src/f1tenth_system/teleop_tools/teleop_tools_msgs) by extension 'colcon_pkg'
[2.138s] Level 1:colcon.colcon_core.package_identification:_identify(src/f1tenth_system/teleop_tools/teleop_tools_msgs) by extensions ['colcon_meta']
[2.138s] Level 1:colcon.colcon_core.package_identification:_identify(src/f1tenth_system/teleop_tools/teleop_tools_msgs) by extension 'colcon_meta'
[2.138s] Level 1:colcon.colcon_core.package_identification:_identify(src/f1tenth_system/teleop_tools/teleop_tools_msgs) by extensions ['ros']
[2.139s] Level 1:colcon.colcon_core.package_identification:_identify(src/f1tenth_system/teleop_tools/teleop_tools_msgs) by extension 'ros'
[2.141s] DEBUG:colcon.colcon_core.package_identification:Package 'src/f1tenth_system/teleop_tools/teleop_tools_msgs' with type 'ros.ament_cmake' and name 'teleop_tools_msgs'
[2.142s] Level 1:colcon.colcon_core.package_identification:_identify(src/f1tenth_system/vesc) by extensions ['ignore', 'ignore_ament_install']
[2.142s] Level 1:colcon.colcon_core.package_identification:_identify(src/f1tenth_system/vesc) by extension 'ignore'
[2.142s] Level 1:colcon.colcon_core.package_identification:_identify(src/f1tenth_system/vesc) by extension 'ignore_ament_install'
[2.143s] Level 1:colcon.colcon_core.package_identification:_identify(src/f1tenth_system/vesc) by extensions ['colcon_pkg']
[2.143s] Level 1:colcon.colcon_core.package_identification:_identify(src/f1tenth_system/vesc) by extension 'colcon_pkg'
[2.143s] Level 1:colcon.colcon_core.package_identification:_identify(src/f1tenth_system/vesc) by extensions ['colcon_meta']
[2.143s] Level 1:colcon.colcon_core.package_identification:_identify(src/f1tenth_system/vesc) by extension 'colcon_meta'
[2.143s] Level 1:colcon.colcon_core.package_identification:_identify(src/f1tenth_system/vesc) by extensions ['ros']
[2.144s] Level 1:colcon.colcon_core.package_identification:_identify(src/f1tenth_system/vesc) by extension 'ros'
[2.144s] Level 1:colcon.colcon_core.package_identification:_identify(src/f1tenth_system/vesc) by extensions ['cmake', 'python']
[2.144s] Level 1:colcon.colcon_core.package_identification:_identify(src/f1tenth_system/vesc) by extension 'cmake'
[2.144s] Level 1:colcon.colcon_core.package_identification:_identify(src/f1tenth_system/vesc) by extension 'python'
[2.145s] Level 1:colcon.colcon_core.package_identification:_identify(src/f1tenth_system/vesc) by extensions ['python_setup_py']
[2.145s] Level 1:colcon.colcon_core.package_identification:_identify(src/f1tenth_system/vesc) by extension 'python_setup_py'
[2.146s] Level 1:colcon.colcon_core.package_identification:_identify(src/f1tenth_system/vesc/vesc) by extensions ['ignore', 'ignore_ament_install']
[2.146s] Level 1:colcon.colcon_core.package_identification:_identify(src/f1tenth_system/vesc/vesc) by extension 'ignore'
[2.146s] Level 1:colcon.colcon_core.package_identification:_identify(src/f1tenth_system/vesc/vesc) by extension 'ignore_ament_install'
[2.146s] Level 1:colcon.colcon_core.package_identification:_identify(src/f1tenth_system/vesc/vesc) by extensions ['colcon_pkg']
[2.146s] Level 1:colcon.colcon_core.package_identification:_identify(src/f1tenth_system/vesc/vesc) by extension 'colcon_pkg'
[2.147s] Level 1:colcon.colcon_core.package_identification:_identify(src/f1tenth_system/vesc/vesc) by extensions ['colcon_meta']
[2.147s] Level 1:colcon.colcon_core.package_identification:_identify(src/f1tenth_system/vesc/vesc) by extension 'colcon_meta'
[2.147s] Level 1:colcon.colcon_core.package_identification:_identify(src/f1tenth_system/vesc/vesc) by extensions ['ros']
[2.147s] Level 1:colcon.colcon_core.package_identification:_identify(src/f1tenth_system/vesc/vesc) by extension 'ros'
[2.150s] DEBUG:colcon.colcon_core.package_identification:Package 'src/f1tenth_system/vesc/vesc' with type 'ros.ament_cmake' and name 'vesc'
[2.151s] Level 1:colcon.colcon_core.package_identification:_identify(src/f1tenth_system/vesc/vesc_ackermann) by extensions ['ignore', 'ignore_ament_install']
[2.151s] Level 1:colcon.colcon_core.package_identification:_identify(src/f1tenth_system/vesc/vesc_ackermann) by extension 'ignore'
[2.152s] Level 1:colcon.colcon_core.package_identification:_identify(src/f1tenth_system/vesc/vesc_ackermann) by extension 'ignore_ament_install'
[2.152s] Level 1:colcon.colcon_core.package_identification:_identify(src/f1tenth_system/vesc/vesc_ackermann) by extensions ['colcon_pkg']
[2.152s] Level 1:colcon.colcon_core.package_identification:_identify(src/f1tenth_system/vesc/vesc_ackermann) by extension 'colcon_pkg'
[2.152s] Level 1:colcon.colcon_core.package_identification:_identify(src/f1tenth_system/vesc/vesc_ackermann) by extensions ['colcon_meta']
[2.152s] Level 1:colcon.colcon_core.package_identification:_identify(src/f1tenth_system/vesc/vesc_ackermann) by extension 'colcon_meta'
[2.153s] Level 1:colcon.colcon_core.package_identification:_identify(src/f1tenth_system/vesc/vesc_ackermann) by extensions ['ros']
[2.153s] Level 1:colcon.colcon_core.package_identification:_identify(src/f1tenth_system/vesc/vesc_ackermann) by extension 'ros'
[2.158s] DEBUG:colcon.colcon_core.package_identification:Package 'src/f1tenth_system/vesc/vesc_ackermann' with type 'ros.ament_cmake' and name 'vesc_ackermann'
[2.158s] Level 1:colcon.colcon_core.package_identification:_identify(src/f1tenth_system/vesc/vesc_driver) by extensions ['ignore', 'ignore_ament_install']
[2.159s] Level 1:colcon.colcon_core.package_identification:_identify(src/f1tenth_system/vesc/vesc_driver) by extension 'ignore'
[2.159s] Level 1:colcon.colcon_core.package_identification:_identify(src/f1tenth_system/vesc/vesc_driver) by extension 'ignore_ament_install'
[2.159s] Level 1:colcon.colcon_core.package_identification:_identify(src/f1tenth_system/vesc/vesc_driver) by extensions ['colcon_pkg']
[2.159s] Level 1:colcon.colcon_core.package_identification:_identify(src/f1tenth_system/vesc/vesc_driver) by extension 'colcon_pkg'
[2.160s] Level 1:colcon.colcon_core.package_identification:_identify(src/f1tenth_system/vesc/vesc_driver) by extensions ['colcon_meta']
[2.160s] Level 1:colcon.colcon_core.package_identification:_identify(src/f1tenth_system/vesc/vesc_driver) by extension 'colcon_meta'
[2.160s] Level 1:colcon.colcon_core.package_identification:_identify(src/f1tenth_system/vesc/vesc_driver) by extensions ['ros']
[2.160s] Level 1:colcon.colcon_core.package_identification:_identify(src/f1tenth_system/vesc/vesc_driver) by extension 'ros'
[2.164s] DEBUG:colcon.colcon_core.package_identification:Package 'src/f1tenth_system/vesc/vesc_driver' with type 'ros.ament_cmake' and name 'vesc_driver'
[2.165s] Level 1:colcon.colcon_core.package_identification:_identify(src/f1tenth_system/vesc/vesc_msgs) by extensions ['ignore', 'ignore_ament_install']
[2.165s] Level 1:colcon.colcon_core.package_identification:_identify(src/f1tenth_system/vesc/vesc_msgs) by extension 'ignore'
[2.166s] Level 1:colcon.colcon_core.package_identification:_identify(src/f1tenth_system/vesc/vesc_msgs) by extension 'ignore_ament_install'
[2.166s] Level 1:colcon.colcon_core.package_identification:_identify(src/f1tenth_system/vesc/vesc_msgs) by extensions ['colcon_pkg']
[2.166s] Level 1:colcon.colcon_core.package_identification:_identify(src/f1tenth_system/vesc/vesc_msgs) by extension 'colcon_pkg'
[2.166s] Level 1:colcon.colcon_core.package_identification:_identify(src/f1tenth_system/vesc/vesc_msgs) by extensions ['colcon_meta']
[2.166s] Level 1:colcon.colcon_core.package_identification:_identify(src/f1tenth_system/vesc/vesc_msgs) by extension 'colcon_meta'
[2.167s] Level 1:colcon.colcon_core.package_identification:_identify(src/f1tenth_system/vesc/vesc_msgs) by extensions ['ros']
[2.167s] Level 1:colcon.colcon_core.package_identification:_identify(src/f1tenth_system/vesc/vesc_msgs) by extension 'ros'
[2.170s] DEBUG:colcon.colcon_core.package_identification:Package 'src/f1tenth_system/vesc/vesc_msgs' with type 'ros.ament_cmake' and name 'vesc_msgs'
[2.171s] Level 1:colcon.colcon_core.package_identification:_identify(src/safety_node) by extensions ['ignore', 'ignore_ament_install']
[2.171s] Level 1:colcon.colcon_core.package_identification:_identify(src/safety_node) by extension 'ignore'
[2.171s] Level 1:colcon.colcon_core.package_identification:_identify(src/safety_node) by extension 'ignore_ament_install'
[2.172s] Level 1:colcon.colcon_core.package_identification:_identify(src/safety_node) by extensions ['colcon_pkg']
[2.172s] Level 1:colcon.colcon_core.package_identification:_identify(src/safety_node) by extension 'colcon_pkg'
[2.172s] Level 1:colcon.colcon_core.package_identification:_identify(src/safety_node) by extensions ['colcon_meta']
[2.172s] Level 1:colcon.colcon_core.package_identification:_identify(src/safety_node) by extension 'colcon_meta'
[2.172s] Level 1:colcon.colcon_core.package_identification:_identify(src/safety_node) by extensions ['ros']
[2.172s] Level 1:colcon.colcon_core.package_identification:_identify(src/safety_node) by extension 'ros'
[2.176s] DEBUG:colcon.colcon_core.package_identification:Package 'src/safety_node' with type 'ros.ament_cmake' and name 'safety_node'
[2.176s] Level 1:colcon.colcon_core.package_identification:_identify(src/wall_follow) by extensions ['ignore', 'ignore_ament_install']
[2.177s] Level 1:colcon.colcon_core.package_identification:_identify(src/wall_follow) by extension 'ignore'
[2.177s] Level 1:colcon.colcon_core.package_identification:_identify(src/wall_follow) by extension 'ignore_ament_install'
[2.177s] Level 1:colcon.colcon_core.package_identification:_identify(src/wall_follow) by extensions ['colcon_pkg']
[2.177s] Level 1:colcon.colcon_core.package_identification:_identify(src/wall_follow) by extension 'colcon_pkg'
[2.177s] Level 1:colcon.colcon_core.package_identification:_identify(src/wall_follow) by extensions ['colcon_meta']
[2.178s] Level 1:colcon.colcon_core.package_identification:_identify(src/wall_follow) by extension 'colcon_meta'
[2.178s] Level 1:colcon.colcon_core.package_identification:_identify(src/wall_follow) by extensions ['ros']
[2.178s] Level 1:colcon.colcon_core.package_identification:_identify(src/wall_follow) by extension 'ros'
[2.181s] DEBUG:colcon.colcon_core.package_identification:Package 'src/wall_follow' with type 'ros.ament_cmake' and name 'wall_follow'
[2.181s] Level 1:colcon.colcon_core.package_discovery:discover_packages(recursive) using defaults
[2.181s] Level 1:colcon.colcon_core.package_discovery:discover_packages(ignore) discover
[2.181s] Level 1:colcon.colcon_core.package_discovery:discover_packages(ignore) using defaults
[2.182s] Level 1:colcon.colcon_core.package_discovery:discover_packages(path) discover
[2.182s] Level 1:colcon.colcon_core.package_discovery:discover_packages(path) using defaults
[2.302s] Level 1:colcon.colcon_core.package_discovery:discover_packages(prefix_path) check parameters
[2.303s] Level 1:colcon.colcon_core.package_discovery:discover_packages(prefix_path) discover
[2.317s] DEBUG:colcon.colcon_installed_package_information.package_discovery:Found 14 installed packages in /home/cav330/f1tenth_ws/install
[2.324s] DEBUG:colcon.colcon_installed_package_information.package_discovery:Found 272 installed packages in /opt/ros/foxy
[2.332s] Level 1:colcon.colcon_core.package_discovery:discover_packages(prefix_path) using defaults
[2.607s] Level 5:colcon.colcon_core.verb:set package 'ackermann_mux' build argument 'cmake_args' from command line to 'None'
[2.607s] Level 5:colcon.colcon_core.verb:set package 'ackermann_mux' build argument 'cmake_target' from command line to 'None'
[2.607s] Level 5:colcon.colcon_core.verb:set package 'ackermann_mux' build argument 'cmake_target_skip_unavailable' from command line to 'False'
[2.608s] Level 5:colcon.colcon_core.verb:set package 'ackermann_mux' build argument 'cmake_clean_cache' from command line to 'False'
[2.608s] Level 5:colcon.colcon_core.verb:set package 'ackermann_mux' build argument 'cmake_clean_first' from command line to 'False'
[2.608s] Level 5:colcon.colcon_core.verb:set package 'ackermann_mux' build argument 'cmake_force_configure' from command line to 'False'
[2.608s] Level 5:colcon.colcon_core.verb:set package 'ackermann_mux' build argument 'ament_cmake_args' from command line to 'None'
[2.608s] Level 5:colcon.colcon_core.verb:set package 'ackermann_mux' build argument 'catkin_cmake_args' from command line to 'None'
[2.608s] Level 5:colcon.colcon_core.verb:set package 'ackermann_mux' build argument 'catkin_skip_building_tests' from command line to 'False'
[2.608s] DEBUG:colcon.colcon_core.verb:Building package 'ackermann_mux' with the following arguments: {'ament_cmake_args': None, 'build_base': '/home/cav330/f1tenth_ws/build/ackermann_mux', 'catkin_cmake_args': None, 'catkin_skip_building_tests': False, 'cmake_args': None, 'cmake_clean_cache': False, 'cmake_clean_first': False, 'cmake_force_configure': False, 'cmake_target': None, 'cmake_target_skip_unavailable': False, 'install_base': '/home/cav330/f1tenth_ws/install/ackermann_mux', 'merge_install': False, 'path': '/home/cav330/f1tenth_ws/src/f1tenth_system/ackermann_mux', 'symlink_install': False, 'test_result_base': None}
[2.610s] Level 5:colcon.colcon_core.verb:set package 'f1tenth_gym_ros' build argument 'cmake_args' from command line to 'None'
[2.610s] Level 5:colcon.colcon_core.verb:set package 'f1tenth_gym_ros' build argument 'cmake_target' from command line to 'None'
[2.610s] Level 5:colcon.colcon_core.verb:set package 'f1tenth_gym_ros' build argument 'cmake_target_skip_unavailable' from command line to 'False'
[2.610s] Level 5:colcon.colcon_core.verb:set package 'f1tenth_gym_ros' build argument 'cmake_clean_cache' from command line to 'False'
[2.611s] Level 5:colcon.colcon_core.verb:set package 'f1tenth_gym_ros' build argument 'cmake_clean_first' from command line to 'False'
[2.611s] Level 5:colcon.colcon_core.verb:set package 'f1tenth_gym_ros' build argument 'cmake_force_configure' from command line to 'False'
[2.611s] Level 5:colcon.colcon_core.verb:set package 'f1tenth_gym_ros' build argument 'ament_cmake_args' from command line to 'None'
[2.611s] Level 5:colcon.colcon_core.verb:set package 'f1tenth_gym_ros' build argument 'catkin_cmake_args' from command line to 'None'
[2.611s] Level 5:colcon.colcon_core.verb:set package 'f1tenth_gym_ros' build argument 'catkin_skip_building_tests' from command line to 'False'
[2.611s] DEBUG:colcon.colcon_core.verb:Building package 'f1tenth_gym_ros' with the following arguments: {'ament_cmake_args': None, 'build_base': '/home/cav330/f1tenth_ws/build/f1tenth_gym_ros', 'catkin_cmake_args': None, 'catkin_skip_building_tests': False, 'cmake_args': None, 'cmake_clean_cache': False, 'cmake_clean_first': False, 'cmake_force_configure': False, 'cmake_target': None, 'cmake_target_skip_unavailable': False, 'install_base': '/home/cav330/f1tenth_ws/install/f1tenth_gym_ros', 'merge_install': False, 'path': '/home/cav330/f1tenth_ws/src/f1tenth_gym_ros', 'symlink_install': False, 'test_result_base': None}
[2.613s] Level 5:colcon.colcon_core.verb:set package 'key_teleop' build argument 'cmake_args' from command line to 'None'
[2.613s] Level 5:colcon.colcon_core.verb:set package 'key_teleop' build argument 'cmake_target' from command line to 'None'
[2.613s] Level 5:colcon.colcon_core.verb:set package 'key_teleop' build argument 'cmake_target_skip_unavailable' from command line to 'False'
[2.613s] Level 5:colcon.colcon_core.verb:set package 'key_teleop' build argument 'cmake_clean_cache' from command line to 'False'
[2.613s] Level 5:colcon.colcon_core.verb:set package 'key_teleop' build argument 'cmake_clean_first' from command line to 'False'
[2.613s] Level 5:colcon.colcon_core.verb:set package 'key_teleop' build argument 'cmake_force_configure' from command line to 'False'
[2.614s] Level 5:colcon.colcon_core.verb:set package 'key_teleop' build argument 'ament_cmake_args' from command line to 'None'
[2.614s] Level 5:colcon.colcon_core.verb:set package 'key_teleop' build argument 'catkin_cmake_args' from command line to 'None'
[2.614s] Level 5:colcon.colcon_core.verb:set package 'key_teleop' build argument 'catkin_skip_building_tests' from command line to 'False'
[2.614s] DEBUG:colcon.colcon_core.verb:Building package 'key_teleop' with the following arguments: {'ament_cmake_args': None, 'build_base': '/home/cav330/f1tenth_ws/build/key_teleop', 'catkin_cmake_args': None, 'catkin_skip_building_tests': False, 'cmake_args': None, 'cmake_clean_cache': False, 'cmake_clean_first': False, 'cmake_force_configure': False, 'cmake_target': None, 'cmake_target_skip_unavailable': False, 'install_base': '/home/cav330/f1tenth_ws/install/key_teleop', 'merge_install': False, 'path': '/home/cav330/f1tenth_ws/src/f1tenth_system/teleop_tools/key_teleop', 'symlink_install': False, 'test_result_base': None}
[2.615s] Level 5:colcon.colcon_core.verb:set package 'mouse_teleop' build argument 'cmake_args' from command line to 'None'
[2.616s] Level 5:colcon.colcon_core.verb:set package 'mouse_teleop' build argument 'cmake_target' from command line to 'None'
[2.616s] Level 5:colcon.colcon_core.verb:set package 'mouse_teleop' build argument 'cmake_target_skip_unavailable' from command line to 'False'
[2.616s] Level 5:colcon.colcon_core.verb:set package 'mouse_teleop' build argument 'cmake_clean_cache' from command line to 'False'
[2.616s] Level 5:colcon.colcon_core.verb:set package 'mouse_teleop' build argument 'cmake_clean_first' from command line to 'False'
[2.616s] Level 5:colcon.colcon_core.verb:set package 'mouse_teleop' build argument 'cmake_force_configure' from command line to 'False'
[2.616s] Level 5:colcon.colcon_core.verb:set package 'mouse_teleop' build argument 'ament_cmake_args' from command line to 'None'
[2.616s] Level 5:colcon.colcon_core.verb:set package 'mouse_teleop' build argument 'catkin_cmake_args' from command line to 'None'
[2.616s] Level 5:colcon.colcon_core.verb:set package 'mouse_teleop' build argument 'catkin_skip_building_tests' from command line to 'False'
[2.617s] DEBUG:colcon.colcon_core.verb:Building package 'mouse_teleop' with the following arguments: {'ament_cmake_args': None, 'build_base': '/home/cav330/f1tenth_ws/build/mouse_teleop', 'catkin_cmake_args': None, 'catkin_skip_building_tests': False, 'cmake_args': None, 'cmake_clean_cache': False, 'cmake_clean_first': False, 'cmake_force_configure': False, 'cmake_target': None, 'cmake_target_skip_unavailable': False, 'install_base': '/home/cav330/f1tenth_ws/install/mouse_teleop', 'merge_install': False, 'path': '/home/cav330/f1tenth_ws/src/f1tenth_system/teleop_tools/mouse_teleop', 'symlink_install': False, 'test_result_base': None}
[2.619s] Level 5:colcon.colcon_core.verb:set package 'safety_node' build argument 'cmake_args' from command line to 'None'
[2.619s] Level 5:colcon.colcon_core.verb:set package 'safety_node' build argument 'cmake_target' from command line to 'None'
[2.619s] Level 5:colcon.colcon_core.verb:set package 'safety_node' build argument 'cmake_target_skip_unavailable' from command line to 'False'
[2.619s] Level 5:colcon.colcon_core.verb:set package 'safety_node' build argument 'cmake_clean_cache' from command line to 'False'
[2.619s] Level 5:colcon.colcon_core.verb:set package 'safety_node' build argument 'cmake_clean_first' from command line to 'False'
[2.619s] Level 5:colcon.colcon_core.verb:set package 'safety_node' build argument 'cmake_force_configure' from command line to 'False'
[2.619s] Level 5:colcon.colcon_core.verb:set package 'safety_node' build argument 'ament_cmake_args' from command line to 'None'
[2.619s] Level 5:colcon.colcon_core.verb:set package 'safety_node' build argument 'catkin_cmake_args' from command line to 'None'
[2.620s] Level 5:colcon.colcon_core.verb:set package 'safety_node' build argument 'catkin_skip_building_tests' from command line to 'False'
[2.620s] DEBUG:colcon.colcon_core.verb:Building package 'safety_node' with the following arguments: {'ament_cmake_args': None, 'build_base': '/home/cav330/f1tenth_ws/build/safety_node', 'catkin_cmake_args': None, 'catkin_skip_building_tests': False, 'cmake_args': None, 'cmake_clean_cache': False, 'cmake_clean_first': False, 'cmake_force_configure': False, 'cmake_target': None, 'cmake_target_skip_unavailable': False, 'install_base': '/home/cav330/f1tenth_ws/install/safety_node', 'merge_install': False, 'path': '/home/cav330/f1tenth_ws/src/safety_node', 'symlink_install': False, 'test_result_base': None}
[2.621s] Level 5:colcon.colcon_core.verb:set package 'teleop_tools_msgs' build argument 'cmake_args' from command line to 'None'
[2.622s] Level 5:colcon.colcon_core.verb:set package 'teleop_tools_msgs' build argument 'cmake_target' from command line to 'None'
[2.622s] Level 5:colcon.colcon_core.verb:set package 'teleop_tools_msgs' build argument 'cmake_target_skip_unavailable' from command line to 'False'
[2.622s] Level 5:colcon.colcon_core.verb:set package 'teleop_tools_msgs' build argument 'cmake_clean_cache' from command line to 'False'
[2.622s] Level 5:colcon.colcon_core.verb:set package 'teleop_tools_msgs' build argument 'cmake_clean_first' from command line to 'False'
[2.622s] Level 5:colcon.colcon_core.verb:set package 'teleop_tools_msgs' build argument 'cmake_force_configure' from command line to 'False'
[2.622s] Level 5:colcon.colcon_core.verb:set package 'teleop_tools_msgs' build argument 'ament_cmake_args' from command line to 'None'
[2.622s] Level 5:colcon.colcon_core.verb:set package 'teleop_tools_msgs' build argument 'catkin_cmake_args' from command line to 'None'
[2.622s] Level 5:colcon.colcon_core.verb:set package 'teleop_tools_msgs' build argument 'catkin_skip_building_tests' from command line to 'False'
[2.623s] DEBUG:colcon.colcon_core.verb:Building package 'teleop_tools_msgs' with the following arguments: {'ament_cmake_args': None, 'build_base': '/home/cav330/f1tenth_ws/build/teleop_tools_msgs', 'catkin_cmake_args': None, 'catkin_skip_building_tests': False, 'cmake_args': None, 'cmake_clean_cache': False, 'cmake_clean_first': False, 'cmake_force_configure': False, 'cmake_target': None, 'cmake_target_skip_unavailable': False, 'install_base': '/home/cav330/f1tenth_ws/install/teleop_tools_msgs', 'merge_install': False, 'path': '/home/cav330/f1tenth_ws/src/f1tenth_system/teleop_tools/teleop_tools_msgs', 'symlink_install': False, 'test_result_base': None}
[2.625s] Level 5:colcon.colcon_core.verb:set package 'vesc_msgs' build argument 'cmake_args' from command line to 'None'
[2.625s] Level 5:colcon.colcon_core.verb:set package 'vesc_msgs' build argument 'cmake_target' from command line to 'None'
[2.625s] Level 5:colcon.colcon_core.verb:set package 'vesc_msgs' build argument 'cmake_target_skip_unavailable' from command line to 'False'
[2.625s] Level 5:colcon.colcon_core.verb:set package 'vesc_msgs' build argument 'cmake_clean_cache' from command line to 'False'
[2.625s] Level 5:colcon.colcon_core.verb:set package 'vesc_msgs' build argument 'cmake_clean_first' from command line to 'False'
[2.625s] Level 5:colcon.colcon_core.verb:set package 'vesc_msgs' build argument 'cmake_force_configure' from command line to 'False'
[2.625s] Level 5:colcon.colcon_core.verb:set package 'vesc_msgs' build argument 'ament_cmake_args' from command line to 'None'
[2.626s] Level 5:colcon.colcon_core.verb:set package 'vesc_msgs' build argument 'catkin_cmake_args' from command line to 'None'
[2.626s] Level 5:colcon.colcon_core.verb:set package 'vesc_msgs' build argument 'catkin_skip_building_tests' from command line to 'False'
[2.626s] DEBUG:colcon.colcon_core.verb:Building package 'vesc_msgs' with the following arguments: {'ament_cmake_args': None, 'build_base': '/home/cav330/f1tenth_ws/build/vesc_msgs', 'catkin_cmake_args': None, 'catkin_skip_building_tests': False, 'cmake_args': None, 'cmake_clean_cache': False, 'cmake_clean_first': False, 'cmake_force_configure': False, 'cmake_target': None, 'cmake_target_skip_unavailable': False, 'install_base': '/home/cav330/f1tenth_ws/install/vesc_msgs', 'merge_install': False, 'path': '/home/cav330/f1tenth_ws/src/f1tenth_system/vesc/vesc_msgs', 'symlink_install': False, 'test_result_base': None}
[2.628s] Level 5:colcon.colcon_core.verb:set package 'wall_follow' build argument 'cmake_args' from command line to 'None'
[2.628s] Level 5:colcon.colcon_core.verb:set package 'wall_follow' build argument 'cmake_target' from command line to 'None'
[2.628s] Level 5:colcon.colcon_core.verb:set package 'wall_follow' build argument 'cmake_target_skip_unavailable' from command line to 'False'
[2.628s] Level 5:colcon.colcon_core.verb:set package 'wall_follow' build argument 'cmake_clean_cache' from command line to 'False'
[2.628s] Level 5:colcon.colcon_core.verb:set package 'wall_follow' build argument 'cmake_clean_first' from command line to 'False'
[2.628s] Level 5:colcon.colcon_core.verb:set package 'wall_follow' build argument 'cmake_force_configure' from command line to 'False'
[2.629s] Level 5:colcon.colcon_core.verb:set package 'wall_follow' build argument 'ament_cmake_args' from command line to 'None'
[2.629s] Level 5:colcon.colcon_core.verb:set package 'wall_follow' build argument 'catkin_cmake_args' from command line to 'None'
[2.629s] Level 5:colcon.colcon_core.verb:set package 'wall_follow' build argument 'catkin_skip_building_tests' from command line to 'False'
[2.629s] DEBUG:colcon.colcon_core.verb:Building package 'wall_follow' with the following arguments: {'ament_cmake_args': None, 'build_base': '/home/cav330/f1tenth_ws/build/wall_follow', 'catkin_cmake_args': None, 'catkin_skip_building_tests': False, 'cmake_args': None, 'cmake_clean_cache': False, 'cmake_clean_first': False, 'cmake_force_configure': False, 'cmake_target': None, 'cmake_target_skip_unavailable': False, 'install_base': '/home/cav330/f1tenth_ws/install/wall_follow', 'merge_install': False, 'path': '/home/cav330/f1tenth_ws/src/wall_follow', 'symlink_install': False, 'test_result_base': None}
[2.631s] Level 5:colcon.colcon_core.verb:set package 'joy_teleop' build argument 'cmake_args' from command line to 'None'
[2.631s] Level 5:colcon.colcon_core.verb:set package 'joy_teleop' build argument 'cmake_target' from command line to 'None'
[2.631s] Level 5:colcon.colcon_core.verb:set package 'joy_teleop' build argument 'cmake_target_skip_unavailable' from command line to 'False'
[2.632s] Level 5:colcon.colcon_core.verb:set package 'joy_teleop' build argument 'cmake_clean_cache' from command line to 'False'
[2.632s] Level 5:colcon.colcon_core.verb:set package 'joy_teleop' build argument 'cmake_clean_first' from command line to 'False'
[2.632s] Level 5:colcon.colcon_core.verb:set package 'joy_teleop' build argument 'cmake_force_configure' from command line to 'False'
[2.632s] Level 5:colcon.colcon_core.verb:set package 'joy_teleop' build argument 'ament_cmake_args' from command line to 'None'
[2.632s] Level 5:colcon.colcon_core.verb:set package 'joy_teleop' build argument 'catkin_cmake_args' from command line to 'None'
[2.632s] Level 5:colcon.colcon_core.verb:set package 'joy_teleop' build argument 'catkin_skip_building_tests' from command line to 'False'
[2.632s] DEBUG:colcon.colcon_core.verb:Building package 'joy_teleop' with the following arguments: {'ament_cmake_args': None, 'build_base': '/home/cav330/f1tenth_ws/build/joy_teleop', 'catkin_cmake_args': None, 'catkin_skip_building_tests': False, 'cmake_args': None, 'cmake_clean_cache': False, 'cmake_clean_first': False, 'cmake_force_configure': False, 'cmake_target': None, 'cmake_target_skip_unavailable': False, 'install_base': '/home/cav330/f1tenth_ws/install/joy_teleop', 'merge_install': False, 'path': '/home/cav330/f1tenth_ws/src/f1tenth_system/teleop_tools/joy_teleop', 'symlink_install': False, 'test_result_base': None}
[2.634s] Level 5:colcon.colcon_core.verb:set package 'vesc_ackermann' build argument 'cmake_args' from command line to 'None'
[2.634s] Level 5:colcon.colcon_core.verb:set package 'vesc_ackermann' build argument 'cmake_target' from command line to 'None'
[2.634s] Level 5:colcon.colcon_core.verb:set package 'vesc_ackermann' build argument 'cmake_target_skip_unavailable' from command line to 'False'
[2.634s] Level 5:colcon.colcon_core.verb:set package 'vesc_ackermann' build argument 'cmake_clean_cache' from command line to 'False'
[2.634s] Level 5:colcon.colcon_core.verb:set package 'vesc_ackermann' build argument 'cmake_clean_first' from command line to 'False'
[2.634s] Level 5:colcon.colcon_core.verb:set package 'vesc_ackermann' build argument 'cmake_force_configure' from command line to 'False'
[2.635s] Level 5:colcon.colcon_core.verb:set package 'vesc_ackermann' build argument 'ament_cmake_args' from command line to 'None'
[2.635s] Level 5:colcon.colcon_core.verb:set package 'vesc_ackermann' build argument 'catkin_cmake_args' from command line to 'None'
[2.635s] Level 5:colcon.colcon_core.verb:set package 'vesc_ackermann' build argument 'catkin_skip_building_tests' from command line to 'False'
[2.635s] DEBUG:colcon.colcon_core.verb:Building package 'vesc_ackermann' with the following arguments: {'ament_cmake_args': None, 'build_base': '/home/cav330/f1tenth_ws/build/vesc_ackermann', 'catkin_cmake_args': None, 'catkin_skip_building_tests': False, 'cmake_args': None, 'cmake_clean_cache': False, 'cmake_clean_first': False, 'cmake_force_configure': False, 'cmake_target': None, 'cmake_target_skip_unavailable': False, 'install_base': '/home/cav330/f1tenth_ws/install/vesc_ackermann', 'merge_install': False, 'path': '/home/cav330/f1tenth_ws/src/f1tenth_system/vesc/vesc_ackermann', 'symlink_install': False, 'test_result_base': None}
[2.636s] Level 5:colcon.colcon_core.verb:set package 'vesc_driver' build argument 'cmake_args' from command line to 'None'
[2.637s] Level 5:colcon.colcon_core.verb:set package 'vesc_driver' build argument 'cmake_target' from command line to 'None'
[2.637s] Level 5:colcon.colcon_core.verb:set package 'vesc_driver' build argument 'cmake_target_skip_unavailable' from command line to 'False'
[2.637s] Level 5:colcon.colcon_core.verb:set package 'vesc_driver' build argument 'cmake_clean_cache' from command line to 'False'
[2.637s] Level 5:colcon.colcon_core.verb:set package 'vesc_driver' build argument 'cmake_clean_first' from command line to 'False'
[2.637s] Level 5:colcon.colcon_core.verb:set package 'vesc_driver' build argument 'cmake_force_configure' from command line to 'False'
[2.637s] Level 5:colcon.colcon_core.verb:set package 'vesc_driver' build argument 'ament_cmake_args' from command line to 'None'
[2.637s] Level 5:colcon.colcon_core.verb:set package 'vesc_driver' build argument 'catkin_cmake_args' from command line to 'None'
[2.637s] Level 5:colcon.colcon_core.verb:set package 'vesc_driver' build argument 'catkin_skip_building_tests' from command line to 'False'
[2.637s] DEBUG:colcon.colcon_core.verb:Building package 'vesc_driver' with the following arguments: {'ament_cmake_args': None, 'build_base': '/home/cav330/f1tenth_ws/build/vesc_driver', 'catkin_cmake_args': None, 'catkin_skip_building_tests': False, 'cmake_args': None, 'cmake_clean_cache': False, 'cmake_clean_first': False, 'cmake_force_configure': False, 'cmake_target': None, 'cmake_target_skip_unavailable': False, 'install_base': '/home/cav330/f1tenth_ws/install/vesc_driver', 'merge_install': False, 'path': '/home/cav330/f1tenth_ws/src/f1tenth_system/vesc/vesc_driver', 'symlink_install': False, 'test_result_base': None}
[2.639s] Level 5:colcon.colcon_core.verb:set package 'teleop_tools' build argument 'cmake_args' from command line to 'None'
[2.639s] Level 5:colcon.colcon_core.verb:set package 'teleop_tools' build argument 'cmake_target' from command line to 'None'
[2.639s] Level 5:colcon.colcon_core.verb:set package 'teleop_tools' build argument 'cmake_target_skip_unavailable' from command line to 'False'
[2.639s] Level 5:colcon.colcon_core.verb:set package 'teleop_tools' build argument 'cmake_clean_cache' from command line to 'False'
[2.640s] Level 5:colcon.colcon_core.verb:set package 'teleop_tools' build argument 'cmake_clean_first' from command line to 'False'
[2.640s] Level 5:colcon.colcon_core.verb:set package 'teleop_tools' build argument 'cmake_force_configure' from command line to 'False'
[2.640s] Level 5:colcon.colcon_core.verb:set package 'teleop_tools' build argument 'ament_cmake_args' from command line to 'None'
[2.640s] Level 5:colcon.colcon_core.verb:set package 'teleop_tools' build argument 'catkin_cmake_args' from command line to 'None'
[2.640s] Level 5:colcon.colcon_core.verb:set package 'teleop_tools' build argument 'catkin_skip_building_tests' from command line to 'False'
[2.640s] DEBUG:colcon.colcon_core.verb:Building package 'teleop_tools' with the following arguments: {'ament_cmake_args': None, 'build_base': '/home/cav330/f1tenth_ws/build/teleop_tools', 'catkin_cmake_args': None, 'catkin_skip_building_tests': False, 'cmake_args': None, 'cmake_clean_cache': False, 'cmake_clean_first': False, 'cmake_force_configure': False, 'cmake_target': None, 'cmake_target_skip_unavailable': False, 'install_base': '/home/cav330/f1tenth_ws/install/teleop_tools', 'merge_install': False, 'path': '/home/cav330/f1tenth_ws/src/f1tenth_system/teleop_tools/teleop_tools', 'symlink_install': False, 'test_result_base': None}
[2.641s] Level 5:colcon.colcon_core.verb:set package 'vesc' build argument 'cmake_args' from command line to 'None'
[2.642s] Level 5:colcon.colcon_core.verb:set package 'vesc' build argument 'cmake_target' from command line to 'None'
[2.642s] Level 5:colcon.colcon_core.verb:set package 'vesc' build argument 'cmake_target_skip_unavailable' from command line to 'False'
[2.642s] Level 5:colcon.colcon_core.verb:set package 'vesc' build argument 'cmake_clean_cache' from command line to 'False'
[2.642s] Level 5:colcon.colcon_core.verb:set package 'vesc' build argument 'cmake_clean_first' from command line to 'False'
[2.642s] Level 5:colcon.colcon_core.verb:set package 'vesc' build argument 'cmake_force_configure' from command line to 'False'
[2.642s] Level 5:colcon.colcon_core.verb:set package 'vesc' build argument 'ament_cmake_args' from command line to 'None'
[2.642s] Level 5:colcon.colcon_core.verb:set package 'vesc' build argument 'catkin_cmake_args' from command line to 'None'
[2.642s] Level 5:colcon.colcon_core.verb:set package 'vesc' build argument 'catkin_skip_building_tests' from command line to 'False'
[2.643s] DEBUG:colcon.colcon_core.verb:Building package 'vesc' with the following arguments: {'ament_cmake_args': None, 'build_base': '/home/cav330/f1tenth_ws/build/vesc', 'catkin_cmake_args': None, 'catkin_skip_building_tests': False, 'cmake_args': None, 'cmake_clean_cache': False, 'cmake_clean_first': False, 'cmake_force_configure': False, 'cmake_target': None, 'cmake_target_skip_unavailable': False, 'install_base': '/home/cav330/f1tenth_ws/install/vesc', 'merge_install': False, 'path': '/home/cav330/f1tenth_ws/src/f1tenth_system/vesc/vesc', 'symlink_install': False, 'test_result_base': None}
[2.644s] Level 5:colcon.colcon_core.verb:set package 'f1tenth_stack' build argument 'cmake_args' from command line to 'None'
[2.644s] Level 5:colcon.colcon_core.verb:set package 'f1tenth_stack' build argument 'cmake_target' from command line to 'None'
[2.644s] Level 5:colcon.colcon_core.verb:set package 'f1tenth_stack' build argument 'cmake_target_skip_unavailable' from command line to 'False'
[2.644s] Level 5:colcon.colcon_core.verb:set package 'f1tenth_stack' build argument 'cmake_clean_cache' from command line to 'False'
[2.644s] Level 5:colcon.colcon_core.verb:set package 'f1tenth_stack' build argument 'cmake_clean_first' from command line to 'False'
[2.645s] Level 5:colcon.colcon_core.verb:set package 'f1tenth_stack' build argument 'cmake_force_configure' from command line to 'False'
[2.645s] Level 5:colcon.colcon_core.verb:set package 'f1tenth_stack' build argument 'ament_cmake_args' from command line to 'None'
[2.645s] Level 5:colcon.colcon_core.verb:set package 'f1tenth_stack' build argument 'catkin_cmake_args' from command line to 'None'
[2.645s] Level 5:colcon.colcon_core.verb:set package 'f1tenth_stack' build argument 'catkin_skip_building_tests' from command line to 'False'
[2.645s] DEBUG:colcon.colcon_core.verb:Building package 'f1tenth_stack' with the following arguments: {'ament_cmake_args': None, 'build_base': '/home/cav330/f1tenth_ws/build/f1tenth_stack', 'catkin_cmake_args': None, 'catkin_skip_building_tests': False, 'cmake_args': None, 'cmake_clean_cache': False, 'cmake_clean_first': False, 'cmake_force_configure': False, 'cmake_target': None, 'cmake_target_skip_unavailable': False, 'install_base': '/home/cav330/f1tenth_ws/install/f1tenth_stack', 'merge_install': False, 'path': '/home/cav330/f1tenth_ws/src/f1tenth_system/f1tenth_stack', 'symlink_install': False, 'test_result_base': None}
[2.646s] INFO:colcon.colcon_core.executor:Executing jobs using 'parallel' executor
[2.650s] DEBUG:colcon.colcon_parallel_executor.executor.parallel:run_until_complete
[2.652s] INFO:colcon.colcon_ros.task.ament_cmake.build:Building ROS package in '/home/cav330/f1tenth_ws/src/f1tenth_system/vesc/vesc_msgs' with build type 'ament_cmake'
[2.653s] INFO:colcon.colcon_cmake.task.cmake.build:Building CMake package in '/home/cav330/f1tenth_ws/src/f1tenth_system/vesc/vesc_msgs'
[2.675s] INFO:colcon.colcon_core.plugin_system:Skipping extension 'colcon_core.shell.bat': Not used on non-Windows systems
[2.676s] INFO:colcon.colcon_core.shell:Skip shell extension 'powershell' for command environment: Not usable outside of PowerShell
[2.676s] DEBUG:colcon.colcon_core.shell:Skip shell extension 'dsv' for command environment
[2.711s] INFO:colcon.colcon_ros.task.ament_cmake.build:Building ROS package in '/home/cav330/f1tenth_ws/src/f1tenth_system/teleop_tools/teleop_tools_msgs' with build type 'ament_cmake'
[2.713s] INFO:colcon.colcon_cmake.task.cmake.build:Building CMake package in '/home/cav330/f1tenth_ws/src/f1tenth_system/teleop_tools/teleop_tools_msgs'
[2.717s] INFO:colcon.colcon_core.shell:Skip shell extension 'powershell' for command environment: Not usable outside of PowerShell
[2.718s] DEBUG:colcon.colcon_core.shell:Skip shell extension 'dsv' for command environment
[2.756s] INFO:colcon.colcon_ros.task.ament_cmake.build:Building ROS package in '/home/cav330/f1tenth_ws/src/f1tenth_system/ackermann_mux' with build type 'ament_cmake'
[2.759s] INFO:colcon.colcon_cmake.task.cmake.build:Building CMake package in '/home/cav330/f1tenth_ws/src/f1tenth_system/ackermann_mux'
[2.764s] INFO:colcon.colcon_core.shell:Skip shell extension 'powershell' for command environment: Not usable outside of PowerShell
[2.765s] DEBUG:colcon.colcon_core.shell:Skip shell extension 'dsv' for command environment
[2.802s] INFO:colcon.colcon_ros.task.ament_python.build:Building ROS package in '/home/cav330/f1tenth_ws/src/f1tenth_system/teleop_tools/key_teleop' with build type 'ament_python'
[2.806s] Level 1:colcon.colcon_core.shell:create_environment_hook('key_teleop', 'ament_prefix_path')
[2.810s] INFO:colcon.colcon_core.shell:Creating environment hook '/home/cav330/f1tenth_ws/install/key_teleop/share/key_teleop/hook/ament_prefix_path.ps1'
[2.823s] INFO:colcon.colcon_core.shell:Creating environment descriptor '/home/cav330/f1tenth_ws/install/key_teleop/share/key_teleop/hook/ament_prefix_path.dsv'
[2.828s] INFO:colcon.colcon_core.shell:Creating environment hook '/home/cav330/f1tenth_ws/install/key_teleop/share/key_teleop/hook/ament_prefix_path.sh'
[2.834s] INFO:colcon.colcon_core.shell:Skip shell extension 'powershell' for command environment: Not usable outside of PowerShell
[2.834s] DEBUG:colcon.colcon_core.shell:Skip shell extension 'dsv' for command environment
[2.913s] DEBUG:colcon.colcon_core.event_handler.log_command:Invoking command in '/home/cav330/f1tenth_ws/build/vesc_msgs': CMAKE_PREFIX_PATH=${CMAKE_PREFIX_PATH}:/home/cav330/f1tenth_ws/install/f1tenth_stack:/home/cav330/f1tenth_ws/install/joy_teleop:/home/cav330/f1tenth_ws/install/mouse_teleop:/home/cav330/f1tenth_ws/install/key_teleop:/home/cav330/f1tenth_ws/install/f1tenth_gym_ros:/opt/ros/foxy NX_CONNECTION=192.168.33.135 65380 192.168.33.130 4000 /usr/bin/cmake --build /home/cav330/f1tenth_ws/build/vesc_msgs -- -j4 -l4
[2.955s] DEBUG:colcon.colcon_core.event_handler.log_command:Invoking command in '/home/cav330/f1tenth_ws/build/teleop_tools_msgs': CMAKE_PREFIX_PATH=${CMAKE_PREFIX_PATH}:/home/cav330/f1tenth_ws/install/f1tenth_stack:/home/cav330/f1tenth_ws/install/joy_teleop:/home/cav330/f1tenth_ws/install/mouse_teleop:/home/cav330/f1tenth_ws/install/key_teleop:/home/cav330/f1tenth_ws/install/f1tenth_gym_ros:/opt/ros/foxy NX_CONNECTION=192.168.33.135 65380 192.168.33.130 4000 /usr/bin/cmake --build /home/cav330/f1tenth_ws/build/teleop_tools_msgs -- -j4 -l4
[2.980s] DEBUG:colcon.colcon_core.event_handler.log_command:Invoking command in '/home/cav330/f1tenth_ws/build/ackermann_mux': CMAKE_PREFIX_PATH=${CMAKE_PREFIX_PATH}:/home/cav330/f1tenth_ws/install/f1tenth_stack:/home/cav330/f1tenth_ws/install/joy_teleop:/home/cav330/f1tenth_ws/install/mouse_teleop:/home/cav330/f1tenth_ws/install/key_teleop:/home/cav330/f1tenth_ws/install/f1tenth_gym_ros:/opt/ros/foxy NX_CONNECTION=192.168.33.135 65380 192.168.33.130 4000 /usr/bin/cmake --build /home/cav330/f1tenth_ws/build/ackermann_mux -- -j4 -l4
[4.381s] INFO:colcon.colcon_core.task.python.build:Building Python package in '/home/cav330/f1tenth_ws/src/f1tenth_system/teleop_tools/key_teleop'
[4.385s] INFO:colcon.colcon_core.shell:Skip shell extension 'powershell' for command environment: Not usable outside of PowerShell
[4.385s] DEBUG:colcon.colcon_core.shell:Skip shell extension 'dsv' for command environment
[4.502s] DEBUG:colcon.colcon_core.event_handler.log_command:Invoked command in '/home/cav330/f1tenth_ws/build/ackermann_mux' returned '0': CMAKE_PREFIX_PATH=${CMAKE_PREFIX_PATH}:/home/cav330/f1tenth_ws/install/f1tenth_stack:/home/cav330/f1tenth_ws/install/joy_teleop:/home/cav330/f1tenth_ws/install/mouse_teleop:/home/cav330/f1tenth_ws/install/key_teleop:/home/cav330/f1tenth_ws/install/f1tenth_gym_ros:/opt/ros/foxy NX_CONNECTION=192.168.33.135 65380 192.168.33.130 4000 /usr/bin/cmake --build /home/cav330/f1tenth_ws/build/ackermann_mux -- -j4 -l4
[4.583s] DEBUG:colcon.colcon_core.event_handler.log_command:Invoking command in '/home/cav330/f1tenth_ws/build/ackermann_mux': CMAKE_PREFIX_PATH=${CMAKE_PREFIX_PATH}:/home/cav330/f1tenth_ws/install/f1tenth_stack:/home/cav330/f1tenth_ws/install/joy_teleop:/home/cav330/f1tenth_ws/install/mouse_teleop:/home/cav330/f1tenth_ws/install/key_teleop:/home/cav330/f1tenth_ws/install/f1tenth_gym_ros:/opt/ros/foxy NX_CONNECTION=192.168.33.135 65380 192.168.33.130 4000 /usr/bin/cmake --install /home/cav330/f1tenth_ws/build/ackermann_mux
[4.714s] Level 1:colcon.colcon_core.environment:create_environment_scripts_only(ackermann_mux)
[4.717s] DEBUG:colcon.colcon_core.event_handler.log_command:Invoked command in '/home/cav330/f1tenth_ws/build/ackermann_mux' returned '0': CMAKE_PREFIX_PATH=${CMAKE_PREFIX_PATH}:/home/cav330/f1tenth_ws/install/f1tenth_stack:/home/cav330/f1tenth_ws/install/joy_teleop:/home/cav330/f1tenth_ws/install/mouse_teleop:/home/cav330/f1tenth_ws/install/key_teleop:/home/cav330/f1tenth_ws/install/f1tenth_gym_ros:/opt/ros/foxy NX_CONNECTION=192.168.33.135 65380 192.168.33.130 4000 /usr/bin/cmake --install /home/cav330/f1tenth_ws/build/ackermann_mux
[4.746s] Level 1:colcon.colcon_core.environment:checking '/home/cav330/f1tenth_ws/install/ackermann_mux' for CMake module files
[4.749s] Level 1:colcon.colcon_core.environment:checking '/home/cav330/f1tenth_ws/install/ackermann_mux' for CMake config files
[4.754s] Level 1:colcon.colcon_core.shell:create_environment_hook('ackermann_mux', 'cmake_prefix_path')
[4.756s] INFO:colcon.colcon_core.shell:Creating environment hook '/home/cav330/f1tenth_ws/install/ackermann_mux/share/ackermann_mux/hook/cmake_prefix_path.ps1'
[4.759s] INFO:colcon.colcon_core.shell:Creating environment descriptor '/home/cav330/f1tenth_ws/install/ackermann_mux/share/ackermann_mux/hook/cmake_prefix_path.dsv'
[4.761s] INFO:colcon.colcon_core.shell:Creating environment hook '/home/cav330/f1tenth_ws/install/ackermann_mux/share/ackermann_mux/hook/cmake_prefix_path.sh'
[4.769s] Level 1:colcon.colcon_core.environment:checking '/home/cav330/f1tenth_ws/install/ackermann_mux/lib'
[4.770s] Level 1:colcon.colcon_core.environment:checking '/home/cav330/f1tenth_ws/install/ackermann_mux/bin'
[4.770s] Level 1:colcon.colcon_core.environment:checking '/home/cav330/f1tenth_ws/install/ackermann_mux/lib/pkgconfig/ackermann_mux.pc'
[4.772s] Level 1:colcon.colcon_core.environment:checking '/home/cav330/f1tenth_ws/install/ackermann_mux/lib/python3.8/site-packages'
[4.773s] Level 1:colcon.colcon_core.environment:checking '/home/cav330/f1tenth_ws/install/ackermann_mux/bin'
[4.775s] INFO:colcon.colcon_core.shell:Creating package script '/home/cav330/f1tenth_ws/install/ackermann_mux/share/ackermann_mux/package.ps1'
[4.782s] INFO:colcon.colcon_core.shell:Creating package descriptor '/home/cav330/f1tenth_ws/install/ackermann_mux/share/ackermann_mux/package.dsv'
[4.790s] INFO:colcon.colcon_core.shell:Creating package script '/home/cav330/f1tenth_ws/install/ackermann_mux/share/ackermann_mux/package.sh'
[4.804s] INFO:colcon.colcon_core.shell:Creating package script '/home/cav330/f1tenth_ws/install/ackermann_mux/share/ackermann_mux/package.bash'
[4.818s] INFO:colcon.colcon_core.shell:Creating package script '/home/cav330/f1tenth_ws/install/ackermann_mux/share/ackermann_mux/package.zsh'
[4.835s] Level 1:colcon.colcon_core.environment:create_file_with_runtime_dependencies(/home/cav330/f1tenth_ws/install/ackermann_mux/share/colcon-core/packages/ackermann_mux)
[4.839s] Level 1:colcon.colcon_core.environment:create_environment_scripts_only(ackermann_mux)
[4.840s] Level 1:colcon.colcon_core.environment:checking '/home/cav330/f1tenth_ws/install/ackermann_mux' for CMake module files
[4.858s] Level 1:colcon.colcon_core.environment:checking '/home/cav330/f1tenth_ws/install/ackermann_mux' for CMake config files
[4.860s] Level 1:colcon.colcon_core.shell:create_environment_hook('ackermann_mux', 'cmake_prefix_path')
[4.861s] INFO:colcon.colcon_core.shell:Creating environment hook '/home/cav330/f1tenth_ws/install/ackermann_mux/share/ackermann_mux/hook/cmake_prefix_path.ps1'
[4.885s] INFO:colcon.colcon_core.shell:Creating environment descriptor '/home/cav330/f1tenth_ws/install/ackermann_mux/share/ackermann_mux/hook/cmake_prefix_path.dsv'
[4.889s] INFO:colcon.colcon_core.shell:Creating environment hook '/home/cav330/f1tenth_ws/install/ackermann_mux/share/ackermann_mux/hook/cmake_prefix_path.sh'
[4.898s] Level 1:colcon.colcon_core.environment:checking '/home/cav330/f1tenth_ws/install/ackermann_mux/lib'
[4.898s] Level 1:colcon.colcon_core.environment:checking '/home/cav330/f1tenth_ws/install/ackermann_mux/bin'
[4.903s] Level 1:colcon.colcon_core.environment:checking '/home/cav330/f1tenth_ws/install/ackermann_mux/lib/pkgconfig/ackermann_mux.pc'
[4.904s] Level 1:colcon.colcon_core.environment:checking '/home/cav330/f1tenth_ws/install/ackermann_mux/lib/python3.8/site-packages'
[4.905s] Level 1:colcon.colcon_core.environment:checking '/home/cav330/f1tenth_ws/install/ackermann_mux/bin'
[4.908s] INFO:colcon.colcon_core.shell:Creating package script '/home/cav330/f1tenth_ws/install/ackermann_mux/share/ackermann_mux/package.ps1'
[4.917s] INFO:colcon.colcon_core.shell:Creating package descriptor '/home/cav330/f1tenth_ws/install/ackermann_mux/share/ackermann_mux/package.dsv'
[4.924s] INFO:colcon.colcon_core.shell:Creating package script '/home/cav330/f1tenth_ws/install/ackermann_mux/share/ackermann_mux/package.sh'
[4.930s] INFO:colcon.colcon_core.shell:Creating package script '/home/cav330/f1tenth_ws/install/ackermann_mux/share/ackermann_mux/package.bash'
[4.936s] INFO:colcon.colcon_core.shell:Creating package script '/home/cav330/f1tenth_ws/install/ackermann_mux/share/ackermann_mux/package.zsh'
[4.941s] Level 1:colcon.colcon_core.environment:create_file_with_runtime_dependencies(/home/cav330/f1tenth_ws/install/ackermann_mux/share/colcon-core/packages/ackermann_mux)
[4.947s] INFO:colcon.colcon_ros.task.ament_python.build:Building ROS package in '/home/cav330/f1tenth_ws/src/f1tenth_gym_ros' with build type 'ament_python'
[4.959s] Level 1:colcon.colcon_core.shell:create_environment_hook('f1tenth_gym_ros', 'ament_prefix_path')
[4.960s] INFO:colcon.colcon_core.shell:Creating environment hook '/home/cav330/f1tenth_ws/install/f1tenth_gym_ros/share/f1tenth_gym_ros/hook/ament_prefix_path.ps1'
[4.978s] INFO:colcon.colcon_core.shell:Creating environment descriptor '/home/cav330/f1tenth_ws/install/f1tenth_gym_ros/share/f1tenth_gym_ros/hook/ament_prefix_path.dsv'
[4.988s] INFO:colcon.colcon_core.shell:Creating environment hook '/home/cav330/f1tenth_ws/install/f1tenth_gym_ros/share/f1tenth_gym_ros/hook/ament_prefix_path.sh'
[5.004s] INFO:colcon.colcon_core.shell:Skip shell extension 'powershell' for command environment: Not usable outside of PowerShell
[5.004s] DEBUG:colcon.colcon_core.shell:Skip shell extension 'dsv' for command environment
[6.254s] INFO:colcon.colcon_core.task.python.build:Building Python package in '/home/cav330/f1tenth_ws/src/f1tenth_gym_ros'
[6.260s] INFO:colcon.colcon_core.shell:Skip shell extension 'powershell' for command environment: Not usable outside of PowerShell
[6.260s] DEBUG:colcon.colcon_core.shell:Skip shell extension 'dsv' for command environment
[6.306s] DEBUG:colcon.colcon_core.event_handler.log_command:Invoked command in '/home/cav330/f1tenth_ws/build/teleop_tools_msgs' returned '0': CMAKE_PREFIX_PATH=${CMAKE_PREFIX_PATH}:/home/cav330/f1tenth_ws/install/f1tenth_stack:/home/cav330/f1tenth_ws/install/joy_teleop:/home/cav330/f1tenth_ws/install/mouse_teleop:/home/cav330/f1tenth_ws/install/key_teleop:/home/cav330/f1tenth_ws/install/f1tenth_gym_ros:/opt/ros/foxy NX_CONNECTION=192.168.33.135 65380 192.168.33.130 4000 /usr/bin/cmake --build /home/cav330/f1tenth_ws/build/teleop_tools_msgs -- -j4 -l4
[6.321s] DEBUG:colcon.colcon_core.event_handler.log_command:Invoking command in '/home/cav330/f1tenth_ws/build/teleop_tools_msgs': CMAKE_PREFIX_PATH=${CMAKE_PREFIX_PATH}:/home/cav330/f1tenth_ws/install/f1tenth_stack:/home/cav330/f1tenth_ws/install/joy_teleop:/home/cav330/f1tenth_ws/install/mouse_teleop:/home/cav330/f1tenth_ws/install/key_teleop:/home/cav330/f1tenth_ws/install/f1tenth_gym_ros:/opt/ros/foxy NX_CONNECTION=192.168.33.135 65380 192.168.33.130 4000 /usr/bin/cmake --install /home/cav330/f1tenth_ws/build/teleop_tools_msgs
[6.333s] DEBUG:colcon.colcon_core.event_handler.log_command:Invoked command in '/home/cav330/f1tenth_ws/build/vesc_msgs' returned '0': CMAKE_PREFIX_PATH=${CMAKE_PREFIX_PATH}:/home/cav330/f1tenth_ws/install/f1tenth_stack:/home/cav330/f1tenth_ws/install/joy_teleop:/home/cav330/f1tenth_ws/install/mouse_teleop:/home/cav330/f1tenth_ws/install/key_teleop:/home/cav330/f1tenth_ws/install/f1tenth_gym_ros:/opt/ros/foxy NX_CONNECTION=192.168.33.135 65380 192.168.33.130 4000 /usr/bin/cmake --build /home/cav330/f1tenth_ws/build/vesc_msgs -- -j4 -l4
[6.353s] DEBUG:colcon.colcon_core.event_handler.log_command:Invoking command in '/home/cav330/f1tenth_ws/build/vesc_msgs': CMAKE_PREFIX_PATH=${CMAKE_PREFIX_PATH}:/home/cav330/f1tenth_ws/install/f1tenth_stack:/home/cav330/f1tenth_ws/install/joy_teleop:/home/cav330/f1tenth_ws/install/mouse_teleop:/home/cav330/f1tenth_ws/install/key_teleop:/home/cav330/f1tenth_ws/install/f1tenth_gym_ros:/opt/ros/foxy NX_CONNECTION=192.168.33.135 65380 192.168.33.130 4000 /usr/bin/cmake --install /home/cav330/f1tenth_ws/build/vesc_msgs
[6.715s] DEBUG:colcon.colcon_core.event_handler.log_command:Invoking command in '/home/cav330/f1tenth_ws/src/f1tenth_system/teleop_tools/key_teleop': NX_CONNECTION=192.168.33.135 65380 192.168.33.130 4000 PYTHONPATH=/home/cav330/f1tenth_ws/build/key_teleop/prefix_override:/usr/lib/python3/dist-packages/colcon_core/task/python/colcon_distutils_commands:/home/cav330/f1tenth_ws/install/key_teleop/lib/python3.8/site-packages:${PYTHONPATH} /usr/bin/python3 -W ignore:setup.py install is deprecated -W ignore:easy_install command is deprecated setup.py egg_info --egg-base ../../../../build/key_teleop build --build-base /home/cav330/f1tenth_ws/build/key_teleop/build install --record /home/cav330/f1tenth_ws/build/key_teleop/install.log --install-scripts $base/lib/key_teleop --single-version-externally-managed install_data
[6.732s] Level 1:colcon.colcon_core.environment:create_environment_scripts_only(teleop_tools_msgs)
[6.733s] DEBUG:colcon.colcon_core.event_handler.log_command:Invoked command in '/home/cav330/f1tenth_ws/build/teleop_tools_msgs' returned '0': CMAKE_PREFIX_PATH=${CMAKE_PREFIX_PATH}:/home/cav330/f1tenth_ws/install/f1tenth_stack:/home/cav330/f1tenth_ws/install/joy_teleop:/home/cav330/f1tenth_ws/install/mouse_teleop:/home/cav330/f1tenth_ws/install/key_teleop:/home/cav330/f1tenth_ws/install/f1tenth_gym_ros:/opt/ros/foxy NX_CONNECTION=192.168.33.135 65380 192.168.33.130 4000 /usr/bin/cmake --install /home/cav330/f1tenth_ws/build/teleop_tools_msgs
[6.737s] Level 1:colcon.colcon_core.environment:checking '/home/cav330/f1tenth_ws/install/teleop_tools_msgs' for CMake module files
[6.742s] Level 1:colcon.colcon_core.environment:checking '/home/cav330/f1tenth_ws/install/teleop_tools_msgs' for CMake config files
[6.745s] Level 1:colcon.colcon_core.shell:create_environment_hook('teleop_tools_msgs', 'cmake_prefix_path')
[6.748s] INFO:colcon.colcon_core.shell:Creating environment hook '/home/cav330/f1tenth_ws/install/teleop_tools_msgs/share/teleop_tools_msgs/hook/cmake_prefix_path.ps1'
[6.765s] INFO:colcon.colcon_core.shell:Creating environment descriptor '/home/cav330/f1tenth_ws/install/teleop_tools_msgs/share/teleop_tools_msgs/hook/cmake_prefix_path.dsv'
[6.767s] INFO:colcon.colcon_core.shell:Creating environment hook '/home/cav330/f1tenth_ws/install/teleop_tools_msgs/share/teleop_tools_msgs/hook/cmake_prefix_path.sh'
[6.771s] Level 1:colcon.colcon_core.environment:checking '/home/cav330/f1tenth_ws/install/teleop_tools_msgs/lib'
[6.772s] Level 1:colcon.colcon_core.shell:create_environment_hook('teleop_tools_msgs', 'ld_library_path_lib')
[6.773s] INFO:colcon.colcon_core.shell:Creating environment hook '/home/cav330/f1tenth_ws/install/teleop_tools_msgs/share/teleop_tools_msgs/hook/ld_library_path_lib.ps1'
[6.776s] INFO:colcon.colcon_core.shell:Creating environment descriptor '/home/cav330/f1tenth_ws/install/teleop_tools_msgs/share/teleop_tools_msgs/hook/ld_library_path_lib.dsv'
[6.784s] INFO:colcon.colcon_core.shell:Creating environment hook '/home/cav330/f1tenth_ws/install/teleop_tools_msgs/share/teleop_tools_msgs/hook/ld_library_path_lib.sh'
[6.787s] Level 1:colcon.colcon_core.environment:checking '/home/cav330/f1tenth_ws/install/teleop_tools_msgs/bin'
[6.788s] Level 1:colcon.colcon_core.environment:checking '/home/cav330/f1tenth_ws/install/teleop_tools_msgs/lib/pkgconfig/teleop_tools_msgs.pc'
[6.790s] Level 1:colcon.colcon_core.environment:checking '/home/cav330/f1tenth_ws/install/teleop_tools_msgs/lib/python3.8/site-packages'
[6.791s] Level 1:colcon.colcon_core.shell:create_environment_hook('teleop_tools_msgs', 'pythonpath')
[6.792s] INFO:colcon.colcon_core.shell:Creating environment hook '/home/cav330/f1tenth_ws/install/teleop_tools_msgs/share/teleop_tools_msgs/hook/pythonpath.ps1'
[6.796s] INFO:colcon.colcon_core.shell:Creating environment descriptor '/home/cav330/f1tenth_ws/install/teleop_tools_msgs/share/teleop_tools_msgs/hook/pythonpath.dsv'
[6.803s] INFO:colcon.colcon_core.shell:Creating environment hook '/home/cav330/f1tenth_ws/install/teleop_tools_msgs/share/teleop_tools_msgs/hook/pythonpath.sh'
[6.807s] Level 1:colcon.colcon_core.environment:checking '/home/cav330/f1tenth_ws/install/teleop_tools_msgs/bin'
[6.809s] INFO:colcon.colcon_core.shell:Creating package script '/home/cav330/f1tenth_ws/install/teleop_tools_msgs/share/teleop_tools_msgs/package.ps1'
[6.829s] INFO:colcon.colcon_core.shell:Creating package descriptor '/home/cav330/f1tenth_ws/install/teleop_tools_msgs/share/teleop_tools_msgs/package.dsv'
[6.833s] INFO:colcon.colcon_core.shell:Creating package script '/home/cav330/f1tenth_ws/install/teleop_tools_msgs/share/teleop_tools_msgs/package.sh'
[6.840s] INFO:colcon.colcon_core.shell:Creating package script '/home/cav330/f1tenth_ws/install/teleop_tools_msgs/share/teleop_tools_msgs/package.bash'
[6.859s] INFO:colcon.colcon_core.shell:Creating package script '/home/cav330/f1tenth_ws/install/teleop_tools_msgs/share/teleop_tools_msgs/package.zsh'
[6.867s] Level 1:colcon.colcon_core.environment:create_file_with_runtime_dependencies(/home/cav330/f1tenth_ws/install/teleop_tools_msgs/share/colcon-core/packages/teleop_tools_msgs)
[6.874s] Level 1:colcon.colcon_core.environment:create_environment_scripts_only(teleop_tools_msgs)
[6.875s] Level 1:colcon.colcon_core.environment:checking '/home/cav330/f1tenth_ws/install/teleop_tools_msgs' for CMake module files
[6.879s] Level 1:colcon.colcon_core.environment:checking '/home/cav330/f1tenth_ws/install/teleop_tools_msgs' for CMake config files
[6.882s] Level 1:colcon.colcon_core.shell:create_environment_hook('teleop_tools_msgs', 'cmake_prefix_path')
[6.883s] INFO:colcon.colcon_core.shell:Creating environment hook '/home/cav330/f1tenth_ws/install/teleop_tools_msgs/share/teleop_tools_msgs/hook/cmake_prefix_path.ps1'
[6.886s] INFO:colcon.colcon_core.shell:Creating environment descriptor '/home/cav330/f1tenth_ws/install/teleop_tools_msgs/share/teleop_tools_msgs/hook/cmake_prefix_path.dsv'
[6.887s] INFO:colcon.colcon_core.shell:Creating environment hook '/home/cav330/f1tenth_ws/install/teleop_tools_msgs/share/teleop_tools_msgs/hook/cmake_prefix_path.sh'
[6.890s] Level 1:colcon.colcon_core.environment:checking '/home/cav330/f1tenth_ws/install/teleop_tools_msgs/lib'
[6.891s] Level 1:colcon.colcon_core.shell:create_environment_hook('teleop_tools_msgs', 'ld_library_path_lib')
[6.892s] INFO:colcon.colcon_core.shell:Creating environment hook '/home/cav330/f1tenth_ws/install/teleop_tools_msgs/share/teleop_tools_msgs/hook/ld_library_path_lib.ps1'
[6.893s] INFO:colcon.colcon_core.shell:Creating environment descriptor '/home/cav330/f1tenth_ws/install/teleop_tools_msgs/share/teleop_tools_msgs/hook/ld_library_path_lib.dsv'
[6.896s] INFO:colcon.colcon_core.shell:Creating environment hook '/home/cav330/f1tenth_ws/install/teleop_tools_msgs/share/teleop_tools_msgs/hook/ld_library_path_lib.sh'
[6.897s] Level 1:colcon.colcon_core.environment:checking '/home/cav330/f1tenth_ws/install/teleop_tools_msgs/bin'
[6.898s] Level 1:colcon.colcon_core.environment:checking '/home/cav330/f1tenth_ws/install/teleop_tools_msgs/lib/pkgconfig/teleop_tools_msgs.pc'
[6.898s] Level 1:colcon.colcon_core.environment:checking '/home/cav330/f1tenth_ws/install/teleop_tools_msgs/lib/python3.8/site-packages'
[6.899s] Level 1:colcon.colcon_core.shell:create_environment_hook('teleop_tools_msgs', 'pythonpath')
[6.900s] INFO:colcon.colcon_core.shell:Creating environment hook '/home/cav330/f1tenth_ws/install/teleop_tools_msgs/share/teleop_tools_msgs/hook/pythonpath.ps1'
[6.901s] INFO:colcon.colcon_core.shell:Creating environment descriptor '/home/cav330/f1tenth_ws/install/teleop_tools_msgs/share/teleop_tools_msgs/hook/pythonpath.dsv'
[6.903s] INFO:colcon.colcon_core.shell:Creating environment hook '/home/cav330/f1tenth_ws/install/teleop_tools_msgs/share/teleop_tools_msgs/hook/pythonpath.sh'
[6.907s] Level 1:colcon.colcon_core.environment:checking '/home/cav330/f1tenth_ws/install/teleop_tools_msgs/bin'
[6.909s] INFO:colcon.colcon_core.shell:Creating package script '/home/cav330/f1tenth_ws/install/teleop_tools_msgs/share/teleop_tools_msgs/package.ps1'
[6.912s] INFO:colcon.colcon_core.shell:Creating package descriptor '/home/cav330/f1tenth_ws/install/teleop_tools_msgs/share/teleop_tools_msgs/package.dsv'
[6.915s] INFO:colcon.colcon_core.shell:Creating package script '/home/cav330/f1tenth_ws/install/teleop_tools_msgs/share/teleop_tools_msgs/package.sh'
[6.918s] INFO:colcon.colcon_core.shell:Creating package script '/home/cav330/f1tenth_ws/install/teleop_tools_msgs/share/teleop_tools_msgs/package.bash'
[6.921s] INFO:colcon.colcon_core.shell:Creating package script '/home/cav330/f1tenth_ws/install/teleop_tools_msgs/share/teleop_tools_msgs/package.zsh'
[6.923s] Level 1:colcon.colcon_core.environment:create_file_with_runtime_dependencies(/home/cav330/f1tenth_ws/install/teleop_tools_msgs/share/colcon-core/packages/teleop_tools_msgs)
[6.927s] INFO:colcon.colcon_ros.task.ament_python.build:Building ROS package in '/home/cav330/f1tenth_ws/src/f1tenth_system/teleop_tools/joy_teleop' with build type 'ament_python'
[6.928s] Level 1:colcon.colcon_core.shell:create_environment_hook('joy_teleop', 'ament_prefix_path')
[6.932s] INFO:colcon.colcon_core.shell:Creating environment hook '/home/cav330/f1tenth_ws/install/joy_teleop/share/joy_teleop/hook/ament_prefix_path.ps1'
[6.935s] INFO:colcon.colcon_core.shell:Creating environment descriptor '/home/cav330/f1tenth_ws/install/joy_teleop/share/joy_teleop/hook/ament_prefix_path.dsv'
[6.940s] INFO:colcon.colcon_core.shell:Creating environment hook '/home/cav330/f1tenth_ws/install/joy_teleop/share/joy_teleop/hook/ament_prefix_path.sh'
[6.943s] INFO:colcon.colcon_core.shell:Skip shell extension 'powershell' for command environment: Not usable outside of PowerShell
[6.944s] DEBUG:colcon.colcon_core.shell:Skip shell extension 'dsv' for command environment
[6.987s] Level 1:colcon.colcon_core.environment:create_environment_scripts_only(vesc_msgs)
[6.993s] DEBUG:colcon.colcon_core.event_handler.log_command:Invoked command in '/home/cav330/f1tenth_ws/build/vesc_msgs' returned '0': CMAKE_PREFIX_PATH=${CMAKE_PREFIX_PATH}:/home/cav330/f1tenth_ws/install/f1tenth_stack:/home/cav330/f1tenth_ws/install/joy_teleop:/home/cav330/f1tenth_ws/install/mouse_teleop:/home/cav330/f1tenth_ws/install/key_teleop:/home/cav330/f1tenth_ws/install/f1tenth_gym_ros:/opt/ros/foxy NX_CONNECTION=192.168.33.135 65380 192.168.33.130 4000 /usr/bin/cmake --install /home/cav330/f1tenth_ws/build/vesc_msgs
[6.996s] Level 1:colcon.colcon_core.environment:checking '/home/cav330/f1tenth_ws/install/vesc_msgs' for CMake module files
[7.000s] Level 1:colcon.colcon_core.environment:checking '/home/cav330/f1tenth_ws/install/vesc_msgs' for CMake config files
[7.004s] Level 1:colcon.colcon_core.shell:create_environment_hook('vesc_msgs', 'cmake_prefix_path')
[7.005s] INFO:colcon.colcon_core.shell:Creating environment hook '/home/cav330/f1tenth_ws/install/vesc_msgs/share/vesc_msgs/hook/cmake_prefix_path.ps1'
[7.009s] INFO:colcon.colcon_core.shell:Creating environment descriptor '/home/cav330/f1tenth_ws/install/vesc_msgs/share/vesc_msgs/hook/cmake_prefix_path.dsv'
[7.011s] INFO:colcon.colcon_core.shell:Creating environment hook '/home/cav330/f1tenth_ws/install/vesc_msgs/share/vesc_msgs/hook/cmake_prefix_path.sh'
[7.014s] Level 1:colcon.colcon_core.environment:checking '/home/cav330/f1tenth_ws/install/vesc_msgs/lib'
[7.015s] Level 1:colcon.colcon_core.shell:create_environment_hook('vesc_msgs', 'ld_library_path_lib')
[7.016s] INFO:colcon.colcon_core.shell:Creating environment hook '/home/cav330/f1tenth_ws/install/vesc_msgs/share/vesc_msgs/hook/ld_library_path_lib.ps1'
[7.024s] INFO:colcon.colcon_core.shell:Creating environment descriptor '/home/cav330/f1tenth_ws/install/vesc_msgs/share/vesc_msgs/hook/ld_library_path_lib.dsv'
[7.026s] INFO:colcon.colcon_core.shell:Creating environment hook '/home/cav330/f1tenth_ws/install/vesc_msgs/share/vesc_msgs/hook/ld_library_path_lib.sh'
[7.029s] Level 1:colcon.colcon_core.environment:checking '/home/cav330/f1tenth_ws/install/vesc_msgs/bin'
[7.029s] Level 1:colcon.colcon_core.environment:checking '/home/cav330/f1tenth_ws/install/vesc_msgs/lib/pkgconfig/vesc_msgs.pc'
[7.030s] Level 1:colcon.colcon_core.environment:checking '/home/cav330/f1tenth_ws/install/vesc_msgs/lib/python3.8/site-packages'
[7.030s] Level 1:colcon.colcon_core.shell:create_environment_hook('vesc_msgs', 'pythonpath')
[7.032s] INFO:colcon.colcon_core.shell:Creating environment hook '/home/cav330/f1tenth_ws/install/vesc_msgs/share/vesc_msgs/hook/pythonpath.ps1'
[7.040s] INFO:colcon.colcon_core.shell:Creating environment descriptor '/home/cav330/f1tenth_ws/install/vesc_msgs/share/vesc_msgs/hook/pythonpath.dsv'
[7.043s] INFO:colcon.colcon_core.shell:Creating environment hook '/home/cav330/f1tenth_ws/install/vesc_msgs/share/vesc_msgs/hook/pythonpath.sh'
[7.046s] Level 1:colcon.colcon_core.environment:checking '/home/cav330/f1tenth_ws/install/vesc_msgs/bin'
[7.048s] INFO:colcon.colcon_core.shell:Creating package script '/home/cav330/f1tenth_ws/install/vesc_msgs/share/vesc_msgs/package.ps1'
[7.051s] INFO:colcon.colcon_core.shell:Creating package descriptor '/home/cav330/f1tenth_ws/install/vesc_msgs/share/vesc_msgs/package.dsv'
[7.054s] INFO:colcon.colcon_core.shell:Creating package script '/home/cav330/f1tenth_ws/install/vesc_msgs/share/vesc_msgs/package.sh'
[7.058s] INFO:colcon.colcon_core.shell:Creating package script '/home/cav330/f1tenth_ws/install/vesc_msgs/share/vesc_msgs/package.bash'
[7.061s] INFO:colcon.colcon_core.shell:Creating package script '/home/cav330/f1tenth_ws/install/vesc_msgs/share/vesc_msgs/package.zsh'
[7.064s] Level 1:colcon.colcon_core.environment:create_file_with_runtime_dependencies(/home/cav330/f1tenth_ws/install/vesc_msgs/share/colcon-core/packages/vesc_msgs)
[7.067s] Level 1:colcon.colcon_core.environment:create_environment_scripts_only(vesc_msgs)
[7.069s] Level 1:colcon.colcon_core.environment:checking '/home/cav330/f1tenth_ws/install/vesc_msgs' for CMake module files
[7.073s] Level 1:colcon.colcon_core.environment:checking '/home/cav330/f1tenth_ws/install/vesc_msgs' for CMake config files
[7.076s] Level 1:colcon.colcon_core.shell:create_environment_hook('vesc_msgs', 'cmake_prefix_path')
[7.077s] INFO:colcon.colcon_core.shell:Creating environment hook '/home/cav330/f1tenth_ws/install/vesc_msgs/share/vesc_msgs/hook/cmake_prefix_path.ps1'
[7.080s] INFO:colcon.colcon_core.shell:Creating environment descriptor '/home/cav330/f1tenth_ws/install/vesc_msgs/share/vesc_msgs/hook/cmake_prefix_path.dsv'
[7.082s] INFO:colcon.colcon_core.shell:Creating environment hook '/home/cav330/f1tenth_ws/install/vesc_msgs/share/vesc_msgs/hook/cmake_prefix_path.sh'
[7.085s] Level 1:colcon.colcon_core.environment:checking '/home/cav330/f1tenth_ws/install/vesc_msgs/lib'
[7.085s] Level 1:colcon.colcon_core.shell:create_environment_hook('vesc_msgs', 'ld_library_path_lib')
[7.086s] INFO:colcon.colcon_core.shell:Creating environment hook '/home/cav330/f1tenth_ws/install/vesc_msgs/share/vesc_msgs/hook/ld_library_path_lib.ps1'
[7.088s] INFO:colcon.colcon_core.shell:Creating environment descriptor '/home/cav330/f1tenth_ws/install/vesc_msgs/share/vesc_msgs/hook/ld_library_path_lib.dsv'
[7.090s] INFO:colcon.colcon_core.shell:Creating environment hook '/home/cav330/f1tenth_ws/install/vesc_msgs/share/vesc_msgs/hook/ld_library_path_lib.sh'
[7.092s] Level 1:colcon.colcon_core.environment:checking '/home/cav330/f1tenth_ws/install/vesc_msgs/bin'
[7.093s] Level 1:colcon.colcon_core.environment:checking '/home/cav330/f1tenth_ws/install/vesc_msgs/lib/pkgconfig/vesc_msgs.pc'
[7.093s] Level 1:colcon.colcon_core.environment:checking '/home/cav330/f1tenth_ws/install/vesc_msgs/lib/python3.8/site-packages'
[7.093s] Level 1:colcon.colcon_core.shell:create_environment_hook('vesc_msgs', 'pythonpath')
[7.095s] INFO:colcon.colcon_core.shell:Creating environment hook '/home/cav330/f1tenth_ws/install/vesc_msgs/share/vesc_msgs/hook/pythonpath.ps1'
[7.097s] INFO:colcon.colcon_core.shell:Creating environment descriptor '/home/cav330/f1tenth_ws/install/vesc_msgs/share/vesc_msgs/hook/pythonpath.dsv'
[7.099s] INFO:colcon.colcon_core.shell:Creating environment hook '/home/cav330/f1tenth_ws/install/vesc_msgs/share/vesc_msgs/hook/pythonpath.sh'
[7.101s] Level 1:colcon.colcon_core.environment:checking '/home/cav330/f1tenth_ws/install/vesc_msgs/bin'
[7.103s] INFO:colcon.colcon_core.shell:Creating package script '/home/cav330/f1tenth_ws/install/vesc_msgs/share/vesc_msgs/package.ps1'
[7.106s] INFO:colcon.colcon_core.shell:Creating package descriptor '/home/cav330/f1tenth_ws/install/vesc_msgs/share/vesc_msgs/package.dsv'
[7.109s] INFO:colcon.colcon_core.shell:Creating package script '/home/cav330/f1tenth_ws/install/vesc_msgs/share/vesc_msgs/package.sh'
[7.111s] INFO:colcon.colcon_core.shell:Creating package script '/home/cav330/f1tenth_ws/install/vesc_msgs/share/vesc_msgs/package.bash'
[7.113s] INFO:colcon.colcon_core.shell:Creating package script '/home/cav330/f1tenth_ws/install/vesc_msgs/share/vesc_msgs/package.zsh'
[7.115s] Level 1:colcon.colcon_core.environment:create_file_with_runtime_dependencies(/home/cav330/f1tenth_ws/install/vesc_msgs/share/colcon-core/packages/vesc_msgs)
[7.122s] INFO:colcon.colcon_ros.task.ament_cmake.build:Building ROS package in '/home/cav330/f1tenth_ws/src/f1tenth_system/vesc/vesc_ackermann' with build type 'ament_cmake'
[7.124s] INFO:colcon.colcon_cmake.task.cmake.build:Building CMake package in '/home/cav330/f1tenth_ws/src/f1tenth_system/vesc/vesc_ackermann'
[7.125s] INFO:colcon.colcon_core.shell:Skip shell extension 'powershell' for command environment: Not usable outside of PowerShell
[7.125s] DEBUG:colcon.colcon_core.shell:Skip shell extension 'dsv' for command environment
[8.436s] INFO:colcon.colcon_core.task.python.build:Building Python package in '/home/cav330/f1tenth_ws/src/f1tenth_system/teleop_tools/joy_teleop'
[8.439s] INFO:colcon.colcon_core.shell:Skip shell extension 'powershell' for command environment: Not usable outside of PowerShell
[8.439s] DEBUG:colcon.colcon_core.shell:Skip shell extension 'dsv' for command environment
[8.511s] DEBUG:colcon.colcon_core.event_handler.log_command:Invoking command in '/home/cav330/f1tenth_ws/build/vesc_ackermann': CMAKE_PREFIX_PATH=/home/cav330/f1tenth_ws/install/vesc_msgs:/home/cav330/f1tenth_ws/install/wall_follow:/home/cav330/f1tenth_ws/install/vesc:/home/cav330/f1tenth_ws/install/vesc_driver:/home/cav330/f1tenth_ws/install/vesc_ackermann:/home/cav330/f1tenth_ws/install/teleop_tools:/home/cav330/f1tenth_ws/install/teleop_tools_msgs:/home/cav330/f1tenth_ws/install/safety_node:/home/cav330/f1tenth_ws/install/ackermann_mux:/home/cav330/f1tenth_ws/install/f1tenth_stack:/home/cav330/f1tenth_ws/install/joy_teleop:/home/cav330/f1tenth_ws/install/mouse_teleop:/home/cav330/f1tenth_ws/install/key_teleop:/home/cav330/f1tenth_ws/install/f1tenth_gym_ros:/opt/ros/foxy LD_LIBRARY_PATH=/home/cav330/f1tenth_ws/install/vesc_msgs/lib:/home/cav330/f1tenth_ws/install/vesc_driver/lib:/home/cav330/f1tenth_ws/install/vesc_ackermann/lib:/home/cav330/f1tenth_ws/install/teleop_tools_msgs/lib:/opt/ros/foxy/opt/yaml_cpp_vendor/lib:/opt/ros/foxy/opt/rviz_ogre_vendor/lib:/opt/ros/foxy/lib/aarch64-linux-gnu:/opt/ros/foxy/lib:/usr/local/cuda-11.4/lib64 NX_CONNECTION=192.168.33.135 65380 192.168.33.130 4000 PYTHONPATH=/home/cav330/f1tenth_ws/install/vesc_msgs/lib/python3.8/site-packages:/home/cav330/f1tenth_ws/install/f1tenth_stack/lib/python3.8/site-packages:/home/cav330/f1tenth_ws/install/joy_teleop/lib/python3.8/site-packages:/home/cav330/f1tenth_ws/install/teleop_tools_msgs/lib/python3.8/site-packages:/home/cav330/f1tenth_ws/install/mouse_teleop/lib/python3.8/site-packages:/home/cav330/f1tenth_ws/install/key_teleop/lib/python3.8/site-packages:/home/cav330/f1tenth_ws/install/f1tenth_gym_ros/lib/python3.8/site-packages:/opt/ros/foxy/lib/python3.8/site-packages /usr/bin/cmake --build /home/cav330/f1tenth_ws/build/vesc_ackermann -- -j4 -l4
[8.535s] DEBUG:colcon.colcon_core.event_handler.log_command:Invoking command in '/home/cav330/f1tenth_ws/src/f1tenth_gym_ros': NX_CONNECTION=192.168.33.135 65380 192.168.33.130 4000 PYTHONPATH=/home/cav330/f1tenth_ws/build/f1tenth_gym_ros/prefix_override:/usr/lib/python3/dist-packages/colcon_core/task/python/colcon_distutils_commands:/home/cav330/f1tenth_ws/install/f1tenth_gym_ros/lib/python3.8/site-packages:${PYTHONPATH} /usr/bin/python3 -W ignore:setup.py install is deprecated -W ignore:easy_install command is deprecated setup.py egg_info --egg-base ../../build/f1tenth_gym_ros build --build-base /home/cav330/f1tenth_ws/build/f1tenth_gym_ros/build install --record /home/cav330/f1tenth_ws/build/f1tenth_gym_ros/install.log --single-version-externally-managed install_data
[8.547s] Level 1:colcon.colcon_core.environment:checking '/home/cav330/f1tenth_ws/install/key_teleop' for CMake module files
[8.551s] DEBUG:colcon.colcon_core.event_handler.log_command:Invoked command in '/home/cav330/f1tenth_ws/src/f1tenth_system/teleop_tools/key_teleop' returned '0': NX_CONNECTION=192.168.33.135 65380 192.168.33.130 4000 PYTHONPATH=/home/cav330/f1tenth_ws/build/key_teleop/prefix_override:/usr/lib/python3/dist-packages/colcon_core/task/python/colcon_distutils_commands:/home/cav330/f1tenth_ws/install/key_teleop/lib/python3.8/site-packages:${PYTHONPATH} /usr/bin/python3 -W ignore:setup.py install is deprecated -W ignore:easy_install command is deprecated setup.py egg_info --egg-base ../../../../build/key_teleop build --build-base /home/cav330/f1tenth_ws/build/key_teleop/build install --record /home/cav330/f1tenth_ws/build/key_teleop/install.log --install-scripts $base/lib/key_teleop --single-version-externally-managed install_data
[8.554s] Level 1:colcon.colcon_core.environment:checking '/home/cav330/f1tenth_ws/install/key_teleop' for CMake config files
[8.558s] Level 1:colcon.colcon_core.environment:checking '/home/cav330/f1tenth_ws/install/key_teleop/lib'
[8.559s] Level 1:colcon.colcon_core.environment:checking '/home/cav330/f1tenth_ws/install/key_teleop/bin'
[8.559s] Level 1:colcon.colcon_core.environment:checking '/home/cav330/f1tenth_ws/install/key_teleop/lib/pkgconfig/key_teleop.pc'
[8.561s] Level 1:colcon.colcon_core.environment:checking '/home/cav330/f1tenth_ws/install/key_teleop/lib/python3.8/site-packages'
[8.561s] Level 1:colcon.colcon_core.shell:create_environment_hook('key_teleop', 'pythonpath')
[8.562s] INFO:colcon.colcon_core.shell:Creating environment hook '/home/cav330/f1tenth_ws/install/key_teleop/share/key_teleop/hook/pythonpath.ps1'
[8.567s] INFO:colcon.colcon_core.shell:Creating environment descriptor '/home/cav330/f1tenth_ws/install/key_teleop/share/key_teleop/hook/pythonpath.dsv'
[8.570s] INFO:colcon.colcon_core.shell:Creating environment hook '/home/cav330/f1tenth_ws/install/key_teleop/share/key_teleop/hook/pythonpath.sh'
[8.573s] Level 1:colcon.colcon_core.environment:checking '/home/cav330/f1tenth_ws/install/key_teleop/bin'
[8.573s] Level 1:colcon.colcon_core.environment:create_environment_scripts_only(key_teleop)
[8.575s] INFO:colcon.colcon_core.shell:Creating package script '/home/cav330/f1tenth_ws/install/key_teleop/share/key_teleop/package.ps1'
[8.578s] INFO:colcon.colcon_core.shell:Creating package descriptor '/home/cav330/f1tenth_ws/install/key_teleop/share/key_teleop/package.dsv'
[8.580s] INFO:colcon.colcon_core.shell:Creating package script '/home/cav330/f1tenth_ws/install/key_teleop/share/key_teleop/package.sh'
[8.586s] INFO:colcon.colcon_core.shell:Creating package script '/home/cav330/f1tenth_ws/install/key_teleop/share/key_teleop/package.bash'
[8.589s] INFO:colcon.colcon_core.shell:Creating package script '/home/cav330/f1tenth_ws/install/key_teleop/share/key_teleop/package.zsh'
[8.596s] Level 1:colcon.colcon_core.environment:create_file_with_runtime_dependencies(/home/cav330/f1tenth_ws/install/key_teleop/share/colcon-core/packages/key_teleop)
[8.599s] INFO:colcon.colcon_ros.task.ament_cmake.build:Building ROS package in '/home/cav330/f1tenth_ws/src/f1tenth_system/vesc/vesc_driver' with build type 'ament_cmake'
[8.600s] INFO:colcon.colcon_cmake.task.cmake.build:Building CMake package in '/home/cav330/f1tenth_ws/src/f1tenth_system/vesc/vesc_driver'
[8.603s] INFO:colcon.colcon_core.shell:Skip shell extension 'powershell' for command environment: Not usable outside of PowerShell
[8.604s] DEBUG:colcon.colcon_core.shell:Skip shell extension 'dsv' for command environment
[8.761s] DEBUG:colcon.colcon_core.event_handler.log_command:Invoking command in '/home/cav330/f1tenth_ws/build/vesc_driver': CMAKE_PREFIX_PATH=/home/cav330/f1tenth_ws/install/vesc_msgs:/home/cav330/f1tenth_ws/install/wall_follow:/home/cav330/f1tenth_ws/install/vesc:/home/cav330/f1tenth_ws/install/vesc_driver:/home/cav330/f1tenth_ws/install/vesc_ackermann:/home/cav330/f1tenth_ws/install/teleop_tools:/home/cav330/f1tenth_ws/install/teleop_tools_msgs:/home/cav330/f1tenth_ws/install/safety_node:/home/cav330/f1tenth_ws/install/ackermann_mux:/home/cav330/f1tenth_ws/install/f1tenth_stack:/home/cav330/f1tenth_ws/install/joy_teleop:/home/cav330/f1tenth_ws/install/mouse_teleop:/home/cav330/f1tenth_ws/install/key_teleop:/home/cav330/f1tenth_ws/install/f1tenth_gym_ros:/opt/ros/foxy LD_LIBRARY_PATH=/home/cav330/f1tenth_ws/install/vesc_msgs/lib:/home/cav330/f1tenth_ws/install/vesc_driver/lib:/home/cav330/f1tenth_ws/install/vesc_ackermann/lib:/home/cav330/f1tenth_ws/install/teleop_tools_msgs/lib:/opt/ros/foxy/opt/yaml_cpp_vendor/lib:/opt/ros/foxy/opt/rviz_ogre_vendor/lib:/opt/ros/foxy/lib/aarch64-linux-gnu:/opt/ros/foxy/lib:/usr/local/cuda-11.4/lib64 NX_CONNECTION=192.168.33.135 65380 192.168.33.130 4000 PYTHONPATH=/home/cav330/f1tenth_ws/install/vesc_msgs/lib/python3.8/site-packages:/home/cav330/f1tenth_ws/install/f1tenth_stack/lib/python3.8/site-packages:/home/cav330/f1tenth_ws/install/joy_teleop/lib/python3.8/site-packages:/home/cav330/f1tenth_ws/install/teleop_tools_msgs/lib/python3.8/site-packages:/home/cav330/f1tenth_ws/install/mouse_teleop/lib/python3.8/site-packages:/home/cav330/f1tenth_ws/install/key_teleop/lib/python3.8/site-packages:/home/cav330/f1tenth_ws/install/f1tenth_gym_ros/lib/python3.8/site-packages:/opt/ros/foxy/lib/python3.8/site-packages /usr/bin/cmake --build /home/cav330/f1tenth_ws/build/vesc_driver -- -j4 -l4
[9.238s] DEBUG:colcon.colcon_core.event_handler.log_command:Invoked command in '/home/cav330/f1tenth_ws/build/vesc_ackermann' returned '0': CMAKE_PREFIX_PATH=/home/cav330/f1tenth_ws/install/vesc_msgs:/home/cav330/f1tenth_ws/install/wall_follow:/home/cav330/f1tenth_ws/install/vesc:/home/cav330/f1tenth_ws/install/vesc_driver:/home/cav330/f1tenth_ws/install/vesc_ackermann:/home/cav330/f1tenth_ws/install/teleop_tools:/home/cav330/f1tenth_ws/install/teleop_tools_msgs:/home/cav330/f1tenth_ws/install/safety_node:/home/cav330/f1tenth_ws/install/ackermann_mux:/home/cav330/f1tenth_ws/install/f1tenth_stack:/home/cav330/f1tenth_ws/install/joy_teleop:/home/cav330/f1tenth_ws/install/mouse_teleop:/home/cav330/f1tenth_ws/install/key_teleop:/home/cav330/f1tenth_ws/install/f1tenth_gym_ros:/opt/ros/foxy LD_LIBRARY_PATH=/home/cav330/f1tenth_ws/install/vesc_msgs/lib:/home/cav330/f1tenth_ws/install/vesc_driver/lib:/home/cav330/f1tenth_ws/install/vesc_ackermann/lib:/home/cav330/f1tenth_ws/install/teleop_tools_msgs/lib:/opt/ros/foxy/opt/yaml_cpp_vendor/lib:/opt/ros/foxy/opt/rviz_ogre_vendor/lib:/opt/ros/foxy/lib/aarch64-linux-gnu:/opt/ros/foxy/lib:/usr/local/cuda-11.4/lib64 NX_CONNECTION=192.168.33.135 65380 192.168.33.130 4000 PYTHONPATH=/home/cav330/f1tenth_ws/install/vesc_msgs/lib/python3.8/site-packages:/home/cav330/f1tenth_ws/install/f1tenth_stack/lib/python3.8/site-packages:/home/cav330/f1tenth_ws/install/joy_teleop/lib/python3.8/site-packages:/home/cav330/f1tenth_ws/install/teleop_tools_msgs/lib/python3.8/site-packages:/home/cav330/f1tenth_ws/install/mouse_teleop/lib/python3.8/site-packages:/home/cav330/f1tenth_ws/install/key_teleop/lib/python3.8/site-packages:/home/cav330/f1tenth_ws/install/f1tenth_gym_ros/lib/python3.8/site-packages:/opt/ros/foxy/lib/python3.8/site-packages /usr/bin/cmake --build /home/cav330/f1tenth_ws/build/vesc_ackermann -- -j4 -l4
[9.259s] DEBUG:colcon.colcon_core.event_handler.log_command:Invoking command in '/home/cav330/f1tenth_ws/build/vesc_ackermann': CMAKE_PREFIX_PATH=/home/cav330/f1tenth_ws/install/vesc_msgs:/home/cav330/f1tenth_ws/install/wall_follow:/home/cav330/f1tenth_ws/install/vesc:/home/cav330/f1tenth_ws/install/vesc_driver:/home/cav330/f1tenth_ws/install/vesc_ackermann:/home/cav330/f1tenth_ws/install/teleop_tools:/home/cav330/f1tenth_ws/install/teleop_tools_msgs:/home/cav330/f1tenth_ws/install/safety_node:/home/cav330/f1tenth_ws/install/ackermann_mux:/home/cav330/f1tenth_ws/install/f1tenth_stack:/home/cav330/f1tenth_ws/install/joy_teleop:/home/cav330/f1tenth_ws/install/mouse_teleop:/home/cav330/f1tenth_ws/install/key_teleop:/home/cav330/f1tenth_ws/install/f1tenth_gym_ros:/opt/ros/foxy LD_LIBRARY_PATH=/home/cav330/f1tenth_ws/install/vesc_msgs/lib:/home/cav330/f1tenth_ws/install/vesc_driver/lib:/home/cav330/f1tenth_ws/install/vesc_ackermann/lib:/home/cav330/f1tenth_ws/install/teleop_tools_msgs/lib:/opt/ros/foxy/opt/yaml_cpp_vendor/lib:/opt/ros/foxy/opt/rviz_ogre_vendor/lib:/opt/ros/foxy/lib/aarch64-linux-gnu:/opt/ros/foxy/lib:/usr/local/cuda-11.4/lib64 NX_CONNECTION=192.168.33.135 65380 192.168.33.130 4000 PYTHONPATH=/home/cav330/f1tenth_ws/install/vesc_msgs/lib/python3.8/site-packages:/home/cav330/f1tenth_ws/install/f1tenth_stack/lib/python3.8/site-packages:/home/cav330/f1tenth_ws/install/joy_teleop/lib/python3.8/site-packages:/home/cav330/f1tenth_ws/install/teleop_tools_msgs/lib/python3.8/site-packages:/home/cav330/f1tenth_ws/install/mouse_teleop/lib/python3.8/site-packages:/home/cav330/f1tenth_ws/install/key_teleop/lib/python3.8/site-packages:/home/cav330/f1tenth_ws/install/f1tenth_gym_ros/lib/python3.8/site-packages:/opt/ros/foxy/lib/python3.8/site-packages /usr/bin/cmake --install /home/cav330/f1tenth_ws/build/vesc_ackermann
[9.418s] Level 1:colcon.colcon_core.environment:create_environment_scripts_only(vesc_ackermann)
[9.421s] Level 1:colcon.colcon_core.environment:checking '/home/cav330/f1tenth_ws/install/vesc_ackermann' for CMake module files
[9.425s] DEBUG:colcon.colcon_core.event_handler.log_command:Invoked command in '/home/cav330/f1tenth_ws/build/vesc_ackermann' returned '0': CMAKE_PREFIX_PATH=/home/cav330/f1tenth_ws/install/vesc_msgs:/home/cav330/f1tenth_ws/install/wall_follow:/home/cav330/f1tenth_ws/install/vesc:/home/cav330/f1tenth_ws/install/vesc_driver:/home/cav330/f1tenth_ws/install/vesc_ackermann:/home/cav330/f1tenth_ws/install/teleop_tools:/home/cav330/f1tenth_ws/install/teleop_tools_msgs:/home/cav330/f1tenth_ws/install/safety_node:/home/cav330/f1tenth_ws/install/ackermann_mux:/home/cav330/f1tenth_ws/install/f1tenth_stack:/home/cav330/f1tenth_ws/install/joy_teleop:/home/cav330/f1tenth_ws/install/mouse_teleop:/home/cav330/f1tenth_ws/install/key_teleop:/home/cav330/f1tenth_ws/install/f1tenth_gym_ros:/opt/ros/foxy LD_LIBRARY_PATH=/home/cav330/f1tenth_ws/install/vesc_msgs/lib:/home/cav330/f1tenth_ws/install/vesc_driver/lib:/home/cav330/f1tenth_ws/install/vesc_ackermann/lib:/home/cav330/f1tenth_ws/install/teleop_tools_msgs/lib:/opt/ros/foxy/opt/yaml_cpp_vendor/lib:/opt/ros/foxy/opt/rviz_ogre_vendor/lib:/opt/ros/foxy/lib/aarch64-linux-gnu:/opt/ros/foxy/lib:/usr/local/cuda-11.4/lib64 NX_CONNECTION=192.168.33.135 65380 192.168.33.130 4000 PYTHONPATH=/home/cav330/f1tenth_ws/install/vesc_msgs/lib/python3.8/site-packages:/home/cav330/f1tenth_ws/install/f1tenth_stack/lib/python3.8/site-packages:/home/cav330/f1tenth_ws/install/joy_teleop/lib/python3.8/site-packages:/home/cav330/f1tenth_ws/install/teleop_tools_msgs/lib/python3.8/site-packages:/home/cav330/f1tenth_ws/install/mouse_teleop/lib/python3.8/site-packages:/home/cav330/f1tenth_ws/install/key_teleop/lib/python3.8/site-packages:/home/cav330/f1tenth_ws/install/f1tenth_gym_ros/lib/python3.8/site-packages:/opt/ros/foxy/lib/python3.8/site-packages /usr/bin/cmake --install /home/cav330/f1tenth_ws/build/vesc_ackermann
[9.428s] Level 1:colcon.colcon_core.environment:checking '/home/cav330/f1tenth_ws/install/vesc_ackermann' for CMake config files
[9.430s] Level 1:colcon.colcon_core.shell:create_environment_hook('vesc_ackermann', 'cmake_prefix_path')
[9.432s] INFO:colcon.colcon_core.shell:Creating environment hook '/home/cav330/f1tenth_ws/install/vesc_ackermann/share/vesc_ackermann/hook/cmake_prefix_path.ps1'
[9.435s] INFO:colcon.colcon_core.shell:Creating environment descriptor '/home/cav330/f1tenth_ws/install/vesc_ackermann/share/vesc_ackermann/hook/cmake_prefix_path.dsv'
[9.438s] INFO:colcon.colcon_core.shell:Creating environment hook '/home/cav330/f1tenth_ws/install/vesc_ackermann/share/vesc_ackermann/hook/cmake_prefix_path.sh'
[9.441s] Level 1:colcon.colcon_core.environment:checking '/home/cav330/f1tenth_ws/install/vesc_ackermann/lib'
[9.441s] Level 1:colcon.colcon_core.shell:create_environment_hook('vesc_ackermann', 'ld_library_path_lib')
[9.442s] INFO:colcon.colcon_core.shell:Creating environment hook '/home/cav330/f1tenth_ws/install/vesc_ackermann/share/vesc_ackermann/hook/ld_library_path_lib.ps1'
[9.446s] INFO:colcon.colcon_core.shell:Creating environment descriptor '/home/cav330/f1tenth_ws/install/vesc_ackermann/share/vesc_ackermann/hook/ld_library_path_lib.dsv'
[9.448s] INFO:colcon.colcon_core.shell:Creating environment hook '/home/cav330/f1tenth_ws/install/vesc_ackermann/share/vesc_ackermann/hook/ld_library_path_lib.sh'
[9.451s] Level 1:colcon.colcon_core.environment:checking '/home/cav330/f1tenth_ws/install/vesc_ackermann/bin'
[9.451s] Level 1:colcon.colcon_core.environment:checking '/home/cav330/f1tenth_ws/install/vesc_ackermann/lib/pkgconfig/vesc_ackermann.pc'
[9.453s] Level 1:colcon.colcon_core.environment:checking '/home/cav330/f1tenth_ws/install/vesc_ackermann/lib/python3.8/site-packages'
[9.453s] Level 1:colcon.colcon_core.environment:checking '/home/cav330/f1tenth_ws/install/vesc_ackermann/bin'
[9.455s] INFO:colcon.colcon_core.shell:Creating package script '/home/cav330/f1tenth_ws/install/vesc_ackermann/share/vesc_ackermann/package.ps1'
[9.458s] INFO:colcon.colcon_core.shell:Creating package descriptor '/home/cav330/f1tenth_ws/install/vesc_ackermann/share/vesc_ackermann/package.dsv'
[9.460s] INFO:colcon.colcon_core.shell:Creating package script '/home/cav330/f1tenth_ws/install/vesc_ackermann/share/vesc_ackermann/package.sh'
[9.463s] INFO:colcon.colcon_core.shell:Creating package script '/home/cav330/f1tenth_ws/install/vesc_ackermann/share/vesc_ackermann/package.bash'
[9.464s] INFO:colcon.colcon_core.shell:Creating package script '/home/cav330/f1tenth_ws/install/vesc_ackermann/share/vesc_ackermann/package.zsh'
[9.467s] Level 1:colcon.colcon_core.environment:create_file_with_runtime_dependencies(/home/cav330/f1tenth_ws/install/vesc_ackermann/share/colcon-core/packages/vesc_ackermann)
[9.471s] Level 1:colcon.colcon_core.environment:create_environment_scripts_only(vesc_ackermann)
[9.472s] Level 1:colcon.colcon_core.environment:checking '/home/cav330/f1tenth_ws/install/vesc_ackermann' for CMake module files
[9.475s] Level 1:colcon.colcon_core.environment:checking '/home/cav330/f1tenth_ws/install/vesc_ackermann' for CMake config files
[9.476s] Level 1:colcon.colcon_core.shell:create_environment_hook('vesc_ackermann', 'cmake_prefix_path')
[9.477s] INFO:colcon.colcon_core.shell:Creating environment hook '/home/cav330/f1tenth_ws/install/vesc_ackermann/share/vesc_ackermann/hook/cmake_prefix_path.ps1'
[9.480s] INFO:colcon.colcon_core.shell:Creating environment descriptor '/home/cav330/f1tenth_ws/install/vesc_ackermann/share/vesc_ackermann/hook/cmake_prefix_path.dsv'
[9.484s] INFO:colcon.colcon_core.shell:Creating environment hook '/home/cav330/f1tenth_ws/install/vesc_ackermann/share/vesc_ackermann/hook/cmake_prefix_path.sh'
[9.489s] Level 1:colcon.colcon_core.environment:checking '/home/cav330/f1tenth_ws/install/vesc_ackermann/lib'
[9.489s] Level 1:colcon.colcon_core.shell:create_environment_hook('vesc_ackermann', 'ld_library_path_lib')
[9.491s] INFO:colcon.colcon_core.shell:Creating environment hook '/home/cav330/f1tenth_ws/install/vesc_ackermann/share/vesc_ackermann/hook/ld_library_path_lib.ps1'
[9.492s] INFO:colcon.colcon_core.shell:Creating environment descriptor '/home/cav330/f1tenth_ws/install/vesc_ackermann/share/vesc_ackermann/hook/ld_library_path_lib.dsv'
[9.494s] INFO:colcon.colcon_core.shell:Creating environment hook '/home/cav330/f1tenth_ws/install/vesc_ackermann/share/vesc_ackermann/hook/ld_library_path_lib.sh'
[9.496s] Level 1:colcon.colcon_core.environment:checking '/home/cav330/f1tenth_ws/install/vesc_ackermann/bin'
[9.497s] Level 1:colcon.colcon_core.environment:checking '/home/cav330/f1tenth_ws/install/vesc_ackermann/lib/pkgconfig/vesc_ackermann.pc'
[9.498s] Level 1:colcon.colcon_core.environment:checking '/home/cav330/f1tenth_ws/install/vesc_ackermann/lib/python3.8/site-packages'
[9.499s] Level 1:colcon.colcon_core.environment:checking '/home/cav330/f1tenth_ws/install/vesc_ackermann/bin'
[9.500s] INFO:colcon.colcon_core.shell:Creating package script '/home/cav330/f1tenth_ws/install/vesc_ackermann/share/vesc_ackermann/package.ps1'
[9.504s] INFO:colcon.colcon_core.shell:Creating package descriptor '/home/cav330/f1tenth_ws/install/vesc_ackermann/share/vesc_ackermann/package.dsv'
[9.511s] INFO:colcon.colcon_core.shell:Creating package script '/home/cav330/f1tenth_ws/install/vesc_ackermann/share/vesc_ackermann/package.sh'
[9.515s] INFO:colcon.colcon_core.shell:Creating package script '/home/cav330/f1tenth_ws/install/vesc_ackermann/share/vesc_ackermann/package.bash'
[9.519s] INFO:colcon.colcon_core.shell:Creating package script '/home/cav330/f1tenth_ws/install/vesc_ackermann/share/vesc_ackermann/package.zsh'
[9.521s] Level 1:colcon.colcon_core.environment:create_file_with_runtime_dependencies(/home/cav330/f1tenth_ws/install/vesc_ackermann/share/colcon-core/packages/vesc_ackermann)
[9.527s] INFO:colcon.colcon_ros.task.ament_python.build:Building ROS package in '/home/cav330/f1tenth_ws/src/f1tenth_system/teleop_tools/mouse_teleop' with build type 'ament_python'
[9.530s] Level 1:colcon.colcon_core.shell:create_environment_hook('mouse_teleop', 'ament_prefix_path')
[9.532s] INFO:colcon.colcon_core.shell:Creating environment hook '/home/cav330/f1tenth_ws/install/mouse_teleop/share/mouse_teleop/hook/ament_prefix_path.ps1'
[9.536s] INFO:colcon.colcon_core.shell:Creating environment descriptor '/home/cav330/f1tenth_ws/install/mouse_teleop/share/mouse_teleop/hook/ament_prefix_path.dsv'
[9.538s] INFO:colcon.colcon_core.shell:Creating environment hook '/home/cav330/f1tenth_ws/install/mouse_teleop/share/mouse_teleop/hook/ament_prefix_path.sh'
[9.541s] INFO:colcon.colcon_core.shell:Skip shell extension 'powershell' for command environment: Not usable outside of PowerShell
[9.541s] DEBUG:colcon.colcon_core.shell:Skip shell extension 'dsv' for command environment
[10.805s] INFO:colcon.colcon_core.task.python.build:Building Python package in '/home/cav330/f1tenth_ws/src/f1tenth_system/teleop_tools/mouse_teleop'
[10.808s] INFO:colcon.colcon_core.shell:Skip shell extension 'powershell' for command environment: Not usable outside of PowerShell
[10.808s] DEBUG:colcon.colcon_core.shell:Skip shell extension 'dsv' for command environment
[10.853s] DEBUG:colcon.colcon_core.event_handler.log_command:Invoked command in '/home/cav330/f1tenth_ws/build/vesc_driver' returned '0': CMAKE_PREFIX_PATH=/home/cav330/f1tenth_ws/install/vesc_msgs:/home/cav330/f1tenth_ws/install/wall_follow:/home/cav330/f1tenth_ws/install/vesc:/home/cav330/f1tenth_ws/install/vesc_driver:/home/cav330/f1tenth_ws/install/vesc_ackermann:/home/cav330/f1tenth_ws/install/teleop_tools:/home/cav330/f1tenth_ws/install/teleop_tools_msgs:/home/cav330/f1tenth_ws/install/safety_node:/home/cav330/f1tenth_ws/install/ackermann_mux:/home/cav330/f1tenth_ws/install/f1tenth_stack:/home/cav330/f1tenth_ws/install/joy_teleop:/home/cav330/f1tenth_ws/install/mouse_teleop:/home/cav330/f1tenth_ws/install/key_teleop:/home/cav330/f1tenth_ws/install/f1tenth_gym_ros:/opt/ros/foxy LD_LIBRARY_PATH=/home/cav330/f1tenth_ws/install/vesc_msgs/lib:/home/cav330/f1tenth_ws/install/vesc_driver/lib:/home/cav330/f1tenth_ws/install/vesc_ackermann/lib:/home/cav330/f1tenth_ws/install/teleop_tools_msgs/lib:/opt/ros/foxy/opt/yaml_cpp_vendor/lib:/opt/ros/foxy/opt/rviz_ogre_vendor/lib:/opt/ros/foxy/lib/aarch64-linux-gnu:/opt/ros/foxy/lib:/usr/local/cuda-11.4/lib64 NX_CONNECTION=192.168.33.135 65380 192.168.33.130 4000 PYTHONPATH=/home/cav330/f1tenth_ws/install/vesc_msgs/lib/python3.8/site-packages:/home/cav330/f1tenth_ws/install/f1tenth_stack/lib/python3.8/site-packages:/home/cav330/f1tenth_ws/install/joy_teleop/lib/python3.8/site-packages:/home/cav330/f1tenth_ws/install/teleop_tools_msgs/lib/python3.8/site-packages:/home/cav330/f1tenth_ws/install/mouse_teleop/lib/python3.8/site-packages:/home/cav330/f1tenth_ws/install/key_teleop/lib/python3.8/site-packages:/home/cav330/f1tenth_ws/install/f1tenth_gym_ros/lib/python3.8/site-packages:/opt/ros/foxy/lib/python3.8/site-packages /usr/bin/cmake --build /home/cav330/f1tenth_ws/build/vesc_driver -- -j4 -l4
[10.868s] DEBUG:colcon.colcon_core.event_handler.log_command:Invoking command in '/home/cav330/f1tenth_ws/build/vesc_driver': CMAKE_PREFIX_PATH=/home/cav330/f1tenth_ws/install/vesc_msgs:/home/cav330/f1tenth_ws/install/wall_follow:/home/cav330/f1tenth_ws/install/vesc:/home/cav330/f1tenth_ws/install/vesc_driver:/home/cav330/f1tenth_ws/install/vesc_ackermann:/home/cav330/f1tenth_ws/install/teleop_tools:/home/cav330/f1tenth_ws/install/teleop_tools_msgs:/home/cav330/f1tenth_ws/install/safety_node:/home/cav330/f1tenth_ws/install/ackermann_mux:/home/cav330/f1tenth_ws/install/f1tenth_stack:/home/cav330/f1tenth_ws/install/joy_teleop:/home/cav330/f1tenth_ws/install/mouse_teleop:/home/cav330/f1tenth_ws/install/key_teleop:/home/cav330/f1tenth_ws/install/f1tenth_gym_ros:/opt/ros/foxy LD_LIBRARY_PATH=/home/cav330/f1tenth_ws/install/vesc_msgs/lib:/home/cav330/f1tenth_ws/install/vesc_driver/lib:/home/cav330/f1tenth_ws/install/vesc_ackermann/lib:/home/cav330/f1tenth_ws/install/teleop_tools_msgs/lib:/opt/ros/foxy/opt/yaml_cpp_vendor/lib:/opt/ros/foxy/opt/rviz_ogre_vendor/lib:/opt/ros/foxy/lib/aarch64-linux-gnu:/opt/ros/foxy/lib:/usr/local/cuda-11.4/lib64 NX_CONNECTION=192.168.33.135 65380 192.168.33.130 4000 PYTHONPATH=/home/cav330/f1tenth_ws/install/vesc_msgs/lib/python3.8/site-packages:/home/cav330/f1tenth_ws/install/f1tenth_stack/lib/python3.8/site-packages:/home/cav330/f1tenth_ws/install/joy_teleop/lib/python3.8/site-packages:/home/cav330/f1tenth_ws/install/teleop_tools_msgs/lib/python3.8/site-packages:/home/cav330/f1tenth_ws/install/mouse_teleop/lib/python3.8/site-packages:/home/cav330/f1tenth_ws/install/key_teleop/lib/python3.8/site-packages:/home/cav330/f1tenth_ws/install/f1tenth_gym_ros/lib/python3.8/site-packages:/opt/ros/foxy/lib/python3.8/site-packages /usr/bin/cmake --install /home/cav330/f1tenth_ws/build/vesc_driver
[10.876s] Level 1:colcon.colcon_core.environment:checking '/home/cav330/f1tenth_ws/install/f1tenth_gym_ros' for CMake module files
[10.878s] DEBUG:colcon.colcon_core.event_handler.log_command:Invoked command in '/home/cav330/f1tenth_ws/src/f1tenth_gym_ros' returned '0': NX_CONNECTION=192.168.33.135 65380 192.168.33.130 4000 PYTHONPATH=/home/cav330/f1tenth_ws/build/f1tenth_gym_ros/prefix_override:/usr/lib/python3/dist-packages/colcon_core/task/python/colcon_distutils_commands:/home/cav330/f1tenth_ws/install/f1tenth_gym_ros/lib/python3.8/site-packages:${PYTHONPATH} /usr/bin/python3 -W ignore:setup.py install is deprecated -W ignore:easy_install command is deprecated setup.py egg_info --egg-base ../../build/f1tenth_gym_ros build --build-base /home/cav330/f1tenth_ws/build/f1tenth_gym_ros/build install --record /home/cav330/f1tenth_ws/build/f1tenth_gym_ros/install.log --single-version-externally-managed install_data
[10.880s] Level 1:colcon.colcon_core.environment:checking '/home/cav330/f1tenth_ws/install/f1tenth_gym_ros' for CMake config files
[10.884s] Level 1:colcon.colcon_core.environment:checking '/home/cav330/f1tenth_ws/install/f1tenth_gym_ros/lib'
[10.884s] Level 1:colcon.colcon_core.environment:checking '/home/cav330/f1tenth_ws/install/f1tenth_gym_ros/bin'
[10.884s] Level 1:colcon.colcon_core.environment:checking '/home/cav330/f1tenth_ws/install/f1tenth_gym_ros/lib/pkgconfig/f1tenth_gym_ros.pc'
[10.886s] Level 1:colcon.colcon_core.environment:checking '/home/cav330/f1tenth_ws/install/f1tenth_gym_ros/lib/python3.8/site-packages'
[10.887s] Level 1:colcon.colcon_core.shell:create_environment_hook('f1tenth_gym_ros', 'pythonpath')
[10.888s] INFO:colcon.colcon_core.shell:Creating environment hook '/home/cav330/f1tenth_ws/install/f1tenth_gym_ros/share/f1tenth_gym_ros/hook/pythonpath.ps1'
[10.891s] INFO:colcon.colcon_core.shell:Creating environment descriptor '/home/cav330/f1tenth_ws/install/f1tenth_gym_ros/share/f1tenth_gym_ros/hook/pythonpath.dsv'
[10.893s] INFO:colcon.colcon_core.shell:Creating environment hook '/home/cav330/f1tenth_ws/install/f1tenth_gym_ros/share/f1tenth_gym_ros/hook/pythonpath.sh'
[10.897s] Level 1:colcon.colcon_core.environment:checking '/home/cav330/f1tenth_ws/install/f1tenth_gym_ros/bin'
[10.897s] Level 1:colcon.colcon_core.environment:create_environment_scripts_only(f1tenth_gym_ros)
[10.899s] INFO:colcon.colcon_core.shell:Creating package script '/home/cav330/f1tenth_ws/install/f1tenth_gym_ros/share/f1tenth_gym_ros/package.ps1'
[10.901s] INFO:colcon.colcon_core.shell:Creating package descriptor '/home/cav330/f1tenth_ws/install/f1tenth_gym_ros/share/f1tenth_gym_ros/package.dsv'
[10.903s] INFO:colcon.colcon_core.shell:Creating package script '/home/cav330/f1tenth_ws/install/f1tenth_gym_ros/share/f1tenth_gym_ros/package.sh'
[10.906s] INFO:colcon.colcon_core.shell:Creating package script '/home/cav330/f1tenth_ws/install/f1tenth_gym_ros/share/f1tenth_gym_ros/package.bash'
[10.907s] INFO:colcon.colcon_core.shell:Creating package script '/home/cav330/f1tenth_ws/install/f1tenth_gym_ros/share/f1tenth_gym_ros/package.zsh'
[10.909s] Level 1:colcon.colcon_core.environment:create_file_with_runtime_dependencies(/home/cav330/f1tenth_ws/install/f1tenth_gym_ros/share/colcon-core/packages/f1tenth_gym_ros)
[10.931s] DEBUG:colcon.colcon_core.event_handler.log_command:Invoking command in '/home/cav330/f1tenth_ws/src/f1tenth_system/teleop_tools/joy_teleop': CMAKE_PREFIX_PATH=/home/cav330/f1tenth_ws/install/teleop_tools_msgs:/home/cav330/f1tenth_ws/install/wall_follow:/home/cav330/f1tenth_ws/install/vesc:/home/cav330/f1tenth_ws/install/vesc_driver:/home/cav330/f1tenth_ws/install/vesc_ackermann:/home/cav330/f1tenth_ws/install/vesc_msgs:/home/cav330/f1tenth_ws/install/teleop_tools:/home/cav330/f1tenth_ws/install/safety_node:/home/cav330/f1tenth_ws/install/ackermann_mux LD_LIBRARY_PATH=/home/cav330/f1tenth_ws/install/teleop_tools_msgs/lib:/home/cav330/f1tenth_ws/install/vesc_driver/lib:/home/cav330/f1tenth_ws/install/vesc_ackermann/lib:/home/cav330/f1tenth_ws/install/vesc_msgs/lib:/opt/ros/foxy/opt/yaml_cpp_vendor/lib:/opt/ros/foxy/opt/rviz_ogre_vendor/lib:/opt/ros/foxy/lib/aarch64-linux-gnu:/opt/ros/foxy/lib:/usr/local/cuda-11.4/lib64 NX_CONNECTION=192.168.33.135 65380 192.168.33.130 4000 PYTHONPATH=/home/cav330/f1tenth_ws/build/joy_teleop/prefix_override:/usr/lib/python3/dist-packages/colcon_core/task/python/colcon_distutils_commands:/home/cav330/f1tenth_ws/install/joy_teleop/lib/python3.8/site-packages:/home/cav330/f1tenth_ws/install/teleop_tools_msgs/lib/python3.8/site-packages:/home/cav330/f1tenth_ws/install/f1tenth_stack/lib/python3.8/site-packages:/home/cav330/f1tenth_ws/install/vesc_msgs/lib/python3.8/site-packages:/home/cav330/f1tenth_ws/install/joy_teleop/lib/python3.8/site-packages:/home/cav330/f1tenth_ws/install/mouse_teleop/lib/python3.8/site-packages:/home/cav330/f1tenth_ws/install/key_teleop/lib/python3.8/site-packages:/home/cav330/f1tenth_ws/install/f1tenth_gym_ros/lib/python3.8/site-packages:/opt/ros/foxy/lib/python3.8/site-packages /usr/bin/python3 -W ignore:setup.py install is deprecated -W ignore:easy_install command is deprecated setup.py egg_info --egg-base ../../../../build/joy_teleop build --build-base /home/cav330/f1tenth_ws/build/joy_teleop/build install --record /home/cav330/f1tenth_ws/build/joy_teleop/install.log --install-scripts $base/lib/joy_teleop --single-version-externally-managed install_data
[10.948s] INFO:colcon.colcon_ros.task.ament_cmake.build:Building ROS package in '/home/cav330/f1tenth_ws/src/safety_node' with build type 'ament_cmake'
[10.953s] INFO:colcon.colcon_cmake.task.cmake.build:Building CMake package in '/home/cav330/f1tenth_ws/src/safety_node'
[10.959s] INFO:colcon.colcon_core.shell:Skip shell extension 'powershell' for command environment: Not usable outside of PowerShell
[10.960s] DEBUG:colcon.colcon_core.shell:Skip shell extension 'dsv' for command environment
[11.097s] DEBUG:colcon.colcon_core.event_handler.log_command:Invoking command in '/home/cav330/f1tenth_ws/build/safety_node': CMAKE_PREFIX_PATH=${CMAKE_PREFIX_PATH}:/home/cav330/f1tenth_ws/install/f1tenth_stack:/home/cav330/f1tenth_ws/install/joy_teleop:/home/cav330/f1tenth_ws/install/mouse_teleop:/home/cav330/f1tenth_ws/install/key_teleop:/home/cav330/f1tenth_ws/install/f1tenth_gym_ros:/opt/ros/foxy NX_CONNECTION=192.168.33.135 65380 192.168.33.130 4000 /usr/bin/cmake --build /home/cav330/f1tenth_ws/build/safety_node -- -j4 -l4
[11.107s] Level 1:colcon.colcon_core.environment:create_environment_scripts_only(vesc_driver)
[11.109s] DEBUG:colcon.colcon_core.event_handler.log_command:Invoked command in '/home/cav330/f1tenth_ws/build/vesc_driver' returned '0': CMAKE_PREFIX_PATH=/home/cav330/f1tenth_ws/install/vesc_msgs:/home/cav330/f1tenth_ws/install/wall_follow:/home/cav330/f1tenth_ws/install/vesc:/home/cav330/f1tenth_ws/install/vesc_driver:/home/cav330/f1tenth_ws/install/vesc_ackermann:/home/cav330/f1tenth_ws/install/teleop_tools:/home/cav330/f1tenth_ws/install/teleop_tools_msgs:/home/cav330/f1tenth_ws/install/safety_node:/home/cav330/f1tenth_ws/install/ackermann_mux:/home/cav330/f1tenth_ws/install/f1tenth_stack:/home/cav330/f1tenth_ws/install/joy_teleop:/home/cav330/f1tenth_ws/install/mouse_teleop:/home/cav330/f1tenth_ws/install/key_teleop:/home/cav330/f1tenth_ws/install/f1tenth_gym_ros:/opt/ros/foxy LD_LIBRARY_PATH=/home/cav330/f1tenth_ws/install/vesc_msgs/lib:/home/cav330/f1tenth_ws/install/vesc_driver/lib:/home/cav330/f1tenth_ws/install/vesc_ackermann/lib:/home/cav330/f1tenth_ws/install/teleop_tools_msgs/lib:/opt/ros/foxy/opt/yaml_cpp_vendor/lib:/opt/ros/foxy/opt/rviz_ogre_vendor/lib:/opt/ros/foxy/lib/aarch64-linux-gnu:/opt/ros/foxy/lib:/usr/local/cuda-11.4/lib64 NX_CONNECTION=192.168.33.135 65380 192.168.33.130 4000 PYTHONPATH=/home/cav330/f1tenth_ws/install/vesc_msgs/lib/python3.8/site-packages:/home/cav330/f1tenth_ws/install/f1tenth_stack/lib/python3.8/site-packages:/home/cav330/f1tenth_ws/install/joy_teleop/lib/python3.8/site-packages:/home/cav330/f1tenth_ws/install/teleop_tools_msgs/lib/python3.8/site-packages:/home/cav330/f1tenth_ws/install/mouse_teleop/lib/python3.8/site-packages:/home/cav330/f1tenth_ws/install/key_teleop/lib/python3.8/site-packages:/home/cav330/f1tenth_ws/install/f1tenth_gym_ros/lib/python3.8/site-packages:/opt/ros/foxy/lib/python3.8/site-packages /usr/bin/cmake --install /home/cav330/f1tenth_ws/build/vesc_driver
[11.112s] Level 1:colcon.colcon_core.environment:checking '/home/cav330/f1tenth_ws/install/vesc_driver' for CMake module files
[11.118s] Level 1:colcon.colcon_core.environment:checking '/home/cav330/f1tenth_ws/install/vesc_driver' for CMake config files
[11.121s] Level 1:colcon.colcon_core.shell:create_environment_hook('vesc_driver', 'cmake_prefix_path')
[11.123s] INFO:colcon.colcon_core.shell:Creating environment hook '/home/cav330/f1tenth_ws/install/vesc_driver/share/vesc_driver/hook/cmake_prefix_path.ps1'
[11.126s] INFO:colcon.colcon_core.shell:Creating environment descriptor '/home/cav330/f1tenth_ws/install/vesc_driver/share/vesc_driver/hook/cmake_prefix_path.dsv'
[11.130s] INFO:colcon.colcon_core.shell:Creating environment hook '/home/cav330/f1tenth_ws/install/vesc_driver/share/vesc_driver/hook/cmake_prefix_path.sh'
[11.145s] Level 1:colcon.colcon_core.environment:checking '/home/cav330/f1tenth_ws/install/vesc_driver/lib'
[11.146s] Level 1:colcon.colcon_core.shell:create_environment_hook('vesc_driver', 'ld_library_path_lib')
[11.147s] INFO:colcon.colcon_core.shell:Creating environment hook '/home/cav330/f1tenth_ws/install/vesc_driver/share/vesc_driver/hook/ld_library_path_lib.ps1'
[11.149s] INFO:colcon.colcon_core.shell:Creating environment descriptor '/home/cav330/f1tenth_ws/install/vesc_driver/share/vesc_driver/hook/ld_library_path_lib.dsv'
[11.151s] INFO:colcon.colcon_core.shell:Creating environment hook '/home/cav330/f1tenth_ws/install/vesc_driver/share/vesc_driver/hook/ld_library_path_lib.sh'
[11.154s] Level 1:colcon.colcon_core.environment:checking '/home/cav330/f1tenth_ws/install/vesc_driver/bin'
[11.154s] Level 1:colcon.colcon_core.environment:checking '/home/cav330/f1tenth_ws/install/vesc_driver/lib/pkgconfig/vesc_driver.pc'
[11.155s] Level 1:colcon.colcon_core.environment:checking '/home/cav330/f1tenth_ws/install/vesc_driver/lib/python3.8/site-packages'
[11.156s] Level 1:colcon.colcon_core.environment:checking '/home/cav330/f1tenth_ws/install/vesc_driver/bin'
[11.158s] INFO:colcon.colcon_core.shell:Creating package script '/home/cav330/f1tenth_ws/install/vesc_driver/share/vesc_driver/package.ps1'
[11.163s] INFO:colcon.colcon_core.shell:Creating package descriptor '/home/cav330/f1tenth_ws/install/vesc_driver/share/vesc_driver/package.dsv'
[11.165s] INFO:colcon.colcon_core.shell:Creating package script '/home/cav330/f1tenth_ws/install/vesc_driver/share/vesc_driver/package.sh'
[11.168s] INFO:colcon.colcon_core.shell:Creating package script '/home/cav330/f1tenth_ws/install/vesc_driver/share/vesc_driver/package.bash'
[11.170s] INFO:colcon.colcon_core.shell:Creating package script '/home/cav330/f1tenth_ws/install/vesc_driver/share/vesc_driver/package.zsh'
[11.173s] Level 1:colcon.colcon_core.environment:create_file_with_runtime_dependencies(/home/cav330/f1tenth_ws/install/vesc_driver/share/colcon-core/packages/vesc_driver)
[11.176s] Level 1:colcon.colcon_core.environment:create_environment_scripts_only(vesc_driver)
[11.177s] Level 1:colcon.colcon_core.environment:checking '/home/cav330/f1tenth_ws/install/vesc_driver' for CMake module files
[11.181s] Level 1:colcon.colcon_core.environment:checking '/home/cav330/f1tenth_ws/install/vesc_driver' for CMake config files
[11.183s] Level 1:colcon.colcon_core.shell:create_environment_hook('vesc_driver', 'cmake_prefix_path')
[11.185s] INFO:colcon.colcon_core.shell:Creating environment hook '/home/cav330/f1tenth_ws/install/vesc_driver/share/vesc_driver/hook/cmake_prefix_path.ps1'
[11.187s] INFO:colcon.colcon_core.shell:Creating environment descriptor '/home/cav330/f1tenth_ws/install/vesc_driver/share/vesc_driver/hook/cmake_prefix_path.dsv'
[11.189s] INFO:colcon.colcon_core.shell:Creating environment hook '/home/cav330/f1tenth_ws/install/vesc_driver/share/vesc_driver/hook/cmake_prefix_path.sh'
[11.192s] Level 1:colcon.colcon_core.environment:checking '/home/cav330/f1tenth_ws/install/vesc_driver/lib'
[11.192s] Level 1:colcon.colcon_core.shell:create_environment_hook('vesc_driver', 'ld_library_path_lib')
[11.193s] INFO:colcon.colcon_core.shell:Creating environment hook '/home/cav330/f1tenth_ws/install/vesc_driver/share/vesc_driver/hook/ld_library_path_lib.ps1'
[11.196s] INFO:colcon.colcon_core.shell:Creating environment descriptor '/home/cav330/f1tenth_ws/install/vesc_driver/share/vesc_driver/hook/ld_library_path_lib.dsv'
[11.198s] INFO:colcon.colcon_core.shell:Creating environment hook '/home/cav330/f1tenth_ws/install/vesc_driver/share/vesc_driver/hook/ld_library_path_lib.sh'
[11.201s] Level 1:colcon.colcon_core.environment:checking '/home/cav330/f1tenth_ws/install/vesc_driver/bin'
[11.201s] Level 1:colcon.colcon_core.environment:checking '/home/cav330/f1tenth_ws/install/vesc_driver/lib/pkgconfig/vesc_driver.pc'
[11.202s] Level 1:colcon.colcon_core.environment:checking '/home/cav330/f1tenth_ws/install/vesc_driver/lib/python3.8/site-packages'
[11.203s] Level 1:colcon.colcon_core.environment:checking '/home/cav330/f1tenth_ws/install/vesc_driver/bin'
[11.205s] INFO:colcon.colcon_core.shell:Creating package script '/home/cav330/f1tenth_ws/install/vesc_driver/share/vesc_driver/package.ps1'
[11.208s] INFO:colcon.colcon_core.shell:Creating package descriptor '/home/cav330/f1tenth_ws/install/vesc_driver/share/vesc_driver/package.dsv'
[11.211s] INFO:colcon.colcon_core.shell:Creating package script '/home/cav330/f1tenth_ws/install/vesc_driver/share/vesc_driver/package.sh'
[11.215s] INFO:colcon.colcon_core.shell:Creating package script '/home/cav330/f1tenth_ws/install/vesc_driver/share/vesc_driver/package.bash'
[11.218s] INFO:colcon.colcon_core.shell:Creating package script '/home/cav330/f1tenth_ws/install/vesc_driver/share/vesc_driver/package.zsh'
[11.220s] Level 1:colcon.colcon_core.environment:create_file_with_runtime_dependencies(/home/cav330/f1tenth_ws/install/vesc_driver/share/colcon-core/packages/vesc_driver)
[11.225s] INFO:colcon.colcon_ros.task.ament_cmake.build:Building ROS package in '/home/cav330/f1tenth_ws/src/f1tenth_system/vesc/vesc' with build type 'ament_cmake'
[11.226s] INFO:colcon.colcon_cmake.task.cmake.build:Building CMake package in '/home/cav330/f1tenth_ws/src/f1tenth_system/vesc/vesc'
[11.233s] INFO:colcon.colcon_core.shell:Skip shell extension 'powershell' for command environment: Not usable outside of PowerShell
[11.235s] DEBUG:colcon.colcon_core.shell:Skip shell extension 'dsv' for command environment
[11.393s] DEBUG:colcon.colcon_core.event_handler.log_command:Invoking command in '/home/cav330/f1tenth_ws/build/vesc': CMAKE_PREFIX_PATH=/home/cav330/f1tenth_ws/install/vesc_driver:/home/cav330/f1tenth_ws/install/vesc_ackermann:/home/cav330/f1tenth_ws/install/vesc_msgs:/home/cav330/f1tenth_ws/install/wall_follow:/home/cav330/f1tenth_ws/install/vesc:/home/cav330/f1tenth_ws/install/teleop_tools:/home/cav330/f1tenth_ws/install/teleop_tools_msgs:/home/cav330/f1tenth_ws/install/safety_node:/home/cav330/f1tenth_ws/install/ackermann_mux:/home/cav330/f1tenth_ws/install/f1tenth_stack:/home/cav330/f1tenth_ws/install/joy_teleop:/home/cav330/f1tenth_ws/install/mouse_teleop:/home/cav330/f1tenth_ws/install/key_teleop:/home/cav330/f1tenth_ws/install/f1tenth_gym_ros:/opt/ros/foxy LD_LIBRARY_PATH=/home/cav330/f1tenth_ws/install/vesc_driver/lib:/home/cav330/f1tenth_ws/install/vesc_ackermann/lib:/home/cav330/f1tenth_ws/install/vesc_msgs/lib:/home/cav330/f1tenth_ws/install/teleop_tools_msgs/lib:/opt/ros/foxy/opt/yaml_cpp_vendor/lib:/opt/ros/foxy/opt/rviz_ogre_vendor/lib:/opt/ros/foxy/lib/aarch64-linux-gnu:/opt/ros/foxy/lib:/usr/local/cuda-11.4/lib64 NX_CONNECTION=192.168.33.135 65380 192.168.33.130 4000 PYTHONPATH=/home/cav330/f1tenth_ws/install/vesc_msgs/lib/python3.8/site-packages:/home/cav330/f1tenth_ws/install/f1tenth_stack/lib/python3.8/site-packages:/home/cav330/f1tenth_ws/install/joy_teleop/lib/python3.8/site-packages:/home/cav330/f1tenth_ws/install/teleop_tools_msgs/lib/python3.8/site-packages:/home/cav330/f1tenth_ws/install/mouse_teleop/lib/python3.8/site-packages:/home/cav330/f1tenth_ws/install/key_teleop/lib/python3.8/site-packages:/home/cav330/f1tenth_ws/install/f1tenth_gym_ros/lib/python3.8/site-packages:/opt/ros/foxy/lib/python3.8/site-packages /usr/bin/cmake --build /home/cav330/f1tenth_ws/build/vesc -- -j4 -l4
[11.627s] DEBUG:colcon.colcon_core.event_handler.log_command:Invoked command in '/home/cav330/f1tenth_ws/build/vesc' returned '0': CMAKE_PREFIX_PATH=/home/cav330/f1tenth_ws/install/vesc_driver:/home/cav330/f1tenth_ws/install/vesc_ackermann:/home/cav330/f1tenth_ws/install/vesc_msgs:/home/cav330/f1tenth_ws/install/wall_follow:/home/cav330/f1tenth_ws/install/vesc:/home/cav330/f1tenth_ws/install/teleop_tools:/home/cav330/f1tenth_ws/install/teleop_tools_msgs:/home/cav330/f1tenth_ws/install/safety_node:/home/cav330/f1tenth_ws/install/ackermann_mux:/home/cav330/f1tenth_ws/install/f1tenth_stack:/home/cav330/f1tenth_ws/install/joy_teleop:/home/cav330/f1tenth_ws/install/mouse_teleop:/home/cav330/f1tenth_ws/install/key_teleop:/home/cav330/f1tenth_ws/install/f1tenth_gym_ros:/opt/ros/foxy LD_LIBRARY_PATH=/home/cav330/f1tenth_ws/install/vesc_driver/lib:/home/cav330/f1tenth_ws/install/vesc_ackermann/lib:/home/cav330/f1tenth_ws/install/vesc_msgs/lib:/home/cav330/f1tenth_ws/install/teleop_tools_msgs/lib:/opt/ros/foxy/opt/yaml_cpp_vendor/lib:/opt/ros/foxy/opt/rviz_ogre_vendor/lib:/opt/ros/foxy/lib/aarch64-linux-gnu:/opt/ros/foxy/lib:/usr/local/cuda-11.4/lib64 NX_CONNECTION=192.168.33.135 65380 192.168.33.130 4000 PYTHONPATH=/home/cav330/f1tenth_ws/install/vesc_msgs/lib/python3.8/site-packages:/home/cav330/f1tenth_ws/install/f1tenth_stack/lib/python3.8/site-packages:/home/cav330/f1tenth_ws/install/joy_teleop/lib/python3.8/site-packages:/home/cav330/f1tenth_ws/install/teleop_tools_msgs/lib/python3.8/site-packages:/home/cav330/f1tenth_ws/install/mouse_teleop/lib/python3.8/site-packages:/home/cav330/f1tenth_ws/install/key_teleop/lib/python3.8/site-packages:/home/cav330/f1tenth_ws/install/f1tenth_gym_ros/lib/python3.8/site-packages:/opt/ros/foxy/lib/python3.8/site-packages /usr/bin/cmake --build /home/cav330/f1tenth_ws/build/vesc -- -j4 -l4
[11.649s] DEBUG:colcon.colcon_core.event_handler.log_command:Invoking command in '/home/cav330/f1tenth_ws/build/vesc': CMAKE_PREFIX_PATH=/home/cav330/f1tenth_ws/install/vesc_driver:/home/cav330/f1tenth_ws/install/vesc_ackermann:/home/cav330/f1tenth_ws/install/vesc_msgs:/home/cav330/f1tenth_ws/install/wall_follow:/home/cav330/f1tenth_ws/install/vesc:/home/cav330/f1tenth_ws/install/teleop_tools:/home/cav330/f1tenth_ws/install/teleop_tools_msgs:/home/cav330/f1tenth_ws/install/safety_node:/home/cav330/f1tenth_ws/install/ackermann_mux:/home/cav330/f1tenth_ws/install/f1tenth_stack:/home/cav330/f1tenth_ws/install/joy_teleop:/home/cav330/f1tenth_ws/install/mouse_teleop:/home/cav330/f1tenth_ws/install/key_teleop:/home/cav330/f1tenth_ws/install/f1tenth_gym_ros:/opt/ros/foxy LD_LIBRARY_PATH=/home/cav330/f1tenth_ws/install/vesc_driver/lib:/home/cav330/f1tenth_ws/install/vesc_ackermann/lib:/home/cav330/f1tenth_ws/install/vesc_msgs/lib:/home/cav330/f1tenth_ws/install/teleop_tools_msgs/lib:/opt/ros/foxy/opt/yaml_cpp_vendor/lib:/opt/ros/foxy/opt/rviz_ogre_vendor/lib:/opt/ros/foxy/lib/aarch64-linux-gnu:/opt/ros/foxy/lib:/usr/local/cuda-11.4/lib64 NX_CONNECTION=192.168.33.135 65380 192.168.33.130 4000 PYTHONPATH=/home/cav330/f1tenth_ws/install/vesc_msgs/lib/python3.8/site-packages:/home/cav330/f1tenth_ws/install/f1tenth_stack/lib/python3.8/site-packages:/home/cav330/f1tenth_ws/install/joy_teleop/lib/python3.8/site-packages:/home/cav330/f1tenth_ws/install/teleop_tools_msgs/lib/python3.8/site-packages:/home/cav330/f1tenth_ws/install/mouse_teleop/lib/python3.8/site-packages:/home/cav330/f1tenth_ws/install/key_teleop/lib/python3.8/site-packages:/home/cav330/f1tenth_ws/install/f1tenth_gym_ros/lib/python3.8/site-packages:/opt/ros/foxy/lib/python3.8/site-packages /usr/bin/cmake --install /home/cav330/f1tenth_ws/build/vesc
[11.666s] DEBUG:colcon.colcon_core.event_handler.log_command:Invoked command in '/home/cav330/f1tenth_ws/build/safety_node' returned '0': CMAKE_PREFIX_PATH=${CMAKE_PREFIX_PATH}:/home/cav330/f1tenth_ws/install/f1tenth_stack:/home/cav330/f1tenth_ws/install/joy_teleop:/home/cav330/f1tenth_ws/install/mouse_teleop:/home/cav330/f1tenth_ws/install/key_teleop:/home/cav330/f1tenth_ws/install/f1tenth_gym_ros:/opt/ros/foxy NX_CONNECTION=192.168.33.135 65380 192.168.33.130 4000 /usr/bin/cmake --build /home/cav330/f1tenth_ws/build/safety_node -- -j4 -l4
[11.684s] DEBUG:colcon.colcon_core.event_handler.log_command:Invoking command in '/home/cav330/f1tenth_ws/build/safety_node': CMAKE_PREFIX_PATH=${CMAKE_PREFIX_PATH}:/home/cav330/f1tenth_ws/install/f1tenth_stack:/home/cav330/f1tenth_ws/install/joy_teleop:/home/cav330/f1tenth_ws/install/mouse_teleop:/home/cav330/f1tenth_ws/install/key_teleop:/home/cav330/f1tenth_ws/install/f1tenth_gym_ros:/opt/ros/foxy NX_CONNECTION=192.168.33.135 65380 192.168.33.130 4000 /usr/bin/cmake --install /home/cav330/f1tenth_ws/build/safety_node
[11.740s] Level 1:colcon.colcon_core.environment:create_environment_scripts_only(vesc)
[11.743s] Level 1:colcon.colcon_core.environment:checking '/home/cav330/f1tenth_ws/install/vesc' for CMake module files
[11.746s] DEBUG:colcon.colcon_core.event_handler.log_command:Invoked command in '/home/cav330/f1tenth_ws/build/vesc' returned '0': CMAKE_PREFIX_PATH=/home/cav330/f1tenth_ws/install/vesc_driver:/home/cav330/f1tenth_ws/install/vesc_ackermann:/home/cav330/f1tenth_ws/install/vesc_msgs:/home/cav330/f1tenth_ws/install/wall_follow:/home/cav330/f1tenth_ws/install/vesc:/home/cav330/f1tenth_ws/install/teleop_tools:/home/cav330/f1tenth_ws/install/teleop_tools_msgs:/home/cav330/f1tenth_ws/install/safety_node:/home/cav330/f1tenth_ws/install/ackermann_mux:/home/cav330/f1tenth_ws/install/f1tenth_stack:/home/cav330/f1tenth_ws/install/joy_teleop:/home/cav330/f1tenth_ws/install/mouse_teleop:/home/cav330/f1tenth_ws/install/key_teleop:/home/cav330/f1tenth_ws/install/f1tenth_gym_ros:/opt/ros/foxy LD_LIBRARY_PATH=/home/cav330/f1tenth_ws/install/vesc_driver/lib:/home/cav330/f1tenth_ws/install/vesc_ackermann/lib:/home/cav330/f1tenth_ws/install/vesc_msgs/lib:/home/cav330/f1tenth_ws/install/teleop_tools_msgs/lib:/opt/ros/foxy/opt/yaml_cpp_vendor/lib:/opt/ros/foxy/opt/rviz_ogre_vendor/lib:/opt/ros/foxy/lib/aarch64-linux-gnu:/opt/ros/foxy/lib:/usr/local/cuda-11.4/lib64 NX_CONNECTION=192.168.33.135 65380 192.168.33.130 4000 PYTHONPATH=/home/cav330/f1tenth_ws/install/vesc_msgs/lib/python3.8/site-packages:/home/cav330/f1tenth_ws/install/f1tenth_stack/lib/python3.8/site-packages:/home/cav330/f1tenth_ws/install/joy_teleop/lib/python3.8/site-packages:/home/cav330/f1tenth_ws/install/teleop_tools_msgs/lib/python3.8/site-packages:/home/cav330/f1tenth_ws/install/mouse_teleop/lib/python3.8/site-packages:/home/cav330/f1tenth_ws/install/key_teleop/lib/python3.8/site-packages:/home/cav330/f1tenth_ws/install/f1tenth_gym_ros/lib/python3.8/site-packages:/opt/ros/foxy/lib/python3.8/site-packages /usr/bin/cmake --install /home/cav330/f1tenth_ws/build/vesc
[11.749s] Level 1:colcon.colcon_core.environment:checking '/home/cav330/f1tenth_ws/install/vesc' for CMake config files
[11.762s] Level 1:colcon.colcon_core.shell:create_environment_hook('vesc', 'cmake_prefix_path')
[11.764s] INFO:colcon.colcon_core.shell:Creating environment hook '/home/cav330/f1tenth_ws/install/vesc/share/vesc/hook/cmake_prefix_path.ps1'
[11.768s] INFO:colcon.colcon_core.shell:Creating environment descriptor '/home/cav330/f1tenth_ws/install/vesc/share/vesc/hook/cmake_prefix_path.dsv'
[11.770s] INFO:colcon.colcon_core.shell:Creating environment hook '/home/cav330/f1tenth_ws/install/vesc/share/vesc/hook/cmake_prefix_path.sh'
[11.775s] Level 1:colcon.colcon_core.environment:checking '/home/cav330/f1tenth_ws/install/vesc/bin'
[11.775s] Level 1:colcon.colcon_core.environment:checking '/home/cav330/f1tenth_ws/install/vesc/lib/pkgconfig/vesc.pc'
[11.777s] Level 1:colcon.colcon_core.environment:checking '/home/cav330/f1tenth_ws/install/vesc/lib/python3.8/site-packages'
[11.777s] Level 1:colcon.colcon_core.environment:checking '/home/cav330/f1tenth_ws/install/vesc/bin'
[11.779s] INFO:colcon.colcon_core.shell:Creating package script '/home/cav330/f1tenth_ws/install/vesc/share/vesc/package.ps1'
[11.791s] INFO:colcon.colcon_core.shell:Creating package descriptor '/home/cav330/f1tenth_ws/install/vesc/share/vesc/package.dsv'
[11.798s] INFO:colcon.colcon_core.shell:Creating package script '/home/cav330/f1tenth_ws/install/vesc/share/vesc/package.sh'
[11.801s] INFO:colcon.colcon_core.shell:Creating package script '/home/cav330/f1tenth_ws/install/vesc/share/vesc/package.bash'
[11.803s] INFO:colcon.colcon_core.shell:Creating package script '/home/cav330/f1tenth_ws/install/vesc/share/vesc/package.zsh'
[11.805s] Level 1:colcon.colcon_core.environment:create_file_with_runtime_dependencies(/home/cav330/f1tenth_ws/install/vesc/share/colcon-core/packages/vesc)
[11.809s] Level 1:colcon.colcon_core.environment:create_environment_scripts_only(vesc)
[11.810s] Level 1:colcon.colcon_core.environment:checking '/home/cav330/f1tenth_ws/install/vesc' for CMake module files
[11.813s] Level 1:colcon.colcon_core.environment:checking '/home/cav330/f1tenth_ws/install/vesc' for CMake config files
[11.815s] Level 1:colcon.colcon_core.shell:create_environment_hook('vesc', 'cmake_prefix_path')
[11.816s] INFO:colcon.colcon_core.shell:Creating environment hook '/home/cav330/f1tenth_ws/install/vesc/share/vesc/hook/cmake_prefix_path.ps1'
[11.819s] INFO:colcon.colcon_core.shell:Creating environment descriptor '/home/cav330/f1tenth_ws/install/vesc/share/vesc/hook/cmake_prefix_path.dsv'
[11.821s] INFO:colcon.colcon_core.shell:Creating environment hook '/home/cav330/f1tenth_ws/install/vesc/share/vesc/hook/cmake_prefix_path.sh'
[11.825s] Level 1:colcon.colcon_core.environment:checking '/home/cav330/f1tenth_ws/install/vesc/bin'
[11.825s] Level 1:colcon.colcon_core.environment:checking '/home/cav330/f1tenth_ws/install/vesc/lib/pkgconfig/vesc.pc'
[11.826s] Level 1:colcon.colcon_core.environment:checking '/home/cav330/f1tenth_ws/install/vesc/lib/python3.8/site-packages'
[11.827s] Level 1:colcon.colcon_core.environment:checking '/home/cav330/f1tenth_ws/install/vesc/bin'
[11.829s] INFO:colcon.colcon_core.shell:Creating package script '/home/cav330/f1tenth_ws/install/vesc/share/vesc/package.ps1'
[11.831s] INFO:colcon.colcon_core.shell:Creating package descriptor '/home/cav330/f1tenth_ws/install/vesc/share/vesc/package.dsv'
[11.834s] INFO:colcon.colcon_core.shell:Creating package script '/home/cav330/f1tenth_ws/install/vesc/share/vesc/package.sh'
[11.836s] INFO:colcon.colcon_core.shell:Creating package script '/home/cav330/f1tenth_ws/install/vesc/share/vesc/package.bash'
[11.839s] INFO:colcon.colcon_core.shell:Creating package script '/home/cav330/f1tenth_ws/install/vesc/share/vesc/package.zsh'
[11.843s] Level 1:colcon.colcon_core.environment:create_file_with_runtime_dependencies(/home/cav330/f1tenth_ws/install/vesc/share/colcon-core/packages/vesc)
[11.851s] INFO:colcon.colcon_ros.task.ament_cmake.build:Building ROS package in '/home/cav330/f1tenth_ws/src/wall_follow' with build type 'ament_cmake'
[11.852s] INFO:colcon.colcon_cmake.task.cmake.build:Building CMake package in '/home/cav330/f1tenth_ws/src/wall_follow'
[11.853s] INFO:colcon.colcon_core.shell:Skip shell extension 'powershell' for command environment: Not usable outside of PowerShell
[11.853s] DEBUG:colcon.colcon_core.shell:Skip shell extension 'dsv' for command environment
[11.942s] Level 1:colcon.colcon_core.environment:create_environment_scripts_only(safety_node)
[11.946s] DEBUG:colcon.colcon_core.event_handler.log_command:Invoked command in '/home/cav330/f1tenth_ws/build/safety_node' returned '0': CMAKE_PREFIX_PATH=${CMAKE_PREFIX_PATH}:/home/cav330/f1tenth_ws/install/f1tenth_stack:/home/cav330/f1tenth_ws/install/joy_teleop:/home/cav330/f1tenth_ws/install/mouse_teleop:/home/cav330/f1tenth_ws/install/key_teleop:/home/cav330/f1tenth_ws/install/f1tenth_gym_ros:/opt/ros/foxy NX_CONNECTION=192.168.33.135 65380 192.168.33.130 4000 /usr/bin/cmake --install /home/cav330/f1tenth_ws/build/safety_node
[11.950s] Level 1:colcon.colcon_core.environment:checking '/home/cav330/f1tenth_ws/install/safety_node' for CMake module files
[11.955s] Level 1:colcon.colcon_core.environment:checking '/home/cav330/f1tenth_ws/install/safety_node' for CMake config files
[11.961s] Level 1:colcon.colcon_core.shell:create_environment_hook('safety_node', 'cmake_prefix_path')
[11.963s] INFO:colcon.colcon_core.shell:Creating environment hook '/home/cav330/f1tenth_ws/install/safety_node/share/safety_node/hook/cmake_prefix_path.ps1'
[11.967s] INFO:colcon.colcon_core.shell:Creating environment descriptor '/home/cav330/f1tenth_ws/install/safety_node/share/safety_node/hook/cmake_prefix_path.dsv'
[11.969s] INFO:colcon.colcon_core.shell:Creating environment hook '/home/cav330/f1tenth_ws/install/safety_node/share/safety_node/hook/cmake_prefix_path.sh'
[11.973s] Level 1:colcon.colcon_core.environment:checking '/home/cav330/f1tenth_ws/install/safety_node/lib'
[11.974s] Level 1:colcon.colcon_core.environment:checking '/home/cav330/f1tenth_ws/install/safety_node/bin'
[11.974s] Level 1:colcon.colcon_core.environment:checking '/home/cav330/f1tenth_ws/install/safety_node/lib/pkgconfig/safety_node.pc'
[11.976s] Level 1:colcon.colcon_core.environment:checking '/home/cav330/f1tenth_ws/install/safety_node/lib/python3.8/site-packages'
[11.977s] Level 1:colcon.colcon_core.environment:checking '/home/cav330/f1tenth_ws/install/safety_node/bin'
[11.978s] INFO:colcon.colcon_core.shell:Creating package script '/home/cav330/f1tenth_ws/install/safety_node/share/safety_node/package.ps1'
[11.981s] INFO:colcon.colcon_core.shell:Creating package descriptor '/home/cav330/f1tenth_ws/install/safety_node/share/safety_node/package.dsv'
[11.983s] INFO:colcon.colcon_core.shell:Creating package script '/home/cav330/f1tenth_ws/install/safety_node/share/safety_node/package.sh'
[11.985s] INFO:colcon.colcon_core.shell:Creating package script '/home/cav330/f1tenth_ws/install/safety_node/share/safety_node/package.bash'
[11.988s] INFO:colcon.colcon_core.shell:Creating package script '/home/cav330/f1tenth_ws/install/safety_node/share/safety_node/package.zsh'
[11.991s] Level 1:colcon.colcon_core.environment:create_file_with_runtime_dependencies(/home/cav330/f1tenth_ws/install/safety_node/share/colcon-core/packages/safety_node)
[11.997s] Level 1:colcon.colcon_core.environment:create_environment_scripts_only(safety_node)
[11.998s] Level 1:colcon.colcon_core.environment:checking '/home/cav330/f1tenth_ws/install/safety_node' for CMake module files
[12.000s] Level 1:colcon.colcon_core.environment:checking '/home/cav330/f1tenth_ws/install/safety_node' for CMake config files
[12.002s] Level 1:colcon.colcon_core.shell:create_environment_hook('safety_node', 'cmake_prefix_path')
[12.003s] INFO:colcon.colcon_core.shell:Creating environment hook '/home/cav330/f1tenth_ws/install/safety_node/share/safety_node/hook/cmake_prefix_path.ps1'
[12.005s] INFO:colcon.colcon_core.shell:Creating environment descriptor '/home/cav330/f1tenth_ws/install/safety_node/share/safety_node/hook/cmake_prefix_path.dsv'
[12.007s] INFO:colcon.colcon_core.shell:Creating environment hook '/home/cav330/f1tenth_ws/install/safety_node/share/safety_node/hook/cmake_prefix_path.sh'
[12.010s] Level 1:colcon.colcon_core.environment:checking '/home/cav330/f1tenth_ws/install/safety_node/lib'
[12.010s] Level 1:colcon.colcon_core.environment:checking '/home/cav330/f1tenth_ws/install/safety_node/bin'
[12.010s] Level 1:colcon.colcon_core.environment:checking '/home/cav330/f1tenth_ws/install/safety_node/lib/pkgconfig/safety_node.pc'
[12.011s] Level 1:colcon.colcon_core.environment:checking '/home/cav330/f1tenth_ws/install/safety_node/lib/python3.8/site-packages'
[12.012s] Level 1:colcon.colcon_core.environment:checking '/home/cav330/f1tenth_ws/install/safety_node/bin'
[12.014s] INFO:colcon.colcon_core.shell:Creating package script '/home/cav330/f1tenth_ws/install/safety_node/share/safety_node/package.ps1'
[12.017s] INFO:colcon.colcon_core.shell:Creating package descriptor '/home/cav330/f1tenth_ws/install/safety_node/share/safety_node/package.dsv'
[12.019s] INFO:colcon.colcon_core.shell:Creating package script '/home/cav330/f1tenth_ws/install/safety_node/share/safety_node/package.sh'
[12.021s] INFO:colcon.colcon_core.shell:Creating package script '/home/cav330/f1tenth_ws/install/safety_node/share/safety_node/package.bash'
[12.026s] INFO:colcon.colcon_core.shell:Creating package script '/home/cav330/f1tenth_ws/install/safety_node/share/safety_node/package.zsh'
[12.028s] Level 1:colcon.colcon_core.environment:create_file_with_runtime_dependencies(/home/cav330/f1tenth_ws/install/safety_node/share/colcon-core/packages/safety_node)
[12.058s] DEBUG:colcon.colcon_core.event_handler.log_command:Invoking command in '/home/cav330/f1tenth_ws/build/wall_follow': CMAKE_PREFIX_PATH=${CMAKE_PREFIX_PATH}:/home/cav330/f1tenth_ws/install/f1tenth_stack:/home/cav330/f1tenth_ws/install/joy_teleop:/home/cav330/f1tenth_ws/install/mouse_teleop:/home/cav330/f1tenth_ws/install/key_teleop:/home/cav330/f1tenth_ws/install/f1tenth_gym_ros:/opt/ros/foxy NX_CONNECTION=192.168.33.135 65380 192.168.33.130 4000 /usr/bin/cmake --build /home/cav330/f1tenth_ws/build/wall_follow -- -j4 -l4
[12.532s] DEBUG:colcon.colcon_core.event_handler.log_command:Invoked command in '/home/cav330/f1tenth_ws/build/wall_follow' returned '0': CMAKE_PREFIX_PATH=${CMAKE_PREFIX_PATH}:/home/cav330/f1tenth_ws/install/f1tenth_stack:/home/cav330/f1tenth_ws/install/joy_teleop:/home/cav330/f1tenth_ws/install/mouse_teleop:/home/cav330/f1tenth_ws/install/key_teleop:/home/cav330/f1tenth_ws/install/f1tenth_gym_ros:/opt/ros/foxy NX_CONNECTION=192.168.33.135 65380 192.168.33.130 4000 /usr/bin/cmake --build /home/cav330/f1tenth_ws/build/wall_follow -- -j4 -l4
[12.556s] DEBUG:colcon.colcon_core.event_handler.log_command:Invoking command in '/home/cav330/f1tenth_ws/build/wall_follow': CMAKE_PREFIX_PATH=${CMAKE_PREFIX_PATH}:/home/cav330/f1tenth_ws/install/f1tenth_stack:/home/cav330/f1tenth_ws/install/joy_teleop:/home/cav330/f1tenth_ws/install/mouse_teleop:/home/cav330/f1tenth_ws/install/key_teleop:/home/cav330/f1tenth_ws/install/f1tenth_gym_ros:/opt/ros/foxy NX_CONNECTION=192.168.33.135 65380 192.168.33.130 4000 /usr/bin/cmake --install /home/cav330/f1tenth_ws/build/wall_follow
[12.644s] Level 1:colcon.colcon_core.environment:create_environment_scripts_only(wall_follow)
[12.650s] Level 1:colcon.colcon_core.environment:checking '/home/cav330/f1tenth_ws/install/wall_follow' for CMake module files
[12.654s] Level 1:colcon.colcon_core.environment:checking '/home/cav330/f1tenth_ws/install/wall_follow' for CMake config files
[12.659s] DEBUG:colcon.colcon_core.event_handler.log_command:Invoked command in '/home/cav330/f1tenth_ws/build/wall_follow' returned '0': CMAKE_PREFIX_PATH=${CMAKE_PREFIX_PATH}:/home/cav330/f1tenth_ws/install/f1tenth_stack:/home/cav330/f1tenth_ws/install/joy_teleop:/home/cav330/f1tenth_ws/install/mouse_teleop:/home/cav330/f1tenth_ws/install/key_teleop:/home/cav330/f1tenth_ws/install/f1tenth_gym_ros:/opt/ros/foxy NX_CONNECTION=192.168.33.135 65380 192.168.33.130 4000 /usr/bin/cmake --install /home/cav330/f1tenth_ws/build/wall_follow
[12.663s] Level 1:colcon.colcon_core.shell:create_environment_hook('wall_follow', 'cmake_prefix_path')
[12.665s] INFO:colcon.colcon_core.shell:Creating environment hook '/home/cav330/f1tenth_ws/install/wall_follow/share/wall_follow/hook/cmake_prefix_path.ps1'
[12.669s] INFO:colcon.colcon_core.shell:Creating environment descriptor '/home/cav330/f1tenth_ws/install/wall_follow/share/wall_follow/hook/cmake_prefix_path.dsv'
[12.671s] INFO:colcon.colcon_core.shell:Creating environment hook '/home/cav330/f1tenth_ws/install/wall_follow/share/wall_follow/hook/cmake_prefix_path.sh'
[12.675s] Level 1:colcon.colcon_core.environment:checking '/home/cav330/f1tenth_ws/install/wall_follow/lib'
[12.676s] Level 1:colcon.colcon_core.environment:checking '/home/cav330/f1tenth_ws/install/wall_follow/bin'
[12.676s] Level 1:colcon.colcon_core.environment:checking '/home/cav330/f1tenth_ws/install/wall_follow/lib/pkgconfig/wall_follow.pc'
[12.677s] Level 1:colcon.colcon_core.environment:checking '/home/cav330/f1tenth_ws/install/wall_follow/lib/python3.8/site-packages'
[12.679s] Level 1:colcon.colcon_core.environment:checking '/home/cav330/f1tenth_ws/install/wall_follow/bin'
[12.680s] INFO:colcon.colcon_core.shell:Creating package script '/home/cav330/f1tenth_ws/install/wall_follow/share/wall_follow/package.ps1'
[12.682s] INFO:colcon.colcon_core.shell:Creating package descriptor '/home/cav330/f1tenth_ws/install/wall_follow/share/wall_follow/package.dsv'
[12.684s] INFO:colcon.colcon_core.shell:Creating package script '/home/cav330/f1tenth_ws/install/wall_follow/share/wall_follow/package.sh'
[12.686s] INFO:colcon.colcon_core.shell:Creating package script '/home/cav330/f1tenth_ws/install/wall_follow/share/wall_follow/package.bash'
[12.688s] INFO:colcon.colcon_core.shell:Creating package script '/home/cav330/f1tenth_ws/install/wall_follow/share/wall_follow/package.zsh'
[12.690s] Level 1:colcon.colcon_core.environment:create_file_with_runtime_dependencies(/home/cav330/f1tenth_ws/install/wall_follow/share/colcon-core/packages/wall_follow)
[12.693s] Level 1:colcon.colcon_core.environment:create_environment_scripts_only(wall_follow)
[12.693s] Level 1:colcon.colcon_core.environment:checking '/home/cav330/f1tenth_ws/install/wall_follow' for CMake module files
[12.696s] Level 1:colcon.colcon_core.environment:checking '/home/cav330/f1tenth_ws/install/wall_follow' for CMake config files
[12.697s] Level 1:colcon.colcon_core.shell:create_environment_hook('wall_follow', 'cmake_prefix_path')
[12.698s] INFO:colcon.colcon_core.shell:Creating environment hook '/home/cav330/f1tenth_ws/install/wall_follow/share/wall_follow/hook/cmake_prefix_path.ps1'
[12.700s] INFO:colcon.colcon_core.shell:Creating environment descriptor '/home/cav330/f1tenth_ws/install/wall_follow/share/wall_follow/hook/cmake_prefix_path.dsv'
[12.702s] INFO:colcon.colcon_core.shell:Creating environment hook '/home/cav330/f1tenth_ws/install/wall_follow/share/wall_follow/hook/cmake_prefix_path.sh'
[12.705s] Level 1:colcon.colcon_core.environment:checking '/home/cav330/f1tenth_ws/install/wall_follow/lib'
[12.705s] Level 1:colcon.colcon_core.environment:checking '/home/cav330/f1tenth_ws/install/wall_follow/bin'
[12.706s] Level 1:colcon.colcon_core.environment:checking '/home/cav330/f1tenth_ws/install/wall_follow/lib/pkgconfig/wall_follow.pc'
[12.706s] Level 1:colcon.colcon_core.environment:checking '/home/cav330/f1tenth_ws/install/wall_follow/lib/python3.8/site-packages'
[12.707s] Level 1:colcon.colcon_core.environment:checking '/home/cav330/f1tenth_ws/install/wall_follow/bin'
[12.709s] INFO:colcon.colcon_core.shell:Creating package script '/home/cav330/f1tenth_ws/install/wall_follow/share/wall_follow/package.ps1'
[12.711s] INFO:colcon.colcon_core.shell:Creating package descriptor '/home/cav330/f1tenth_ws/install/wall_follow/share/wall_follow/package.dsv'
[12.713s] INFO:colcon.colcon_core.shell:Creating package script '/home/cav330/f1tenth_ws/install/wall_follow/share/wall_follow/package.sh'
[12.715s] INFO:colcon.colcon_core.shell:Creating package script '/home/cav330/f1tenth_ws/install/wall_follow/share/wall_follow/package.bash'
[12.718s] INFO:colcon.colcon_core.shell:Creating package script '/home/cav330/f1tenth_ws/install/wall_follow/share/wall_follow/package.zsh'
[12.720s] Level 1:colcon.colcon_core.environment:create_file_with_runtime_dependencies(/home/cav330/f1tenth_ws/install/wall_follow/share/colcon-core/packages/wall_follow)
[12.726s] Level 1:colcon.colcon_core.environment:checking '/home/cav330/f1tenth_ws/install/joy_teleop' for CMake module files
[12.729s] DEBUG:colcon.colcon_core.event_handler.log_command:Invoked command in '/home/cav330/f1tenth_ws/src/f1tenth_system/teleop_tools/joy_teleop' returned '0': CMAKE_PREFIX_PATH=/home/cav330/f1tenth_ws/install/teleop_tools_msgs:/home/cav330/f1tenth_ws/install/wall_follow:/home/cav330/f1tenth_ws/install/vesc:/home/cav330/f1tenth_ws/install/vesc_driver:/home/cav330/f1tenth_ws/install/vesc_ackermann:/home/cav330/f1tenth_ws/install/vesc_msgs:/home/cav330/f1tenth_ws/install/teleop_tools:/home/cav330/f1tenth_ws/install/safety_node:/home/cav330/f1tenth_ws/install/ackermann_mux LD_LIBRARY_PATH=/home/cav330/f1tenth_ws/install/teleop_tools_msgs/lib:/home/cav330/f1tenth_ws/install/vesc_driver/lib:/home/cav330/f1tenth_ws/install/vesc_ackermann/lib:/home/cav330/f1tenth_ws/install/vesc_msgs/lib:/opt/ros/foxy/opt/yaml_cpp_vendor/lib:/opt/ros/foxy/opt/rviz_ogre_vendor/lib:/opt/ros/foxy/lib/aarch64-linux-gnu:/opt/ros/foxy/lib:/usr/local/cuda-11.4/lib64 NX_CONNECTION=192.168.33.135 65380 192.168.33.130 4000 PYTHONPATH=/home/cav330/f1tenth_ws/build/joy_teleop/prefix_override:/usr/lib/python3/dist-packages/colcon_core/task/python/colcon_distutils_commands:/home/cav330/f1tenth_ws/install/joy_teleop/lib/python3.8/site-packages:/home/cav330/f1tenth_ws/install/teleop_tools_msgs/lib/python3.8/site-packages:/home/cav330/f1tenth_ws/install/f1tenth_stack/lib/python3.8/site-packages:/home/cav330/f1tenth_ws/install/vesc_msgs/lib/python3.8/site-packages:/home/cav330/f1tenth_ws/install/joy_teleop/lib/python3.8/site-packages:/home/cav330/f1tenth_ws/install/mouse_teleop/lib/python3.8/site-packages:/home/cav330/f1tenth_ws/install/key_teleop/lib/python3.8/site-packages:/home/cav330/f1tenth_ws/install/f1tenth_gym_ros/lib/python3.8/site-packages:/opt/ros/foxy/lib/python3.8/site-packages /usr/bin/python3 -W ignore:setup.py install is deprecated -W ignore:easy_install command is deprecated setup.py egg_info --egg-base ../../../../build/joy_teleop build --build-base /home/cav330/f1tenth_ws/build/joy_teleop/build install --record /home/cav330/f1tenth_ws/build/joy_teleop/install.log --install-scripts $base/lib/joy_teleop --single-version-externally-managed install_data
[12.731s] Level 1:colcon.colcon_core.environment:checking '/home/cav330/f1tenth_ws/install/joy_teleop' for CMake config files
[12.735s] Level 1:colcon.colcon_core.environment:checking '/home/cav330/f1tenth_ws/install/joy_teleop/lib'
[12.736s] Level 1:colcon.colcon_core.environment:checking '/home/cav330/f1tenth_ws/install/joy_teleop/bin'
[12.737s] Level 1:colcon.colcon_core.environment:checking '/home/cav330/f1tenth_ws/install/joy_teleop/lib/pkgconfig/joy_teleop.pc'
[12.739s] Level 1:colcon.colcon_core.environment:checking '/home/cav330/f1tenth_ws/install/joy_teleop/lib/python3.8/site-packages'
[12.739s] Level 1:colcon.colcon_core.shell:create_environment_hook('joy_teleop', 'pythonpath')
[12.740s] INFO:colcon.colcon_core.shell:Creating environment hook '/home/cav330/f1tenth_ws/install/joy_teleop/share/joy_teleop/hook/pythonpath.ps1'
[12.742s] INFO:colcon.colcon_core.shell:Creating environment descriptor '/home/cav330/f1tenth_ws/install/joy_teleop/share/joy_teleop/hook/pythonpath.dsv'
[12.744s] INFO:colcon.colcon_core.shell:Creating environment hook '/home/cav330/f1tenth_ws/install/joy_teleop/share/joy_teleop/hook/pythonpath.sh'
[12.747s] Level 1:colcon.colcon_core.environment:checking '/home/cav330/f1tenth_ws/install/joy_teleop/bin'
[12.748s] Level 1:colcon.colcon_core.environment:create_environment_scripts_only(joy_teleop)
[12.749s] INFO:colcon.colcon_core.shell:Creating package script '/home/cav330/f1tenth_ws/install/joy_teleop/share/joy_teleop/package.ps1'
[12.753s] INFO:colcon.colcon_core.shell:Creating package descriptor '/home/cav330/f1tenth_ws/install/joy_teleop/share/joy_teleop/package.dsv'
[12.756s] INFO:colcon.colcon_core.shell:Creating package script '/home/cav330/f1tenth_ws/install/joy_teleop/share/joy_teleop/package.sh'
[12.758s] INFO:colcon.colcon_core.shell:Creating package script '/home/cav330/f1tenth_ws/install/joy_teleop/share/joy_teleop/package.bash'
[12.760s] INFO:colcon.colcon_core.shell:Creating package script '/home/cav330/f1tenth_ws/install/joy_teleop/share/joy_teleop/package.zsh'
[12.762s] Level 1:colcon.colcon_core.environment:create_file_with_runtime_dependencies(/home/cav330/f1tenth_ws/install/joy_teleop/share/colcon-core/packages/joy_teleop)
[12.765s] INFO:colcon.colcon_ros.task.ament_cmake.build:Building ROS package in '/home/cav330/f1tenth_ws/src/f1tenth_system/teleop_tools/teleop_tools' with build type 'ament_cmake'
[12.767s] INFO:colcon.colcon_cmake.task.cmake.build:Building CMake package in '/home/cav330/f1tenth_ws/src/f1tenth_system/teleop_tools/teleop_tools'
[12.768s] INFO:colcon.colcon_core.shell:Skip shell extension 'powershell' for command environment: Not usable outside of PowerShell
[12.768s] DEBUG:colcon.colcon_core.shell:Skip shell extension 'dsv' for command environment
[12.807s] INFO:colcon.colcon_ros.task.ament_python.build:Building ROS package in '/home/cav330/f1tenth_ws/src/f1tenth_system/f1tenth_stack' with build type 'ament_python'
[12.811s] Level 1:colcon.colcon_core.shell:create_environment_hook('f1tenth_stack', 'ament_prefix_path')
[12.815s] INFO:colcon.colcon_core.shell:Creating environment hook '/home/cav330/f1tenth_ws/install/f1tenth_stack/share/f1tenth_stack/hook/ament_prefix_path.ps1'
[12.821s] INFO:colcon.colcon_core.shell:Creating environment descriptor '/home/cav330/f1tenth_ws/install/f1tenth_stack/share/f1tenth_stack/hook/ament_prefix_path.dsv'
[12.823s] INFO:colcon.colcon_core.shell:Creating environment hook '/home/cav330/f1tenth_ws/install/f1tenth_stack/share/f1tenth_stack/hook/ament_prefix_path.sh'
[12.830s] INFO:colcon.colcon_core.shell:Skip shell extension 'powershell' for command environment: Not usable outside of PowerShell
[12.831s] DEBUG:colcon.colcon_core.shell:Skip shell extension 'dsv' for command environment
[12.920s] DEBUG:colcon.colcon_core.event_handler.log_command:Invoking command in '/home/cav330/f1tenth_ws/build/teleop_tools': AMENT_PREFIX_PATH=/home/cav330/f1tenth_ws/install/joy_teleop:/home/cav330/f1tenth_ws/install/key_teleop:/home/cav330/f1tenth_ws/install/wall_follow:/home/cav330/f1tenth_ws/install/f1tenth_stack:/home/cav330/f1tenth_ws/install/vesc:/home/cav330/f1tenth_ws/install/vesc_driver:/home/cav330/f1tenth_ws/install/vesc_ackermann:/home/cav330/f1tenth_ws/install/vesc_msgs:/home/cav330/f1tenth_ws/install/teleop_tools:/home/cav330/f1tenth_ws/install/teleop_tools_msgs:/home/cav330/f1tenth_ws/install/safety_node:/home/cav330/f1tenth_ws/install/mouse_teleop:/home/cav330/f1tenth_ws/install/f1tenth_gym_ros:/home/cav330/f1tenth_ws/install/ackermann_mux:/opt/ros/foxy CMAKE_PREFIX_PATH=/home/cav330/f1tenth_ws/install/teleop_tools_msgs:/home/cav330/f1tenth_ws/install/wall_follow:/home/cav330/f1tenth_ws/install/vesc:/home/cav330/f1tenth_ws/install/vesc_driver:/home/cav330/f1tenth_ws/install/vesc_ackermann:/home/cav330/f1tenth_ws/install/vesc_msgs:/home/cav330/f1tenth_ws/install/teleop_tools:/home/cav330/f1tenth_ws/install/safety_node:/home/cav330/f1tenth_ws/install/ackermann_mux:/home/cav330/f1tenth_ws/install/f1tenth_stack:/home/cav330/f1tenth_ws/install/joy_teleop:/home/cav330/f1tenth_ws/install/mouse_teleop:/home/cav330/f1tenth_ws/install/key_teleop:/home/cav330/f1tenth_ws/install/f1tenth_gym_ros:/opt/ros/foxy LD_LIBRARY_PATH=/home/cav330/f1tenth_ws/install/teleop_tools_msgs/lib:/home/cav330/f1tenth_ws/install/vesc_driver/lib:/home/cav330/f1tenth_ws/install/vesc_ackermann/lib:/home/cav330/f1tenth_ws/install/vesc_msgs/lib:/opt/ros/foxy/opt/yaml_cpp_vendor/lib:/opt/ros/foxy/opt/rviz_ogre_vendor/lib:/opt/ros/foxy/lib/aarch64-linux-gnu:/opt/ros/foxy/lib:/usr/local/cuda-11.4/lib64 NX_CONNECTION=192.168.33.135 65380 192.168.33.130 4000 PYTHONPATH=/home/cav330/f1tenth_ws/install/joy_teleop/lib/python3.8/site-packages:/home/cav330/f1tenth_ws/install/teleop_tools_msgs/lib/python3.8/site-packages:/home/cav330/f1tenth_ws/install/key_teleop/lib/python3.8/site-packages:/home/cav330/f1tenth_ws/install/f1tenth_stack/lib/python3.8/site-packages:/home/cav330/f1tenth_ws/install/vesc_msgs/lib/python3.8/site-packages:/home/cav330/f1tenth_ws/install/mouse_teleop/lib/python3.8/site-packages:/home/cav330/f1tenth_ws/install/f1tenth_gym_ros/lib/python3.8/site-packages:/opt/ros/foxy/lib/python3.8/site-packages /usr/bin/cmake --build /home/cav330/f1tenth_ws/build/teleop_tools -- -j4 -l4
[13.974s] INFO:colcon.colcon_core.task.python.build:Building Python package in '/home/cav330/f1tenth_ws/src/f1tenth_system/f1tenth_stack'
[13.980s] INFO:colcon.colcon_core.shell:Skip shell extension 'powershell' for command environment: Not usable outside of PowerShell
[13.980s] DEBUG:colcon.colcon_core.shell:Skip shell extension 'dsv' for command environment
[14.022s] DEBUG:colcon.colcon_core.event_handler.log_command:Invoked command in '/home/cav330/f1tenth_ws/build/teleop_tools' returned '0': AMENT_PREFIX_PATH=/home/cav330/f1tenth_ws/install/joy_teleop:/home/cav330/f1tenth_ws/install/key_teleop:/home/cav330/f1tenth_ws/install/wall_follow:/home/cav330/f1tenth_ws/install/f1tenth_stack:/home/cav330/f1tenth_ws/install/vesc:/home/cav330/f1tenth_ws/install/vesc_driver:/home/cav330/f1tenth_ws/install/vesc_ackermann:/home/cav330/f1tenth_ws/install/vesc_msgs:/home/cav330/f1tenth_ws/install/teleop_tools:/home/cav330/f1tenth_ws/install/teleop_tools_msgs:/home/cav330/f1tenth_ws/install/safety_node:/home/cav330/f1tenth_ws/install/mouse_teleop:/home/cav330/f1tenth_ws/install/f1tenth_gym_ros:/home/cav330/f1tenth_ws/install/ackermann_mux:/opt/ros/foxy CMAKE_PREFIX_PATH=/home/cav330/f1tenth_ws/install/teleop_tools_msgs:/home/cav330/f1tenth_ws/install/wall_follow:/home/cav330/f1tenth_ws/install/vesc:/home/cav330/f1tenth_ws/install/vesc_driver:/home/cav330/f1tenth_ws/install/vesc_ackermann:/home/cav330/f1tenth_ws/install/vesc_msgs:/home/cav330/f1tenth_ws/install/teleop_tools:/home/cav330/f1tenth_ws/install/safety_node:/home/cav330/f1tenth_ws/install/ackermann_mux:/home/cav330/f1tenth_ws/install/f1tenth_stack:/home/cav330/f1tenth_ws/install/joy_teleop:/home/cav330/f1tenth_ws/install/mouse_teleop:/home/cav330/f1tenth_ws/install/key_teleop:/home/cav330/f1tenth_ws/install/f1tenth_gym_ros:/opt/ros/foxy LD_LIBRARY_PATH=/home/cav330/f1tenth_ws/install/teleop_tools_msgs/lib:/home/cav330/f1tenth_ws/install/vesc_driver/lib:/home/cav330/f1tenth_ws/install/vesc_ackermann/lib:/home/cav330/f1tenth_ws/install/vesc_msgs/lib:/opt/ros/foxy/opt/yaml_cpp_vendor/lib:/opt/ros/foxy/opt/rviz_ogre_vendor/lib:/opt/ros/foxy/lib/aarch64-linux-gnu:/opt/ros/foxy/lib:/usr/local/cuda-11.4/lib64 NX_CONNECTION=192.168.33.135 65380 192.168.33.130 4000 PYTHONPATH=/home/cav330/f1tenth_ws/install/joy_teleop/lib/python3.8/site-packages:/home/cav330/f1tenth_ws/install/teleop_tools_msgs/lib/python3.8/site-packages:/home/cav330/f1tenth_ws/install/key_teleop/lib/python3.8/site-packages:/home/cav330/f1tenth_ws/install/f1tenth_stack/lib/python3.8/site-packages:/home/cav330/f1tenth_ws/install/vesc_msgs/lib/python3.8/site-packages:/home/cav330/f1tenth_ws/install/mouse_teleop/lib/python3.8/site-packages:/home/cav330/f1tenth_ws/install/f1tenth_gym_ros/lib/python3.8/site-packages:/opt/ros/foxy/lib/python3.8/site-packages /usr/bin/cmake --build /home/cav330/f1tenth_ws/build/teleop_tools -- -j4 -l4
[14.038s] DEBUG:colcon.colcon_core.event_handler.log_command:Invoking command in '/home/cav330/f1tenth_ws/build/teleop_tools': AMENT_PREFIX_PATH=/home/cav330/f1tenth_ws/install/joy_teleop:/home/cav330/f1tenth_ws/install/key_teleop:/home/cav330/f1tenth_ws/install/wall_follow:/home/cav330/f1tenth_ws/install/f1tenth_stack:/home/cav330/f1tenth_ws/install/vesc:/home/cav330/f1tenth_ws/install/vesc_driver:/home/cav330/f1tenth_ws/install/vesc_ackermann:/home/cav330/f1tenth_ws/install/vesc_msgs:/home/cav330/f1tenth_ws/install/teleop_tools:/home/cav330/f1tenth_ws/install/teleop_tools_msgs:/home/cav330/f1tenth_ws/install/safety_node:/home/cav330/f1tenth_ws/install/mouse_teleop:/home/cav330/f1tenth_ws/install/f1tenth_gym_ros:/home/cav330/f1tenth_ws/install/ackermann_mux:/opt/ros/foxy CMAKE_PREFIX_PATH=/home/cav330/f1tenth_ws/install/teleop_tools_msgs:/home/cav330/f1tenth_ws/install/wall_follow:/home/cav330/f1tenth_ws/install/vesc:/home/cav330/f1tenth_ws/install/vesc_driver:/home/cav330/f1tenth_ws/install/vesc_ackermann:/home/cav330/f1tenth_ws/install/vesc_msgs:/home/cav330/f1tenth_ws/install/teleop_tools:/home/cav330/f1tenth_ws/install/safety_node:/home/cav330/f1tenth_ws/install/ackermann_mux:/home/cav330/f1tenth_ws/install/f1tenth_stack:/home/cav330/f1tenth_ws/install/joy_teleop:/home/cav330/f1tenth_ws/install/mouse_teleop:/home/cav330/f1tenth_ws/install/key_teleop:/home/cav330/f1tenth_ws/install/f1tenth_gym_ros:/opt/ros/foxy LD_LIBRARY_PATH=/home/cav330/f1tenth_ws/install/teleop_tools_msgs/lib:/home/cav330/f1tenth_ws/install/vesc_driver/lib:/home/cav330/f1tenth_ws/install/vesc_ackermann/lib:/home/cav330/f1tenth_ws/install/vesc_msgs/lib:/opt/ros/foxy/opt/yaml_cpp_vendor/lib:/opt/ros/foxy/opt/rviz_ogre_vendor/lib:/opt/ros/foxy/lib/aarch64-linux-gnu:/opt/ros/foxy/lib:/usr/local/cuda-11.4/lib64 NX_CONNECTION=192.168.33.135 65380 192.168.33.130 4000 PYTHONPATH=/home/cav330/f1tenth_ws/install/joy_teleop/lib/python3.8/site-packages:/home/cav330/f1tenth_ws/install/teleop_tools_msgs/lib/python3.8/site-packages:/home/cav330/f1tenth_ws/install/key_teleop/lib/python3.8/site-packages:/home/cav330/f1tenth_ws/install/f1tenth_stack/lib/python3.8/site-packages:/home/cav330/f1tenth_ws/install/vesc_msgs/lib/python3.8/site-packages:/home/cav330/f1tenth_ws/install/mouse_teleop/lib/python3.8/site-packages:/home/cav330/f1tenth_ws/install/f1tenth_gym_ros/lib/python3.8/site-packages:/opt/ros/foxy/lib/python3.8/site-packages /usr/bin/cmake --install /home/cav330/f1tenth_ws/build/teleop_tools
[14.063s] DEBUG:colcon.colcon_core.event_handler.log_command:Invoking command in '/home/cav330/f1tenth_ws/src/f1tenth_system/teleop_tools/mouse_teleop': NX_CONNECTION=192.168.33.135 65380 192.168.33.130 4000 PYTHONPATH=/home/cav330/f1tenth_ws/build/mouse_teleop/prefix_override:/usr/lib/python3/dist-packages/colcon_core/task/python/colcon_distutils_commands:/home/cav330/f1tenth_ws/install/mouse_teleop/lib/python3.8/site-packages:${PYTHONPATH} /usr/bin/python3 -W ignore:setup.py install is deprecated -W ignore:easy_install command is deprecated setup.py egg_info --egg-base ../../../../build/mouse_teleop build --build-base /home/cav330/f1tenth_ws/build/mouse_teleop/build install --record /home/cav330/f1tenth_ws/build/mouse_teleop/install.log --install-scripts $base/lib/mouse_teleop --single-version-externally-managed install_data
[14.130s] Level 1:colcon.colcon_core.environment:create_environment_scripts_only(teleop_tools)
[14.137s] Level 1:colcon.colcon_core.environment:checking '/home/cav330/f1tenth_ws/install/teleop_tools' for CMake module files
[14.138s] DEBUG:colcon.colcon_core.event_handler.log_command:Invoked command in '/home/cav330/f1tenth_ws/build/teleop_tools' returned '0': AMENT_PREFIX_PATH=/home/cav330/f1tenth_ws/install/joy_teleop:/home/cav330/f1tenth_ws/install/key_teleop:/home/cav330/f1tenth_ws/install/wall_follow:/home/cav330/f1tenth_ws/install/f1tenth_stack:/home/cav330/f1tenth_ws/install/vesc:/home/cav330/f1tenth_ws/install/vesc_driver:/home/cav330/f1tenth_ws/install/vesc_ackermann:/home/cav330/f1tenth_ws/install/vesc_msgs:/home/cav330/f1tenth_ws/install/teleop_tools:/home/cav330/f1tenth_ws/install/teleop_tools_msgs:/home/cav330/f1tenth_ws/install/safety_node:/home/cav330/f1tenth_ws/install/mouse_teleop:/home/cav330/f1tenth_ws/install/f1tenth_gym_ros:/home/cav330/f1tenth_ws/install/ackermann_mux:/opt/ros/foxy CMAKE_PREFIX_PATH=/home/cav330/f1tenth_ws/install/teleop_tools_msgs:/home/cav330/f1tenth_ws/install/wall_follow:/home/cav330/f1tenth_ws/install/vesc:/home/cav330/f1tenth_ws/install/vesc_driver:/home/cav330/f1tenth_ws/install/vesc_ackermann:/home/cav330/f1tenth_ws/install/vesc_msgs:/home/cav330/f1tenth_ws/install/teleop_tools:/home/cav330/f1tenth_ws/install/safety_node:/home/cav330/f1tenth_ws/install/ackermann_mux:/home/cav330/f1tenth_ws/install/f1tenth_stack:/home/cav330/f1tenth_ws/install/joy_teleop:/home/cav330/f1tenth_ws/install/mouse_teleop:/home/cav330/f1tenth_ws/install/key_teleop:/home/cav330/f1tenth_ws/install/f1tenth_gym_ros:/opt/ros/foxy LD_LIBRARY_PATH=/home/cav330/f1tenth_ws/install/teleop_tools_msgs/lib:/home/cav330/f1tenth_ws/install/vesc_driver/lib:/home/cav330/f1tenth_ws/install/vesc_ackermann/lib:/home/cav330/f1tenth_ws/install/vesc_msgs/lib:/opt/ros/foxy/opt/yaml_cpp_vendor/lib:/opt/ros/foxy/opt/rviz_ogre_vendor/lib:/opt/ros/foxy/lib/aarch64-linux-gnu:/opt/ros/foxy/lib:/usr/local/cuda-11.4/lib64 NX_CONNECTION=192.168.33.135 65380 192.168.33.130 4000 PYTHONPATH=/home/cav330/f1tenth_ws/install/joy_teleop/lib/python3.8/site-packages:/home/cav330/f1tenth_ws/install/teleop_tools_msgs/lib/python3.8/site-packages:/home/cav330/f1tenth_ws/install/key_teleop/lib/python3.8/site-packages:/home/cav330/f1tenth_ws/install/f1tenth_stack/lib/python3.8/site-packages:/home/cav330/f1tenth_ws/install/vesc_msgs/lib/python3.8/site-packages:/home/cav330/f1tenth_ws/install/mouse_teleop/lib/python3.8/site-packages:/home/cav330/f1tenth_ws/install/f1tenth_gym_ros/lib/python3.8/site-packages:/opt/ros/foxy/lib/python3.8/site-packages /usr/bin/cmake --install /home/cav330/f1tenth_ws/build/teleop_tools
[14.142s] Level 1:colcon.colcon_core.environment:checking '/home/cav330/f1tenth_ws/install/teleop_tools' for CMake config files
[14.145s] Level 1:colcon.colcon_core.shell:create_environment_hook('teleop_tools', 'cmake_prefix_path')
[14.147s] INFO:colcon.colcon_core.shell:Creating environment hook '/home/cav330/f1tenth_ws/install/teleop_tools/share/teleop_tools/hook/cmake_prefix_path.ps1'
[14.151s] INFO:colcon.colcon_core.shell:Creating environment descriptor '/home/cav330/f1tenth_ws/install/teleop_tools/share/teleop_tools/hook/cmake_prefix_path.dsv'
[14.153s] INFO:colcon.colcon_core.shell:Creating environment hook '/home/cav330/f1tenth_ws/install/teleop_tools/share/teleop_tools/hook/cmake_prefix_path.sh'
[14.157s] Level 1:colcon.colcon_core.environment:checking '/home/cav330/f1tenth_ws/install/teleop_tools/bin'
[14.158s] Level 1:colcon.colcon_core.environment:checking '/home/cav330/f1tenth_ws/install/teleop_tools/lib/pkgconfig/teleop_tools.pc'
[14.159s] Level 1:colcon.colcon_core.environment:checking '/home/cav330/f1tenth_ws/install/teleop_tools/lib/python3.8/site-packages'
[14.160s] Level 1:colcon.colcon_core.environment:checking '/home/cav330/f1tenth_ws/install/teleop_tools/bin'
[14.161s] INFO:colcon.colcon_core.shell:Creating package script '/home/cav330/f1tenth_ws/install/teleop_tools/share/teleop_tools/package.ps1'
[14.164s] INFO:colcon.colcon_core.shell:Creating package descriptor '/home/cav330/f1tenth_ws/install/teleop_tools/share/teleop_tools/package.dsv'
[14.167s] INFO:colcon.colcon_core.shell:Creating package script '/home/cav330/f1tenth_ws/install/teleop_tools/share/teleop_tools/package.sh'
[14.170s] INFO:colcon.colcon_core.shell:Creating package script '/home/cav330/f1tenth_ws/install/teleop_tools/share/teleop_tools/package.bash'
[14.174s] INFO:colcon.colcon_core.shell:Creating package script '/home/cav330/f1tenth_ws/install/teleop_tools/share/teleop_tools/package.zsh'
[14.176s] Level 1:colcon.colcon_core.environment:create_file_with_runtime_dependencies(/home/cav330/f1tenth_ws/install/teleop_tools/share/colcon-core/packages/teleop_tools)
[14.179s] Level 1:colcon.colcon_core.environment:create_environment_scripts_only(teleop_tools)
[14.181s] Level 1:colcon.colcon_core.environment:checking '/home/cav330/f1tenth_ws/install/teleop_tools' for CMake module files
[14.186s] Level 1:colcon.colcon_core.environment:checking '/home/cav330/f1tenth_ws/install/teleop_tools' for CMake config files
[14.189s] Level 1:colcon.colcon_core.shell:create_environment_hook('teleop_tools', 'cmake_prefix_path')
[14.192s] INFO:colcon.colcon_core.shell:Creating environment hook '/home/cav330/f1tenth_ws/install/teleop_tools/share/teleop_tools/hook/cmake_prefix_path.ps1'
[14.195s] INFO:colcon.colcon_core.shell:Creating environment descriptor '/home/cav330/f1tenth_ws/install/teleop_tools/share/teleop_tools/hook/cmake_prefix_path.dsv'
[14.198s] INFO:colcon.colcon_core.shell:Creating environment hook '/home/cav330/f1tenth_ws/install/teleop_tools/share/teleop_tools/hook/cmake_prefix_path.sh'
[14.202s] Level 1:colcon.colcon_core.environment:checking '/home/cav330/f1tenth_ws/install/teleop_tools/bin'
[14.203s] Level 1:colcon.colcon_core.environment:checking '/home/cav330/f1tenth_ws/install/teleop_tools/lib/pkgconfig/teleop_tools.pc'
[14.204s] Level 1:colcon.colcon_core.environment:checking '/home/cav330/f1tenth_ws/install/teleop_tools/lib/python3.8/site-packages'
[14.205s] Level 1:colcon.colcon_core.environment:checking '/home/cav330/f1tenth_ws/install/teleop_tools/bin'
[14.206s] INFO:colcon.colcon_core.shell:Creating package script '/home/cav330/f1tenth_ws/install/teleop_tools/share/teleop_tools/package.ps1'
[14.209s] INFO:colcon.colcon_core.shell:Creating package descriptor '/home/cav330/f1tenth_ws/install/teleop_tools/share/teleop_tools/package.dsv'
[14.212s] INFO:colcon.colcon_core.shell:Creating package script '/home/cav330/f1tenth_ws/install/teleop_tools/share/teleop_tools/package.sh'
[14.214s] INFO:colcon.colcon_core.shell:Creating package script '/home/cav330/f1tenth_ws/install/teleop_tools/share/teleop_tools/package.bash'
[14.216s] INFO:colcon.colcon_core.shell:Creating package script '/home/cav330/f1tenth_ws/install/teleop_tools/share/teleop_tools/package.zsh'
[14.218s] Level 1:colcon.colcon_core.environment:create_file_with_runtime_dependencies(/home/cav330/f1tenth_ws/install/teleop_tools/share/colcon-core/packages/teleop_tools)
[15.428s] Level 1:colcon.colcon_core.environment:checking '/home/cav330/f1tenth_ws/install/mouse_teleop' for CMake module files
[15.430s] DEBUG:colcon.colcon_core.event_handler.log_command:Invoked command in '/home/cav330/f1tenth_ws/src/f1tenth_system/teleop_tools/mouse_teleop' returned '0': NX_CONNECTION=192.168.33.135 65380 192.168.33.130 4000 PYTHONPATH=/home/cav330/f1tenth_ws/build/mouse_teleop/prefix_override:/usr/lib/python3/dist-packages/colcon_core/task/python/colcon_distutils_commands:/home/cav330/f1tenth_ws/install/mouse_teleop/lib/python3.8/site-packages:${PYTHONPATH} /usr/bin/python3 -W ignore:setup.py install is deprecated -W ignore:easy_install command is deprecated setup.py egg_info --egg-base ../../../../build/mouse_teleop build --build-base /home/cav330/f1tenth_ws/build/mouse_teleop/build install --record /home/cav330/f1tenth_ws/build/mouse_teleop/install.log --install-scripts $base/lib/mouse_teleop --single-version-externally-managed install_data
[15.432s] Level 1:colcon.colcon_core.environment:checking '/home/cav330/f1tenth_ws/install/mouse_teleop' for CMake config files
[15.435s] Level 1:colcon.colcon_core.environment:checking '/home/cav330/f1tenth_ws/install/mouse_teleop/lib'
[15.435s] Level 1:colcon.colcon_core.environment:checking '/home/cav330/f1tenth_ws/install/mouse_teleop/bin'
[15.436s] Level 1:colcon.colcon_core.environment:checking '/home/cav330/f1tenth_ws/install/mouse_teleop/lib/pkgconfig/mouse_teleop.pc'
[15.436s] Level 1:colcon.colcon_core.environment:checking '/home/cav330/f1tenth_ws/install/mouse_teleop/lib/python3.8/site-packages'
[15.437s] Level 1:colcon.colcon_core.shell:create_environment_hook('mouse_teleop', 'pythonpath')
[15.438s] INFO:colcon.colcon_core.shell:Creating environment hook '/home/cav330/f1tenth_ws/install/mouse_teleop/share/mouse_teleop/hook/pythonpath.ps1'
[15.440s] INFO:colcon.colcon_core.shell:Creating environment descriptor '/home/cav330/f1tenth_ws/install/mouse_teleop/share/mouse_teleop/hook/pythonpath.dsv'
[15.441s] INFO:colcon.colcon_core.shell:Creating environment hook '/home/cav330/f1tenth_ws/install/mouse_teleop/share/mouse_teleop/hook/pythonpath.sh'
[15.444s] Level 1:colcon.colcon_core.environment:checking '/home/cav330/f1tenth_ws/install/mouse_teleop/bin'
[15.444s] Level 1:colcon.colcon_core.environment:create_environment_scripts_only(mouse_teleop)
[15.445s] INFO:colcon.colcon_core.shell:Creating package script '/home/cav330/f1tenth_ws/install/mouse_teleop/share/mouse_teleop/package.ps1'
[15.448s] INFO:colcon.colcon_core.shell:Creating package descriptor '/home/cav330/f1tenth_ws/install/mouse_teleop/share/mouse_teleop/package.dsv'
[15.450s] INFO:colcon.colcon_core.shell:Creating package script '/home/cav330/f1tenth_ws/install/mouse_teleop/share/mouse_teleop/package.sh'
[15.452s] INFO:colcon.colcon_core.shell:Creating package script '/home/cav330/f1tenth_ws/install/mouse_teleop/share/mouse_teleop/package.bash'
[15.453s] INFO:colcon.colcon_core.shell:Creating package script '/home/cav330/f1tenth_ws/install/mouse_teleop/share/mouse_teleop/package.zsh'
[15.455s] Level 1:colcon.colcon_core.environment:create_file_with_runtime_dependencies(/home/cav330/f1tenth_ws/install/mouse_teleop/share/colcon-core/packages/mouse_teleop)
[15.834s] DEBUG:colcon.colcon_core.event_handler.log_command:Invoking command in '/home/cav330/f1tenth_ws/src/f1tenth_system/f1tenth_stack': AMENT_PREFIX_PATH=/home/cav330/f1tenth_ws/install/joy_teleop:/home/cav330/f1tenth_ws/install/wall_follow:/home/cav330/f1tenth_ws/install/f1tenth_stack:/home/cav330/f1tenth_ws/install/vesc:/home/cav330/f1tenth_ws/install/vesc_driver:/home/cav330/f1tenth_ws/install/vesc_ackermann:/home/cav330/f1tenth_ws/install/vesc_msgs:/home/cav330/f1tenth_ws/install/teleop_tools:/home/cav330/f1tenth_ws/install/teleop_tools_msgs:/home/cav330/f1tenth_ws/install/safety_node:/home/cav330/f1tenth_ws/install/mouse_teleop:/home/cav330/f1tenth_ws/install/key_teleop:/home/cav330/f1tenth_ws/install/f1tenth_gym_ros:/home/cav330/f1tenth_ws/install/ackermann_mux:/opt/ros/foxy CMAKE_PREFIX_PATH=/home/cav330/f1tenth_ws/install/vesc:/home/cav330/f1tenth_ws/install/vesc_driver:/home/cav330/f1tenth_ws/install/vesc_ackermann:/home/cav330/f1tenth_ws/install/vesc_msgs:/home/cav330/f1tenth_ws/install/teleop_tools_msgs:/home/cav330/f1tenth_ws/install/ackermann_mux:/home/cav330/f1tenth_ws/install/wall_follow:/home/cav330/f1tenth_ws/install/teleop_tools:/home/cav330/f1tenth_ws/install/safety_node LD_LIBRARY_PATH=/home/cav330/f1tenth_ws/install/vesc_driver/lib:/home/cav330/f1tenth_ws/install/vesc_ackermann/lib:/home/cav330/f1tenth_ws/install/vesc_msgs/lib:/home/cav330/f1tenth_ws/install/teleop_tools_msgs/lib:/opt/ros/foxy/opt/yaml_cpp_vendor/lib:/opt/ros/foxy/opt/rviz_ogre_vendor/lib:/opt/ros/foxy/lib/aarch64-linux-gnu:/opt/ros/foxy/lib:/usr/local/cuda-11.4/lib64 NX_CONNECTION=192.168.33.135 65380 192.168.33.130 4000 PYTHONPATH=/home/cav330/f1tenth_ws/build/f1tenth_stack/prefix_override:/usr/lib/python3/dist-packages/colcon_core/task/python/colcon_distutils_commands:/home/cav330/f1tenth_ws/install/f1tenth_stack/lib/python3.8/site-packages:/home/cav330/f1tenth_ws/install/joy_teleop/lib/python3.8/site-packages:/home/cav330/f1tenth_ws/install/vesc_msgs/lib/python3.8/site-packages:/home/cav330/f1tenth_ws/install/teleop_tools_msgs/lib/python3.8/site-packages:/home/cav330/f1tenth_ws/install/f1tenth_stack/lib/python3.8/site-packages:/home/cav330/f1tenth_ws/install/mouse_teleop/lib/python3.8/site-packages:/home/cav330/f1tenth_ws/install/key_teleop/lib/python3.8/site-packages:/home/cav330/f1tenth_ws/install/f1tenth_gym_ros/lib/python3.8/site-packages:/opt/ros/foxy/lib/python3.8/site-packages /usr/bin/python3 -W ignore:setup.py install is deprecated -W ignore:easy_install command is deprecated setup.py egg_info --egg-base ../../../build/f1tenth_stack build --build-base /home/cav330/f1tenth_ws/build/f1tenth_stack/build install --record /home/cav330/f1tenth_ws/build/f1tenth_stack/install.log --install-scripts $base/lib/f1tenth_stack --single-version-externally-managed install_data
[17.059s] Level 1:colcon.colcon_core.environment:checking '/home/cav330/f1tenth_ws/install/f1tenth_stack' for CMake module files
[17.062s] DEBUG:colcon.colcon_core.event_handler.log_command:Invoked command in '/home/cav330/f1tenth_ws/src/f1tenth_system/f1tenth_stack' returned '0': AMENT_PREFIX_PATH=/home/cav330/f1tenth_ws/install/joy_teleop:/home/cav330/f1tenth_ws/install/wall_follow:/home/cav330/f1tenth_ws/install/f1tenth_stack:/home/cav330/f1tenth_ws/install/vesc:/home/cav330/f1tenth_ws/install/vesc_driver:/home/cav330/f1tenth_ws/install/vesc_ackermann:/home/cav330/f1tenth_ws/install/vesc_msgs:/home/cav330/f1tenth_ws/install/teleop_tools:/home/cav330/f1tenth_ws/install/teleop_tools_msgs:/home/cav330/f1tenth_ws/install/safety_node:/home/cav330/f1tenth_ws/install/mouse_teleop:/home/cav330/f1tenth_ws/install/key_teleop:/home/cav330/f1tenth_ws/install/f1tenth_gym_ros:/home/cav330/f1tenth_ws/install/ackermann_mux:/opt/ros/foxy CMAKE_PREFIX_PATH=/home/cav330/f1tenth_ws/install/vesc:/home/cav330/f1tenth_ws/install/vesc_driver:/home/cav330/f1tenth_ws/install/vesc_ackermann:/home/cav330/f1tenth_ws/install/vesc_msgs:/home/cav330/f1tenth_ws/install/teleop_tools_msgs:/home/cav330/f1tenth_ws/install/ackermann_mux:/home/cav330/f1tenth_ws/install/wall_follow:/home/cav330/f1tenth_ws/install/teleop_tools:/home/cav330/f1tenth_ws/install/safety_node LD_LIBRARY_PATH=/home/cav330/f1tenth_ws/install/vesc_driver/lib:/home/cav330/f1tenth_ws/install/vesc_ackermann/lib:/home/cav330/f1tenth_ws/install/vesc_msgs/lib:/home/cav330/f1tenth_ws/install/teleop_tools_msgs/lib:/opt/ros/foxy/opt/yaml_cpp_vendor/lib:/opt/ros/foxy/opt/rviz_ogre_vendor/lib:/opt/ros/foxy/lib/aarch64-linux-gnu:/opt/ros/foxy/lib:/usr/local/cuda-11.4/lib64 NX_CONNECTION=192.168.33.135 65380 192.168.33.130 4000 PYTHONPATH=/home/cav330/f1tenth_ws/build/f1tenth_stack/prefix_override:/usr/lib/python3/dist-packages/colcon_core/task/python/colcon_distutils_commands:/home/cav330/f1tenth_ws/install/f1tenth_stack/lib/python3.8/site-packages:/home/cav330/f1tenth_ws/install/joy_teleop/lib/python3.8/site-packages:/home/cav330/f1tenth_ws/install/vesc_msgs/lib/python3.8/site-packages:/home/cav330/f1tenth_ws/install/teleop_tools_msgs/lib/python3.8/site-packages:/home/cav330/f1tenth_ws/install/f1tenth_stack/lib/python3.8/site-packages:/home/cav330/f1tenth_ws/install/mouse_teleop/lib/python3.8/site-packages:/home/cav330/f1tenth_ws/install/key_teleop/lib/python3.8/site-packages:/home/cav330/f1tenth_ws/install/f1tenth_gym_ros/lib/python3.8/site-packages:/opt/ros/foxy/lib/python3.8/site-packages /usr/bin/python3 -W ignore:setup.py install is deprecated -W ignore:easy_install command is deprecated setup.py egg_info --egg-base ../../../build/f1tenth_stack build --build-base /home/cav330/f1tenth_ws/build/f1tenth_stack/build install --record /home/cav330/f1tenth_ws/build/f1tenth_stack/install.log --install-scripts $base/lib/f1tenth_stack --single-version-externally-managed install_data
[17.065s] Level 1:colcon.colcon_core.environment:checking '/home/cav330/f1tenth_ws/install/f1tenth_stack' for CMake config files
[17.070s] Level 1:colcon.colcon_core.environment:checking '/home/cav330/f1tenth_ws/install/f1tenth_stack/lib'
[17.071s] Level 1:colcon.colcon_core.environment:checking '/home/cav330/f1tenth_ws/install/f1tenth_stack/bin'
[17.072s] Level 1:colcon.colcon_core.environment:checking '/home/cav330/f1tenth_ws/install/f1tenth_stack/lib/pkgconfig/f1tenth_stack.pc'
[17.073s] Level 1:colcon.colcon_core.environment:checking '/home/cav330/f1tenth_ws/install/f1tenth_stack/lib/python3.8/site-packages'
[17.075s] Level 1:colcon.colcon_core.shell:create_environment_hook('f1tenth_stack', 'pythonpath')
[17.077s] INFO:colcon.colcon_core.shell:Creating environment hook '/home/cav330/f1tenth_ws/install/f1tenth_stack/share/f1tenth_stack/hook/pythonpath.ps1'
[17.080s] INFO:colcon.colcon_core.shell:Creating environment descriptor '/home/cav330/f1tenth_ws/install/f1tenth_stack/share/f1tenth_stack/hook/pythonpath.dsv'
[17.083s] INFO:colcon.colcon_core.shell:Creating environment hook '/home/cav330/f1tenth_ws/install/f1tenth_stack/share/f1tenth_stack/hook/pythonpath.sh'
[17.087s] Level 1:colcon.colcon_core.environment:checking '/home/cav330/f1tenth_ws/install/f1tenth_stack/bin'
[17.087s] Level 1:colcon.colcon_core.environment:create_environment_scripts_only(f1tenth_stack)
[17.089s] INFO:colcon.colcon_core.shell:Creating package script '/home/cav330/f1tenth_ws/install/f1tenth_stack/share/f1tenth_stack/package.ps1'
[17.092s] INFO:colcon.colcon_core.shell:Creating package descriptor '/home/cav330/f1tenth_ws/install/f1tenth_stack/share/f1tenth_stack/package.dsv'
[17.094s] INFO:colcon.colcon_core.shell:Creating package script '/home/cav330/f1tenth_ws/install/f1tenth_stack/share/f1tenth_stack/package.sh'
[17.096s] INFO:colcon.colcon_core.shell:Creating package script '/home/cav330/f1tenth_ws/install/f1tenth_stack/share/f1tenth_stack/package.bash'
[17.098s] INFO:colcon.colcon_core.shell:Creating package script '/home/cav330/f1tenth_ws/install/f1tenth_stack/share/f1tenth_stack/package.zsh'
[17.100s] Level 1:colcon.colcon_core.environment:create_file_with_runtime_dependencies(/home/cav330/f1tenth_ws/install/f1tenth_stack/share/colcon-core/packages/f1tenth_stack)
[17.102s] DEBUG:colcon.colcon_parallel_executor.executor.parallel:closing loop
[17.103s] DEBUG:colcon.colcon_parallel_executor.executor.parallel:loop closed
[17.104s] DEBUG:colcon.colcon_parallel_executor.executor.parallel:run_until_complete finished with '0'
[17.105s] DEBUG:colcon.colcon_core.event_reactor:joining thread
[17.140s] INFO:colcon.colcon_core.plugin_system:Skipping extension 'colcon_notification.desktop_notification.terminal_notifier': Not used on non-Darwin systems
[17.140s] INFO:colcon.colcon_core.plugin_system:Skipping extension 'colcon_notification.desktop_notification.win32': Not used on non-Windows systems
[17.140s] INFO:colcon.colcon_notification.desktop_notification:Sending desktop notification using 'notify2'
[17.237s] DEBUG:colcon.colcon_core.event_reactor:joined thread
[17.239s] INFO:colcon.colcon_core.shell:Creating prefix script '/home/cav330/f1tenth_ws/install/local_setup.ps1'
[17.244s] INFO:colcon.colcon_core.shell:Creating prefix util module '/home/cav330/f1tenth_ws/install/_local_setup_util_ps1.py'
[17.250s] INFO:colcon.colcon_core.shell:Creating prefix chain script '/home/cav330/f1tenth_ws/install/setup.ps1'
[17.267s] INFO:colcon.colcon_core.shell:Creating prefix script '/home/cav330/f1tenth_ws/install/local_setup.sh'
[17.270s] INFO:colcon.colcon_core.shell:Creating prefix util module '/home/cav330/f1tenth_ws/install/_local_setup_util_sh.py'
[17.273s] INFO:colcon.colcon_core.shell:Creating prefix chain script '/home/cav330/f1tenth_ws/install/setup.sh'
[17.282s] INFO:colcon.colcon_core.shell:Creating prefix script '/home/cav330/f1tenth_ws/install/local_setup.bash'
[17.286s] INFO:colcon.colcon_core.shell:Creating prefix chain script '/home/cav330/f1tenth_ws/install/setup.bash'
[17.296s] INFO:colcon.colcon_core.shell:Creating prefix script '/home/cav330/f1tenth_ws/install/local_setup.zsh'
[17.299s] INFO:colcon.colcon_core.shell:Creating prefix chain script '/home/cav330/f1tenth_ws/install/setup.zsh'
