[0.830s] DEBUG:colcon:Command line arguments: ['/usr/bin/colcon', 'build']
[0.830s] DEBUG:colcon:Parsed command line arguments: Namespace(allow_overriding=[], ament_cmake_args=None, base_paths=['.'], build_base='build', catkin_cmake_args=None, catkin_skip_building_tests=False, cmake_args=None, cmake_clean_cache=False, cmake_clean_first=False, cmake_force_configure=False, cmake_target=None, cmake_target_skip_unavailable=False, continue_on_error=False, event_handlers=None, executor='parallel', ignore_user_meta=False, install_base='install', log_base=None, log_level=None, main=<bound method BuildVerb.main of <colcon_core.verb.build.BuildVerb object at 0xffffb5369220>>, merge_install=False, metas=['./colcon.meta'], packages_above=None, packages_above_and_dependencies=None, packages_above_depth=None, packages_end=None, packages_ignore=None, packages_ignore_regex=None, packages_select=None, packages_select_build_failed=False, packages_select_by_dep=None, packages_select_regex=None, packages_select_test_failures=False, packages_skip=None, packages_skip_build_finished=False, packages_skip_by_dep=None, packages_skip_regex=None, packages_skip_test_passed=False, packages_skip_up_to=None, packages_start=None, packages_up_to=None, packages_up_to_regex=None, parallel_workers=4, paths=None, symlink_install=False, test_result_base=None, verb_extension=<colcon_core.verb.build.BuildVerb object at 0xffffb5369220>, verb_name='build', verb_parser=<colcon_defaults.argument_parser.defaults.DefaultArgumentsDecorator object at 0xffffb5304c70>)
[1.528s] Level 1:colcon.colcon_core.package_discovery:discover_packages(colcon_meta) check parameters
[1.529s] Level 1:colcon.colcon_core.package_discovery:discover_packages(recursive) check parameters
[1.529s] Level 1:colcon.colcon_core.package_discovery:discover_packages(ignore) check parameters
[1.529s] Level 1:colcon.colcon_core.package_discovery:discover_packages(path) check parameters
[1.529s] Level 1:colcon.colcon_core.package_discovery:discover_packages(colcon_meta) discover
[1.529s] Level 1:colcon.colcon_core.package_discovery:discover_packages(recursive) discover
[1.530s] INFO:colcon.colcon_core.package_discovery:Crawling recursively for packages in '/home/cav330/f1tenth_ws'
[1.530s] Level 1:colcon.colcon_core.package_identification:_identify(.) by extensions ['ignore', 'ignore_ament_install']
[1.531s] Level 1:colcon.colcon_core.package_identification:_identify(.) by extension 'ignore'
[1.531s] Level 1:colcon.colcon_core.package_identification:_identify(.) by extension 'ignore_ament_install'
[1.531s] Level 1:colcon.colcon_core.package_identification:_identify(.) by extensions ['colcon_pkg']
[1.532s] Level 1:colcon.colcon_core.package_identification:_identify(.) by extension 'colcon_pkg'
[1.532s] Level 1:colcon.colcon_core.package_identification:_identify(.) by extensions ['colcon_meta']
[1.532s] Level 1:colcon.colcon_core.package_identification:_identify(.) by extension 'colcon_meta'
[1.532s] Level 1:colcon.colcon_core.package_identification:_identify(.) by extensions ['ros']
[1.532s] Level 1:colcon.colcon_core.package_identification:_identify(.) by extension 'ros'
[1.580s] Level 1:colcon.colcon_core.package_identification:_identify(.) by extensions ['cmake', 'python']
[1.581s] Level 1:colcon.colcon_core.package_identification:_identify(.) by extension 'cmake'
[1.581s] Level 1:colcon.colcon_core.package_identification:_identify(.) by extension 'python'
[1.581s] Level 1:colcon.colcon_core.package_identification:_identify(.) by extensions ['python_setup_py']
[1.581s] Level 1:colcon.colcon_core.package_identification:_identify(.) by extension 'python_setup_py'
[1.582s] Level 1:colcon.colcon_core.package_identification:_identify(build) by extensions ['ignore', 'ignore_ament_install']
[1.583s] Level 1:colcon.colcon_core.package_identification:_identify(build) by extension 'ignore'
[1.583s] Level 1:colcon.colcon_core.package_identification:_identify(build) ignored
[1.584s] Level 1:colcon.colcon_core.package_identification:_identify(install) by extensions ['ignore', 'ignore_ament_install']
[1.584s] Level 1:colcon.colcon_core.package_identification:_identify(install) by extension 'ignore'
[1.584s] Level 1:colcon.colcon_core.package_identification:_identify(install) ignored
[1.585s] Level 1:colcon.colcon_core.package_identification:_identify(log) by extensions ['ignore', 'ignore_ament_install']
[1.585s] Level 1:colcon.colcon_core.package_identification:_identify(log) by extension 'ignore'
[1.585s] Level 1:colcon.colcon_core.package_identification:_identify(log) ignored
[1.586s] Level 1:colcon.colcon_core.package_identification:_identify(src) by extensions ['ignore', 'ignore_ament_install']
[1.586s] Level 1:colcon.colcon_core.package_identification:_identify(src) by extension 'ignore'
[1.586s] Level 1:colcon.colcon_core.package_identification:_identify(src) by extension 'ignore_ament_install'
[1.586s] Level 1:colcon.colcon_core.package_identification:_identify(src) by extensions ['colcon_pkg']
[1.587s] Level 1:colcon.colcon_core.package_identification:_identify(src) by extension 'colcon_pkg'
[1.587s] Level 1:colcon.colcon_core.package_identification:_identify(src) by extensions ['colcon_meta']
[1.587s] Level 1:colcon.colcon_core.package_identification:_identify(src) by extension 'colcon_meta'
[1.587s] Level 1:colcon.colcon_core.package_identification:_identify(src) by extensions ['ros']
[1.587s] Level 1:colcon.colcon_core.package_identification:_identify(src) by extension 'ros'
[1.587s] Level 1:colcon.colcon_core.package_identification:_identify(src) by extensions ['cmake', 'python']
[1.588s] Level 1:colcon.colcon_core.package_identification:_identify(src) by extension 'cmake'
[1.588s] Level 1:colcon.colcon_core.package_identification:_identify(src) by extension 'python'
[1.588s] Level 1:colcon.colcon_core.package_identification:_identify(src) by extensions ['python_setup_py']
[1.588s] Level 1:colcon.colcon_core.package_identification:_identify(src) by extension 'python_setup_py'
[1.589s] Level 1:colcon.colcon_core.package_identification:_identify(src/f1tenth_gym_ros) by extensions ['ignore', 'ignore_ament_install']
[1.589s] Level 1:colcon.colcon_core.package_identification:_identify(src/f1tenth_gym_ros) by extension 'ignore'
[1.589s] Level 1:colcon.colcon_core.package_identification:_identify(src/f1tenth_gym_ros) by extension 'ignore_ament_install'
[1.589s] Level 1:colcon.colcon_core.package_identification:_identify(src/f1tenth_gym_ros) by extensions ['colcon_pkg']
[1.589s] Level 1:colcon.colcon_core.package_identification:_identify(src/f1tenth_gym_ros) by extension 'colcon_pkg'
[1.590s] Level 1:colcon.colcon_core.package_identification:_identify(src/f1tenth_gym_ros) by extensions ['colcon_meta']
[1.590s] Level 1:colcon.colcon_core.package_identification:_identify(src/f1tenth_gym_ros) by extension 'colcon_meta'
[1.590s] Level 1:colcon.colcon_core.package_identification:_identify(src/f1tenth_gym_ros) by extensions ['ros']
[1.590s] Level 1:colcon.colcon_core.package_identification:_identify(src/f1tenth_gym_ros) by extension 'ros'
[1.600s] DEBUG:colcon.colcon_core.package_identification:Package 'src/f1tenth_gym_ros' with type 'ros.ament_python' and name 'f1tenth_gym_ros'
[1.601s] Level 1:colcon.colcon_core.package_identification:_identify(src/f1tenth_system) by extensions ['ignore', 'ignore_ament_install']
[1.602s] Level 1:colcon.colcon_core.package_identification:_identify(src/f1tenth_system) by extension 'ignore'
[1.602s] Level 1:colcon.colcon_core.package_identification:_identify(src/f1tenth_system) by extension 'ignore_ament_install'
[1.602s] Level 1:colcon.colcon_core.package_identification:_identify(src/f1tenth_system) by extensions ['colcon_pkg']
[1.602s] Level 1:colcon.colcon_core.package_identification:_identify(src/f1tenth_system) by extension 'colcon_pkg'
[1.602s] Level 1:colcon.colcon_core.package_identification:_identify(src/f1tenth_system) by extensions ['colcon_meta']
[1.602s] Level 1:colcon.colcon_core.package_identification:_identify(src/f1tenth_system) by extension 'colcon_meta'
[1.603s] Level 1:colcon.colcon_core.package_identification:_identify(src/f1tenth_system) by extensions ['ros']
[1.603s] Level 1:colcon.colcon_core.package_identification:_identify(src/f1tenth_system) by extension 'ros'
[1.603s] Level 1:colcon.colcon_core.package_identification:_identify(src/f1tenth_system) by extensions ['cmake', 'python']
[1.603s] Level 1:colcon.colcon_core.package_identification:_identify(src/f1tenth_system) by extension 'cmake'
[1.604s] Level 1:colcon.colcon_core.package_identification:_identify(src/f1tenth_system) by extension 'python'
[1.604s] Level 1:colcon.colcon_core.package_identification:_identify(src/f1tenth_system) by extensions ['python_setup_py']
[1.604s] Level 1:colcon.colcon_core.package_identification:_identify(src/f1tenth_system) by extension 'python_setup_py'
[1.605s] Level 1:colcon.colcon_core.package_identification:_identify(src/f1tenth_system/ackermann_mux) by extensions ['ignore', 'ignore_ament_install']
[1.605s] Level 1:colcon.colcon_core.package_identification:_identify(src/f1tenth_system/ackermann_mux) by extension 'ignore'
[1.605s] Level 1:colcon.colcon_core.package_identification:_identify(src/f1tenth_system/ackermann_mux) by extension 'ignore_ament_install'
[1.605s] Level 1:colcon.colcon_core.package_identification:_identify(src/f1tenth_system/ackermann_mux) by extensions ['colcon_pkg']
[1.606s] Level 1:colcon.colcon_core.package_identification:_identify(src/f1tenth_system/ackermann_mux) by extension 'colcon_pkg'
[1.606s] Level 1:colcon.colcon_core.package_identification:_identify(src/f1tenth_system/ackermann_mux) by extensions ['colcon_meta']
[1.606s] Level 1:colcon.colcon_core.package_identification:_identify(src/f1tenth_system/ackermann_mux) by extension 'colcon_meta'
[1.606s] Level 1:colcon.colcon_core.package_identification:_identify(src/f1tenth_system/ackermann_mux) by extensions ['ros']
[1.606s] Level 1:colcon.colcon_core.package_identification:_identify(src/f1tenth_system/ackermann_mux) by extension 'ros'
[1.613s] DEBUG:colcon.colcon_core.package_identification:Package 'src/f1tenth_system/ackermann_mux' with type 'ros.ament_cmake' and name 'ackermann_mux'
[1.614s] Level 1:colcon.colcon_core.package_identification:_identify(src/f1tenth_system/f1tenth_stack) by extensions ['ignore', 'ignore_ament_install']
[1.614s] Level 1:colcon.colcon_core.package_identification:_identify(src/f1tenth_system/f1tenth_stack) by extension 'ignore'
[1.614s] Level 1:colcon.colcon_core.package_identification:_identify(src/f1tenth_system/f1tenth_stack) by extension 'ignore_ament_install'
[1.615s] Level 1:colcon.colcon_core.package_identification:_identify(src/f1tenth_system/f1tenth_stack) by extensions ['colcon_pkg']
[1.615s] Level 1:colcon.colcon_core.package_identification:_identify(src/f1tenth_system/f1tenth_stack) by extension 'colcon_pkg'
[1.615s] Level 1:colcon.colcon_core.package_identification:_identify(src/f1tenth_system/f1tenth_stack) by extensions ['colcon_meta']
[1.615s] Level 1:colcon.colcon_core.package_identification:_identify(src/f1tenth_system/f1tenth_stack) by extension 'colcon_meta'
[1.615s] Level 1:colcon.colcon_core.package_identification:_identify(src/f1tenth_system/f1tenth_stack) by extensions ['ros']
[1.616s] Level 1:colcon.colcon_core.package_identification:_identify(src/f1tenth_system/f1tenth_stack) by extension 'ros'
[1.620s] DEBUG:colcon.colcon_core.package_identification:Package 'src/f1tenth_system/f1tenth_stack' with type 'ros.ament_python' and name 'f1tenth_stack'
[1.621s] Level 1:colcon.colcon_core.package_identification:_identify(src/f1tenth_system/scripts) by extensions ['ignore', 'ignore_ament_install']
[1.621s] Level 1:colcon.colcon_core.package_identification:_identify(src/f1tenth_system/scripts) by extension 'ignore'
[1.621s] Level 1:colcon.colcon_core.package_identification:_identify(src/f1tenth_system/scripts) by extension 'ignore_ament_install'
[1.622s] Level 1:colcon.colcon_core.package_identification:_identify(src/f1tenth_system/scripts) by extensions ['colcon_pkg']
[1.622s] Level 1:colcon.colcon_core.package_identification:_identify(src/f1tenth_system/scripts) by extension 'colcon_pkg'
[1.622s] Level 1:colcon.colcon_core.package_identification:_identify(src/f1tenth_system/scripts) by extensions ['colcon_meta']
[1.622s] Level 1:colcon.colcon_core.package_identification:_identify(src/f1tenth_system/scripts) by extension 'colcon_meta'
[1.622s] Level 1:colcon.colcon_core.package_identification:_identify(src/f1tenth_system/scripts) by extensions ['ros']
[1.623s] Level 1:colcon.colcon_core.package_identification:_identify(src/f1tenth_system/scripts) by extension 'ros'
[1.623s] Level 1:colcon.colcon_core.package_identification:_identify(src/f1tenth_system/scripts) by extensions ['cmake', 'python']
[1.623s] Level 1:colcon.colcon_core.package_identification:_identify(src/f1tenth_system/scripts) by extension 'cmake'
[1.623s] Level 1:colcon.colcon_core.package_identification:_identify(src/f1tenth_system/scripts) by extension 'python'
[1.623s] Level 1:colcon.colcon_core.package_identification:_identify(src/f1tenth_system/scripts) by extensions ['python_setup_py']
[1.624s] Level 1:colcon.colcon_core.package_identification:_identify(src/f1tenth_system/scripts) by extension 'python_setup_py'
[1.624s] Level 1:colcon.colcon_core.package_identification:_identify(src/f1tenth_system/teleop_tools) by extensions ['ignore', 'ignore_ament_install']
[1.625s] Level 1:colcon.colcon_core.package_identification:_identify(src/f1tenth_system/teleop_tools) by extension 'ignore'
[1.625s] Level 1:colcon.colcon_core.package_identification:_identify(src/f1tenth_system/teleop_tools) by extension 'ignore_ament_install'
[1.625s] Level 1:colcon.colcon_core.package_identification:_identify(src/f1tenth_system/teleop_tools) by extensions ['colcon_pkg']
[1.625s] Level 1:colcon.colcon_core.package_identification:_identify(src/f1tenth_system/teleop_tools) by extension 'colcon_pkg'
[1.625s] Level 1:colcon.colcon_core.package_identification:_identify(src/f1tenth_system/teleop_tools) by extensions ['colcon_meta']
[1.626s] Level 1:colcon.colcon_core.package_identification:_identify(src/f1tenth_system/teleop_tools) by extension 'colcon_meta'
[1.626s] Level 1:colcon.colcon_core.package_identification:_identify(src/f1tenth_system/teleop_tools) by extensions ['ros']
[1.626s] Level 1:colcon.colcon_core.package_identification:_identify(src/f1tenth_system/teleop_tools) by extension 'ros'
[1.626s] Level 1:colcon.colcon_core.package_identification:_identify(src/f1tenth_system/teleop_tools) by extensions ['cmake', 'python']
[1.627s] Level 1:colcon.colcon_core.package_identification:_identify(src/f1tenth_system/teleop_tools) by extension 'cmake'
[1.627s] Level 1:colcon.colcon_core.package_identification:_identify(src/f1tenth_system/teleop_tools) by extension 'python'
[1.627s] Level 1:colcon.colcon_core.package_identification:_identify(src/f1tenth_system/teleop_tools) by extensions ['python_setup_py']
[1.627s] Level 1:colcon.colcon_core.package_identification:_identify(src/f1tenth_system/teleop_tools) by extension 'python_setup_py'
[1.628s] Level 1:colcon.colcon_core.package_identification:_identify(src/f1tenth_system/teleop_tools/joy_teleop) by extensions ['ignore', 'ignore_ament_install']
[1.628s] Level 1:colcon.colcon_core.package_identification:_identify(src/f1tenth_system/teleop_tools/joy_teleop) by extension 'ignore'
[1.629s] Level 1:colcon.colcon_core.package_identification:_identify(src/f1tenth_system/teleop_tools/joy_teleop) by extension 'ignore_ament_install'
[1.629s] Level 1:colcon.colcon_core.package_identification:_identify(src/f1tenth_system/teleop_tools/joy_teleop) by extensions ['colcon_pkg']
[1.629s] Level 1:colcon.colcon_core.package_identification:_identify(src/f1tenth_system/teleop_tools/joy_teleop) by extension 'colcon_pkg'
[1.630s] Level 1:colcon.colcon_core.package_identification:_identify(src/f1tenth_system/teleop_tools/joy_teleop) by extensions ['colcon_meta']
[1.631s] Level 1:colcon.colcon_core.package_identification:_identify(src/f1tenth_system/teleop_tools/joy_teleop) by extension 'colcon_meta'
[1.631s] Level 1:colcon.colcon_core.package_identification:_identify(src/f1tenth_system/teleop_tools/joy_teleop) by extensions ['ros']
[1.631s] Level 1:colcon.colcon_core.package_identification:_identify(src/f1tenth_system/teleop_tools/joy_teleop) by extension 'ros'
[1.635s] DEBUG:colcon.colcon_core.package_identification:Package 'src/f1tenth_system/teleop_tools/joy_teleop' with type 'ros.ament_python' and name 'joy_teleop'
[1.635s] Level 1:colcon.colcon_core.package_identification:_identify(src/f1tenth_system/teleop_tools/key_teleop) by extensions ['ignore', 'ignore_ament_install']
[1.636s] Level 1:colcon.colcon_core.package_identification:_identify(src/f1tenth_system/teleop_tools/key_teleop) by extension 'ignore'
[1.636s] Level 1:colcon.colcon_core.package_identification:_identify(src/f1tenth_system/teleop_tools/key_teleop) by extension 'ignore_ament_install'
[1.636s] Level 1:colcon.colcon_core.package_identification:_identify(src/f1tenth_system/teleop_tools/key_teleop) by extensions ['colcon_pkg']
[1.636s] Level 1:colcon.colcon_core.package_identification:_identify(src/f1tenth_system/teleop_tools/key_teleop) by extension 'colcon_pkg'
[1.637s] Level 1:colcon.colcon_core.package_identification:_identify(src/f1tenth_system/teleop_tools/key_teleop) by extensions ['colcon_meta']
[1.637s] Level 1:colcon.colcon_core.package_identification:_identify(src/f1tenth_system/teleop_tools/key_teleop) by extension 'colcon_meta'
[1.637s] Level 1:colcon.colcon_core.package_identification:_identify(src/f1tenth_system/teleop_tools/key_teleop) by extensions ['ros']
[1.637s] Level 1:colcon.colcon_core.package_identification:_identify(src/f1tenth_system/teleop_tools/key_teleop) by extension 'ros'
[1.639s] DEBUG:colcon.colcon_core.package_identification:Package 'src/f1tenth_system/teleop_tools/key_teleop' with type 'ros.ament_python' and name 'key_teleop'
[1.640s] Level 1:colcon.colcon_core.package_identification:_identify(src/f1tenth_system/teleop_tools/mouse_teleop) by extensions ['ignore', 'ignore_ament_install']
[1.640s] Level 1:colcon.colcon_core.package_identification:_identify(src/f1tenth_system/teleop_tools/mouse_teleop) by extension 'ignore'
[1.641s] Level 1:colcon.colcon_core.package_identification:_identify(src/f1tenth_system/teleop_tools/mouse_teleop) by extension 'ignore_ament_install'
[1.641s] Level 1:colcon.colcon_core.package_identification:_identify(src/f1tenth_system/teleop_tools/mouse_teleop) by extensions ['colcon_pkg']
[1.641s] Level 1:colcon.colcon_core.package_identification:_identify(src/f1tenth_system/teleop_tools/mouse_teleop) by extension 'colcon_pkg'
[1.641s] Level 1:colcon.colcon_core.package_identification:_identify(src/f1tenth_system/teleop_tools/mouse_teleop) by extensions ['colcon_meta']
[1.641s] Level 1:colcon.colcon_core.package_identification:_identify(src/f1tenth_system/teleop_tools/mouse_teleop) by extension 'colcon_meta'
[1.641s] Level 1:colcon.colcon_core.package_identification:_identify(src/f1tenth_system/teleop_tools/mouse_teleop) by extensions ['ros']
[1.642s] Level 1:colcon.colcon_core.package_identification:_identify(src/f1tenth_system/teleop_tools/mouse_teleop) by extension 'ros'
[1.644s] DEBUG:colcon.colcon_core.package_identification:Package 'src/f1tenth_system/teleop_tools/mouse_teleop' with type 'ros.ament_python' and name 'mouse_teleop'
[1.644s] Level 1:colcon.colcon_core.package_identification:_identify(src/f1tenth_system/teleop_tools/teleop_tools) by extensions ['ignore', 'ignore_ament_install']
[1.644s] Level 1:colcon.colcon_core.package_identification:_identify(src/f1tenth_system/teleop_tools/teleop_tools) by extension 'ignore'
[1.645s] Level 1:colcon.colcon_core.package_identification:_identify(src/f1tenth_system/teleop_tools/teleop_tools) by extension 'ignore_ament_install'
[1.645s] Level 1:colcon.colcon_core.package_identification:_identify(src/f1tenth_system/teleop_tools/teleop_tools) by extensions ['colcon_pkg']
[1.645s] Level 1:colcon.colcon_core.package_identification:_identify(src/f1tenth_system/teleop_tools/teleop_tools) by extension 'colcon_pkg'
[1.645s] Level 1:colcon.colcon_core.package_identification:_identify(src/f1tenth_system/teleop_tools/teleop_tools) by extensions ['colcon_meta']
[1.645s] Level 1:colcon.colcon_core.package_identification:_identify(src/f1tenth_system/teleop_tools/teleop_tools) by extension 'colcon_meta'
[1.646s] Level 1:colcon.colcon_core.package_identification:_identify(src/f1tenth_system/teleop_tools/teleop_tools) by extensions ['ros']
[1.646s] Level 1:colcon.colcon_core.package_identification:_identify(src/f1tenth_system/teleop_tools/teleop_tools) by extension 'ros'
[1.648s] DEBUG:colcon.colcon_core.package_identification:Package 'src/f1tenth_system/teleop_tools/teleop_tools' with type 'ros.ament_cmake' and name 'teleop_tools'
[1.648s] Level 1:colcon.colcon_core.package_identification:_identify(src/f1tenth_system/teleop_tools/teleop_tools_msgs) by extensions ['ignore', 'ignore_ament_install']
[1.649s] Level 1:colcon.colcon_core.package_identification:_identify(src/f1tenth_system/teleop_tools/teleop_tools_msgs) by extension 'ignore'
[1.649s] Level 1:colcon.colcon_core.package_identification:_identify(src/f1tenth_system/teleop_tools/teleop_tools_msgs) by extension 'ignore_ament_install'
[1.649s] Level 1:colcon.colcon_core.package_identification:_identify(src/f1tenth_system/teleop_tools/teleop_tools_msgs) by extensions ['colcon_pkg']
[1.649s] Level 1:colcon.colcon_core.package_identification:_identify(src/f1tenth_system/teleop_tools/teleop_tools_msgs) by extension 'colcon_pkg'
[1.650s] Level 1:colcon.colcon_core.package_identification:_identify(src/f1tenth_system/teleop_tools/teleop_tools_msgs) by extensions ['colcon_meta']
[1.650s] Level 1:colcon.colcon_core.package_identification:_identify(src/f1tenth_system/teleop_tools/teleop_tools_msgs) by extension 'colcon_meta'
[1.650s] Level 1:colcon.colcon_core.package_identification:_identify(src/f1tenth_system/teleop_tools/teleop_tools_msgs) by extensions ['ros']
[1.650s] Level 1:colcon.colcon_core.package_identification:_identify(src/f1tenth_system/teleop_tools/teleop_tools_msgs) by extension 'ros'
[1.653s] DEBUG:colcon.colcon_core.package_identification:Package 'src/f1tenth_system/teleop_tools/teleop_tools_msgs' with type 'ros.ament_cmake' and name 'teleop_tools_msgs'
[1.653s] Level 1:colcon.colcon_core.package_identification:_identify(src/f1tenth_system/vesc) by extensions ['ignore', 'ignore_ament_install']
[1.654s] Level 1:colcon.colcon_core.package_identification:_identify(src/f1tenth_system/vesc) by extension 'ignore'
[1.654s] Level 1:colcon.colcon_core.package_identification:_identify(src/f1tenth_system/vesc) by extension 'ignore_ament_install'
[1.654s] Level 1:colcon.colcon_core.package_identification:_identify(src/f1tenth_system/vesc) by extensions ['colcon_pkg']
[1.654s] Level 1:colcon.colcon_core.package_identification:_identify(src/f1tenth_system/vesc) by extension 'colcon_pkg'
[1.655s] Level 1:colcon.colcon_core.package_identification:_identify(src/f1tenth_system/vesc) by extensions ['colcon_meta']
[1.655s] Level 1:colcon.colcon_core.package_identification:_identify(src/f1tenth_system/vesc) by extension 'colcon_meta'
[1.655s] Level 1:colcon.colcon_core.package_identification:_identify(src/f1tenth_system/vesc) by extensions ['ros']
[1.655s] Level 1:colcon.colcon_core.package_identification:_identify(src/f1tenth_system/vesc) by extension 'ros'
[1.656s] Level 1:colcon.colcon_core.package_identification:_identify(src/f1tenth_system/vesc) by extensions ['cmake', 'python']
[1.656s] Level 1:colcon.colcon_core.package_identification:_identify(src/f1tenth_system/vesc) by extension 'cmake'
[1.656s] Level 1:colcon.colcon_core.package_identification:_identify(src/f1tenth_system/vesc) by extension 'python'
[1.656s] Level 1:colcon.colcon_core.package_identification:_identify(src/f1tenth_system/vesc) by extensions ['python_setup_py']
[1.657s] Level 1:colcon.colcon_core.package_identification:_identify(src/f1tenth_system/vesc) by extension 'python_setup_py'
[1.657s] Level 1:colcon.colcon_core.package_identification:_identify(src/f1tenth_system/vesc/vesc) by extensions ['ignore', 'ignore_ament_install']
[1.657s] Level 1:colcon.colcon_core.package_identification:_identify(src/f1tenth_system/vesc/vesc) by extension 'ignore'
[1.658s] Level 1:colcon.colcon_core.package_identification:_identify(src/f1tenth_system/vesc/vesc) by extension 'ignore_ament_install'
[1.658s] Level 1:colcon.colcon_core.package_identification:_identify(src/f1tenth_system/vesc/vesc) by extensions ['colcon_pkg']
[1.658s] Level 1:colcon.colcon_core.package_identification:_identify(src/f1tenth_system/vesc/vesc) by extension 'colcon_pkg'
[1.658s] Level 1:colcon.colcon_core.package_identification:_identify(src/f1tenth_system/vesc/vesc) by extensions ['colcon_meta']
[1.658s] Level 1:colcon.colcon_core.package_identification:_identify(src/f1tenth_system/vesc/vesc) by extension 'colcon_meta'
[1.659s] Level 1:colcon.colcon_core.package_identification:_identify(src/f1tenth_system/vesc/vesc) by extensions ['ros']
[1.659s] Level 1:colcon.colcon_core.package_identification:_identify(src/f1tenth_system/vesc/vesc) by extension 'ros'
[1.661s] DEBUG:colcon.colcon_core.package_identification:Package 'src/f1tenth_system/vesc/vesc' with type 'ros.ament_cmake' and name 'vesc'
[1.662s] Level 1:colcon.colcon_core.package_identification:_identify(src/f1tenth_system/vesc/vesc_ackermann) by extensions ['ignore', 'ignore_ament_install']
[1.662s] Level 1:colcon.colcon_core.package_identification:_identify(src/f1tenth_system/vesc/vesc_ackermann) by extension 'ignore'
[1.662s] Level 1:colcon.colcon_core.package_identification:_identify(src/f1tenth_system/vesc/vesc_ackermann) by extension 'ignore_ament_install'
[1.663s] Level 1:colcon.colcon_core.package_identification:_identify(src/f1tenth_system/vesc/vesc_ackermann) by extensions ['colcon_pkg']
[1.663s] Level 1:colcon.colcon_core.package_identification:_identify(src/f1tenth_system/vesc/vesc_ackermann) by extension 'colcon_pkg'
[1.663s] Level 1:colcon.colcon_core.package_identification:_identify(src/f1tenth_system/vesc/vesc_ackermann) by extensions ['colcon_meta']
[1.663s] Level 1:colcon.colcon_core.package_identification:_identify(src/f1tenth_system/vesc/vesc_ackermann) by extension 'colcon_meta'
[1.663s] Level 1:colcon.colcon_core.package_identification:_identify(src/f1tenth_system/vesc/vesc_ackermann) by extensions ['ros']
[1.664s] Level 1:colcon.colcon_core.package_identification:_identify(src/f1tenth_system/vesc/vesc_ackermann) by extension 'ros'
[1.668s] DEBUG:colcon.colcon_core.package_identification:Package 'src/f1tenth_system/vesc/vesc_ackermann' with type 'ros.ament_cmake' and name 'vesc_ackermann'
[1.669s] Level 1:colcon.colcon_core.package_identification:_identify(src/f1tenth_system/vesc/vesc_driver) by extensions ['ignore', 'ignore_ament_install']
[1.669s] Level 1:colcon.colcon_core.package_identification:_identify(src/f1tenth_system/vesc/vesc_driver) by extension 'ignore'
[1.669s] Level 1:colcon.colcon_core.package_identification:_identify(src/f1tenth_system/vesc/vesc_driver) by extension 'ignore_ament_install'
[1.669s] Level 1:colcon.colcon_core.package_identification:_identify(src/f1tenth_system/vesc/vesc_driver) by extensions ['colcon_pkg']
[1.670s] Level 1:colcon.colcon_core.package_identification:_identify(src/f1tenth_system/vesc/vesc_driver) by extension 'colcon_pkg'
[1.670s] Level 1:colcon.colcon_core.package_identification:_identify(src/f1tenth_system/vesc/vesc_driver) by extensions ['colcon_meta']
[1.670s] Level 1:colcon.colcon_core.package_identification:_identify(src/f1tenth_system/vesc/vesc_driver) by extension 'colcon_meta'
[1.670s] Level 1:colcon.colcon_core.package_identification:_identify(src/f1tenth_system/vesc/vesc_driver) by extensions ['ros']
[1.670s] Level 1:colcon.colcon_core.package_identification:_identify(src/f1tenth_system/vesc/vesc_driver) by extension 'ros'
[1.675s] DEBUG:colcon.colcon_core.package_identification:Package 'src/f1tenth_system/vesc/vesc_driver' with type 'ros.ament_cmake' and name 'vesc_driver'
[1.675s] Level 1:colcon.colcon_core.package_identification:_identify(src/f1tenth_system/vesc/vesc_msgs) by extensions ['ignore', 'ignore_ament_install']
[1.676s] Level 1:colcon.colcon_core.package_identification:_identify(src/f1tenth_system/vesc/vesc_msgs) by extension 'ignore'
[1.676s] Level 1:colcon.colcon_core.package_identification:_identify(src/f1tenth_system/vesc/vesc_msgs) by extension 'ignore_ament_install'
[1.677s] Level 1:colcon.colcon_core.package_identification:_identify(src/f1tenth_system/vesc/vesc_msgs) by extensions ['colcon_pkg']
[1.677s] Level 1:colcon.colcon_core.package_identification:_identify(src/f1tenth_system/vesc/vesc_msgs) by extension 'colcon_pkg'
[1.677s] Level 1:colcon.colcon_core.package_identification:_identify(src/f1tenth_system/vesc/vesc_msgs) by extensions ['colcon_meta']
[1.677s] Level 1:colcon.colcon_core.package_identification:_identify(src/f1tenth_system/vesc/vesc_msgs) by extension 'colcon_meta'
[1.678s] Level 1:colcon.colcon_core.package_identification:_identify(src/f1tenth_system/vesc/vesc_msgs) by extensions ['ros']
[1.678s] Level 1:colcon.colcon_core.package_identification:_identify(src/f1tenth_system/vesc/vesc_msgs) by extension 'ros'
[1.682s] DEBUG:colcon.colcon_core.package_identification:Package 'src/f1tenth_system/vesc/vesc_msgs' with type 'ros.ament_cmake' and name 'vesc_msgs'
[1.683s] Level 1:colcon.colcon_core.package_identification:_identify(src/safety_node) by extensions ['ignore', 'ignore_ament_install']
[1.683s] Level 1:colcon.colcon_core.package_identification:_identify(src/safety_node) by extension 'ignore'
[1.683s] Level 1:colcon.colcon_core.package_identification:_identify(src/safety_node) by extension 'ignore_ament_install'
[1.684s] Level 1:colcon.colcon_core.package_identification:_identify(src/safety_node) by extensions ['colcon_pkg']
[1.684s] Level 1:colcon.colcon_core.package_identification:_identify(src/safety_node) by extension 'colcon_pkg'
[1.684s] Level 1:colcon.colcon_core.package_identification:_identify(src/safety_node) by extensions ['colcon_meta']
[1.684s] Level 1:colcon.colcon_core.package_identification:_identify(src/safety_node) by extension 'colcon_meta'
[1.684s] Level 1:colcon.colcon_core.package_identification:_identify(src/safety_node) by extensions ['ros']
[1.684s] Level 1:colcon.colcon_core.package_identification:_identify(src/safety_node) by extension 'ros'
[1.687s] DEBUG:colcon.colcon_core.package_identification:Package 'src/safety_node' with type 'ros.ament_cmake' and name 'safety_node'
[1.688s] Level 1:colcon.colcon_core.package_identification:_identify(src/wall_follow) by extensions ['ignore', 'ignore_ament_install']
[1.688s] Level 1:colcon.colcon_core.package_identification:_identify(src/wall_follow) by extension 'ignore'
[1.688s] Level 1:colcon.colcon_core.package_identification:_identify(src/wall_follow) by extension 'ignore_ament_install'
[1.689s] Level 1:colcon.colcon_core.package_identification:_identify(src/wall_follow) by extensions ['colcon_pkg']
[1.689s] Level 1:colcon.colcon_core.package_identification:_identify(src/wall_follow) by extension 'colcon_pkg'
[1.689s] Level 1:colcon.colcon_core.package_identification:_identify(src/wall_follow) by extensions ['colcon_meta']
[1.689s] Level 1:colcon.colcon_core.package_identification:_identify(src/wall_follow) by extension 'colcon_meta'
[1.689s] Level 1:colcon.colcon_core.package_identification:_identify(src/wall_follow) by extensions ['ros']
[1.689s] Level 1:colcon.colcon_core.package_identification:_identify(src/wall_follow) by extension 'ros'
[1.692s] DEBUG:colcon.colcon_core.package_identification:Package 'src/wall_follow' with type 'ros.ament_cmake' and name 'wall_follow'
[1.692s] Level 1:colcon.colcon_core.package_discovery:discover_packages(recursive) using defaults
[1.692s] Level 1:colcon.colcon_core.package_discovery:discover_packages(ignore) discover
[1.693s] Level 1:colcon.colcon_core.package_discovery:discover_packages(ignore) using defaults
[1.693s] Level 1:colcon.colcon_core.package_discovery:discover_packages(path) discover
[1.693s] Level 1:colcon.colcon_core.package_discovery:discover_packages(path) using defaults
[1.809s] Level 1:colcon.colcon_core.package_discovery:discover_packages(prefix_path) check parameters
[1.809s] Level 1:colcon.colcon_core.package_discovery:discover_packages(prefix_path) discover
[1.820s] DEBUG:colcon.colcon_installed_package_information.package_discovery:Found 14 installed packages in /home/cav330/f1tenth_ws/install
[1.827s] DEBUG:colcon.colcon_installed_package_information.package_discovery:Found 272 installed packages in /opt/ros/foxy
[1.834s] Level 1:colcon.colcon_core.package_discovery:discover_packages(prefix_path) using defaults
[2.096s] Level 5:colcon.colcon_core.verb:set package 'ackermann_mux' build argument 'cmake_args' from command line to 'None'
[2.096s] Level 5:colcon.colcon_core.verb:set package 'ackermann_mux' build argument 'cmake_target' from command line to 'None'
[2.096s] Level 5:colcon.colcon_core.verb:set package 'ackermann_mux' build argument 'cmake_target_skip_unavailable' from command line to 'False'
[2.096s] Level 5:colcon.colcon_core.verb:set package 'ackermann_mux' build argument 'cmake_clean_cache' from command line to 'False'
[2.097s] Level 5:colcon.colcon_core.verb:set package 'ackermann_mux' build argument 'cmake_clean_first' from command line to 'False'
[2.097s] Level 5:colcon.colcon_core.verb:set package 'ackermann_mux' build argument 'cmake_force_configure' from command line to 'False'
[2.097s] Level 5:colcon.colcon_core.verb:set package 'ackermann_mux' build argument 'ament_cmake_args' from command line to 'None'
[2.097s] Level 5:colcon.colcon_core.verb:set package 'ackermann_mux' build argument 'catkin_cmake_args' from command line to 'None'
[2.097s] Level 5:colcon.colcon_core.verb:set package 'ackermann_mux' build argument 'catkin_skip_building_tests' from command line to 'False'
[2.097s] DEBUG:colcon.colcon_core.verb:Building package 'ackermann_mux' with the following arguments: {'ament_cmake_args': None, 'build_base': '/home/cav330/f1tenth_ws/build/ackermann_mux', 'catkin_cmake_args': None, 'catkin_skip_building_tests': False, 'cmake_args': None, 'cmake_clean_cache': False, 'cmake_clean_first': False, 'cmake_force_configure': False, 'cmake_target': None, 'cmake_target_skip_unavailable': False, 'install_base': '/home/cav330/f1tenth_ws/install/ackermann_mux', 'merge_install': False, 'path': '/home/cav330/f1tenth_ws/src/f1tenth_system/ackermann_mux', 'symlink_install': False, 'test_result_base': None}
[2.099s] Level 5:colcon.colcon_core.verb:set package 'f1tenth_gym_ros' build argument 'cmake_args' from command line to 'None'
[2.099s] Level 5:colcon.colcon_core.verb:set package 'f1tenth_gym_ros' build argument 'cmake_target' from command line to 'None'
[2.100s] Level 5:colcon.colcon_core.verb:set package 'f1tenth_gym_ros' build argument 'cmake_target_skip_unavailable' from command line to 'False'
[2.100s] Level 5:colcon.colcon_core.verb:set package 'f1tenth_gym_ros' build argument 'cmake_clean_cache' from command line to 'False'
[2.100s] Level 5:colcon.colcon_core.verb:set package 'f1tenth_gym_ros' build argument 'cmake_clean_first' from command line to 'False'
[2.100s] Level 5:colcon.colcon_core.verb:set package 'f1tenth_gym_ros' build argument 'cmake_force_configure' from command line to 'False'
[2.100s] Level 5:colcon.colcon_core.verb:set package 'f1tenth_gym_ros' build argument 'ament_cmake_args' from command line to 'None'
[2.100s] Level 5:colcon.colcon_core.verb:set package 'f1tenth_gym_ros' build argument 'catkin_cmake_args' from command line to 'None'
[2.100s] Level 5:colcon.colcon_core.verb:set package 'f1tenth_gym_ros' build argument 'catkin_skip_building_tests' from command line to 'False'
[2.101s] DEBUG:colcon.colcon_core.verb:Building package 'f1tenth_gym_ros' with the following arguments: {'ament_cmake_args': None, 'build_base': '/home/cav330/f1tenth_ws/build/f1tenth_gym_ros', 'catkin_cmake_args': None, 'catkin_skip_building_tests': False, 'cmake_args': None, 'cmake_clean_cache': False, 'cmake_clean_first': False, 'cmake_force_configure': False, 'cmake_target': None, 'cmake_target_skip_unavailable': False, 'install_base': '/home/cav330/f1tenth_ws/install/f1tenth_gym_ros', 'merge_install': False, 'path': '/home/cav330/f1tenth_ws/src/f1tenth_gym_ros', 'symlink_install': False, 'test_result_base': None}
[2.102s] Level 5:colcon.colcon_core.verb:set package 'key_teleop' build argument 'cmake_args' from command line to 'None'
[2.102s] Level 5:colcon.colcon_core.verb:set package 'key_teleop' build argument 'cmake_target' from command line to 'None'
[2.102s] Level 5:colcon.colcon_core.verb:set package 'key_teleop' build argument 'cmake_target_skip_unavailable' from command line to 'False'
[2.103s] Level 5:colcon.colcon_core.verb:set package 'key_teleop' build argument 'cmake_clean_cache' from command line to 'False'
[2.103s] Level 5:colcon.colcon_core.verb:set package 'key_teleop' build argument 'cmake_clean_first' from command line to 'False'
[2.103s] Level 5:colcon.colcon_core.verb:set package 'key_teleop' build argument 'cmake_force_configure' from command line to 'False'
[2.103s] Level 5:colcon.colcon_core.verb:set package 'key_teleop' build argument 'ament_cmake_args' from command line to 'None'
[2.103s] Level 5:colcon.colcon_core.verb:set package 'key_teleop' build argument 'catkin_cmake_args' from command line to 'None'
[2.103s] Level 5:colcon.colcon_core.verb:set package 'key_teleop' build argument 'catkin_skip_building_tests' from command line to 'False'
[2.103s] DEBUG:colcon.colcon_core.verb:Building package 'key_teleop' with the following arguments: {'ament_cmake_args': None, 'build_base': '/home/cav330/f1tenth_ws/build/key_teleop', 'catkin_cmake_args': None, 'catkin_skip_building_tests': False, 'cmake_args': None, 'cmake_clean_cache': False, 'cmake_clean_first': False, 'cmake_force_configure': False, 'cmake_target': None, 'cmake_target_skip_unavailable': False, 'install_base': '/home/cav330/f1tenth_ws/install/key_teleop', 'merge_install': False, 'path': '/home/cav330/f1tenth_ws/src/f1tenth_system/teleop_tools/key_teleop', 'symlink_install': False, 'test_result_base': None}
[2.105s] Level 5:colcon.colcon_core.verb:set package 'mouse_teleop' build argument 'cmake_args' from command line to 'None'
[2.105s] Level 5:colcon.colcon_core.verb:set package 'mouse_teleop' build argument 'cmake_target' from command line to 'None'
[2.105s] Level 5:colcon.colcon_core.verb:set package 'mouse_teleop' build argument 'cmake_target_skip_unavailable' from command line to 'False'
[2.105s] Level 5:colcon.colcon_core.verb:set package 'mouse_teleop' build argument 'cmake_clean_cache' from command line to 'False'
[2.105s] Level 5:colcon.colcon_core.verb:set package 'mouse_teleop' build argument 'cmake_clean_first' from command line to 'False'
[2.105s] Level 5:colcon.colcon_core.verb:set package 'mouse_teleop' build argument 'cmake_force_configure' from command line to 'False'
[2.105s] Level 5:colcon.colcon_core.verb:set package 'mouse_teleop' build argument 'ament_cmake_args' from command line to 'None'
[2.106s] Level 5:colcon.colcon_core.verb:set package 'mouse_teleop' build argument 'catkin_cmake_args' from command line to 'None'
[2.106s] Level 5:colcon.colcon_core.verb:set package 'mouse_teleop' build argument 'catkin_skip_building_tests' from command line to 'False'
[2.106s] DEBUG:colcon.colcon_core.verb:Building package 'mouse_teleop' with the following arguments: {'ament_cmake_args': None, 'build_base': '/home/cav330/f1tenth_ws/build/mouse_teleop', 'catkin_cmake_args': None, 'catkin_skip_building_tests': False, 'cmake_args': None, 'cmake_clean_cache': False, 'cmake_clean_first': False, 'cmake_force_configure': False, 'cmake_target': None, 'cmake_target_skip_unavailable': False, 'install_base': '/home/cav330/f1tenth_ws/install/mouse_teleop', 'merge_install': False, 'path': '/home/cav330/f1tenth_ws/src/f1tenth_system/teleop_tools/mouse_teleop', 'symlink_install': False, 'test_result_base': None}
[2.107s] Level 5:colcon.colcon_core.verb:set package 'safety_node' build argument 'cmake_args' from command line to 'None'
[2.107s] Level 5:colcon.colcon_core.verb:set package 'safety_node' build argument 'cmake_target' from command line to 'None'
[2.108s] Level 5:colcon.colcon_core.verb:set package 'safety_node' build argument 'cmake_target_skip_unavailable' from command line to 'False'
[2.108s] Level 5:colcon.colcon_core.verb:set package 'safety_node' build argument 'cmake_clean_cache' from command line to 'False'
[2.108s] Level 5:colcon.colcon_core.verb:set package 'safety_node' build argument 'cmake_clean_first' from command line to 'False'
[2.108s] Level 5:colcon.colcon_core.verb:set package 'safety_node' build argument 'cmake_force_configure' from command line to 'False'
[2.108s] Level 5:colcon.colcon_core.verb:set package 'safety_node' build argument 'ament_cmake_args' from command line to 'None'
[2.108s] Level 5:colcon.colcon_core.verb:set package 'safety_node' build argument 'catkin_cmake_args' from command line to 'None'
[2.108s] Level 5:colcon.colcon_core.verb:set package 'safety_node' build argument 'catkin_skip_building_tests' from command line to 'False'
[2.108s] DEBUG:colcon.colcon_core.verb:Building package 'safety_node' with the following arguments: {'ament_cmake_args': None, 'build_base': '/home/cav330/f1tenth_ws/build/safety_node', 'catkin_cmake_args': None, 'catkin_skip_building_tests': False, 'cmake_args': None, 'cmake_clean_cache': False, 'cmake_clean_first': False, 'cmake_force_configure': False, 'cmake_target': None, 'cmake_target_skip_unavailable': False, 'install_base': '/home/cav330/f1tenth_ws/install/safety_node', 'merge_install': False, 'path': '/home/cav330/f1tenth_ws/src/safety_node', 'symlink_install': False, 'test_result_base': None}
[2.110s] Level 5:colcon.colcon_core.verb:set package 'teleop_tools_msgs' build argument 'cmake_args' from command line to 'None'
[2.110s] Level 5:colcon.colcon_core.verb:set package 'teleop_tools_msgs' build argument 'cmake_target' from command line to 'None'
[2.110s] Level 5:colcon.colcon_core.verb:set package 'teleop_tools_msgs' build argument 'cmake_target_skip_unavailable' from command line to 'False'
[2.110s] Level 5:colcon.colcon_core.verb:set package 'teleop_tools_msgs' build argument 'cmake_clean_cache' from command line to 'False'
[2.110s] Level 5:colcon.colcon_core.verb:set package 'teleop_tools_msgs' build argument 'cmake_clean_first' from command line to 'False'
[2.110s] Level 5:colcon.colcon_core.verb:set package 'teleop_tools_msgs' build argument 'cmake_force_configure' from command line to 'False'
[2.110s] Level 5:colcon.colcon_core.verb:set package 'teleop_tools_msgs' build argument 'ament_cmake_args' from command line to 'None'
[2.111s] Level 5:colcon.colcon_core.verb:set package 'teleop_tools_msgs' build argument 'catkin_cmake_args' from command line to 'None'
[2.111s] Level 5:colcon.colcon_core.verb:set package 'teleop_tools_msgs' build argument 'catkin_skip_building_tests' from command line to 'False'
[2.111s] DEBUG:colcon.colcon_core.verb:Building package 'teleop_tools_msgs' with the following arguments: {'ament_cmake_args': None, 'build_base': '/home/cav330/f1tenth_ws/build/teleop_tools_msgs', 'catkin_cmake_args': None, 'catkin_skip_building_tests': False, 'cmake_args': None, 'cmake_clean_cache': False, 'cmake_clean_first': False, 'cmake_force_configure': False, 'cmake_target': None, 'cmake_target_skip_unavailable': False, 'install_base': '/home/cav330/f1tenth_ws/install/teleop_tools_msgs', 'merge_install': False, 'path': '/home/cav330/f1tenth_ws/src/f1tenth_system/teleop_tools/teleop_tools_msgs', 'symlink_install': False, 'test_result_base': None}
[2.112s] Level 5:colcon.colcon_core.verb:set package 'vesc_msgs' build argument 'cmake_args' from command line to 'None'
[2.112s] Level 5:colcon.colcon_core.verb:set package 'vesc_msgs' build argument 'cmake_target' from command line to 'None'
[2.113s] Level 5:colcon.colcon_core.verb:set package 'vesc_msgs' build argument 'cmake_target_skip_unavailable' from command line to 'False'
[2.113s] Level 5:colcon.colcon_core.verb:set package 'vesc_msgs' build argument 'cmake_clean_cache' from command line to 'False'
[2.113s] Level 5:colcon.colcon_core.verb:set package 'vesc_msgs' build argument 'cmake_clean_first' from command line to 'False'
[2.113s] Level 5:colcon.colcon_core.verb:set package 'vesc_msgs' build argument 'cmake_force_configure' from command line to 'False'
[2.113s] Level 5:colcon.colcon_core.verb:set package 'vesc_msgs' build argument 'ament_cmake_args' from command line to 'None'
[2.113s] Level 5:colcon.colcon_core.verb:set package 'vesc_msgs' build argument 'catkin_cmake_args' from command line to 'None'
[2.113s] Level 5:colcon.colcon_core.verb:set package 'vesc_msgs' build argument 'catkin_skip_building_tests' from command line to 'False'
[2.113s] DEBUG:colcon.colcon_core.verb:Building package 'vesc_msgs' with the following arguments: {'ament_cmake_args': None, 'build_base': '/home/cav330/f1tenth_ws/build/vesc_msgs', 'catkin_cmake_args': None, 'catkin_skip_building_tests': False, 'cmake_args': None, 'cmake_clean_cache': False, 'cmake_clean_first': False, 'cmake_force_configure': False, 'cmake_target': None, 'cmake_target_skip_unavailable': False, 'install_base': '/home/cav330/f1tenth_ws/install/vesc_msgs', 'merge_install': False, 'path': '/home/cav330/f1tenth_ws/src/f1tenth_system/vesc/vesc_msgs', 'symlink_install': False, 'test_result_base': None}
[2.115s] Level 5:colcon.colcon_core.verb:set package 'wall_follow' build argument 'cmake_args' from command line to 'None'
[2.115s] Level 5:colcon.colcon_core.verb:set package 'wall_follow' build argument 'cmake_target' from command line to 'None'
[2.115s] Level 5:colcon.colcon_core.verb:set package 'wall_follow' build argument 'cmake_target_skip_unavailable' from command line to 'False'
[2.115s] Level 5:colcon.colcon_core.verb:set package 'wall_follow' build argument 'cmake_clean_cache' from command line to 'False'
[2.115s] Level 5:colcon.colcon_core.verb:set package 'wall_follow' build argument 'cmake_clean_first' from command line to 'False'
[2.115s] Level 5:colcon.colcon_core.verb:set package 'wall_follow' build argument 'cmake_force_configure' from command line to 'False'
[2.115s] Level 5:colcon.colcon_core.verb:set package 'wall_follow' build argument 'ament_cmake_args' from command line to 'None'
[2.116s] Level 5:colcon.colcon_core.verb:set package 'wall_follow' build argument 'catkin_cmake_args' from command line to 'None'
[2.116s] Level 5:colcon.colcon_core.verb:set package 'wall_follow' build argument 'catkin_skip_building_tests' from command line to 'False'
[2.116s] DEBUG:colcon.colcon_core.verb:Building package 'wall_follow' with the following arguments: {'ament_cmake_args': None, 'build_base': '/home/cav330/f1tenth_ws/build/wall_follow', 'catkin_cmake_args': None, 'catkin_skip_building_tests': False, 'cmake_args': None, 'cmake_clean_cache': False, 'cmake_clean_first': False, 'cmake_force_configure': False, 'cmake_target': None, 'cmake_target_skip_unavailable': False, 'install_base': '/home/cav330/f1tenth_ws/install/wall_follow', 'merge_install': False, 'path': '/home/cav330/f1tenth_ws/src/wall_follow', 'symlink_install': False, 'test_result_base': None}
[2.117s] Level 5:colcon.colcon_core.verb:set package 'joy_teleop' build argument 'cmake_args' from command line to 'None'
[2.117s] Level 5:colcon.colcon_core.verb:set package 'joy_teleop' build argument 'cmake_target' from command line to 'None'
[2.117s] Level 5:colcon.colcon_core.verb:set package 'joy_teleop' build argument 'cmake_target_skip_unavailable' from command line to 'False'
[2.118s] Level 5:colcon.colcon_core.verb:set package 'joy_teleop' build argument 'cmake_clean_cache' from command line to 'False'
[2.118s] Level 5:colcon.colcon_core.verb:set package 'joy_teleop' build argument 'cmake_clean_first' from command line to 'False'
[2.118s] Level 5:colcon.colcon_core.verb:set package 'joy_teleop' build argument 'cmake_force_configure' from command line to 'False'
[2.118s] Level 5:colcon.colcon_core.verb:set package 'joy_teleop' build argument 'ament_cmake_args' from command line to 'None'
[2.118s] Level 5:colcon.colcon_core.verb:set package 'joy_teleop' build argument 'catkin_cmake_args' from command line to 'None'
[2.118s] Level 5:colcon.colcon_core.verb:set package 'joy_teleop' build argument 'catkin_skip_building_tests' from command line to 'False'
[2.118s] DEBUG:colcon.colcon_core.verb:Building package 'joy_teleop' with the following arguments: {'ament_cmake_args': None, 'build_base': '/home/cav330/f1tenth_ws/build/joy_teleop', 'catkin_cmake_args': None, 'catkin_skip_building_tests': False, 'cmake_args': None, 'cmake_clean_cache': False, 'cmake_clean_first': False, 'cmake_force_configure': False, 'cmake_target': None, 'cmake_target_skip_unavailable': False, 'install_base': '/home/cav330/f1tenth_ws/install/joy_teleop', 'merge_install': False, 'path': '/home/cav330/f1tenth_ws/src/f1tenth_system/teleop_tools/joy_teleop', 'symlink_install': False, 'test_result_base': None}
[2.120s] Level 5:colcon.colcon_core.verb:set package 'vesc_ackermann' build argument 'cmake_args' from command line to 'None'
[2.120s] Level 5:colcon.colcon_core.verb:set package 'vesc_ackermann' build argument 'cmake_target' from command line to 'None'
[2.120s] Level 5:colcon.colcon_core.verb:set package 'vesc_ackermann' build argument 'cmake_target_skip_unavailable' from command line to 'False'
[2.120s] Level 5:colcon.colcon_core.verb:set package 'vesc_ackermann' build argument 'cmake_clean_cache' from command line to 'False'
[2.120s] Level 5:colcon.colcon_core.verb:set package 'vesc_ackermann' build argument 'cmake_clean_first' from command line to 'False'
[2.120s] Level 5:colcon.colcon_core.verb:set package 'vesc_ackermann' build argument 'cmake_force_configure' from command line to 'False'
[2.120s] Level 5:colcon.colcon_core.verb:set package 'vesc_ackermann' build argument 'ament_cmake_args' from command line to 'None'
[2.121s] Level 5:colcon.colcon_core.verb:set package 'vesc_ackermann' build argument 'catkin_cmake_args' from command line to 'None'
[2.121s] Level 5:colcon.colcon_core.verb:set package 'vesc_ackermann' build argument 'catkin_skip_building_tests' from command line to 'False'
[2.121s] DEBUG:colcon.colcon_core.verb:Building package 'vesc_ackermann' with the following arguments: {'ament_cmake_args': None, 'build_base': '/home/cav330/f1tenth_ws/build/vesc_ackermann', 'catkin_cmake_args': None, 'catkin_skip_building_tests': False, 'cmake_args': None, 'cmake_clean_cache': False, 'cmake_clean_first': False, 'cmake_force_configure': False, 'cmake_target': None, 'cmake_target_skip_unavailable': False, 'install_base': '/home/cav330/f1tenth_ws/install/vesc_ackermann', 'merge_install': False, 'path': '/home/cav330/f1tenth_ws/src/f1tenth_system/vesc/vesc_ackermann', 'symlink_install': False, 'test_result_base': None}
[2.122s] Level 5:colcon.colcon_core.verb:set package 'vesc_driver' build argument 'cmake_args' from command line to 'None'
[2.123s] Level 5:colcon.colcon_core.verb:set package 'vesc_driver' build argument 'cmake_target' from command line to 'None'
[2.123s] Level 5:colcon.colcon_core.verb:set package 'vesc_driver' build argument 'cmake_target_skip_unavailable' from command line to 'False'
[2.123s] Level 5:colcon.colcon_core.verb:set package 'vesc_driver' build argument 'cmake_clean_cache' from command line to 'False'
[2.123s] Level 5:colcon.colcon_core.verb:set package 'vesc_driver' build argument 'cmake_clean_first' from command line to 'False'
[2.123s] Level 5:colcon.colcon_core.verb:set package 'vesc_driver' build argument 'cmake_force_configure' from command line to 'False'
[2.123s] Level 5:colcon.colcon_core.verb:set package 'vesc_driver' build argument 'ament_cmake_args' from command line to 'None'
[2.123s] Level 5:colcon.colcon_core.verb:set package 'vesc_driver' build argument 'catkin_cmake_args' from command line to 'None'
[2.124s] Level 5:colcon.colcon_core.verb:set package 'vesc_driver' build argument 'catkin_skip_building_tests' from command line to 'False'
[2.124s] DEBUG:colcon.colcon_core.verb:Building package 'vesc_driver' with the following arguments: {'ament_cmake_args': None, 'build_base': '/home/cav330/f1tenth_ws/build/vesc_driver', 'catkin_cmake_args': None, 'catkin_skip_building_tests': False, 'cmake_args': None, 'cmake_clean_cache': False, 'cmake_clean_first': False, 'cmake_force_configure': False, 'cmake_target': None, 'cmake_target_skip_unavailable': False, 'install_base': '/home/cav330/f1tenth_ws/install/vesc_driver', 'merge_install': False, 'path': '/home/cav330/f1tenth_ws/src/f1tenth_system/vesc/vesc_driver', 'symlink_install': False, 'test_result_base': None}
[2.126s] Level 5:colcon.colcon_core.verb:set package 'teleop_tools' build argument 'cmake_args' from command line to 'None'
[2.127s] Level 5:colcon.colcon_core.verb:set package 'teleop_tools' build argument 'cmake_target' from command line to 'None'
[2.127s] Level 5:colcon.colcon_core.verb:set package 'teleop_tools' build argument 'cmake_target_skip_unavailable' from command line to 'False'
[2.127s] Level 5:colcon.colcon_core.verb:set package 'teleop_tools' build argument 'cmake_clean_cache' from command line to 'False'
[2.127s] Level 5:colcon.colcon_core.verb:set package 'teleop_tools' build argument 'cmake_clean_first' from command line to 'False'
[2.127s] Level 5:colcon.colcon_core.verb:set package 'teleop_tools' build argument 'cmake_force_configure' from command line to 'False'
[2.127s] Level 5:colcon.colcon_core.verb:set package 'teleop_tools' build argument 'ament_cmake_args' from command line to 'None'
[2.128s] Level 5:colcon.colcon_core.verb:set package 'teleop_tools' build argument 'catkin_cmake_args' from command line to 'None'
[2.128s] Level 5:colcon.colcon_core.verb:set package 'teleop_tools' build argument 'catkin_skip_building_tests' from command line to 'False'
[2.128s] DEBUG:colcon.colcon_core.verb:Building package 'teleop_tools' with the following arguments: {'ament_cmake_args': None, 'build_base': '/home/cav330/f1tenth_ws/build/teleop_tools', 'catkin_cmake_args': None, 'catkin_skip_building_tests': False, 'cmake_args': None, 'cmake_clean_cache': False, 'cmake_clean_first': False, 'cmake_force_configure': False, 'cmake_target': None, 'cmake_target_skip_unavailable': False, 'install_base': '/home/cav330/f1tenth_ws/install/teleop_tools', 'merge_install': False, 'path': '/home/cav330/f1tenth_ws/src/f1tenth_system/teleop_tools/teleop_tools', 'symlink_install': False, 'test_result_base': None}
[2.130s] Level 5:colcon.colcon_core.verb:set package 'vesc' build argument 'cmake_args' from command line to 'None'
[2.130s] Level 5:colcon.colcon_core.verb:set package 'vesc' build argument 'cmake_target' from command line to 'None'
[2.130s] Level 5:colcon.colcon_core.verb:set package 'vesc' build argument 'cmake_target_skip_unavailable' from command line to 'False'
[2.130s] Level 5:colcon.colcon_core.verb:set package 'vesc' build argument 'cmake_clean_cache' from command line to 'False'
[2.130s] Level 5:colcon.colcon_core.verb:set package 'vesc' build argument 'cmake_clean_first' from command line to 'False'
[2.130s] Level 5:colcon.colcon_core.verb:set package 'vesc' build argument 'cmake_force_configure' from command line to 'False'
[2.131s] Level 5:colcon.colcon_core.verb:set package 'vesc' build argument 'ament_cmake_args' from command line to 'None'
[2.131s] Level 5:colcon.colcon_core.verb:set package 'vesc' build argument 'catkin_cmake_args' from command line to 'None'
[2.131s] Level 5:colcon.colcon_core.verb:set package 'vesc' build argument 'catkin_skip_building_tests' from command line to 'False'
[2.131s] DEBUG:colcon.colcon_core.verb:Building package 'vesc' with the following arguments: {'ament_cmake_args': None, 'build_base': '/home/cav330/f1tenth_ws/build/vesc', 'catkin_cmake_args': None, 'catkin_skip_building_tests': False, 'cmake_args': None, 'cmake_clean_cache': False, 'cmake_clean_first': False, 'cmake_force_configure': False, 'cmake_target': None, 'cmake_target_skip_unavailable': False, 'install_base': '/home/cav330/f1tenth_ws/install/vesc', 'merge_install': False, 'path': '/home/cav330/f1tenth_ws/src/f1tenth_system/vesc/vesc', 'symlink_install': False, 'test_result_base': None}
[2.133s] Level 5:colcon.colcon_core.verb:set package 'f1tenth_stack' build argument 'cmake_args' from command line to 'None'
[2.133s] Level 5:colcon.colcon_core.verb:set package 'f1tenth_stack' build argument 'cmake_target' from command line to 'None'
[2.133s] Level 5:colcon.colcon_core.verb:set package 'f1tenth_stack' build argument 'cmake_target_skip_unavailable' from command line to 'False'
[2.133s] Level 5:colcon.colcon_core.verb:set package 'f1tenth_stack' build argument 'cmake_clean_cache' from command line to 'False'
[2.133s] Level 5:colcon.colcon_core.verb:set package 'f1tenth_stack' build argument 'cmake_clean_first' from command line to 'False'
[2.133s] Level 5:colcon.colcon_core.verb:set package 'f1tenth_stack' build argument 'cmake_force_configure' from command line to 'False'
[2.134s] Level 5:colcon.colcon_core.verb:set package 'f1tenth_stack' build argument 'ament_cmake_args' from command line to 'None'
[2.134s] Level 5:colcon.colcon_core.verb:set package 'f1tenth_stack' build argument 'catkin_cmake_args' from command line to 'None'
[2.134s] Level 5:colcon.colcon_core.verb:set package 'f1tenth_stack' build argument 'catkin_skip_building_tests' from command line to 'False'
[2.134s] DEBUG:colcon.colcon_core.verb:Building package 'f1tenth_stack' with the following arguments: {'ament_cmake_args': None, 'build_base': '/home/cav330/f1tenth_ws/build/f1tenth_stack', 'catkin_cmake_args': None, 'catkin_skip_building_tests': False, 'cmake_args': None, 'cmake_clean_cache': False, 'cmake_clean_first': False, 'cmake_force_configure': False, 'cmake_target': None, 'cmake_target_skip_unavailable': False, 'install_base': '/home/cav330/f1tenth_ws/install/f1tenth_stack', 'merge_install': False, 'path': '/home/cav330/f1tenth_ws/src/f1tenth_system/f1tenth_stack', 'symlink_install': False, 'test_result_base': None}
[2.135s] INFO:colcon.colcon_core.executor:Executing jobs using 'parallel' executor
[2.139s] DEBUG:colcon.colcon_parallel_executor.executor.parallel:run_until_complete
[2.140s] INFO:colcon.colcon_ros.task.ament_cmake.build:Building ROS package in '/home/cav330/f1tenth_ws/src/f1tenth_system/vesc/vesc_msgs' with build type 'ament_cmake'
[2.141s] INFO:colcon.colcon_cmake.task.cmake.build:Building CMake package in '/home/cav330/f1tenth_ws/src/f1tenth_system/vesc/vesc_msgs'
[2.152s] INFO:colcon.colcon_core.plugin_system:Skipping extension 'colcon_core.shell.bat': Not used on non-Windows systems
[2.153s] INFO:colcon.colcon_core.shell:Skip shell extension 'powershell' for command environment: Not usable outside of PowerShell
[2.153s] DEBUG:colcon.colcon_core.shell:Skip shell extension 'dsv' for command environment
[2.195s] INFO:colcon.colcon_ros.task.ament_cmake.build:Building ROS package in '/home/cav330/f1tenth_ws/src/f1tenth_system/teleop_tools/teleop_tools_msgs' with build type 'ament_cmake'
[2.202s] INFO:colcon.colcon_cmake.task.cmake.build:Building CMake package in '/home/cav330/f1tenth_ws/src/f1tenth_system/teleop_tools/teleop_tools_msgs'
[2.206s] INFO:colcon.colcon_core.shell:Skip shell extension 'powershell' for command environment: Not usable outside of PowerShell
[2.206s] DEBUG:colcon.colcon_core.shell:Skip shell extension 'dsv' for command environment
[2.269s] INFO:colcon.colcon_ros.task.ament_cmake.build:Building ROS package in '/home/cav330/f1tenth_ws/src/f1tenth_system/ackermann_mux' with build type 'ament_cmake'
[2.273s] INFO:colcon.colcon_cmake.task.cmake.build:Building CMake package in '/home/cav330/f1tenth_ws/src/f1tenth_system/ackermann_mux'
[2.276s] INFO:colcon.colcon_core.shell:Skip shell extension 'powershell' for command environment: Not usable outside of PowerShell
[2.276s] DEBUG:colcon.colcon_core.shell:Skip shell extension 'dsv' for command environment
[2.328s] INFO:colcon.colcon_ros.task.ament_python.build:Building ROS package in '/home/cav330/f1tenth_ws/src/f1tenth_system/teleop_tools/key_teleop' with build type 'ament_python'
[2.341s] Level 1:colcon.colcon_core.shell:create_environment_hook('key_teleop', 'ament_prefix_path')
[2.346s] INFO:colcon.colcon_core.shell:Creating environment hook '/home/cav330/f1tenth_ws/install/key_teleop/share/key_teleop/hook/ament_prefix_path.ps1'
[2.350s] INFO:colcon.colcon_core.shell:Creating environment descriptor '/home/cav330/f1tenth_ws/install/key_teleop/share/key_teleop/hook/ament_prefix_path.dsv'
[2.353s] INFO:colcon.colcon_core.shell:Creating environment hook '/home/cav330/f1tenth_ws/install/key_teleop/share/key_teleop/hook/ament_prefix_path.sh'
[2.357s] INFO:colcon.colcon_core.shell:Skip shell extension 'powershell' for command environment: Not usable outside of PowerShell
[2.358s] DEBUG:colcon.colcon_core.shell:Skip shell extension 'dsv' for command environment
[2.436s] DEBUG:colcon.colcon_core.event_handler.log_command:Invoking command in '/home/cav330/f1tenth_ws/build/vesc_msgs': CMAKE_PREFIX_PATH=${CMAKE_PREFIX_PATH}:/home/cav330/f1tenth_ws/install/f1tenth_stack:/home/cav330/f1tenth_ws/install/joy_teleop:/home/cav330/f1tenth_ws/install/mouse_teleop:/home/cav330/f1tenth_ws/install/key_teleop:/home/cav330/f1tenth_ws/install/f1tenth_gym_ros:/opt/ros/foxy /usr/bin/cmake --build /home/cav330/f1tenth_ws/build/vesc_msgs -- -j4 -l4
[2.475s] DEBUG:colcon.colcon_core.event_handler.log_command:Invoking command in '/home/cav330/f1tenth_ws/build/teleop_tools_msgs': CMAKE_PREFIX_PATH=${CMAKE_PREFIX_PATH}:/home/cav330/f1tenth_ws/install/f1tenth_stack:/home/cav330/f1tenth_ws/install/joy_teleop:/home/cav330/f1tenth_ws/install/mouse_teleop:/home/cav330/f1tenth_ws/install/key_teleop:/home/cav330/f1tenth_ws/install/f1tenth_gym_ros:/opt/ros/foxy /usr/bin/cmake --build /home/cav330/f1tenth_ws/build/teleop_tools_msgs -- -j4 -l4
[2.501s] DEBUG:colcon.colcon_core.event_handler.log_command:Invoking command in '/home/cav330/f1tenth_ws/build/ackermann_mux': CMAKE_PREFIX_PATH=${CMAKE_PREFIX_PATH}:/home/cav330/f1tenth_ws/install/f1tenth_stack:/home/cav330/f1tenth_ws/install/joy_teleop:/home/cav330/f1tenth_ws/install/mouse_teleop:/home/cav330/f1tenth_ws/install/key_teleop:/home/cav330/f1tenth_ws/install/f1tenth_gym_ros:/opt/ros/foxy /usr/bin/cmake --build /home/cav330/f1tenth_ws/build/ackermann_mux -- -j4 -l4
[4.347s] INFO:colcon.colcon_core.task.python.build:Building Python package in '/home/cav330/f1tenth_ws/src/f1tenth_system/teleop_tools/key_teleop'
[4.352s] INFO:colcon.colcon_core.shell:Skip shell extension 'powershell' for command environment: Not usable outside of PowerShell
[4.352s] DEBUG:colcon.colcon_core.shell:Skip shell extension 'dsv' for command environment
[4.500s] DEBUG:colcon.colcon_core.event_handler.log_command:Invoked command in '/home/cav330/f1tenth_ws/build/ackermann_mux' returned '0': CMAKE_PREFIX_PATH=${CMAKE_PREFIX_PATH}:/home/cav330/f1tenth_ws/install/f1tenth_stack:/home/cav330/f1tenth_ws/install/joy_teleop:/home/cav330/f1tenth_ws/install/mouse_teleop:/home/cav330/f1tenth_ws/install/key_teleop:/home/cav330/f1tenth_ws/install/f1tenth_gym_ros:/opt/ros/foxy /usr/bin/cmake --build /home/cav330/f1tenth_ws/build/ackermann_mux -- -j4 -l4
[4.613s] DEBUG:colcon.colcon_core.event_handler.log_command:Invoking command in '/home/cav330/f1tenth_ws/build/ackermann_mux': CMAKE_PREFIX_PATH=${CMAKE_PREFIX_PATH}:/home/cav330/f1tenth_ws/install/f1tenth_stack:/home/cav330/f1tenth_ws/install/joy_teleop:/home/cav330/f1tenth_ws/install/mouse_teleop:/home/cav330/f1tenth_ws/install/key_teleop:/home/cav330/f1tenth_ws/install/f1tenth_gym_ros:/opt/ros/foxy /usr/bin/cmake --install /home/cav330/f1tenth_ws/build/ackermann_mux
[4.738s] DEBUG:colcon.colcon_core.event_handler.log_command:Invoked command in '/home/cav330/f1tenth_ws/build/vesc_msgs' returned '0': CMAKE_PREFIX_PATH=${CMAKE_PREFIX_PATH}:/home/cav330/f1tenth_ws/install/f1tenth_stack:/home/cav330/f1tenth_ws/install/joy_teleop:/home/cav330/f1tenth_ws/install/mouse_teleop:/home/cav330/f1tenth_ws/install/key_teleop:/home/cav330/f1tenth_ws/install/f1tenth_gym_ros:/opt/ros/foxy /usr/bin/cmake --build /home/cav330/f1tenth_ws/build/vesc_msgs -- -j4 -l4
[4.741s] DEBUG:colcon.colcon_core.event_handler.log_command:Invoking command in '/home/cav330/f1tenth_ws/build/vesc_msgs': CMAKE_PREFIX_PATH=${CMAKE_PREFIX_PATH}:/home/cav330/f1tenth_ws/install/f1tenth_stack:/home/cav330/f1tenth_ws/install/joy_teleop:/home/cav330/f1tenth_ws/install/mouse_teleop:/home/cav330/f1tenth_ws/install/key_teleop:/home/cav330/f1tenth_ws/install/f1tenth_gym_ros:/opt/ros/foxy /usr/bin/cmake --install /home/cav330/f1tenth_ws/build/vesc_msgs
[4.753s] Level 1:colcon.colcon_core.environment:create_environment_scripts_only(ackermann_mux)
[4.758s] DEBUG:colcon.colcon_core.event_handler.log_command:Invoked command in '/home/cav330/f1tenth_ws/build/ackermann_mux' returned '0': CMAKE_PREFIX_PATH=${CMAKE_PREFIX_PATH}:/home/cav330/f1tenth_ws/install/f1tenth_stack:/home/cav330/f1tenth_ws/install/joy_teleop:/home/cav330/f1tenth_ws/install/mouse_teleop:/home/cav330/f1tenth_ws/install/key_teleop:/home/cav330/f1tenth_ws/install/f1tenth_gym_ros:/opt/ros/foxy /usr/bin/cmake --install /home/cav330/f1tenth_ws/build/ackermann_mux
[4.776s] Level 1:colcon.colcon_core.environment:checking '/home/cav330/f1tenth_ws/install/ackermann_mux' for CMake module files
[4.782s] Level 1:colcon.colcon_core.environment:checking '/home/cav330/f1tenth_ws/install/ackermann_mux' for CMake config files
[4.785s] Level 1:colcon.colcon_core.shell:create_environment_hook('ackermann_mux', 'cmake_prefix_path')
[4.787s] INFO:colcon.colcon_core.shell:Creating environment hook '/home/cav330/f1tenth_ws/install/ackermann_mux/share/ackermann_mux/hook/cmake_prefix_path.ps1'
[4.791s] INFO:colcon.colcon_core.shell:Creating environment descriptor '/home/cav330/f1tenth_ws/install/ackermann_mux/share/ackermann_mux/hook/cmake_prefix_path.dsv'
[4.796s] INFO:colcon.colcon_core.shell:Creating environment hook '/home/cav330/f1tenth_ws/install/ackermann_mux/share/ackermann_mux/hook/cmake_prefix_path.sh'
[4.803s] Level 1:colcon.colcon_core.environment:checking '/home/cav330/f1tenth_ws/install/ackermann_mux/lib'
[4.805s] Level 1:colcon.colcon_core.environment:checking '/home/cav330/f1tenth_ws/install/ackermann_mux/bin'
[4.806s] Level 1:colcon.colcon_core.environment:checking '/home/cav330/f1tenth_ws/install/ackermann_mux/lib/pkgconfig/ackermann_mux.pc'
[4.832s] Level 1:colcon.colcon_core.environment:checking '/home/cav330/f1tenth_ws/install/ackermann_mux/lib/python3.8/site-packages'
[4.834s] Level 1:colcon.colcon_core.environment:checking '/home/cav330/f1tenth_ws/install/ackermann_mux/bin'
[4.835s] INFO:colcon.colcon_core.shell:Creating package script '/home/cav330/f1tenth_ws/install/ackermann_mux/share/ackermann_mux/package.ps1'
[4.842s] INFO:colcon.colcon_core.shell:Creating package descriptor '/home/cav330/f1tenth_ws/install/ackermann_mux/share/ackermann_mux/package.dsv'
[4.847s] INFO:colcon.colcon_core.shell:Creating package script '/home/cav330/f1tenth_ws/install/ackermann_mux/share/ackermann_mux/package.sh'
[4.853s] INFO:colcon.colcon_core.shell:Creating package script '/home/cav330/f1tenth_ws/install/ackermann_mux/share/ackermann_mux/package.bash'
[4.859s] INFO:colcon.colcon_core.shell:Creating package script '/home/cav330/f1tenth_ws/install/ackermann_mux/share/ackermann_mux/package.zsh'
[4.865s] Level 1:colcon.colcon_core.environment:create_file_with_runtime_dependencies(/home/cav330/f1tenth_ws/install/ackermann_mux/share/colcon-core/packages/ackermann_mux)
[4.873s] Level 1:colcon.colcon_core.environment:create_environment_scripts_only(ackermann_mux)
[4.875s] Level 1:colcon.colcon_core.environment:checking '/home/cav330/f1tenth_ws/install/ackermann_mux' for CMake module files
[4.887s] Level 1:colcon.colcon_core.environment:checking '/home/cav330/f1tenth_ws/install/ackermann_mux' for CMake config files
[4.895s] Level 1:colcon.colcon_core.shell:create_environment_hook('ackermann_mux', 'cmake_prefix_path')
[4.897s] INFO:colcon.colcon_core.shell:Creating environment hook '/home/cav330/f1tenth_ws/install/ackermann_mux/share/ackermann_mux/hook/cmake_prefix_path.ps1'
[4.900s] INFO:colcon.colcon_core.shell:Creating environment descriptor '/home/cav330/f1tenth_ws/install/ackermann_mux/share/ackermann_mux/hook/cmake_prefix_path.dsv'
[4.903s] INFO:colcon.colcon_core.shell:Creating environment hook '/home/cav330/f1tenth_ws/install/ackermann_mux/share/ackermann_mux/hook/cmake_prefix_path.sh'
[4.917s] Level 1:colcon.colcon_core.environment:checking '/home/cav330/f1tenth_ws/install/ackermann_mux/lib'
[4.917s] Level 1:colcon.colcon_core.environment:checking '/home/cav330/f1tenth_ws/install/ackermann_mux/bin'
[4.918s] Level 1:colcon.colcon_core.environment:checking '/home/cav330/f1tenth_ws/install/ackermann_mux/lib/pkgconfig/ackermann_mux.pc'
[4.918s] Level 1:colcon.colcon_core.environment:checking '/home/cav330/f1tenth_ws/install/ackermann_mux/lib/python3.8/site-packages'
[4.919s] Level 1:colcon.colcon_core.environment:checking '/home/cav330/f1tenth_ws/install/ackermann_mux/bin'
[4.921s] INFO:colcon.colcon_core.shell:Creating package script '/home/cav330/f1tenth_ws/install/ackermann_mux/share/ackermann_mux/package.ps1'
[4.924s] INFO:colcon.colcon_core.shell:Creating package descriptor '/home/cav330/f1tenth_ws/install/ackermann_mux/share/ackermann_mux/package.dsv'
[4.927s] INFO:colcon.colcon_core.shell:Creating package script '/home/cav330/f1tenth_ws/install/ackermann_mux/share/ackermann_mux/package.sh'
[4.930s] INFO:colcon.colcon_core.shell:Creating package script '/home/cav330/f1tenth_ws/install/ackermann_mux/share/ackermann_mux/package.bash'
[4.934s] INFO:colcon.colcon_core.shell:Creating package script '/home/cav330/f1tenth_ws/install/ackermann_mux/share/ackermann_mux/package.zsh'
[4.937s] Level 1:colcon.colcon_core.environment:create_file_with_runtime_dependencies(/home/cav330/f1tenth_ws/install/ackermann_mux/share/colcon-core/packages/ackermann_mux)
[4.944s] INFO:colcon.colcon_ros.task.ament_python.build:Building ROS package in '/home/cav330/f1tenth_ws/src/f1tenth_gym_ros' with build type 'ament_python'
[4.945s] Level 1:colcon.colcon_core.shell:create_environment_hook('f1tenth_gym_ros', 'ament_prefix_path')
[4.946s] INFO:colcon.colcon_core.shell:Creating environment hook '/home/cav330/f1tenth_ws/install/f1tenth_gym_ros/share/f1tenth_gym_ros/hook/ament_prefix_path.ps1'
[4.951s] INFO:colcon.colcon_core.shell:Creating environment descriptor '/home/cav330/f1tenth_ws/install/f1tenth_gym_ros/share/f1tenth_gym_ros/hook/ament_prefix_path.dsv'
[4.953s] INFO:colcon.colcon_core.shell:Creating environment hook '/home/cav330/f1tenth_ws/install/f1tenth_gym_ros/share/f1tenth_gym_ros/hook/ament_prefix_path.sh'
[4.957s] INFO:colcon.colcon_core.shell:Skip shell extension 'powershell' for command environment: Not usable outside of PowerShell
[4.958s] DEBUG:colcon.colcon_core.shell:Skip shell extension 'dsv' for command environment
[5.010s] DEBUG:colcon.colcon_core.event_handler.log_command:Invoked command in '/home/cav330/f1tenth_ws/build/teleop_tools_msgs' returned '0': CMAKE_PREFIX_PATH=${CMAKE_PREFIX_PATH}:/home/cav330/f1tenth_ws/install/f1tenth_stack:/home/cav330/f1tenth_ws/install/joy_teleop:/home/cav330/f1tenth_ws/install/mouse_teleop:/home/cav330/f1tenth_ws/install/key_teleop:/home/cav330/f1tenth_ws/install/f1tenth_gym_ros:/opt/ros/foxy /usr/bin/cmake --build /home/cav330/f1tenth_ws/build/teleop_tools_msgs -- -j4 -l4
[5.022s] DEBUG:colcon.colcon_core.event_handler.log_command:Invoking command in '/home/cav330/f1tenth_ws/build/teleop_tools_msgs': CMAKE_PREFIX_PATH=${CMAKE_PREFIX_PATH}:/home/cav330/f1tenth_ws/install/f1tenth_stack:/home/cav330/f1tenth_ws/install/joy_teleop:/home/cav330/f1tenth_ws/install/mouse_teleop:/home/cav330/f1tenth_ws/install/key_teleop:/home/cav330/f1tenth_ws/install/f1tenth_gym_ros:/opt/ros/foxy /usr/bin/cmake --install /home/cav330/f1tenth_ws/build/teleop_tools_msgs
[6.320s] INFO:colcon.colcon_core.task.python.build:Building Python package in '/home/cav330/f1tenth_ws/src/f1tenth_gym_ros'
[6.324s] INFO:colcon.colcon_core.shell:Skip shell extension 'powershell' for command environment: Not usable outside of PowerShell
[6.325s] DEBUG:colcon.colcon_core.shell:Skip shell extension 'dsv' for command environment
[6.372s] Level 1:colcon.colcon_core.environment:create_environment_scripts_only(teleop_tools_msgs)
[6.378s] Level 1:colcon.colcon_core.environment:checking '/home/cav330/f1tenth_ws/install/teleop_tools_msgs' for CMake module files
[6.381s] DEBUG:colcon.colcon_core.event_handler.log_command:Invoked command in '/home/cav330/f1tenth_ws/build/teleop_tools_msgs' returned '0': CMAKE_PREFIX_PATH=${CMAKE_PREFIX_PATH}:/home/cav330/f1tenth_ws/install/f1tenth_stack:/home/cav330/f1tenth_ws/install/joy_teleop:/home/cav330/f1tenth_ws/install/mouse_teleop:/home/cav330/f1tenth_ws/install/key_teleop:/home/cav330/f1tenth_ws/install/f1tenth_gym_ros:/opt/ros/foxy /usr/bin/cmake --install /home/cav330/f1tenth_ws/build/teleop_tools_msgs
[6.385s] Level 1:colcon.colcon_core.environment:checking '/home/cav330/f1tenth_ws/install/teleop_tools_msgs' for CMake config files
[6.390s] Level 1:colcon.colcon_core.shell:create_environment_hook('teleop_tools_msgs', 'cmake_prefix_path')
[6.391s] INFO:colcon.colcon_core.shell:Creating environment hook '/home/cav330/f1tenth_ws/install/teleop_tools_msgs/share/teleop_tools_msgs/hook/cmake_prefix_path.ps1'
[6.396s] INFO:colcon.colcon_core.shell:Creating environment descriptor '/home/cav330/f1tenth_ws/install/teleop_tools_msgs/share/teleop_tools_msgs/hook/cmake_prefix_path.dsv'
[6.399s] INFO:colcon.colcon_core.shell:Creating environment hook '/home/cav330/f1tenth_ws/install/teleop_tools_msgs/share/teleop_tools_msgs/hook/cmake_prefix_path.sh'
[6.403s] Level 1:colcon.colcon_core.environment:checking '/home/cav330/f1tenth_ws/install/teleop_tools_msgs/lib'
[6.403s] Level 1:colcon.colcon_core.shell:create_environment_hook('teleop_tools_msgs', 'ld_library_path_lib')
[6.405s] INFO:colcon.colcon_core.shell:Creating environment hook '/home/cav330/f1tenth_ws/install/teleop_tools_msgs/share/teleop_tools_msgs/hook/ld_library_path_lib.ps1'
[6.407s] INFO:colcon.colcon_core.shell:Creating environment descriptor '/home/cav330/f1tenth_ws/install/teleop_tools_msgs/share/teleop_tools_msgs/hook/ld_library_path_lib.dsv'
[6.408s] INFO:colcon.colcon_core.shell:Creating environment hook '/home/cav330/f1tenth_ws/install/teleop_tools_msgs/share/teleop_tools_msgs/hook/ld_library_path_lib.sh'
[6.410s] Level 1:colcon.colcon_core.environment:checking '/home/cav330/f1tenth_ws/install/teleop_tools_msgs/bin'
[6.410s] Level 1:colcon.colcon_core.environment:checking '/home/cav330/f1tenth_ws/install/teleop_tools_msgs/lib/pkgconfig/teleop_tools_msgs.pc'
[6.411s] Level 1:colcon.colcon_core.environment:checking '/home/cav330/f1tenth_ws/install/teleop_tools_msgs/lib/python3.8/site-packages'
[6.412s] Level 1:colcon.colcon_core.shell:create_environment_hook('teleop_tools_msgs', 'pythonpath')
[6.413s] INFO:colcon.colcon_core.shell:Creating environment hook '/home/cav330/f1tenth_ws/install/teleop_tools_msgs/share/teleop_tools_msgs/hook/pythonpath.ps1'
[6.415s] INFO:colcon.colcon_core.shell:Creating environment descriptor '/home/cav330/f1tenth_ws/install/teleop_tools_msgs/share/teleop_tools_msgs/hook/pythonpath.dsv'
[6.416s] INFO:colcon.colcon_core.shell:Creating environment hook '/home/cav330/f1tenth_ws/install/teleop_tools_msgs/share/teleop_tools_msgs/hook/pythonpath.sh'
[6.419s] Level 1:colcon.colcon_core.environment:checking '/home/cav330/f1tenth_ws/install/teleop_tools_msgs/bin'
[6.420s] INFO:colcon.colcon_core.shell:Creating package script '/home/cav330/f1tenth_ws/install/teleop_tools_msgs/share/teleop_tools_msgs/package.ps1'
[6.424s] INFO:colcon.colcon_core.shell:Creating package descriptor '/home/cav330/f1tenth_ws/install/teleop_tools_msgs/share/teleop_tools_msgs/package.dsv'
[6.427s] INFO:colcon.colcon_core.shell:Creating package script '/home/cav330/f1tenth_ws/install/teleop_tools_msgs/share/teleop_tools_msgs/package.sh'
[6.432s] INFO:colcon.colcon_core.shell:Creating package script '/home/cav330/f1tenth_ws/install/teleop_tools_msgs/share/teleop_tools_msgs/package.bash'
[6.435s] INFO:colcon.colcon_core.shell:Creating package script '/home/cav330/f1tenth_ws/install/teleop_tools_msgs/share/teleop_tools_msgs/package.zsh'
[6.437s] Level 1:colcon.colcon_core.environment:create_file_with_runtime_dependencies(/home/cav330/f1tenth_ws/install/teleop_tools_msgs/share/colcon-core/packages/teleop_tools_msgs)
[6.441s] Level 1:colcon.colcon_core.environment:create_environment_scripts_only(teleop_tools_msgs)
[6.442s] Level 1:colcon.colcon_core.environment:checking '/home/cav330/f1tenth_ws/install/teleop_tools_msgs' for CMake module files
[6.445s] Level 1:colcon.colcon_core.environment:checking '/home/cav330/f1tenth_ws/install/teleop_tools_msgs' for CMake config files
[6.448s] Level 1:colcon.colcon_core.shell:create_environment_hook('teleop_tools_msgs', 'cmake_prefix_path')
[6.449s] INFO:colcon.colcon_core.shell:Creating environment hook '/home/cav330/f1tenth_ws/install/teleop_tools_msgs/share/teleop_tools_msgs/hook/cmake_prefix_path.ps1'
[6.451s] INFO:colcon.colcon_core.shell:Creating environment descriptor '/home/cav330/f1tenth_ws/install/teleop_tools_msgs/share/teleop_tools_msgs/hook/cmake_prefix_path.dsv'
[6.453s] INFO:colcon.colcon_core.shell:Creating environment hook '/home/cav330/f1tenth_ws/install/teleop_tools_msgs/share/teleop_tools_msgs/hook/cmake_prefix_path.sh'
[6.455s] Level 1:colcon.colcon_core.environment:checking '/home/cav330/f1tenth_ws/install/teleop_tools_msgs/lib'
[6.456s] Level 1:colcon.colcon_core.shell:create_environment_hook('teleop_tools_msgs', 'ld_library_path_lib')
[6.457s] INFO:colcon.colcon_core.shell:Creating environment hook '/home/cav330/f1tenth_ws/install/teleop_tools_msgs/share/teleop_tools_msgs/hook/ld_library_path_lib.ps1'
[6.459s] INFO:colcon.colcon_core.shell:Creating environment descriptor '/home/cav330/f1tenth_ws/install/teleop_tools_msgs/share/teleop_tools_msgs/hook/ld_library_path_lib.dsv'
[6.461s] INFO:colcon.colcon_core.shell:Creating environment hook '/home/cav330/f1tenth_ws/install/teleop_tools_msgs/share/teleop_tools_msgs/hook/ld_library_path_lib.sh'
[6.463s] Level 1:colcon.colcon_core.environment:checking '/home/cav330/f1tenth_ws/install/teleop_tools_msgs/bin'
[6.463s] Level 1:colcon.colcon_core.environment:checking '/home/cav330/f1tenth_ws/install/teleop_tools_msgs/lib/pkgconfig/teleop_tools_msgs.pc'
[6.464s] Level 1:colcon.colcon_core.environment:checking '/home/cav330/f1tenth_ws/install/teleop_tools_msgs/lib/python3.8/site-packages'
[6.465s] Level 1:colcon.colcon_core.shell:create_environment_hook('teleop_tools_msgs', 'pythonpath')
[6.466s] INFO:colcon.colcon_core.shell:Creating environment hook '/home/cav330/f1tenth_ws/install/teleop_tools_msgs/share/teleop_tools_msgs/hook/pythonpath.ps1'
[6.469s] INFO:colcon.colcon_core.shell:Creating environment descriptor '/home/cav330/f1tenth_ws/install/teleop_tools_msgs/share/teleop_tools_msgs/hook/pythonpath.dsv'
[6.471s] INFO:colcon.colcon_core.shell:Creating environment hook '/home/cav330/f1tenth_ws/install/teleop_tools_msgs/share/teleop_tools_msgs/hook/pythonpath.sh'
[6.473s] Level 1:colcon.colcon_core.environment:checking '/home/cav330/f1tenth_ws/install/teleop_tools_msgs/bin'
[6.475s] INFO:colcon.colcon_core.shell:Creating package script '/home/cav330/f1tenth_ws/install/teleop_tools_msgs/share/teleop_tools_msgs/package.ps1'
[6.478s] INFO:colcon.colcon_core.shell:Creating package descriptor '/home/cav330/f1tenth_ws/install/teleop_tools_msgs/share/teleop_tools_msgs/package.dsv'
[6.481s] INFO:colcon.colcon_core.shell:Creating package script '/home/cav330/f1tenth_ws/install/teleop_tools_msgs/share/teleop_tools_msgs/package.sh'
[6.484s] INFO:colcon.colcon_core.shell:Creating package script '/home/cav330/f1tenth_ws/install/teleop_tools_msgs/share/teleop_tools_msgs/package.bash'
[6.486s] INFO:colcon.colcon_core.shell:Creating package script '/home/cav330/f1tenth_ws/install/teleop_tools_msgs/share/teleop_tools_msgs/package.zsh'
[6.489s] Level 1:colcon.colcon_core.environment:create_file_with_runtime_dependencies(/home/cav330/f1tenth_ws/install/teleop_tools_msgs/share/colcon-core/packages/teleop_tools_msgs)
[6.491s] Level 1:colcon.colcon_core.environment:create_environment_scripts_only(vesc_msgs)
[6.492s] Level 1:colcon.colcon_core.environment:checking '/home/cav330/f1tenth_ws/install/vesc_msgs' for CMake module files
[6.498s] DEBUG:colcon.colcon_core.event_handler.log_command:Invoked command in '/home/cav330/f1tenth_ws/build/vesc_msgs' returned '0': CMAKE_PREFIX_PATH=${CMAKE_PREFIX_PATH}:/home/cav330/f1tenth_ws/install/f1tenth_stack:/home/cav330/f1tenth_ws/install/joy_teleop:/home/cav330/f1tenth_ws/install/mouse_teleop:/home/cav330/f1tenth_ws/install/key_teleop:/home/cav330/f1tenth_ws/install/f1tenth_gym_ros:/opt/ros/foxy /usr/bin/cmake --install /home/cav330/f1tenth_ws/build/vesc_msgs
[6.499s] Level 1:colcon.colcon_core.environment:checking '/home/cav330/f1tenth_ws/install/vesc_msgs' for CMake config files
[6.502s] Level 1:colcon.colcon_core.shell:create_environment_hook('vesc_msgs', 'cmake_prefix_path')
[6.503s] INFO:colcon.colcon_core.shell:Creating environment hook '/home/cav330/f1tenth_ws/install/vesc_msgs/share/vesc_msgs/hook/cmake_prefix_path.ps1'
[6.505s] INFO:colcon.colcon_core.shell:Creating environment descriptor '/home/cav330/f1tenth_ws/install/vesc_msgs/share/vesc_msgs/hook/cmake_prefix_path.dsv'
[6.509s] INFO:colcon.colcon_core.shell:Creating environment hook '/home/cav330/f1tenth_ws/install/vesc_msgs/share/vesc_msgs/hook/cmake_prefix_path.sh'
[6.512s] Level 1:colcon.colcon_core.environment:checking '/home/cav330/f1tenth_ws/install/vesc_msgs/lib'
[6.513s] Level 1:colcon.colcon_core.shell:create_environment_hook('vesc_msgs', 'ld_library_path_lib')
[6.514s] INFO:colcon.colcon_core.shell:Creating environment hook '/home/cav330/f1tenth_ws/install/vesc_msgs/share/vesc_msgs/hook/ld_library_path_lib.ps1'
[6.517s] INFO:colcon.colcon_core.shell:Creating environment descriptor '/home/cav330/f1tenth_ws/install/vesc_msgs/share/vesc_msgs/hook/ld_library_path_lib.dsv'
[6.519s] INFO:colcon.colcon_core.shell:Creating environment hook '/home/cav330/f1tenth_ws/install/vesc_msgs/share/vesc_msgs/hook/ld_library_path_lib.sh'
[6.521s] Level 1:colcon.colcon_core.environment:checking '/home/cav330/f1tenth_ws/install/vesc_msgs/bin'
[6.522s] Level 1:colcon.colcon_core.environment:checking '/home/cav330/f1tenth_ws/install/vesc_msgs/lib/pkgconfig/vesc_msgs.pc'
[6.524s] Level 1:colcon.colcon_core.environment:checking '/home/cav330/f1tenth_ws/install/vesc_msgs/lib/python3.8/site-packages'
[6.524s] Level 1:colcon.colcon_core.shell:create_environment_hook('vesc_msgs', 'pythonpath')
[6.525s] INFO:colcon.colcon_core.shell:Creating environment hook '/home/cav330/f1tenth_ws/install/vesc_msgs/share/vesc_msgs/hook/pythonpath.ps1'
[6.527s] INFO:colcon.colcon_core.shell:Creating environment descriptor '/home/cav330/f1tenth_ws/install/vesc_msgs/share/vesc_msgs/hook/pythonpath.dsv'
[6.534s] INFO:colcon.colcon_core.shell:Creating environment hook '/home/cav330/f1tenth_ws/install/vesc_msgs/share/vesc_msgs/hook/pythonpath.sh'
[6.538s] Level 1:colcon.colcon_core.environment:checking '/home/cav330/f1tenth_ws/install/vesc_msgs/bin'
[6.540s] INFO:colcon.colcon_core.shell:Creating package script '/home/cav330/f1tenth_ws/install/vesc_msgs/share/vesc_msgs/package.ps1'
[6.544s] INFO:colcon.colcon_core.shell:Creating package descriptor '/home/cav330/f1tenth_ws/install/vesc_msgs/share/vesc_msgs/package.dsv'
[6.549s] INFO:colcon.colcon_core.shell:Creating package script '/home/cav330/f1tenth_ws/install/vesc_msgs/share/vesc_msgs/package.sh'
[6.553s] INFO:colcon.colcon_core.shell:Creating package script '/home/cav330/f1tenth_ws/install/vesc_msgs/share/vesc_msgs/package.bash'
[6.555s] INFO:colcon.colcon_core.shell:Creating package script '/home/cav330/f1tenth_ws/install/vesc_msgs/share/vesc_msgs/package.zsh'
[6.559s] Level 1:colcon.colcon_core.environment:create_file_with_runtime_dependencies(/home/cav330/f1tenth_ws/install/vesc_msgs/share/colcon-core/packages/vesc_msgs)
[6.563s] Level 1:colcon.colcon_core.environment:create_environment_scripts_only(vesc_msgs)
[6.564s] Level 1:colcon.colcon_core.environment:checking '/home/cav330/f1tenth_ws/install/vesc_msgs' for CMake module files
[6.569s] Level 1:colcon.colcon_core.environment:checking '/home/cav330/f1tenth_ws/install/vesc_msgs' for CMake config files
[6.571s] Level 1:colcon.colcon_core.shell:create_environment_hook('vesc_msgs', 'cmake_prefix_path')
[6.573s] INFO:colcon.colcon_core.shell:Creating environment hook '/home/cav330/f1tenth_ws/install/vesc_msgs/share/vesc_msgs/hook/cmake_prefix_path.ps1'
[6.576s] INFO:colcon.colcon_core.shell:Creating environment descriptor '/home/cav330/f1tenth_ws/install/vesc_msgs/share/vesc_msgs/hook/cmake_prefix_path.dsv'
[6.578s] INFO:colcon.colcon_core.shell:Creating environment hook '/home/cav330/f1tenth_ws/install/vesc_msgs/share/vesc_msgs/hook/cmake_prefix_path.sh'
[6.580s] Level 1:colcon.colcon_core.environment:checking '/home/cav330/f1tenth_ws/install/vesc_msgs/lib'
[6.581s] Level 1:colcon.colcon_core.shell:create_environment_hook('vesc_msgs', 'ld_library_path_lib')
[6.582s] INFO:colcon.colcon_core.shell:Creating environment hook '/home/cav330/f1tenth_ws/install/vesc_msgs/share/vesc_msgs/hook/ld_library_path_lib.ps1'
[6.585s] INFO:colcon.colcon_core.shell:Creating environment descriptor '/home/cav330/f1tenth_ws/install/vesc_msgs/share/vesc_msgs/hook/ld_library_path_lib.dsv'
[6.586s] INFO:colcon.colcon_core.shell:Creating environment hook '/home/cav330/f1tenth_ws/install/vesc_msgs/share/vesc_msgs/hook/ld_library_path_lib.sh'
[6.589s] Level 1:colcon.colcon_core.environment:checking '/home/cav330/f1tenth_ws/install/vesc_msgs/bin'
[6.589s] Level 1:colcon.colcon_core.environment:checking '/home/cav330/f1tenth_ws/install/vesc_msgs/lib/pkgconfig/vesc_msgs.pc'
[6.590s] Level 1:colcon.colcon_core.environment:checking '/home/cav330/f1tenth_ws/install/vesc_msgs/lib/python3.8/site-packages'
[6.590s] Level 1:colcon.colcon_core.shell:create_environment_hook('vesc_msgs', 'pythonpath')
[6.591s] INFO:colcon.colcon_core.shell:Creating environment hook '/home/cav330/f1tenth_ws/install/vesc_msgs/share/vesc_msgs/hook/pythonpath.ps1'
[6.593s] INFO:colcon.colcon_core.shell:Creating environment descriptor '/home/cav330/f1tenth_ws/install/vesc_msgs/share/vesc_msgs/hook/pythonpath.dsv'
[6.595s] INFO:colcon.colcon_core.shell:Creating environment hook '/home/cav330/f1tenth_ws/install/vesc_msgs/share/vesc_msgs/hook/pythonpath.sh'
[6.598s] Level 1:colcon.colcon_core.environment:checking '/home/cav330/f1tenth_ws/install/vesc_msgs/bin'
[6.600s] INFO:colcon.colcon_core.shell:Creating package script '/home/cav330/f1tenth_ws/install/vesc_msgs/share/vesc_msgs/package.ps1'
[6.604s] INFO:colcon.colcon_core.shell:Creating package descriptor '/home/cav330/f1tenth_ws/install/vesc_msgs/share/vesc_msgs/package.dsv'
[6.608s] INFO:colcon.colcon_core.shell:Creating package script '/home/cav330/f1tenth_ws/install/vesc_msgs/share/vesc_msgs/package.sh'
[6.610s] INFO:colcon.colcon_core.shell:Creating package script '/home/cav330/f1tenth_ws/install/vesc_msgs/share/vesc_msgs/package.bash'
[6.613s] INFO:colcon.colcon_core.shell:Creating package script '/home/cav330/f1tenth_ws/install/vesc_msgs/share/vesc_msgs/package.zsh'
[6.615s] Level 1:colcon.colcon_core.environment:create_file_with_runtime_dependencies(/home/cav330/f1tenth_ws/install/vesc_msgs/share/colcon-core/packages/vesc_msgs)
[6.635s] INFO:colcon.colcon_ros.task.ament_python.build:Building ROS package in '/home/cav330/f1tenth_ws/src/f1tenth_system/teleop_tools/joy_teleop' with build type 'ament_python'
[6.636s] Level 1:colcon.colcon_core.shell:create_environment_hook('joy_teleop', 'ament_prefix_path')
[6.644s] INFO:colcon.colcon_core.shell:Creating environment hook '/home/cav330/f1tenth_ws/install/joy_teleop/share/joy_teleop/hook/ament_prefix_path.ps1'
[6.648s] INFO:colcon.colcon_core.shell:Creating environment descriptor '/home/cav330/f1tenth_ws/install/joy_teleop/share/joy_teleop/hook/ament_prefix_path.dsv'
[6.651s] INFO:colcon.colcon_core.shell:Creating environment hook '/home/cav330/f1tenth_ws/install/joy_teleop/share/joy_teleop/hook/ament_prefix_path.sh'
[6.655s] INFO:colcon.colcon_core.shell:Skip shell extension 'powershell' for command environment: Not usable outside of PowerShell
[6.655s] DEBUG:colcon.colcon_core.shell:Skip shell extension 'dsv' for command environment
[6.692s] INFO:colcon.colcon_ros.task.ament_cmake.build:Building ROS package in '/home/cav330/f1tenth_ws/src/f1tenth_system/vesc/vesc_ackermann' with build type 'ament_cmake'
[6.695s] INFO:colcon.colcon_cmake.task.cmake.build:Building CMake package in '/home/cav330/f1tenth_ws/src/f1tenth_system/vesc/vesc_ackermann'
[6.703s] INFO:colcon.colcon_core.shell:Skip shell extension 'powershell' for command environment: Not usable outside of PowerShell
[6.705s] DEBUG:colcon.colcon_core.shell:Skip shell extension 'dsv' for command environment
[6.816s] DEBUG:colcon.colcon_core.event_handler.log_command:Invoking command in '/home/cav330/f1tenth_ws/src/f1tenth_system/teleop_tools/key_teleop': PYTHONPATH=/home/cav330/f1tenth_ws/build/key_teleop/prefix_override:/usr/lib/python3/dist-packages/colcon_core/task/python/colcon_distutils_commands:/home/cav330/f1tenth_ws/install/key_teleop/lib/python3.8/site-packages:${PYTHONPATH} /usr/bin/python3 -W ignore:setup.py install is deprecated -W ignore:easy_install command is deprecated setup.py egg_info --egg-base ../../../../build/key_teleop build --build-base /home/cav330/f1tenth_ws/build/key_teleop/build install --record /home/cav330/f1tenth_ws/build/key_teleop/install.log --install-scripts $base/lib/key_teleop --single-version-externally-managed install_data
[8.124s] INFO:colcon.colcon_core.task.python.build:Building Python package in '/home/cav330/f1tenth_ws/src/f1tenth_system/teleop_tools/joy_teleop'
[8.127s] INFO:colcon.colcon_core.shell:Skip shell extension 'powershell' for command environment: Not usable outside of PowerShell
[8.128s] DEBUG:colcon.colcon_core.shell:Skip shell extension 'dsv' for command environment
[8.183s] DEBUG:colcon.colcon_core.event_handler.log_command:Invoking command in '/home/cav330/f1tenth_ws/build/vesc_ackermann': CMAKE_PREFIX_PATH=/home/cav330/f1tenth_ws/install/vesc_msgs:/home/cav330/f1tenth_ws/install/wall_follow:/home/cav330/f1tenth_ws/install/vesc:/home/cav330/f1tenth_ws/install/vesc_driver:/home/cav330/f1tenth_ws/install/vesc_ackermann:/home/cav330/f1tenth_ws/install/teleop_tools:/home/cav330/f1tenth_ws/install/teleop_tools_msgs:/home/cav330/f1tenth_ws/install/safety_node:/home/cav330/f1tenth_ws/install/ackermann_mux:/home/cav330/f1tenth_ws/install/f1tenth_stack:/home/cav330/f1tenth_ws/install/joy_teleop:/home/cav330/f1tenth_ws/install/mouse_teleop:/home/cav330/f1tenth_ws/install/key_teleop:/home/cav330/f1tenth_ws/install/f1tenth_gym_ros:/opt/ros/foxy LD_LIBRARY_PATH=/home/cav330/f1tenth_ws/install/vesc_msgs/lib:/home/cav330/f1tenth_ws/install/vesc_driver/lib:/home/cav330/f1tenth_ws/install/vesc_ackermann/lib:/home/cav330/f1tenth_ws/install/teleop_tools_msgs/lib:/opt/ros/foxy/opt/yaml_cpp_vendor/lib:/opt/ros/foxy/opt/rviz_ogre_vendor/lib:/opt/ros/foxy/lib/aarch64-linux-gnu:/opt/ros/foxy/lib:/usr/local/cuda-11.4/lib64 PYTHONPATH=/home/cav330/f1tenth_ws/install/vesc_msgs/lib/python3.8/site-packages:/home/cav330/f1tenth_ws/install/f1tenth_stack/lib/python3.8/site-packages:/home/cav330/f1tenth_ws/install/joy_teleop/lib/python3.8/site-packages:/home/cav330/f1tenth_ws/install/teleop_tools_msgs/lib/python3.8/site-packages:/home/cav330/f1tenth_ws/install/mouse_teleop/lib/python3.8/site-packages:/home/cav330/f1tenth_ws/install/key_teleop/lib/python3.8/site-packages:/home/cav330/f1tenth_ws/install/f1tenth_gym_ros/lib/python3.8/site-packages:/opt/ros/foxy/lib/python3.8/site-packages /usr/bin/cmake --build /home/cav330/f1tenth_ws/build/vesc_ackermann -- -j4 -l4
[8.638s] Level 1:colcon.colcon_core.environment:checking '/home/cav330/f1tenth_ws/install/key_teleop' for CMake module files
[8.643s] DEBUG:colcon.colcon_core.event_handler.log_command:Invoked command in '/home/cav330/f1tenth_ws/src/f1tenth_system/teleop_tools/key_teleop' returned '0': PYTHONPATH=/home/cav330/f1tenth_ws/build/key_teleop/prefix_override:/usr/lib/python3/dist-packages/colcon_core/task/python/colcon_distutils_commands:/home/cav330/f1tenth_ws/install/key_teleop/lib/python3.8/site-packages:${PYTHONPATH} /usr/bin/python3 -W ignore:setup.py install is deprecated -W ignore:easy_install command is deprecated setup.py egg_info --egg-base ../../../../build/key_teleop build --build-base /home/cav330/f1tenth_ws/build/key_teleop/build install --record /home/cav330/f1tenth_ws/build/key_teleop/install.log --install-scripts $base/lib/key_teleop --single-version-externally-managed install_data
[8.645s] Level 1:colcon.colcon_core.environment:checking '/home/cav330/f1tenth_ws/install/key_teleop' for CMake config files
[8.651s] Level 1:colcon.colcon_core.environment:checking '/home/cav330/f1tenth_ws/install/key_teleop/lib'
[8.658s] Level 1:colcon.colcon_core.environment:checking '/home/cav330/f1tenth_ws/install/key_teleop/bin'
[8.659s] Level 1:colcon.colcon_core.environment:checking '/home/cav330/f1tenth_ws/install/key_teleop/lib/pkgconfig/key_teleop.pc'
[8.660s] Level 1:colcon.colcon_core.environment:checking '/home/cav330/f1tenth_ws/install/key_teleop/lib/python3.8/site-packages'
[8.661s] Level 1:colcon.colcon_core.shell:create_environment_hook('key_teleop', 'pythonpath')
[8.662s] INFO:colcon.colcon_core.shell:Creating environment hook '/home/cav330/f1tenth_ws/install/key_teleop/share/key_teleop/hook/pythonpath.ps1'
[8.672s] INFO:colcon.colcon_core.shell:Creating environment descriptor '/home/cav330/f1tenth_ws/install/key_teleop/share/key_teleop/hook/pythonpath.dsv'
[8.678s] INFO:colcon.colcon_core.shell:Creating environment hook '/home/cav330/f1tenth_ws/install/key_teleop/share/key_teleop/hook/pythonpath.sh'
[8.682s] Level 1:colcon.colcon_core.environment:checking '/home/cav330/f1tenth_ws/install/key_teleop/bin'
[8.682s] Level 1:colcon.colcon_core.environment:create_environment_scripts_only(key_teleop)
[8.684s] INFO:colcon.colcon_core.shell:Creating package script '/home/cav330/f1tenth_ws/install/key_teleop/share/key_teleop/package.ps1'
[8.692s] INFO:colcon.colcon_core.shell:Creating package descriptor '/home/cav330/f1tenth_ws/install/key_teleop/share/key_teleop/package.dsv'
[8.695s] INFO:colcon.colcon_core.shell:Creating package script '/home/cav330/f1tenth_ws/install/key_teleop/share/key_teleop/package.sh'
[8.698s] INFO:colcon.colcon_core.shell:Creating package script '/home/cav330/f1tenth_ws/install/key_teleop/share/key_teleop/package.bash'
[8.701s] INFO:colcon.colcon_core.shell:Creating package script '/home/cav330/f1tenth_ws/install/key_teleop/share/key_teleop/package.zsh'
[8.703s] Level 1:colcon.colcon_core.environment:create_file_with_runtime_dependencies(/home/cav330/f1tenth_ws/install/key_teleop/share/colcon-core/packages/key_teleop)
[8.705s] INFO:colcon.colcon_ros.task.ament_cmake.build:Building ROS package in '/home/cav330/f1tenth_ws/src/f1tenth_system/vesc/vesc_driver' with build type 'ament_cmake'
[8.706s] INFO:colcon.colcon_cmake.task.cmake.build:Building CMake package in '/home/cav330/f1tenth_ws/src/f1tenth_system/vesc/vesc_driver'
[8.708s] INFO:colcon.colcon_core.shell:Skip shell extension 'powershell' for command environment: Not usable outside of PowerShell
[8.708s] DEBUG:colcon.colcon_core.shell:Skip shell extension 'dsv' for command environment
[8.868s] DEBUG:colcon.colcon_core.event_handler.log_command:Invoking command in '/home/cav330/f1tenth_ws/build/vesc_driver': CMAKE_PREFIX_PATH=/home/cav330/f1tenth_ws/install/vesc_msgs:/home/cav330/f1tenth_ws/install/wall_follow:/home/cav330/f1tenth_ws/install/vesc:/home/cav330/f1tenth_ws/install/vesc_driver:/home/cav330/f1tenth_ws/install/vesc_ackermann:/home/cav330/f1tenth_ws/install/teleop_tools:/home/cav330/f1tenth_ws/install/teleop_tools_msgs:/home/cav330/f1tenth_ws/install/safety_node:/home/cav330/f1tenth_ws/install/ackermann_mux:/home/cav330/f1tenth_ws/install/f1tenth_stack:/home/cav330/f1tenth_ws/install/joy_teleop:/home/cav330/f1tenth_ws/install/mouse_teleop:/home/cav330/f1tenth_ws/install/key_teleop:/home/cav330/f1tenth_ws/install/f1tenth_gym_ros:/opt/ros/foxy LD_LIBRARY_PATH=/home/cav330/f1tenth_ws/install/vesc_msgs/lib:/home/cav330/f1tenth_ws/install/vesc_driver/lib:/home/cav330/f1tenth_ws/install/vesc_ackermann/lib:/home/cav330/f1tenth_ws/install/teleop_tools_msgs/lib:/opt/ros/foxy/opt/yaml_cpp_vendor/lib:/opt/ros/foxy/opt/rviz_ogre_vendor/lib:/opt/ros/foxy/lib/aarch64-linux-gnu:/opt/ros/foxy/lib:/usr/local/cuda-11.4/lib64 PYTHONPATH=/home/cav330/f1tenth_ws/install/vesc_msgs/lib/python3.8/site-packages:/home/cav330/f1tenth_ws/install/f1tenth_stack/lib/python3.8/site-packages:/home/cav330/f1tenth_ws/install/joy_teleop/lib/python3.8/site-packages:/home/cav330/f1tenth_ws/install/teleop_tools_msgs/lib/python3.8/site-packages:/home/cav330/f1tenth_ws/install/mouse_teleop/lib/python3.8/site-packages:/home/cav330/f1tenth_ws/install/key_teleop/lib/python3.8/site-packages:/home/cav330/f1tenth_ws/install/f1tenth_gym_ros/lib/python3.8/site-packages:/opt/ros/foxy/lib/python3.8/site-packages /usr/bin/cmake --build /home/cav330/f1tenth_ws/build/vesc_driver -- -j4 -l4
[8.990s] DEBUG:colcon.colcon_core.event_handler.log_command:Invoked command in '/home/cav330/f1tenth_ws/build/vesc_ackermann' returned '0': CMAKE_PREFIX_PATH=/home/cav330/f1tenth_ws/install/vesc_msgs:/home/cav330/f1tenth_ws/install/wall_follow:/home/cav330/f1tenth_ws/install/vesc:/home/cav330/f1tenth_ws/install/vesc_driver:/home/cav330/f1tenth_ws/install/vesc_ackermann:/home/cav330/f1tenth_ws/install/teleop_tools:/home/cav330/f1tenth_ws/install/teleop_tools_msgs:/home/cav330/f1tenth_ws/install/safety_node:/home/cav330/f1tenth_ws/install/ackermann_mux:/home/cav330/f1tenth_ws/install/f1tenth_stack:/home/cav330/f1tenth_ws/install/joy_teleop:/home/cav330/f1tenth_ws/install/mouse_teleop:/home/cav330/f1tenth_ws/install/key_teleop:/home/cav330/f1tenth_ws/install/f1tenth_gym_ros:/opt/ros/foxy LD_LIBRARY_PATH=/home/cav330/f1tenth_ws/install/vesc_msgs/lib:/home/cav330/f1tenth_ws/install/vesc_driver/lib:/home/cav330/f1tenth_ws/install/vesc_ackermann/lib:/home/cav330/f1tenth_ws/install/teleop_tools_msgs/lib:/opt/ros/foxy/opt/yaml_cpp_vendor/lib:/opt/ros/foxy/opt/rviz_ogre_vendor/lib:/opt/ros/foxy/lib/aarch64-linux-gnu:/opt/ros/foxy/lib:/usr/local/cuda-11.4/lib64 PYTHONPATH=/home/cav330/f1tenth_ws/install/vesc_msgs/lib/python3.8/site-packages:/home/cav330/f1tenth_ws/install/f1tenth_stack/lib/python3.8/site-packages:/home/cav330/f1tenth_ws/install/joy_teleop/lib/python3.8/site-packages:/home/cav330/f1tenth_ws/install/teleop_tools_msgs/lib/python3.8/site-packages:/home/cav330/f1tenth_ws/install/mouse_teleop/lib/python3.8/site-packages:/home/cav330/f1tenth_ws/install/key_teleop/lib/python3.8/site-packages:/home/cav330/f1tenth_ws/install/f1tenth_gym_ros/lib/python3.8/site-packages:/opt/ros/foxy/lib/python3.8/site-packages /usr/bin/cmake --build /home/cav330/f1tenth_ws/build/vesc_ackermann -- -j4 -l4
[9.009s] DEBUG:colcon.colcon_core.event_handler.log_command:Invoking command in '/home/cav330/f1tenth_ws/build/vesc_ackermann': CMAKE_PREFIX_PATH=/home/cav330/f1tenth_ws/install/vesc_msgs:/home/cav330/f1tenth_ws/install/wall_follow:/home/cav330/f1tenth_ws/install/vesc:/home/cav330/f1tenth_ws/install/vesc_driver:/home/cav330/f1tenth_ws/install/vesc_ackermann:/home/cav330/f1tenth_ws/install/teleop_tools:/home/cav330/f1tenth_ws/install/teleop_tools_msgs:/home/cav330/f1tenth_ws/install/safety_node:/home/cav330/f1tenth_ws/install/ackermann_mux:/home/cav330/f1tenth_ws/install/f1tenth_stack:/home/cav330/f1tenth_ws/install/joy_teleop:/home/cav330/f1tenth_ws/install/mouse_teleop:/home/cav330/f1tenth_ws/install/key_teleop:/home/cav330/f1tenth_ws/install/f1tenth_gym_ros:/opt/ros/foxy LD_LIBRARY_PATH=/home/cav330/f1tenth_ws/install/vesc_msgs/lib:/home/cav330/f1tenth_ws/install/vesc_driver/lib:/home/cav330/f1tenth_ws/install/vesc_ackermann/lib:/home/cav330/f1tenth_ws/install/teleop_tools_msgs/lib:/opt/ros/foxy/opt/yaml_cpp_vendor/lib:/opt/ros/foxy/opt/rviz_ogre_vendor/lib:/opt/ros/foxy/lib/aarch64-linux-gnu:/opt/ros/foxy/lib:/usr/local/cuda-11.4/lib64 PYTHONPATH=/home/cav330/f1tenth_ws/install/vesc_msgs/lib/python3.8/site-packages:/home/cav330/f1tenth_ws/install/f1tenth_stack/lib/python3.8/site-packages:/home/cav330/f1tenth_ws/install/joy_teleop/lib/python3.8/site-packages:/home/cav330/f1tenth_ws/install/teleop_tools_msgs/lib/python3.8/site-packages:/home/cav330/f1tenth_ws/install/mouse_teleop/lib/python3.8/site-packages:/home/cav330/f1tenth_ws/install/key_teleop/lib/python3.8/site-packages:/home/cav330/f1tenth_ws/install/f1tenth_gym_ros/lib/python3.8/site-packages:/opt/ros/foxy/lib/python3.8/site-packages /usr/bin/cmake --install /home/cav330/f1tenth_ws/build/vesc_ackermann
[9.050s] DEBUG:colcon.colcon_core.event_handler.log_command:Invoking command in '/home/cav330/f1tenth_ws/src/f1tenth_gym_ros': PYTHONPATH=/home/cav330/f1tenth_ws/build/f1tenth_gym_ros/prefix_override:/usr/lib/python3/dist-packages/colcon_core/task/python/colcon_distutils_commands:/home/cav330/f1tenth_ws/install/f1tenth_gym_ros/lib/python3.8/site-packages:${PYTHONPATH} /usr/bin/python3 -W ignore:setup.py install is deprecated -W ignore:easy_install command is deprecated setup.py egg_info --egg-base ../../build/f1tenth_gym_ros build --build-base /home/cav330/f1tenth_ws/build/f1tenth_gym_ros/build install --record /home/cav330/f1tenth_ws/build/f1tenth_gym_ros/install.log --single-version-externally-managed install_data
[9.097s] Level 1:colcon.colcon_core.environment:create_environment_scripts_only(vesc_ackermann)
[9.101s] Level 1:colcon.colcon_core.environment:checking '/home/cav330/f1tenth_ws/install/vesc_ackermann' for CMake module files
[9.114s] DEBUG:colcon.colcon_core.event_handler.log_command:Invoked command in '/home/cav330/f1tenth_ws/build/vesc_ackermann' returned '0': CMAKE_PREFIX_PATH=/home/cav330/f1tenth_ws/install/vesc_msgs:/home/cav330/f1tenth_ws/install/wall_follow:/home/cav330/f1tenth_ws/install/vesc:/home/cav330/f1tenth_ws/install/vesc_driver:/home/cav330/f1tenth_ws/install/vesc_ackermann:/home/cav330/f1tenth_ws/install/teleop_tools:/home/cav330/f1tenth_ws/install/teleop_tools_msgs:/home/cav330/f1tenth_ws/install/safety_node:/home/cav330/f1tenth_ws/install/ackermann_mux:/home/cav330/f1tenth_ws/install/f1tenth_stack:/home/cav330/f1tenth_ws/install/joy_teleop:/home/cav330/f1tenth_ws/install/mouse_teleop:/home/cav330/f1tenth_ws/install/key_teleop:/home/cav330/f1tenth_ws/install/f1tenth_gym_ros:/opt/ros/foxy LD_LIBRARY_PATH=/home/cav330/f1tenth_ws/install/vesc_msgs/lib:/home/cav330/f1tenth_ws/install/vesc_driver/lib:/home/cav330/f1tenth_ws/install/vesc_ackermann/lib:/home/cav330/f1tenth_ws/install/teleop_tools_msgs/lib:/opt/ros/foxy/opt/yaml_cpp_vendor/lib:/opt/ros/foxy/opt/rviz_ogre_vendor/lib:/opt/ros/foxy/lib/aarch64-linux-gnu:/opt/ros/foxy/lib:/usr/local/cuda-11.4/lib64 PYTHONPATH=/home/cav330/f1tenth_ws/install/vesc_msgs/lib/python3.8/site-packages:/home/cav330/f1tenth_ws/install/f1tenth_stack/lib/python3.8/site-packages:/home/cav330/f1tenth_ws/install/joy_teleop/lib/python3.8/site-packages:/home/cav330/f1tenth_ws/install/teleop_tools_msgs/lib/python3.8/site-packages:/home/cav330/f1tenth_ws/install/mouse_teleop/lib/python3.8/site-packages:/home/cav330/f1tenth_ws/install/key_teleop/lib/python3.8/site-packages:/home/cav330/f1tenth_ws/install/f1tenth_gym_ros/lib/python3.8/site-packages:/opt/ros/foxy/lib/python3.8/site-packages /usr/bin/cmake --install /home/cav330/f1tenth_ws/build/vesc_ackermann
[9.116s] Level 1:colcon.colcon_core.environment:checking '/home/cav330/f1tenth_ws/install/vesc_ackermann' for CMake config files
[9.119s] Level 1:colcon.colcon_core.shell:create_environment_hook('vesc_ackermann', 'cmake_prefix_path')
[9.124s] INFO:colcon.colcon_core.shell:Creating environment hook '/home/cav330/f1tenth_ws/install/vesc_ackermann/share/vesc_ackermann/hook/cmake_prefix_path.ps1'
[9.141s] INFO:colcon.colcon_core.shell:Creating environment descriptor '/home/cav330/f1tenth_ws/install/vesc_ackermann/share/vesc_ackermann/hook/cmake_prefix_path.dsv'
[9.143s] INFO:colcon.colcon_core.shell:Creating environment hook '/home/cav330/f1tenth_ws/install/vesc_ackermann/share/vesc_ackermann/hook/cmake_prefix_path.sh'
[9.148s] Level 1:colcon.colcon_core.environment:checking '/home/cav330/f1tenth_ws/install/vesc_ackermann/lib'
[9.148s] Level 1:colcon.colcon_core.shell:create_environment_hook('vesc_ackermann', 'ld_library_path_lib')
[9.149s] INFO:colcon.colcon_core.shell:Creating environment hook '/home/cav330/f1tenth_ws/install/vesc_ackermann/share/vesc_ackermann/hook/ld_library_path_lib.ps1'
[9.151s] INFO:colcon.colcon_core.shell:Creating environment descriptor '/home/cav330/f1tenth_ws/install/vesc_ackermann/share/vesc_ackermann/hook/ld_library_path_lib.dsv'
[9.153s] INFO:colcon.colcon_core.shell:Creating environment hook '/home/cav330/f1tenth_ws/install/vesc_ackermann/share/vesc_ackermann/hook/ld_library_path_lib.sh'
[9.159s] Level 1:colcon.colcon_core.environment:checking '/home/cav330/f1tenth_ws/install/vesc_ackermann/bin'
[9.159s] Level 1:colcon.colcon_core.environment:checking '/home/cav330/f1tenth_ws/install/vesc_ackermann/lib/pkgconfig/vesc_ackermann.pc'
[9.162s] Level 1:colcon.colcon_core.environment:checking '/home/cav330/f1tenth_ws/install/vesc_ackermann/lib/python3.8/site-packages'
[9.163s] Level 1:colcon.colcon_core.environment:checking '/home/cav330/f1tenth_ws/install/vesc_ackermann/bin'
[9.164s] INFO:colcon.colcon_core.shell:Creating package script '/home/cav330/f1tenth_ws/install/vesc_ackermann/share/vesc_ackermann/package.ps1'
[9.177s] INFO:colcon.colcon_core.shell:Creating package descriptor '/home/cav330/f1tenth_ws/install/vesc_ackermann/share/vesc_ackermann/package.dsv'
[9.180s] INFO:colcon.colcon_core.shell:Creating package script '/home/cav330/f1tenth_ws/install/vesc_ackermann/share/vesc_ackermann/package.sh'
[9.183s] INFO:colcon.colcon_core.shell:Creating package script '/home/cav330/f1tenth_ws/install/vesc_ackermann/share/vesc_ackermann/package.bash'
[9.194s] INFO:colcon.colcon_core.shell:Creating package script '/home/cav330/f1tenth_ws/install/vesc_ackermann/share/vesc_ackermann/package.zsh'
[9.201s] Level 1:colcon.colcon_core.environment:create_file_with_runtime_dependencies(/home/cav330/f1tenth_ws/install/vesc_ackermann/share/colcon-core/packages/vesc_ackermann)
[9.204s] Level 1:colcon.colcon_core.environment:create_environment_scripts_only(vesc_ackermann)
[9.205s] Level 1:colcon.colcon_core.environment:checking '/home/cav330/f1tenth_ws/install/vesc_ackermann' for CMake module files
[9.220s] Level 1:colcon.colcon_core.environment:checking '/home/cav330/f1tenth_ws/install/vesc_ackermann' for CMake config files
[9.226s] Level 1:colcon.colcon_core.shell:create_environment_hook('vesc_ackermann', 'cmake_prefix_path')
[9.229s] INFO:colcon.colcon_core.shell:Creating environment hook '/home/cav330/f1tenth_ws/install/vesc_ackermann/share/vesc_ackermann/hook/cmake_prefix_path.ps1'
[9.232s] INFO:colcon.colcon_core.shell:Creating environment descriptor '/home/cav330/f1tenth_ws/install/vesc_ackermann/share/vesc_ackermann/hook/cmake_prefix_path.dsv'
[9.235s] INFO:colcon.colcon_core.shell:Creating environment hook '/home/cav330/f1tenth_ws/install/vesc_ackermann/share/vesc_ackermann/hook/cmake_prefix_path.sh'
[9.238s] Level 1:colcon.colcon_core.environment:checking '/home/cav330/f1tenth_ws/install/vesc_ackermann/lib'
[9.241s] Level 1:colcon.colcon_core.shell:create_environment_hook('vesc_ackermann', 'ld_library_path_lib')
[9.242s] INFO:colcon.colcon_core.shell:Creating environment hook '/home/cav330/f1tenth_ws/install/vesc_ackermann/share/vesc_ackermann/hook/ld_library_path_lib.ps1'
[9.244s] INFO:colcon.colcon_core.shell:Creating environment descriptor '/home/cav330/f1tenth_ws/install/vesc_ackermann/share/vesc_ackermann/hook/ld_library_path_lib.dsv'
[9.246s] INFO:colcon.colcon_core.shell:Creating environment hook '/home/cav330/f1tenth_ws/install/vesc_ackermann/share/vesc_ackermann/hook/ld_library_path_lib.sh'
[9.249s] Level 1:colcon.colcon_core.environment:checking '/home/cav330/f1tenth_ws/install/vesc_ackermann/bin'
[9.250s] Level 1:colcon.colcon_core.environment:checking '/home/cav330/f1tenth_ws/install/vesc_ackermann/lib/pkgconfig/vesc_ackermann.pc'
[9.251s] Level 1:colcon.colcon_core.environment:checking '/home/cav330/f1tenth_ws/install/vesc_ackermann/lib/python3.8/site-packages'
[9.252s] Level 1:colcon.colcon_core.environment:checking '/home/cav330/f1tenth_ws/install/vesc_ackermann/bin'
[9.256s] INFO:colcon.colcon_core.shell:Creating package script '/home/cav330/f1tenth_ws/install/vesc_ackermann/share/vesc_ackermann/package.ps1'
[9.259s] INFO:colcon.colcon_core.shell:Creating package descriptor '/home/cav330/f1tenth_ws/install/vesc_ackermann/share/vesc_ackermann/package.dsv'
[9.262s] INFO:colcon.colcon_core.shell:Creating package script '/home/cav330/f1tenth_ws/install/vesc_ackermann/share/vesc_ackermann/package.sh'
[9.264s] INFO:colcon.colcon_core.shell:Creating package script '/home/cav330/f1tenth_ws/install/vesc_ackermann/share/vesc_ackermann/package.bash'
[9.266s] INFO:colcon.colcon_core.shell:Creating package script '/home/cav330/f1tenth_ws/install/vesc_ackermann/share/vesc_ackermann/package.zsh'
[9.268s] Level 1:colcon.colcon_core.environment:create_file_with_runtime_dependencies(/home/cav330/f1tenth_ws/install/vesc_ackermann/share/colcon-core/packages/vesc_ackermann)
[9.270s] INFO:colcon.colcon_ros.task.ament_python.build:Building ROS package in '/home/cav330/f1tenth_ws/src/f1tenth_system/teleop_tools/mouse_teleop' with build type 'ament_python'
[9.277s] Level 1:colcon.colcon_core.shell:create_environment_hook('mouse_teleop', 'ament_prefix_path')
[9.278s] INFO:colcon.colcon_core.shell:Creating environment hook '/home/cav330/f1tenth_ws/install/mouse_teleop/share/mouse_teleop/hook/ament_prefix_path.ps1'
[9.285s] INFO:colcon.colcon_core.shell:Creating environment descriptor '/home/cav330/f1tenth_ws/install/mouse_teleop/share/mouse_teleop/hook/ament_prefix_path.dsv'
[9.290s] INFO:colcon.colcon_core.shell:Creating environment hook '/home/cav330/f1tenth_ws/install/mouse_teleop/share/mouse_teleop/hook/ament_prefix_path.sh'
[9.300s] INFO:colcon.colcon_core.shell:Skip shell extension 'powershell' for command environment: Not usable outside of PowerShell
[9.300s] DEBUG:colcon.colcon_core.shell:Skip shell extension 'dsv' for command environment
[10.589s] INFO:colcon.colcon_core.task.python.build:Building Python package in '/home/cav330/f1tenth_ws/src/f1tenth_system/teleop_tools/mouse_teleop'
[10.593s] INFO:colcon.colcon_core.shell:Skip shell extension 'powershell' for command environment: Not usable outside of PowerShell
[10.593s] DEBUG:colcon.colcon_core.shell:Skip shell extension 'dsv' for command environment
[10.647s] DEBUG:colcon.colcon_core.event_handler.log_command:Invoked command in '/home/cav330/f1tenth_ws/build/vesc_driver' returned '0': CMAKE_PREFIX_PATH=/home/cav330/f1tenth_ws/install/vesc_msgs:/home/cav330/f1tenth_ws/install/wall_follow:/home/cav330/f1tenth_ws/install/vesc:/home/cav330/f1tenth_ws/install/vesc_driver:/home/cav330/f1tenth_ws/install/vesc_ackermann:/home/cav330/f1tenth_ws/install/teleop_tools:/home/cav330/f1tenth_ws/install/teleop_tools_msgs:/home/cav330/f1tenth_ws/install/safety_node:/home/cav330/f1tenth_ws/install/ackermann_mux:/home/cav330/f1tenth_ws/install/f1tenth_stack:/home/cav330/f1tenth_ws/install/joy_teleop:/home/cav330/f1tenth_ws/install/mouse_teleop:/home/cav330/f1tenth_ws/install/key_teleop:/home/cav330/f1tenth_ws/install/f1tenth_gym_ros:/opt/ros/foxy LD_LIBRARY_PATH=/home/cav330/f1tenth_ws/install/vesc_msgs/lib:/home/cav330/f1tenth_ws/install/vesc_driver/lib:/home/cav330/f1tenth_ws/install/vesc_ackermann/lib:/home/cav330/f1tenth_ws/install/teleop_tools_msgs/lib:/opt/ros/foxy/opt/yaml_cpp_vendor/lib:/opt/ros/foxy/opt/rviz_ogre_vendor/lib:/opt/ros/foxy/lib/aarch64-linux-gnu:/opt/ros/foxy/lib:/usr/local/cuda-11.4/lib64 PYTHONPATH=/home/cav330/f1tenth_ws/install/vesc_msgs/lib/python3.8/site-packages:/home/cav330/f1tenth_ws/install/f1tenth_stack/lib/python3.8/site-packages:/home/cav330/f1tenth_ws/install/joy_teleop/lib/python3.8/site-packages:/home/cav330/f1tenth_ws/install/teleop_tools_msgs/lib/python3.8/site-packages:/home/cav330/f1tenth_ws/install/mouse_teleop/lib/python3.8/site-packages:/home/cav330/f1tenth_ws/install/key_teleop/lib/python3.8/site-packages:/home/cav330/f1tenth_ws/install/f1tenth_gym_ros/lib/python3.8/site-packages:/opt/ros/foxy/lib/python3.8/site-packages /usr/bin/cmake --build /home/cav330/f1tenth_ws/build/vesc_driver -- -j4 -l4
[10.660s] DEBUG:colcon.colcon_core.event_handler.log_command:Invoking command in '/home/cav330/f1tenth_ws/build/vesc_driver': CMAKE_PREFIX_PATH=/home/cav330/f1tenth_ws/install/vesc_msgs:/home/cav330/f1tenth_ws/install/wall_follow:/home/cav330/f1tenth_ws/install/vesc:/home/cav330/f1tenth_ws/install/vesc_driver:/home/cav330/f1tenth_ws/install/vesc_ackermann:/home/cav330/f1tenth_ws/install/teleop_tools:/home/cav330/f1tenth_ws/install/teleop_tools_msgs:/home/cav330/f1tenth_ws/install/safety_node:/home/cav330/f1tenth_ws/install/ackermann_mux:/home/cav330/f1tenth_ws/install/f1tenth_stack:/home/cav330/f1tenth_ws/install/joy_teleop:/home/cav330/f1tenth_ws/install/mouse_teleop:/home/cav330/f1tenth_ws/install/key_teleop:/home/cav330/f1tenth_ws/install/f1tenth_gym_ros:/opt/ros/foxy LD_LIBRARY_PATH=/home/cav330/f1tenth_ws/install/vesc_msgs/lib:/home/cav330/f1tenth_ws/install/vesc_driver/lib:/home/cav330/f1tenth_ws/install/vesc_ackermann/lib:/home/cav330/f1tenth_ws/install/teleop_tools_msgs/lib:/opt/ros/foxy/opt/yaml_cpp_vendor/lib:/opt/ros/foxy/opt/rviz_ogre_vendor/lib:/opt/ros/foxy/lib/aarch64-linux-gnu:/opt/ros/foxy/lib:/usr/local/cuda-11.4/lib64 PYTHONPATH=/home/cav330/f1tenth_ws/install/vesc_msgs/lib/python3.8/site-packages:/home/cav330/f1tenth_ws/install/f1tenth_stack/lib/python3.8/site-packages:/home/cav330/f1tenth_ws/install/joy_teleop/lib/python3.8/site-packages:/home/cav330/f1tenth_ws/install/teleop_tools_msgs/lib/python3.8/site-packages:/home/cav330/f1tenth_ws/install/mouse_teleop/lib/python3.8/site-packages:/home/cav330/f1tenth_ws/install/key_teleop/lib/python3.8/site-packages:/home/cav330/f1tenth_ws/install/f1tenth_gym_ros/lib/python3.8/site-packages:/opt/ros/foxy/lib/python3.8/site-packages /usr/bin/cmake --install /home/cav330/f1tenth_ws/build/vesc_driver
[10.790s] Level 1:colcon.colcon_core.environment:create_environment_scripts_only(vesc_driver)
[10.793s] Level 1:colcon.colcon_core.environment:checking '/home/cav330/f1tenth_ws/install/vesc_driver' for CMake module files
[10.805s] Level 1:colcon.colcon_core.environment:checking '/home/cav330/f1tenth_ws/install/vesc_driver' for CMake config files
[10.809s] DEBUG:colcon.colcon_core.event_handler.log_command:Invoked command in '/home/cav330/f1tenth_ws/build/vesc_driver' returned '0': CMAKE_PREFIX_PATH=/home/cav330/f1tenth_ws/install/vesc_msgs:/home/cav330/f1tenth_ws/install/wall_follow:/home/cav330/f1tenth_ws/install/vesc:/home/cav330/f1tenth_ws/install/vesc_driver:/home/cav330/f1tenth_ws/install/vesc_ackermann:/home/cav330/f1tenth_ws/install/teleop_tools:/home/cav330/f1tenth_ws/install/teleop_tools_msgs:/home/cav330/f1tenth_ws/install/safety_node:/home/cav330/f1tenth_ws/install/ackermann_mux:/home/cav330/f1tenth_ws/install/f1tenth_stack:/home/cav330/f1tenth_ws/install/joy_teleop:/home/cav330/f1tenth_ws/install/mouse_teleop:/home/cav330/f1tenth_ws/install/key_teleop:/home/cav330/f1tenth_ws/install/f1tenth_gym_ros:/opt/ros/foxy LD_LIBRARY_PATH=/home/cav330/f1tenth_ws/install/vesc_msgs/lib:/home/cav330/f1tenth_ws/install/vesc_driver/lib:/home/cav330/f1tenth_ws/install/vesc_ackermann/lib:/home/cav330/f1tenth_ws/install/teleop_tools_msgs/lib:/opt/ros/foxy/opt/yaml_cpp_vendor/lib:/opt/ros/foxy/opt/rviz_ogre_vendor/lib:/opt/ros/foxy/lib/aarch64-linux-gnu:/opt/ros/foxy/lib:/usr/local/cuda-11.4/lib64 PYTHONPATH=/home/cav330/f1tenth_ws/install/vesc_msgs/lib/python3.8/site-packages:/home/cav330/f1tenth_ws/install/f1tenth_stack/lib/python3.8/site-packages:/home/cav330/f1tenth_ws/install/joy_teleop/lib/python3.8/site-packages:/home/cav330/f1tenth_ws/install/teleop_tools_msgs/lib/python3.8/site-packages:/home/cav330/f1tenth_ws/install/mouse_teleop/lib/python3.8/site-packages:/home/cav330/f1tenth_ws/install/key_teleop/lib/python3.8/site-packages:/home/cav330/f1tenth_ws/install/f1tenth_gym_ros/lib/python3.8/site-packages:/opt/ros/foxy/lib/python3.8/site-packages /usr/bin/cmake --install /home/cav330/f1tenth_ws/build/vesc_driver
[10.812s] Level 1:colcon.colcon_core.shell:create_environment_hook('vesc_driver', 'cmake_prefix_path')
[10.814s] INFO:colcon.colcon_core.shell:Creating environment hook '/home/cav330/f1tenth_ws/install/vesc_driver/share/vesc_driver/hook/cmake_prefix_path.ps1'
[10.818s] INFO:colcon.colcon_core.shell:Creating environment descriptor '/home/cav330/f1tenth_ws/install/vesc_driver/share/vesc_driver/hook/cmake_prefix_path.dsv'
[10.821s] INFO:colcon.colcon_core.shell:Creating environment hook '/home/cav330/f1tenth_ws/install/vesc_driver/share/vesc_driver/hook/cmake_prefix_path.sh'
[10.824s] Level 1:colcon.colcon_core.environment:checking '/home/cav330/f1tenth_ws/install/vesc_driver/lib'
[10.826s] Level 1:colcon.colcon_core.shell:create_environment_hook('vesc_driver', 'ld_library_path_lib')
[10.833s] INFO:colcon.colcon_core.shell:Creating environment hook '/home/cav330/f1tenth_ws/install/vesc_driver/share/vesc_driver/hook/ld_library_path_lib.ps1'
[10.838s] INFO:colcon.colcon_core.shell:Creating environment descriptor '/home/cav330/f1tenth_ws/install/vesc_driver/share/vesc_driver/hook/ld_library_path_lib.dsv'
[10.841s] INFO:colcon.colcon_core.shell:Creating environment hook '/home/cav330/f1tenth_ws/install/vesc_driver/share/vesc_driver/hook/ld_library_path_lib.sh'
[10.844s] Level 1:colcon.colcon_core.environment:checking '/home/cav330/f1tenth_ws/install/vesc_driver/bin'
[10.845s] Level 1:colcon.colcon_core.environment:checking '/home/cav330/f1tenth_ws/install/vesc_driver/lib/pkgconfig/vesc_driver.pc'
[10.846s] Level 1:colcon.colcon_core.environment:checking '/home/cav330/f1tenth_ws/install/vesc_driver/lib/python3.8/site-packages'
[10.847s] Level 1:colcon.colcon_core.environment:checking '/home/cav330/f1tenth_ws/install/vesc_driver/bin'
[10.849s] INFO:colcon.colcon_core.shell:Creating package script '/home/cav330/f1tenth_ws/install/vesc_driver/share/vesc_driver/package.ps1'
[10.864s] INFO:colcon.colcon_core.shell:Creating package descriptor '/home/cav330/f1tenth_ws/install/vesc_driver/share/vesc_driver/package.dsv'
[10.867s] INFO:colcon.colcon_core.shell:Creating package script '/home/cav330/f1tenth_ws/install/vesc_driver/share/vesc_driver/package.sh'
[10.869s] INFO:colcon.colcon_core.shell:Creating package script '/home/cav330/f1tenth_ws/install/vesc_driver/share/vesc_driver/package.bash'
[10.871s] INFO:colcon.colcon_core.shell:Creating package script '/home/cav330/f1tenth_ws/install/vesc_driver/share/vesc_driver/package.zsh'
[10.873s] Level 1:colcon.colcon_core.environment:create_file_with_runtime_dependencies(/home/cav330/f1tenth_ws/install/vesc_driver/share/colcon-core/packages/vesc_driver)
[10.876s] Level 1:colcon.colcon_core.environment:create_environment_scripts_only(vesc_driver)
[10.877s] Level 1:colcon.colcon_core.environment:checking '/home/cav330/f1tenth_ws/install/vesc_driver' for CMake module files
[10.881s] Level 1:colcon.colcon_core.environment:checking '/home/cav330/f1tenth_ws/install/vesc_driver' for CMake config files
[10.883s] Level 1:colcon.colcon_core.shell:create_environment_hook('vesc_driver', 'cmake_prefix_path')
[10.884s] INFO:colcon.colcon_core.shell:Creating environment hook '/home/cav330/f1tenth_ws/install/vesc_driver/share/vesc_driver/hook/cmake_prefix_path.ps1'
[10.886s] INFO:colcon.colcon_core.shell:Creating environment descriptor '/home/cav330/f1tenth_ws/install/vesc_driver/share/vesc_driver/hook/cmake_prefix_path.dsv'
[10.887s] INFO:colcon.colcon_core.shell:Creating environment hook '/home/cav330/f1tenth_ws/install/vesc_driver/share/vesc_driver/hook/cmake_prefix_path.sh'
[10.890s] Level 1:colcon.colcon_core.environment:checking '/home/cav330/f1tenth_ws/install/vesc_driver/lib'
[10.890s] Level 1:colcon.colcon_core.shell:create_environment_hook('vesc_driver', 'ld_library_path_lib')
[10.891s] INFO:colcon.colcon_core.shell:Creating environment hook '/home/cav330/f1tenth_ws/install/vesc_driver/share/vesc_driver/hook/ld_library_path_lib.ps1'
[10.893s] INFO:colcon.colcon_core.shell:Creating environment descriptor '/home/cav330/f1tenth_ws/install/vesc_driver/share/vesc_driver/hook/ld_library_path_lib.dsv'
[10.895s] INFO:colcon.colcon_core.shell:Creating environment hook '/home/cav330/f1tenth_ws/install/vesc_driver/share/vesc_driver/hook/ld_library_path_lib.sh'
[10.896s] Level 1:colcon.colcon_core.environment:checking '/home/cav330/f1tenth_ws/install/vesc_driver/bin'
[10.897s] Level 1:colcon.colcon_core.environment:checking '/home/cav330/f1tenth_ws/install/vesc_driver/lib/pkgconfig/vesc_driver.pc'
[10.897s] Level 1:colcon.colcon_core.environment:checking '/home/cav330/f1tenth_ws/install/vesc_driver/lib/python3.8/site-packages'
[10.898s] Level 1:colcon.colcon_core.environment:checking '/home/cav330/f1tenth_ws/install/vesc_driver/bin'
[10.900s] INFO:colcon.colcon_core.shell:Creating package script '/home/cav330/f1tenth_ws/install/vesc_driver/share/vesc_driver/package.ps1'
[10.904s] INFO:colcon.colcon_core.shell:Creating package descriptor '/home/cav330/f1tenth_ws/install/vesc_driver/share/vesc_driver/package.dsv'
[10.907s] INFO:colcon.colcon_core.shell:Creating package script '/home/cav330/f1tenth_ws/install/vesc_driver/share/vesc_driver/package.sh'
[10.910s] INFO:colcon.colcon_core.shell:Creating package script '/home/cav330/f1tenth_ws/install/vesc_driver/share/vesc_driver/package.bash'
[10.913s] INFO:colcon.colcon_core.shell:Creating package script '/home/cav330/f1tenth_ws/install/vesc_driver/share/vesc_driver/package.zsh'
[10.915s] Level 1:colcon.colcon_core.environment:create_file_with_runtime_dependencies(/home/cav330/f1tenth_ws/install/vesc_driver/share/colcon-core/packages/vesc_driver)
[10.921s] INFO:colcon.colcon_ros.task.ament_cmake.build:Building ROS package in '/home/cav330/f1tenth_ws/src/f1tenth_system/vesc/vesc' with build type 'ament_cmake'
[10.922s] INFO:colcon.colcon_cmake.task.cmake.build:Building CMake package in '/home/cav330/f1tenth_ws/src/f1tenth_system/vesc/vesc'
[10.923s] INFO:colcon.colcon_core.shell:Skip shell extension 'powershell' for command environment: Not usable outside of PowerShell
[10.924s] DEBUG:colcon.colcon_core.shell:Skip shell extension 'dsv' for command environment
[10.987s] Level 1:colcon.colcon_core.environment:checking '/home/cav330/f1tenth_ws/install/f1tenth_gym_ros' for CMake module files
[10.993s] DEBUG:colcon.colcon_core.event_handler.log_command:Invoked command in '/home/cav330/f1tenth_ws/src/f1tenth_gym_ros' returned '0': PYTHONPATH=/home/cav330/f1tenth_ws/build/f1tenth_gym_ros/prefix_override:/usr/lib/python3/dist-packages/colcon_core/task/python/colcon_distutils_commands:/home/cav330/f1tenth_ws/install/f1tenth_gym_ros/lib/python3.8/site-packages:${PYTHONPATH} /usr/bin/python3 -W ignore:setup.py install is deprecated -W ignore:easy_install command is deprecated setup.py egg_info --egg-base ../../build/f1tenth_gym_ros build --build-base /home/cav330/f1tenth_ws/build/f1tenth_gym_ros/build install --record /home/cav330/f1tenth_ws/build/f1tenth_gym_ros/install.log --single-version-externally-managed install_data
[10.994s] Level 1:colcon.colcon_core.environment:checking '/home/cav330/f1tenth_ws/install/f1tenth_gym_ros' for CMake config files
[11.002s] Level 1:colcon.colcon_core.environment:checking '/home/cav330/f1tenth_ws/install/f1tenth_gym_ros/lib'
[11.003s] Level 1:colcon.colcon_core.environment:checking '/home/cav330/f1tenth_ws/install/f1tenth_gym_ros/bin'
[11.003s] Level 1:colcon.colcon_core.environment:checking '/home/cav330/f1tenth_ws/install/f1tenth_gym_ros/lib/pkgconfig/f1tenth_gym_ros.pc'
[11.005s] Level 1:colcon.colcon_core.environment:checking '/home/cav330/f1tenth_ws/install/f1tenth_gym_ros/lib/python3.8/site-packages'
[11.005s] Level 1:colcon.colcon_core.shell:create_environment_hook('f1tenth_gym_ros', 'pythonpath')
[11.007s] INFO:colcon.colcon_core.shell:Creating environment hook '/home/cav330/f1tenth_ws/install/f1tenth_gym_ros/share/f1tenth_gym_ros/hook/pythonpath.ps1'
[11.011s] INFO:colcon.colcon_core.shell:Creating environment descriptor '/home/cav330/f1tenth_ws/install/f1tenth_gym_ros/share/f1tenth_gym_ros/hook/pythonpath.dsv'
[11.013s] INFO:colcon.colcon_core.shell:Creating environment hook '/home/cav330/f1tenth_ws/install/f1tenth_gym_ros/share/f1tenth_gym_ros/hook/pythonpath.sh'
[11.017s] Level 1:colcon.colcon_core.environment:checking '/home/cav330/f1tenth_ws/install/f1tenth_gym_ros/bin'
[11.017s] Level 1:colcon.colcon_core.environment:create_environment_scripts_only(f1tenth_gym_ros)
[11.019s] INFO:colcon.colcon_core.shell:Creating package script '/home/cav330/f1tenth_ws/install/f1tenth_gym_ros/share/f1tenth_gym_ros/package.ps1'
[11.022s] INFO:colcon.colcon_core.shell:Creating package descriptor '/home/cav330/f1tenth_ws/install/f1tenth_gym_ros/share/f1tenth_gym_ros/package.dsv'
[11.025s] INFO:colcon.colcon_core.shell:Creating package script '/home/cav330/f1tenth_ws/install/f1tenth_gym_ros/share/f1tenth_gym_ros/package.sh'
[11.027s] INFO:colcon.colcon_core.shell:Creating package script '/home/cav330/f1tenth_ws/install/f1tenth_gym_ros/share/f1tenth_gym_ros/package.bash'
[11.029s] INFO:colcon.colcon_core.shell:Creating package script '/home/cav330/f1tenth_ws/install/f1tenth_gym_ros/share/f1tenth_gym_ros/package.zsh'
[11.031s] Level 1:colcon.colcon_core.environment:create_file_with_runtime_dependencies(/home/cav330/f1tenth_ws/install/f1tenth_gym_ros/share/colcon-core/packages/f1tenth_gym_ros)
[11.049s] DEBUG:colcon.colcon_core.event_handler.log_command:Invoking command in '/home/cav330/f1tenth_ws/src/f1tenth_system/teleop_tools/joy_teleop': CMAKE_PREFIX_PATH=/home/cav330/f1tenth_ws/install/teleop_tools_msgs:/home/cav330/f1tenth_ws/install/wall_follow:/home/cav330/f1tenth_ws/install/vesc:/home/cav330/f1tenth_ws/install/vesc_driver:/home/cav330/f1tenth_ws/install/vesc_ackermann:/home/cav330/f1tenth_ws/install/vesc_msgs:/home/cav330/f1tenth_ws/install/teleop_tools:/home/cav330/f1tenth_ws/install/safety_node:/home/cav330/f1tenth_ws/install/ackermann_mux LD_LIBRARY_PATH=/home/cav330/f1tenth_ws/install/teleop_tools_msgs/lib:/home/cav330/f1tenth_ws/install/vesc_driver/lib:/home/cav330/f1tenth_ws/install/vesc_ackermann/lib:/home/cav330/f1tenth_ws/install/vesc_msgs/lib:/opt/ros/foxy/opt/yaml_cpp_vendor/lib:/opt/ros/foxy/opt/rviz_ogre_vendor/lib:/opt/ros/foxy/lib/aarch64-linux-gnu:/opt/ros/foxy/lib:/usr/local/cuda-11.4/lib64 PYTHONPATH=/home/cav330/f1tenth_ws/build/joy_teleop/prefix_override:/usr/lib/python3/dist-packages/colcon_core/task/python/colcon_distutils_commands:/home/cav330/f1tenth_ws/install/joy_teleop/lib/python3.8/site-packages:/home/cav330/f1tenth_ws/install/teleop_tools_msgs/lib/python3.8/site-packages:/home/cav330/f1tenth_ws/install/f1tenth_stack/lib/python3.8/site-packages:/home/cav330/f1tenth_ws/install/vesc_msgs/lib/python3.8/site-packages:/home/cav330/f1tenth_ws/install/joy_teleop/lib/python3.8/site-packages:/home/cav330/f1tenth_ws/install/mouse_teleop/lib/python3.8/site-packages:/home/cav330/f1tenth_ws/install/key_teleop/lib/python3.8/site-packages:/home/cav330/f1tenth_ws/install/f1tenth_gym_ros/lib/python3.8/site-packages:/opt/ros/foxy/lib/python3.8/site-packages /usr/bin/python3 -W ignore:setup.py install is deprecated -W ignore:easy_install command is deprecated setup.py egg_info --egg-base ../../../../build/joy_teleop build --build-base /home/cav330/f1tenth_ws/build/joy_teleop/build install --record /home/cav330/f1tenth_ws/build/joy_teleop/install.log --install-scripts $base/lib/joy_teleop --single-version-externally-managed install_data
[11.104s] INFO:colcon.colcon_ros.task.ament_cmake.build:Building ROS package in '/home/cav330/f1tenth_ws/src/safety_node' with build type 'ament_cmake'
[11.111s] INFO:colcon.colcon_cmake.task.cmake.build:Building CMake package in '/home/cav330/f1tenth_ws/src/safety_node'
[11.116s] INFO:colcon.colcon_core.shell:Skip shell extension 'powershell' for command environment: Not usable outside of PowerShell
[11.117s] DEBUG:colcon.colcon_core.shell:Skip shell extension 'dsv' for command environment
[11.248s] DEBUG:colcon.colcon_core.event_handler.log_command:Invoking command in '/home/cav330/f1tenth_ws/build/vesc': CMAKE_PREFIX_PATH=/home/cav330/f1tenth_ws/install/vesc_driver:/home/cav330/f1tenth_ws/install/vesc_ackermann:/home/cav330/f1tenth_ws/install/vesc_msgs:/home/cav330/f1tenth_ws/install/wall_follow:/home/cav330/f1tenth_ws/install/vesc:/home/cav330/f1tenth_ws/install/teleop_tools:/home/cav330/f1tenth_ws/install/teleop_tools_msgs:/home/cav330/f1tenth_ws/install/safety_node:/home/cav330/f1tenth_ws/install/ackermann_mux:/home/cav330/f1tenth_ws/install/f1tenth_stack:/home/cav330/f1tenth_ws/install/joy_teleop:/home/cav330/f1tenth_ws/install/mouse_teleop:/home/cav330/f1tenth_ws/install/key_teleop:/home/cav330/f1tenth_ws/install/f1tenth_gym_ros:/opt/ros/foxy LD_LIBRARY_PATH=/home/cav330/f1tenth_ws/install/vesc_driver/lib:/home/cav330/f1tenth_ws/install/vesc_ackermann/lib:/home/cav330/f1tenth_ws/install/vesc_msgs/lib:/home/cav330/f1tenth_ws/install/teleop_tools_msgs/lib:/opt/ros/foxy/opt/yaml_cpp_vendor/lib:/opt/ros/foxy/opt/rviz_ogre_vendor/lib:/opt/ros/foxy/lib/aarch64-linux-gnu:/opt/ros/foxy/lib:/usr/local/cuda-11.4/lib64 PYTHONPATH=/home/cav330/f1tenth_ws/install/vesc_msgs/lib/python3.8/site-packages:/home/cav330/f1tenth_ws/install/f1tenth_stack/lib/python3.8/site-packages:/home/cav330/f1tenth_ws/install/joy_teleop/lib/python3.8/site-packages:/home/cav330/f1tenth_ws/install/teleop_tools_msgs/lib/python3.8/site-packages:/home/cav330/f1tenth_ws/install/mouse_teleop/lib/python3.8/site-packages:/home/cav330/f1tenth_ws/install/key_teleop/lib/python3.8/site-packages:/home/cav330/f1tenth_ws/install/f1tenth_gym_ros/lib/python3.8/site-packages:/opt/ros/foxy/lib/python3.8/site-packages /usr/bin/cmake --build /home/cav330/f1tenth_ws/build/vesc -- -j4 -l4
[11.268s] DEBUG:colcon.colcon_core.event_handler.log_command:Invoking command in '/home/cav330/f1tenth_ws/build/safety_node': CMAKE_PREFIX_PATH=${CMAKE_PREFIX_PATH}:/home/cav330/f1tenth_ws/install/f1tenth_stack:/home/cav330/f1tenth_ws/install/joy_teleop:/home/cav330/f1tenth_ws/install/mouse_teleop:/home/cav330/f1tenth_ws/install/key_teleop:/home/cav330/f1tenth_ws/install/f1tenth_gym_ros:/opt/ros/foxy /usr/bin/cmake --build /home/cav330/f1tenth_ws/build/safety_node -- -j4 -l4
[11.531s] DEBUG:colcon.colcon_core.event_handler.log_command:Invoked command in '/home/cav330/f1tenth_ws/build/vesc' returned '0': CMAKE_PREFIX_PATH=/home/cav330/f1tenth_ws/install/vesc_driver:/home/cav330/f1tenth_ws/install/vesc_ackermann:/home/cav330/f1tenth_ws/install/vesc_msgs:/home/cav330/f1tenth_ws/install/wall_follow:/home/cav330/f1tenth_ws/install/vesc:/home/cav330/f1tenth_ws/install/teleop_tools:/home/cav330/f1tenth_ws/install/teleop_tools_msgs:/home/cav330/f1tenth_ws/install/safety_node:/home/cav330/f1tenth_ws/install/ackermann_mux:/home/cav330/f1tenth_ws/install/f1tenth_stack:/home/cav330/f1tenth_ws/install/joy_teleop:/home/cav330/f1tenth_ws/install/mouse_teleop:/home/cav330/f1tenth_ws/install/key_teleop:/home/cav330/f1tenth_ws/install/f1tenth_gym_ros:/opt/ros/foxy LD_LIBRARY_PATH=/home/cav330/f1tenth_ws/install/vesc_driver/lib:/home/cav330/f1tenth_ws/install/vesc_ackermann/lib:/home/cav330/f1tenth_ws/install/vesc_msgs/lib:/home/cav330/f1tenth_ws/install/teleop_tools_msgs/lib:/opt/ros/foxy/opt/yaml_cpp_vendor/lib:/opt/ros/foxy/opt/rviz_ogre_vendor/lib:/opt/ros/foxy/lib/aarch64-linux-gnu:/opt/ros/foxy/lib:/usr/local/cuda-11.4/lib64 PYTHONPATH=/home/cav330/f1tenth_ws/install/vesc_msgs/lib/python3.8/site-packages:/home/cav330/f1tenth_ws/install/f1tenth_stack/lib/python3.8/site-packages:/home/cav330/f1tenth_ws/install/joy_teleop/lib/python3.8/site-packages:/home/cav330/f1tenth_ws/install/teleop_tools_msgs/lib/python3.8/site-packages:/home/cav330/f1tenth_ws/install/mouse_teleop/lib/python3.8/site-packages:/home/cav330/f1tenth_ws/install/key_teleop/lib/python3.8/site-packages:/home/cav330/f1tenth_ws/install/f1tenth_gym_ros/lib/python3.8/site-packages:/opt/ros/foxy/lib/python3.8/site-packages /usr/bin/cmake --build /home/cav330/f1tenth_ws/build/vesc -- -j4 -l4
[11.533s] DEBUG:colcon.colcon_core.event_handler.log_command:Invoking command in '/home/cav330/f1tenth_ws/build/vesc': CMAKE_PREFIX_PATH=/home/cav330/f1tenth_ws/install/vesc_driver:/home/cav330/f1tenth_ws/install/vesc_ackermann:/home/cav330/f1tenth_ws/install/vesc_msgs:/home/cav330/f1tenth_ws/install/wall_follow:/home/cav330/f1tenth_ws/install/vesc:/home/cav330/f1tenth_ws/install/teleop_tools:/home/cav330/f1tenth_ws/install/teleop_tools_msgs:/home/cav330/f1tenth_ws/install/safety_node:/home/cav330/f1tenth_ws/install/ackermann_mux:/home/cav330/f1tenth_ws/install/f1tenth_stack:/home/cav330/f1tenth_ws/install/joy_teleop:/home/cav330/f1tenth_ws/install/mouse_teleop:/home/cav330/f1tenth_ws/install/key_teleop:/home/cav330/f1tenth_ws/install/f1tenth_gym_ros:/opt/ros/foxy LD_LIBRARY_PATH=/home/cav330/f1tenth_ws/install/vesc_driver/lib:/home/cav330/f1tenth_ws/install/vesc_ackermann/lib:/home/cav330/f1tenth_ws/install/vesc_msgs/lib:/home/cav330/f1tenth_ws/install/teleop_tools_msgs/lib:/opt/ros/foxy/opt/yaml_cpp_vendor/lib:/opt/ros/foxy/opt/rviz_ogre_vendor/lib:/opt/ros/foxy/lib/aarch64-linux-gnu:/opt/ros/foxy/lib:/usr/local/cuda-11.4/lib64 PYTHONPATH=/home/cav330/f1tenth_ws/install/vesc_msgs/lib/python3.8/site-packages:/home/cav330/f1tenth_ws/install/f1tenth_stack/lib/python3.8/site-packages:/home/cav330/f1tenth_ws/install/joy_teleop/lib/python3.8/site-packages:/home/cav330/f1tenth_ws/install/teleop_tools_msgs/lib/python3.8/site-packages:/home/cav330/f1tenth_ws/install/mouse_teleop/lib/python3.8/site-packages:/home/cav330/f1tenth_ws/install/key_teleop/lib/python3.8/site-packages:/home/cav330/f1tenth_ws/install/f1tenth_gym_ros/lib/python3.8/site-packages:/opt/ros/foxy/lib/python3.8/site-packages /usr/bin/cmake --install /home/cav330/f1tenth_ws/build/vesc
[11.645s] Level 1:colcon.colcon_core.environment:create_environment_scripts_only(vesc)
[11.649s] Level 1:colcon.colcon_core.environment:checking '/home/cav330/f1tenth_ws/install/vesc' for CMake module files
[11.656s] DEBUG:colcon.colcon_core.event_handler.log_command:Invoked command in '/home/cav330/f1tenth_ws/build/vesc' returned '0': CMAKE_PREFIX_PATH=/home/cav330/f1tenth_ws/install/vesc_driver:/home/cav330/f1tenth_ws/install/vesc_ackermann:/home/cav330/f1tenth_ws/install/vesc_msgs:/home/cav330/f1tenth_ws/install/wall_follow:/home/cav330/f1tenth_ws/install/vesc:/home/cav330/f1tenth_ws/install/teleop_tools:/home/cav330/f1tenth_ws/install/teleop_tools_msgs:/home/cav330/f1tenth_ws/install/safety_node:/home/cav330/f1tenth_ws/install/ackermann_mux:/home/cav330/f1tenth_ws/install/f1tenth_stack:/home/cav330/f1tenth_ws/install/joy_teleop:/home/cav330/f1tenth_ws/install/mouse_teleop:/home/cav330/f1tenth_ws/install/key_teleop:/home/cav330/f1tenth_ws/install/f1tenth_gym_ros:/opt/ros/foxy LD_LIBRARY_PATH=/home/cav330/f1tenth_ws/install/vesc_driver/lib:/home/cav330/f1tenth_ws/install/vesc_ackermann/lib:/home/cav330/f1tenth_ws/install/vesc_msgs/lib:/home/cav330/f1tenth_ws/install/teleop_tools_msgs/lib:/opt/ros/foxy/opt/yaml_cpp_vendor/lib:/opt/ros/foxy/opt/rviz_ogre_vendor/lib:/opt/ros/foxy/lib/aarch64-linux-gnu:/opt/ros/foxy/lib:/usr/local/cuda-11.4/lib64 PYTHONPATH=/home/cav330/f1tenth_ws/install/vesc_msgs/lib/python3.8/site-packages:/home/cav330/f1tenth_ws/install/f1tenth_stack/lib/python3.8/site-packages:/home/cav330/f1tenth_ws/install/joy_teleop/lib/python3.8/site-packages:/home/cav330/f1tenth_ws/install/teleop_tools_msgs/lib/python3.8/site-packages:/home/cav330/f1tenth_ws/install/mouse_teleop/lib/python3.8/site-packages:/home/cav330/f1tenth_ws/install/key_teleop/lib/python3.8/site-packages:/home/cav330/f1tenth_ws/install/f1tenth_gym_ros/lib/python3.8/site-packages:/opt/ros/foxy/lib/python3.8/site-packages /usr/bin/cmake --install /home/cav330/f1tenth_ws/build/vesc
[11.658s] Level 1:colcon.colcon_core.environment:checking '/home/cav330/f1tenth_ws/install/vesc' for CMake config files
[11.659s] Level 1:colcon.colcon_core.shell:create_environment_hook('vesc', 'cmake_prefix_path')
[11.661s] INFO:colcon.colcon_core.shell:Creating environment hook '/home/cav330/f1tenth_ws/install/vesc/share/vesc/hook/cmake_prefix_path.ps1'
[11.665s] INFO:colcon.colcon_core.shell:Creating environment descriptor '/home/cav330/f1tenth_ws/install/vesc/share/vesc/hook/cmake_prefix_path.dsv'
[11.667s] INFO:colcon.colcon_core.shell:Creating environment hook '/home/cav330/f1tenth_ws/install/vesc/share/vesc/hook/cmake_prefix_path.sh'
[11.670s] Level 1:colcon.colcon_core.environment:checking '/home/cav330/f1tenth_ws/install/vesc/bin'
[11.670s] Level 1:colcon.colcon_core.environment:checking '/home/cav330/f1tenth_ws/install/vesc/lib/pkgconfig/vesc.pc'
[11.673s] Level 1:colcon.colcon_core.environment:checking '/home/cav330/f1tenth_ws/install/vesc/lib/python3.8/site-packages'
[11.674s] Level 1:colcon.colcon_core.environment:checking '/home/cav330/f1tenth_ws/install/vesc/bin'
[11.677s] INFO:colcon.colcon_core.shell:Creating package script '/home/cav330/f1tenth_ws/install/vesc/share/vesc/package.ps1'
[11.681s] INFO:colcon.colcon_core.shell:Creating package descriptor '/home/cav330/f1tenth_ws/install/vesc/share/vesc/package.dsv'
[11.689s] INFO:colcon.colcon_core.shell:Creating package script '/home/cav330/f1tenth_ws/install/vesc/share/vesc/package.sh'
[11.696s] INFO:colcon.colcon_core.shell:Creating package script '/home/cav330/f1tenth_ws/install/vesc/share/vesc/package.bash'
[11.700s] INFO:colcon.colcon_core.shell:Creating package script '/home/cav330/f1tenth_ws/install/vesc/share/vesc/package.zsh'
[11.702s] Level 1:colcon.colcon_core.environment:create_file_with_runtime_dependencies(/home/cav330/f1tenth_ws/install/vesc/share/colcon-core/packages/vesc)
[11.706s] Level 1:colcon.colcon_core.environment:create_environment_scripts_only(vesc)
[11.707s] Level 1:colcon.colcon_core.environment:checking '/home/cav330/f1tenth_ws/install/vesc' for CMake module files
[11.709s] Level 1:colcon.colcon_core.environment:checking '/home/cav330/f1tenth_ws/install/vesc' for CMake config files
[11.711s] Level 1:colcon.colcon_core.shell:create_environment_hook('vesc', 'cmake_prefix_path')
[11.712s] INFO:colcon.colcon_core.shell:Creating environment hook '/home/cav330/f1tenth_ws/install/vesc/share/vesc/hook/cmake_prefix_path.ps1'
[11.714s] INFO:colcon.colcon_core.shell:Creating environment descriptor '/home/cav330/f1tenth_ws/install/vesc/share/vesc/hook/cmake_prefix_path.dsv'
[11.715s] INFO:colcon.colcon_core.shell:Creating environment hook '/home/cav330/f1tenth_ws/install/vesc/share/vesc/hook/cmake_prefix_path.sh'
[11.718s] Level 1:colcon.colcon_core.environment:checking '/home/cav330/f1tenth_ws/install/vesc/bin'
[11.718s] Level 1:colcon.colcon_core.environment:checking '/home/cav330/f1tenth_ws/install/vesc/lib/pkgconfig/vesc.pc'
[11.719s] Level 1:colcon.colcon_core.environment:checking '/home/cav330/f1tenth_ws/install/vesc/lib/python3.8/site-packages'
[11.720s] Level 1:colcon.colcon_core.environment:checking '/home/cav330/f1tenth_ws/install/vesc/bin'
[11.721s] INFO:colcon.colcon_core.shell:Creating package script '/home/cav330/f1tenth_ws/install/vesc/share/vesc/package.ps1'
[11.724s] INFO:colcon.colcon_core.shell:Creating package descriptor '/home/cav330/f1tenth_ws/install/vesc/share/vesc/package.dsv'
[11.728s] INFO:colcon.colcon_core.shell:Creating package script '/home/cav330/f1tenth_ws/install/vesc/share/vesc/package.sh'
[11.730s] INFO:colcon.colcon_core.shell:Creating package script '/home/cav330/f1tenth_ws/install/vesc/share/vesc/package.bash'
[11.732s] INFO:colcon.colcon_core.shell:Creating package script '/home/cav330/f1tenth_ws/install/vesc/share/vesc/package.zsh'
[11.734s] Level 1:colcon.colcon_core.environment:create_file_with_runtime_dependencies(/home/cav330/f1tenth_ws/install/vesc/share/colcon-core/packages/vesc)
[11.739s] INFO:colcon.colcon_ros.task.ament_cmake.build:Building ROS package in '/home/cav330/f1tenth_ws/src/wall_follow' with build type 'ament_cmake'
[11.740s] INFO:colcon.colcon_cmake.task.cmake.build:Building CMake package in '/home/cav330/f1tenth_ws/src/wall_follow'
[11.741s] INFO:colcon.colcon_core.shell:Skip shell extension 'powershell' for command environment: Not usable outside of PowerShell
[11.742s] DEBUG:colcon.colcon_core.shell:Skip shell extension 'dsv' for command environment
[11.844s] DEBUG:colcon.colcon_core.event_handler.log_command:Invoking command in '/home/cav330/f1tenth_ws/build/wall_follow': CMAKE_PREFIX_PATH=${CMAKE_PREFIX_PATH}:/home/cav330/f1tenth_ws/install/f1tenth_stack:/home/cav330/f1tenth_ws/install/joy_teleop:/home/cav330/f1tenth_ws/install/mouse_teleop:/home/cav330/f1tenth_ws/install/key_teleop:/home/cav330/f1tenth_ws/install/f1tenth_gym_ros:/opt/ros/foxy /usr/bin/cmake --build /home/cav330/f1tenth_ws/build/wall_follow -- -j4 -l4
[11.887s] DEBUG:colcon.colcon_core.event_handler.log_command:Invoked command in '/home/cav330/f1tenth_ws/build/safety_node' returned '0': CMAKE_PREFIX_PATH=${CMAKE_PREFIX_PATH}:/home/cav330/f1tenth_ws/install/f1tenth_stack:/home/cav330/f1tenth_ws/install/joy_teleop:/home/cav330/f1tenth_ws/install/mouse_teleop:/home/cav330/f1tenth_ws/install/key_teleop:/home/cav330/f1tenth_ws/install/f1tenth_gym_ros:/opt/ros/foxy /usr/bin/cmake --build /home/cav330/f1tenth_ws/build/safety_node -- -j4 -l4
[11.896s] DEBUG:colcon.colcon_core.event_handler.log_command:Invoking command in '/home/cav330/f1tenth_ws/build/safety_node': CMAKE_PREFIX_PATH=${CMAKE_PREFIX_PATH}:/home/cav330/f1tenth_ws/install/f1tenth_stack:/home/cav330/f1tenth_ws/install/joy_teleop:/home/cav330/f1tenth_ws/install/mouse_teleop:/home/cav330/f1tenth_ws/install/key_teleop:/home/cav330/f1tenth_ws/install/f1tenth_gym_ros:/opt/ros/foxy /usr/bin/cmake --install /home/cav330/f1tenth_ws/build/safety_node
[12.027s] Level 1:colcon.colcon_core.environment:create_environment_scripts_only(safety_node)
[12.031s] Level 1:colcon.colcon_core.environment:checking '/home/cav330/f1tenth_ws/install/safety_node' for CMake module files
[12.034s] Level 1:colcon.colcon_core.environment:checking '/home/cav330/f1tenth_ws/install/safety_node' for CMake config files
[12.036s] Level 1:colcon.colcon_core.shell:create_environment_hook('safety_node', 'cmake_prefix_path')
[12.038s] INFO:colcon.colcon_core.shell:Creating environment hook '/home/cav330/f1tenth_ws/install/safety_node/share/safety_node/hook/cmake_prefix_path.ps1'
[12.039s] DEBUG:colcon.colcon_core.event_handler.log_command:Invoked command in '/home/cav330/f1tenth_ws/build/safety_node' returned '0': CMAKE_PREFIX_PATH=${CMAKE_PREFIX_PATH}:/home/cav330/f1tenth_ws/install/f1tenth_stack:/home/cav330/f1tenth_ws/install/joy_teleop:/home/cav330/f1tenth_ws/install/mouse_teleop:/home/cav330/f1tenth_ws/install/key_teleop:/home/cav330/f1tenth_ws/install/f1tenth_gym_ros:/opt/ros/foxy /usr/bin/cmake --install /home/cav330/f1tenth_ws/build/safety_node
[12.046s] INFO:colcon.colcon_core.shell:Creating environment descriptor '/home/cav330/f1tenth_ws/install/safety_node/share/safety_node/hook/cmake_prefix_path.dsv'
[12.048s] INFO:colcon.colcon_core.shell:Creating environment hook '/home/cav330/f1tenth_ws/install/safety_node/share/safety_node/hook/cmake_prefix_path.sh'
[12.054s] Level 1:colcon.colcon_core.environment:checking '/home/cav330/f1tenth_ws/install/safety_node/lib'
[12.055s] Level 1:colcon.colcon_core.environment:checking '/home/cav330/f1tenth_ws/install/safety_node/bin'
[12.055s] Level 1:colcon.colcon_core.environment:checking '/home/cav330/f1tenth_ws/install/safety_node/lib/pkgconfig/safety_node.pc'
[12.056s] Level 1:colcon.colcon_core.environment:checking '/home/cav330/f1tenth_ws/install/safety_node/lib/python3.8/site-packages'
[12.058s] Level 1:colcon.colcon_core.environment:checking '/home/cav330/f1tenth_ws/install/safety_node/bin'
[12.059s] INFO:colcon.colcon_core.shell:Creating package script '/home/cav330/f1tenth_ws/install/safety_node/share/safety_node/package.ps1'
[12.062s] INFO:colcon.colcon_core.shell:Creating package descriptor '/home/cav330/f1tenth_ws/install/safety_node/share/safety_node/package.dsv'
[12.064s] INFO:colcon.colcon_core.shell:Creating package script '/home/cav330/f1tenth_ws/install/safety_node/share/safety_node/package.sh'
[12.066s] INFO:colcon.colcon_core.shell:Creating package script '/home/cav330/f1tenth_ws/install/safety_node/share/safety_node/package.bash'
[12.068s] INFO:colcon.colcon_core.shell:Creating package script '/home/cav330/f1tenth_ws/install/safety_node/share/safety_node/package.zsh'
[12.071s] Level 1:colcon.colcon_core.environment:create_file_with_runtime_dependencies(/home/cav330/f1tenth_ws/install/safety_node/share/colcon-core/packages/safety_node)
[12.074s] Level 1:colcon.colcon_core.environment:create_environment_scripts_only(safety_node)
[12.075s] Level 1:colcon.colcon_core.environment:checking '/home/cav330/f1tenth_ws/install/safety_node' for CMake module files
[12.080s] Level 1:colcon.colcon_core.environment:checking '/home/cav330/f1tenth_ws/install/safety_node' for CMake config files
[12.085s] Level 1:colcon.colcon_core.shell:create_environment_hook('safety_node', 'cmake_prefix_path')
[12.086s] INFO:colcon.colcon_core.shell:Creating environment hook '/home/cav330/f1tenth_ws/install/safety_node/share/safety_node/hook/cmake_prefix_path.ps1'
[12.089s] INFO:colcon.colcon_core.shell:Creating environment descriptor '/home/cav330/f1tenth_ws/install/safety_node/share/safety_node/hook/cmake_prefix_path.dsv'
[12.091s] INFO:colcon.colcon_core.shell:Creating environment hook '/home/cav330/f1tenth_ws/install/safety_node/share/safety_node/hook/cmake_prefix_path.sh'
[12.093s] Level 1:colcon.colcon_core.environment:checking '/home/cav330/f1tenth_ws/install/safety_node/lib'
[12.094s] Level 1:colcon.colcon_core.environment:checking '/home/cav330/f1tenth_ws/install/safety_node/bin'
[12.094s] Level 1:colcon.colcon_core.environment:checking '/home/cav330/f1tenth_ws/install/safety_node/lib/pkgconfig/safety_node.pc'
[12.095s] Level 1:colcon.colcon_core.environment:checking '/home/cav330/f1tenth_ws/install/safety_node/lib/python3.8/site-packages'
[12.096s] Level 1:colcon.colcon_core.environment:checking '/home/cav330/f1tenth_ws/install/safety_node/bin'
[12.097s] INFO:colcon.colcon_core.shell:Creating package script '/home/cav330/f1tenth_ws/install/safety_node/share/safety_node/package.ps1'
[12.101s] INFO:colcon.colcon_core.shell:Creating package descriptor '/home/cav330/f1tenth_ws/install/safety_node/share/safety_node/package.dsv'
[12.104s] INFO:colcon.colcon_core.shell:Creating package script '/home/cav330/f1tenth_ws/install/safety_node/share/safety_node/package.sh'
[12.107s] INFO:colcon.colcon_core.shell:Creating package script '/home/cav330/f1tenth_ws/install/safety_node/share/safety_node/package.bash'
[12.110s] INFO:colcon.colcon_core.shell:Creating package script '/home/cav330/f1tenth_ws/install/safety_node/share/safety_node/package.zsh'
[12.114s] Level 1:colcon.colcon_core.environment:create_file_with_runtime_dependencies(/home/cav330/f1tenth_ws/install/safety_node/share/colcon-core/packages/safety_node)
[12.462s] DEBUG:colcon.colcon_core.event_handler.log_command:Invoked command in '/home/cav330/f1tenth_ws/build/wall_follow' returned '0': CMAKE_PREFIX_PATH=${CMAKE_PREFIX_PATH}:/home/cav330/f1tenth_ws/install/f1tenth_stack:/home/cav330/f1tenth_ws/install/joy_teleop:/home/cav330/f1tenth_ws/install/mouse_teleop:/home/cav330/f1tenth_ws/install/key_teleop:/home/cav330/f1tenth_ws/install/f1tenth_gym_ros:/opt/ros/foxy /usr/bin/cmake --build /home/cav330/f1tenth_ws/build/wall_follow -- -j4 -l4
[12.487s] DEBUG:colcon.colcon_core.event_handler.log_command:Invoking command in '/home/cav330/f1tenth_ws/build/wall_follow': CMAKE_PREFIX_PATH=${CMAKE_PREFIX_PATH}:/home/cav330/f1tenth_ws/install/f1tenth_stack:/home/cav330/f1tenth_ws/install/joy_teleop:/home/cav330/f1tenth_ws/install/mouse_teleop:/home/cav330/f1tenth_ws/install/key_teleop:/home/cav330/f1tenth_ws/install/f1tenth_gym_ros:/opt/ros/foxy /usr/bin/cmake --install /home/cav330/f1tenth_ws/build/wall_follow
[12.564s] Level 1:colcon.colcon_core.environment:create_environment_scripts_only(wall_follow)
[12.567s] Level 1:colcon.colcon_core.environment:checking '/home/cav330/f1tenth_ws/install/wall_follow' for CMake module files
[12.570s] DEBUG:colcon.colcon_core.event_handler.log_command:Invoked command in '/home/cav330/f1tenth_ws/build/wall_follow' returned '0': CMAKE_PREFIX_PATH=${CMAKE_PREFIX_PATH}:/home/cav330/f1tenth_ws/install/f1tenth_stack:/home/cav330/f1tenth_ws/install/joy_teleop:/home/cav330/f1tenth_ws/install/mouse_teleop:/home/cav330/f1tenth_ws/install/key_teleop:/home/cav330/f1tenth_ws/install/f1tenth_gym_ros:/opt/ros/foxy /usr/bin/cmake --install /home/cav330/f1tenth_ws/build/wall_follow
[12.572s] Level 1:colcon.colcon_core.environment:checking '/home/cav330/f1tenth_ws/install/wall_follow' for CMake config files
[12.575s] Level 1:colcon.colcon_core.shell:create_environment_hook('wall_follow', 'cmake_prefix_path')
[12.577s] INFO:colcon.colcon_core.shell:Creating environment hook '/home/cav330/f1tenth_ws/install/wall_follow/share/wall_follow/hook/cmake_prefix_path.ps1'
[12.584s] INFO:colcon.colcon_core.shell:Creating environment descriptor '/home/cav330/f1tenth_ws/install/wall_follow/share/wall_follow/hook/cmake_prefix_path.dsv'
[12.587s] INFO:colcon.colcon_core.shell:Creating environment hook '/home/cav330/f1tenth_ws/install/wall_follow/share/wall_follow/hook/cmake_prefix_path.sh'
[12.590s] Level 1:colcon.colcon_core.environment:checking '/home/cav330/f1tenth_ws/install/wall_follow/lib'
[12.591s] Level 1:colcon.colcon_core.environment:checking '/home/cav330/f1tenth_ws/install/wall_follow/bin'
[12.591s] Level 1:colcon.colcon_core.environment:checking '/home/cav330/f1tenth_ws/install/wall_follow/lib/pkgconfig/wall_follow.pc'
[12.593s] Level 1:colcon.colcon_core.environment:checking '/home/cav330/f1tenth_ws/install/wall_follow/lib/python3.8/site-packages'
[12.595s] Level 1:colcon.colcon_core.environment:checking '/home/cav330/f1tenth_ws/install/wall_follow/bin'
[12.597s] INFO:colcon.colcon_core.shell:Creating package script '/home/cav330/f1tenth_ws/install/wall_follow/share/wall_follow/package.ps1'
[12.603s] INFO:colcon.colcon_core.shell:Creating package descriptor '/home/cav330/f1tenth_ws/install/wall_follow/share/wall_follow/package.dsv'
[12.609s] INFO:colcon.colcon_core.shell:Creating package script '/home/cav330/f1tenth_ws/install/wall_follow/share/wall_follow/package.sh'
[12.611s] INFO:colcon.colcon_core.shell:Creating package script '/home/cav330/f1tenth_ws/install/wall_follow/share/wall_follow/package.bash'
[12.616s] INFO:colcon.colcon_core.shell:Creating package script '/home/cav330/f1tenth_ws/install/wall_follow/share/wall_follow/package.zsh'
[12.618s] Level 1:colcon.colcon_core.environment:create_file_with_runtime_dependencies(/home/cav330/f1tenth_ws/install/wall_follow/share/colcon-core/packages/wall_follow)
[12.621s] Level 1:colcon.colcon_core.environment:create_environment_scripts_only(wall_follow)
[12.622s] Level 1:colcon.colcon_core.environment:checking '/home/cav330/f1tenth_ws/install/wall_follow' for CMake module files
[12.625s] Level 1:colcon.colcon_core.environment:checking '/home/cav330/f1tenth_ws/install/wall_follow' for CMake config files
[12.626s] Level 1:colcon.colcon_core.shell:create_environment_hook('wall_follow', 'cmake_prefix_path')
[12.627s] INFO:colcon.colcon_core.shell:Creating environment hook '/home/cav330/f1tenth_ws/install/wall_follow/share/wall_follow/hook/cmake_prefix_path.ps1'
[12.629s] INFO:colcon.colcon_core.shell:Creating environment descriptor '/home/cav330/f1tenth_ws/install/wall_follow/share/wall_follow/hook/cmake_prefix_path.dsv'
[12.631s] INFO:colcon.colcon_core.shell:Creating environment hook '/home/cav330/f1tenth_ws/install/wall_follow/share/wall_follow/hook/cmake_prefix_path.sh'
[12.634s] Level 1:colcon.colcon_core.environment:checking '/home/cav330/f1tenth_ws/install/wall_follow/lib'
[12.634s] Level 1:colcon.colcon_core.environment:checking '/home/cav330/f1tenth_ws/install/wall_follow/bin'
[12.635s] Level 1:colcon.colcon_core.environment:checking '/home/cav330/f1tenth_ws/install/wall_follow/lib/pkgconfig/wall_follow.pc'
[12.635s] Level 1:colcon.colcon_core.environment:checking '/home/cav330/f1tenth_ws/install/wall_follow/lib/python3.8/site-packages'
[12.636s] Level 1:colcon.colcon_core.environment:checking '/home/cav330/f1tenth_ws/install/wall_follow/bin'
[12.638s] INFO:colcon.colcon_core.shell:Creating package script '/home/cav330/f1tenth_ws/install/wall_follow/share/wall_follow/package.ps1'
[12.641s] INFO:colcon.colcon_core.shell:Creating package descriptor '/home/cav330/f1tenth_ws/install/wall_follow/share/wall_follow/package.dsv'
[12.644s] INFO:colcon.colcon_core.shell:Creating package script '/home/cav330/f1tenth_ws/install/wall_follow/share/wall_follow/package.sh'
[12.646s] INFO:colcon.colcon_core.shell:Creating package script '/home/cav330/f1tenth_ws/install/wall_follow/share/wall_follow/package.bash'
[12.649s] INFO:colcon.colcon_core.shell:Creating package script '/home/cav330/f1tenth_ws/install/wall_follow/share/wall_follow/package.zsh'
[12.652s] Level 1:colcon.colcon_core.environment:create_file_with_runtime_dependencies(/home/cav330/f1tenth_ws/install/wall_follow/share/colcon-core/packages/wall_follow)
[12.806s] DEBUG:colcon.colcon_core.event_handler.log_command:Invoking command in '/home/cav330/f1tenth_ws/src/f1tenth_system/teleop_tools/mouse_teleop': PYTHONPATH=/home/cav330/f1tenth_ws/build/mouse_teleop/prefix_override:/usr/lib/python3/dist-packages/colcon_core/task/python/colcon_distutils_commands:/home/cav330/f1tenth_ws/install/mouse_teleop/lib/python3.8/site-packages:${PYTHONPATH} /usr/bin/python3 -W ignore:setup.py install is deprecated -W ignore:easy_install command is deprecated setup.py egg_info --egg-base ../../../../build/mouse_teleop build --build-base /home/cav330/f1tenth_ws/build/mouse_teleop/build install --record /home/cav330/f1tenth_ws/build/mouse_teleop/install.log --install-scripts $base/lib/mouse_teleop --single-version-externally-managed install_data
[13.191s] Level 1:colcon.colcon_core.environment:checking '/home/cav330/f1tenth_ws/install/joy_teleop' for CMake module files
[13.195s] DEBUG:colcon.colcon_core.event_handler.log_command:Invoked command in '/home/cav330/f1tenth_ws/src/f1tenth_system/teleop_tools/joy_teleop' returned '0': CMAKE_PREFIX_PATH=/home/cav330/f1tenth_ws/install/teleop_tools_msgs:/home/cav330/f1tenth_ws/install/wall_follow:/home/cav330/f1tenth_ws/install/vesc:/home/cav330/f1tenth_ws/install/vesc_driver:/home/cav330/f1tenth_ws/install/vesc_ackermann:/home/cav330/f1tenth_ws/install/vesc_msgs:/home/cav330/f1tenth_ws/install/teleop_tools:/home/cav330/f1tenth_ws/install/safety_node:/home/cav330/f1tenth_ws/install/ackermann_mux LD_LIBRARY_PATH=/home/cav330/f1tenth_ws/install/teleop_tools_msgs/lib:/home/cav330/f1tenth_ws/install/vesc_driver/lib:/home/cav330/f1tenth_ws/install/vesc_ackermann/lib:/home/cav330/f1tenth_ws/install/vesc_msgs/lib:/opt/ros/foxy/opt/yaml_cpp_vendor/lib:/opt/ros/foxy/opt/rviz_ogre_vendor/lib:/opt/ros/foxy/lib/aarch64-linux-gnu:/opt/ros/foxy/lib:/usr/local/cuda-11.4/lib64 PYTHONPATH=/home/cav330/f1tenth_ws/build/joy_teleop/prefix_override:/usr/lib/python3/dist-packages/colcon_core/task/python/colcon_distutils_commands:/home/cav330/f1tenth_ws/install/joy_teleop/lib/python3.8/site-packages:/home/cav330/f1tenth_ws/install/teleop_tools_msgs/lib/python3.8/site-packages:/home/cav330/f1tenth_ws/install/f1tenth_stack/lib/python3.8/site-packages:/home/cav330/f1tenth_ws/install/vesc_msgs/lib/python3.8/site-packages:/home/cav330/f1tenth_ws/install/joy_teleop/lib/python3.8/site-packages:/home/cav330/f1tenth_ws/install/mouse_teleop/lib/python3.8/site-packages:/home/cav330/f1tenth_ws/install/key_teleop/lib/python3.8/site-packages:/home/cav330/f1tenth_ws/install/f1tenth_gym_ros/lib/python3.8/site-packages:/opt/ros/foxy/lib/python3.8/site-packages /usr/bin/python3 -W ignore:setup.py install is deprecated -W ignore:easy_install command is deprecated setup.py egg_info --egg-base ../../../../build/joy_teleop build --build-base /home/cav330/f1tenth_ws/build/joy_teleop/build install --record /home/cav330/f1tenth_ws/build/joy_teleop/install.log --install-scripts $base/lib/joy_teleop --single-version-externally-managed install_data
[13.197s] Level 1:colcon.colcon_core.environment:checking '/home/cav330/f1tenth_ws/install/joy_teleop' for CMake config files
[13.206s] Level 1:colcon.colcon_core.environment:checking '/home/cav330/f1tenth_ws/install/joy_teleop/lib'
[13.209s] Level 1:colcon.colcon_core.environment:checking '/home/cav330/f1tenth_ws/install/joy_teleop/bin'
[13.209s] Level 1:colcon.colcon_core.environment:checking '/home/cav330/f1tenth_ws/install/joy_teleop/lib/pkgconfig/joy_teleop.pc'
[13.212s] Level 1:colcon.colcon_core.environment:checking '/home/cav330/f1tenth_ws/install/joy_teleop/lib/python3.8/site-packages'
[13.212s] Level 1:colcon.colcon_core.shell:create_environment_hook('joy_teleop', 'pythonpath')
[13.214s] INFO:colcon.colcon_core.shell:Creating environment hook '/home/cav330/f1tenth_ws/install/joy_teleop/share/joy_teleop/hook/pythonpath.ps1'
[13.218s] INFO:colcon.colcon_core.shell:Creating environment descriptor '/home/cav330/f1tenth_ws/install/joy_teleop/share/joy_teleop/hook/pythonpath.dsv'
[13.221s] INFO:colcon.colcon_core.shell:Creating environment hook '/home/cav330/f1tenth_ws/install/joy_teleop/share/joy_teleop/hook/pythonpath.sh'
[13.225s] Level 1:colcon.colcon_core.environment:checking '/home/cav330/f1tenth_ws/install/joy_teleop/bin'
[13.225s] Level 1:colcon.colcon_core.environment:create_environment_scripts_only(joy_teleop)
[13.227s] INFO:colcon.colcon_core.shell:Creating package script '/home/cav330/f1tenth_ws/install/joy_teleop/share/joy_teleop/package.ps1'
[13.230s] INFO:colcon.colcon_core.shell:Creating package descriptor '/home/cav330/f1tenth_ws/install/joy_teleop/share/joy_teleop/package.dsv'
[13.232s] INFO:colcon.colcon_core.shell:Creating package script '/home/cav330/f1tenth_ws/install/joy_teleop/share/joy_teleop/package.sh'
[13.234s] INFO:colcon.colcon_core.shell:Creating package script '/home/cav330/f1tenth_ws/install/joy_teleop/share/joy_teleop/package.bash'
[13.236s] INFO:colcon.colcon_core.shell:Creating package script '/home/cav330/f1tenth_ws/install/joy_teleop/share/joy_teleop/package.zsh'
[13.238s] Level 1:colcon.colcon_core.environment:create_file_with_runtime_dependencies(/home/cav330/f1tenth_ws/install/joy_teleop/share/colcon-core/packages/joy_teleop)
[13.241s] INFO:colcon.colcon_ros.task.ament_cmake.build:Building ROS package in '/home/cav330/f1tenth_ws/src/f1tenth_system/teleop_tools/teleop_tools' with build type 'ament_cmake'
[13.242s] INFO:colcon.colcon_cmake.task.cmake.build:Building CMake package in '/home/cav330/f1tenth_ws/src/f1tenth_system/teleop_tools/teleop_tools'
[13.243s] INFO:colcon.colcon_core.shell:Skip shell extension 'powershell' for command environment: Not usable outside of PowerShell
[13.244s] DEBUG:colcon.colcon_core.shell:Skip shell extension 'dsv' for command environment
[13.289s] INFO:colcon.colcon_ros.task.ament_python.build:Building ROS package in '/home/cav330/f1tenth_ws/src/f1tenth_system/f1tenth_stack' with build type 'ament_python'
[13.291s] Level 1:colcon.colcon_core.shell:create_environment_hook('f1tenth_stack', 'ament_prefix_path')
[13.296s] INFO:colcon.colcon_core.shell:Creating environment hook '/home/cav330/f1tenth_ws/install/f1tenth_stack/share/f1tenth_stack/hook/ament_prefix_path.ps1'
[13.309s] INFO:colcon.colcon_core.shell:Creating environment descriptor '/home/cav330/f1tenth_ws/install/f1tenth_stack/share/f1tenth_stack/hook/ament_prefix_path.dsv'
[13.311s] INFO:colcon.colcon_core.shell:Creating environment hook '/home/cav330/f1tenth_ws/install/f1tenth_stack/share/f1tenth_stack/hook/ament_prefix_path.sh'
[13.319s] INFO:colcon.colcon_core.shell:Skip shell extension 'powershell' for command environment: Not usable outside of PowerShell
[13.320s] DEBUG:colcon.colcon_core.shell:Skip shell extension 'dsv' for command environment
[13.451s] DEBUG:colcon.colcon_core.event_handler.log_command:Invoking command in '/home/cav330/f1tenth_ws/build/teleop_tools': AMENT_PREFIX_PATH=/home/cav330/f1tenth_ws/install/joy_teleop:/home/cav330/f1tenth_ws/install/key_teleop:/home/cav330/f1tenth_ws/install/wall_follow:/home/cav330/f1tenth_ws/install/f1tenth_stack:/home/cav330/f1tenth_ws/install/vesc:/home/cav330/f1tenth_ws/install/vesc_driver:/home/cav330/f1tenth_ws/install/vesc_ackermann:/home/cav330/f1tenth_ws/install/vesc_msgs:/home/cav330/f1tenth_ws/install/teleop_tools:/home/cav330/f1tenth_ws/install/teleop_tools_msgs:/home/cav330/f1tenth_ws/install/safety_node:/home/cav330/f1tenth_ws/install/mouse_teleop:/home/cav330/f1tenth_ws/install/f1tenth_gym_ros:/home/cav330/f1tenth_ws/install/ackermann_mux:/opt/ros/foxy CMAKE_PREFIX_PATH=/home/cav330/f1tenth_ws/install/teleop_tools_msgs:/home/cav330/f1tenth_ws/install/wall_follow:/home/cav330/f1tenth_ws/install/vesc:/home/cav330/f1tenth_ws/install/vesc_driver:/home/cav330/f1tenth_ws/install/vesc_ackermann:/home/cav330/f1tenth_ws/install/vesc_msgs:/home/cav330/f1tenth_ws/install/teleop_tools:/home/cav330/f1tenth_ws/install/safety_node:/home/cav330/f1tenth_ws/install/ackermann_mux:/home/cav330/f1tenth_ws/install/f1tenth_stack:/home/cav330/f1tenth_ws/install/joy_teleop:/home/cav330/f1tenth_ws/install/mouse_teleop:/home/cav330/f1tenth_ws/install/key_teleop:/home/cav330/f1tenth_ws/install/f1tenth_gym_ros:/opt/ros/foxy LD_LIBRARY_PATH=/home/cav330/f1tenth_ws/install/teleop_tools_msgs/lib:/home/cav330/f1tenth_ws/install/vesc_driver/lib:/home/cav330/f1tenth_ws/install/vesc_ackermann/lib:/home/cav330/f1tenth_ws/install/vesc_msgs/lib:/opt/ros/foxy/opt/yaml_cpp_vendor/lib:/opt/ros/foxy/opt/rviz_ogre_vendor/lib:/opt/ros/foxy/lib/aarch64-linux-gnu:/opt/ros/foxy/lib:/usr/local/cuda-11.4/lib64 PYTHONPATH=/home/cav330/f1tenth_ws/install/joy_teleop/lib/python3.8/site-packages:/home/cav330/f1tenth_ws/install/teleop_tools_msgs/lib/python3.8/site-packages:/home/cav330/f1tenth_ws/install/key_teleop/lib/python3.8/site-packages:/home/cav330/f1tenth_ws/install/f1tenth_stack/lib/python3.8/site-packages:/home/cav330/f1tenth_ws/install/vesc_msgs/lib/python3.8/site-packages:/home/cav330/f1tenth_ws/install/mouse_teleop/lib/python3.8/site-packages:/home/cav330/f1tenth_ws/install/f1tenth_gym_ros/lib/python3.8/site-packages:/opt/ros/foxy/lib/python3.8/site-packages /usr/bin/cmake --build /home/cav330/f1tenth_ws/build/teleop_tools -- -j4 -l4
[14.678s] INFO:colcon.colcon_core.task.python.build:Building Python package in '/home/cav330/f1tenth_ws/src/f1tenth_system/f1tenth_stack'
[14.682s] INFO:colcon.colcon_core.shell:Skip shell extension 'powershell' for command environment: Not usable outside of PowerShell
[14.682s] DEBUG:colcon.colcon_core.shell:Skip shell extension 'dsv' for command environment
[14.741s] Level 1:colcon.colcon_core.environment:checking '/home/cav330/f1tenth_ws/install/mouse_teleop' for CMake module files
[14.745s] DEBUG:colcon.colcon_core.event_handler.log_command:Invoked command in '/home/cav330/f1tenth_ws/src/f1tenth_system/teleop_tools/mouse_teleop' returned '0': PYTHONPATH=/home/cav330/f1tenth_ws/build/mouse_teleop/prefix_override:/usr/lib/python3/dist-packages/colcon_core/task/python/colcon_distutils_commands:/home/cav330/f1tenth_ws/install/mouse_teleop/lib/python3.8/site-packages:${PYTHONPATH} /usr/bin/python3 -W ignore:setup.py install is deprecated -W ignore:easy_install command is deprecated setup.py egg_info --egg-base ../../../../build/mouse_teleop build --build-base /home/cav330/f1tenth_ws/build/mouse_teleop/build install --record /home/cav330/f1tenth_ws/build/mouse_teleop/install.log --install-scripts $base/lib/mouse_teleop --single-version-externally-managed install_data
[14.747s] Level 1:colcon.colcon_core.environment:checking '/home/cav330/f1tenth_ws/install/mouse_teleop' for CMake config files
[14.751s] Level 1:colcon.colcon_core.environment:checking '/home/cav330/f1tenth_ws/install/mouse_teleop/lib'
[14.751s] Level 1:colcon.colcon_core.environment:checking '/home/cav330/f1tenth_ws/install/mouse_teleop/bin'
[14.752s] Level 1:colcon.colcon_core.environment:checking '/home/cav330/f1tenth_ws/install/mouse_teleop/lib/pkgconfig/mouse_teleop.pc'
[14.753s] Level 1:colcon.colcon_core.environment:checking '/home/cav330/f1tenth_ws/install/mouse_teleop/lib/python3.8/site-packages'
[14.753s] Level 1:colcon.colcon_core.shell:create_environment_hook('mouse_teleop', 'pythonpath')
[14.755s] INFO:colcon.colcon_core.shell:Creating environment hook '/home/cav330/f1tenth_ws/install/mouse_teleop/share/mouse_teleop/hook/pythonpath.ps1'
[14.758s] INFO:colcon.colcon_core.shell:Creating environment descriptor '/home/cav330/f1tenth_ws/install/mouse_teleop/share/mouse_teleop/hook/pythonpath.dsv'
[14.760s] INFO:colcon.colcon_core.shell:Creating environment hook '/home/cav330/f1tenth_ws/install/mouse_teleop/share/mouse_teleop/hook/pythonpath.sh'
[14.762s] Level 1:colcon.colcon_core.environment:checking '/home/cav330/f1tenth_ws/install/mouse_teleop/bin'
[14.763s] Level 1:colcon.colcon_core.environment:create_environment_scripts_only(mouse_teleop)
[14.764s] INFO:colcon.colcon_core.shell:Creating package script '/home/cav330/f1tenth_ws/install/mouse_teleop/share/mouse_teleop/package.ps1'
[14.767s] INFO:colcon.colcon_core.shell:Creating package descriptor '/home/cav330/f1tenth_ws/install/mouse_teleop/share/mouse_teleop/package.dsv'
[14.769s] INFO:colcon.colcon_core.shell:Creating package script '/home/cav330/f1tenth_ws/install/mouse_teleop/share/mouse_teleop/package.sh'
[14.773s] INFO:colcon.colcon_core.shell:Creating package script '/home/cav330/f1tenth_ws/install/mouse_teleop/share/mouse_teleop/package.bash'
[14.776s] INFO:colcon.colcon_core.shell:Creating package script '/home/cav330/f1tenth_ws/install/mouse_teleop/share/mouse_teleop/package.zsh'
[14.779s] Level 1:colcon.colcon_core.environment:create_file_with_runtime_dependencies(/home/cav330/f1tenth_ws/install/mouse_teleop/share/colcon-core/packages/mouse_teleop)
[14.786s] DEBUG:colcon.colcon_core.event_handler.log_command:Invoked command in '/home/cav330/f1tenth_ws/build/teleop_tools' returned '0': AMENT_PREFIX_PATH=/home/cav330/f1tenth_ws/install/joy_teleop:/home/cav330/f1tenth_ws/install/key_teleop:/home/cav330/f1tenth_ws/install/wall_follow:/home/cav330/f1tenth_ws/install/f1tenth_stack:/home/cav330/f1tenth_ws/install/vesc:/home/cav330/f1tenth_ws/install/vesc_driver:/home/cav330/f1tenth_ws/install/vesc_ackermann:/home/cav330/f1tenth_ws/install/vesc_msgs:/home/cav330/f1tenth_ws/install/teleop_tools:/home/cav330/f1tenth_ws/install/teleop_tools_msgs:/home/cav330/f1tenth_ws/install/safety_node:/home/cav330/f1tenth_ws/install/mouse_teleop:/home/cav330/f1tenth_ws/install/f1tenth_gym_ros:/home/cav330/f1tenth_ws/install/ackermann_mux:/opt/ros/foxy CMAKE_PREFIX_PATH=/home/cav330/f1tenth_ws/install/teleop_tools_msgs:/home/cav330/f1tenth_ws/install/wall_follow:/home/cav330/f1tenth_ws/install/vesc:/home/cav330/f1tenth_ws/install/vesc_driver:/home/cav330/f1tenth_ws/install/vesc_ackermann:/home/cav330/f1tenth_ws/install/vesc_msgs:/home/cav330/f1tenth_ws/install/teleop_tools:/home/cav330/f1tenth_ws/install/safety_node:/home/cav330/f1tenth_ws/install/ackermann_mux:/home/cav330/f1tenth_ws/install/f1tenth_stack:/home/cav330/f1tenth_ws/install/joy_teleop:/home/cav330/f1tenth_ws/install/mouse_teleop:/home/cav330/f1tenth_ws/install/key_teleop:/home/cav330/f1tenth_ws/install/f1tenth_gym_ros:/opt/ros/foxy LD_LIBRARY_PATH=/home/cav330/f1tenth_ws/install/teleop_tools_msgs/lib:/home/cav330/f1tenth_ws/install/vesc_driver/lib:/home/cav330/f1tenth_ws/install/vesc_ackermann/lib:/home/cav330/f1tenth_ws/install/vesc_msgs/lib:/opt/ros/foxy/opt/yaml_cpp_vendor/lib:/opt/ros/foxy/opt/rviz_ogre_vendor/lib:/opt/ros/foxy/lib/aarch64-linux-gnu:/opt/ros/foxy/lib:/usr/local/cuda-11.4/lib64 PYTHONPATH=/home/cav330/f1tenth_ws/install/joy_teleop/lib/python3.8/site-packages:/home/cav330/f1tenth_ws/install/teleop_tools_msgs/lib/python3.8/site-packages:/home/cav330/f1tenth_ws/install/key_teleop/lib/python3.8/site-packages:/home/cav330/f1tenth_ws/install/f1tenth_stack/lib/python3.8/site-packages:/home/cav330/f1tenth_ws/install/vesc_msgs/lib/python3.8/site-packages:/home/cav330/f1tenth_ws/install/mouse_teleop/lib/python3.8/site-packages:/home/cav330/f1tenth_ws/install/f1tenth_gym_ros/lib/python3.8/site-packages:/opt/ros/foxy/lib/python3.8/site-packages /usr/bin/cmake --build /home/cav330/f1tenth_ws/build/teleop_tools -- -j4 -l4
[14.797s] DEBUG:colcon.colcon_core.event_handler.log_command:Invoking command in '/home/cav330/f1tenth_ws/build/teleop_tools': AMENT_PREFIX_PATH=/home/cav330/f1tenth_ws/install/joy_teleop:/home/cav330/f1tenth_ws/install/key_teleop:/home/cav330/f1tenth_ws/install/wall_follow:/home/cav330/f1tenth_ws/install/f1tenth_stack:/home/cav330/f1tenth_ws/install/vesc:/home/cav330/f1tenth_ws/install/vesc_driver:/home/cav330/f1tenth_ws/install/vesc_ackermann:/home/cav330/f1tenth_ws/install/vesc_msgs:/home/cav330/f1tenth_ws/install/teleop_tools:/home/cav330/f1tenth_ws/install/teleop_tools_msgs:/home/cav330/f1tenth_ws/install/safety_node:/home/cav330/f1tenth_ws/install/mouse_teleop:/home/cav330/f1tenth_ws/install/f1tenth_gym_ros:/home/cav330/f1tenth_ws/install/ackermann_mux:/opt/ros/foxy CMAKE_PREFIX_PATH=/home/cav330/f1tenth_ws/install/teleop_tools_msgs:/home/cav330/f1tenth_ws/install/wall_follow:/home/cav330/f1tenth_ws/install/vesc:/home/cav330/f1tenth_ws/install/vesc_driver:/home/cav330/f1tenth_ws/install/vesc_ackermann:/home/cav330/f1tenth_ws/install/vesc_msgs:/home/cav330/f1tenth_ws/install/teleop_tools:/home/cav330/f1tenth_ws/install/safety_node:/home/cav330/f1tenth_ws/install/ackermann_mux:/home/cav330/f1tenth_ws/install/f1tenth_stack:/home/cav330/f1tenth_ws/install/joy_teleop:/home/cav330/f1tenth_ws/install/mouse_teleop:/home/cav330/f1tenth_ws/install/key_teleop:/home/cav330/f1tenth_ws/install/f1tenth_gym_ros:/opt/ros/foxy LD_LIBRARY_PATH=/home/cav330/f1tenth_ws/install/teleop_tools_msgs/lib:/home/cav330/f1tenth_ws/install/vesc_driver/lib:/home/cav330/f1tenth_ws/install/vesc_ackermann/lib:/home/cav330/f1tenth_ws/install/vesc_msgs/lib:/opt/ros/foxy/opt/yaml_cpp_vendor/lib:/opt/ros/foxy/opt/rviz_ogre_vendor/lib:/opt/ros/foxy/lib/aarch64-linux-gnu:/opt/ros/foxy/lib:/usr/local/cuda-11.4/lib64 PYTHONPATH=/home/cav330/f1tenth_ws/install/joy_teleop/lib/python3.8/site-packages:/home/cav330/f1tenth_ws/install/teleop_tools_msgs/lib/python3.8/site-packages:/home/cav330/f1tenth_ws/install/key_teleop/lib/python3.8/site-packages:/home/cav330/f1tenth_ws/install/f1tenth_stack/lib/python3.8/site-packages:/home/cav330/f1tenth_ws/install/vesc_msgs/lib/python3.8/site-packages:/home/cav330/f1tenth_ws/install/mouse_teleop/lib/python3.8/site-packages:/home/cav330/f1tenth_ws/install/f1tenth_gym_ros/lib/python3.8/site-packages:/opt/ros/foxy/lib/python3.8/site-packages /usr/bin/cmake --install /home/cav330/f1tenth_ws/build/teleop_tools
[14.878s] Level 1:colcon.colcon_core.environment:create_environment_scripts_only(teleop_tools)
[14.884s] Level 1:colcon.colcon_core.environment:checking '/home/cav330/f1tenth_ws/install/teleop_tools' for CMake module files
[14.891s] Level 1:colcon.colcon_core.environment:checking '/home/cav330/f1tenth_ws/install/teleop_tools' for CMake config files
[14.895s] Level 1:colcon.colcon_core.shell:create_environment_hook('teleop_tools', 'cmake_prefix_path')
[14.897s] INFO:colcon.colcon_core.shell:Creating environment hook '/home/cav330/f1tenth_ws/install/teleop_tools/share/teleop_tools/hook/cmake_prefix_path.ps1'
[14.900s] DEBUG:colcon.colcon_core.event_handler.log_command:Invoked command in '/home/cav330/f1tenth_ws/build/teleop_tools' returned '0': AMENT_PREFIX_PATH=/home/cav330/f1tenth_ws/install/joy_teleop:/home/cav330/f1tenth_ws/install/key_teleop:/home/cav330/f1tenth_ws/install/wall_follow:/home/cav330/f1tenth_ws/install/f1tenth_stack:/home/cav330/f1tenth_ws/install/vesc:/home/cav330/f1tenth_ws/install/vesc_driver:/home/cav330/f1tenth_ws/install/vesc_ackermann:/home/cav330/f1tenth_ws/install/vesc_msgs:/home/cav330/f1tenth_ws/install/teleop_tools:/home/cav330/f1tenth_ws/install/teleop_tools_msgs:/home/cav330/f1tenth_ws/install/safety_node:/home/cav330/f1tenth_ws/install/mouse_teleop:/home/cav330/f1tenth_ws/install/f1tenth_gym_ros:/home/cav330/f1tenth_ws/install/ackermann_mux:/opt/ros/foxy CMAKE_PREFIX_PATH=/home/cav330/f1tenth_ws/install/teleop_tools_msgs:/home/cav330/f1tenth_ws/install/wall_follow:/home/cav330/f1tenth_ws/install/vesc:/home/cav330/f1tenth_ws/install/vesc_driver:/home/cav330/f1tenth_ws/install/vesc_ackermann:/home/cav330/f1tenth_ws/install/vesc_msgs:/home/cav330/f1tenth_ws/install/teleop_tools:/home/cav330/f1tenth_ws/install/safety_node:/home/cav330/f1tenth_ws/install/ackermann_mux:/home/cav330/f1tenth_ws/install/f1tenth_stack:/home/cav330/f1tenth_ws/install/joy_teleop:/home/cav330/f1tenth_ws/install/mouse_teleop:/home/cav330/f1tenth_ws/install/key_teleop:/home/cav330/f1tenth_ws/install/f1tenth_gym_ros:/opt/ros/foxy LD_LIBRARY_PATH=/home/cav330/f1tenth_ws/install/teleop_tools_msgs/lib:/home/cav330/f1tenth_ws/install/vesc_driver/lib:/home/cav330/f1tenth_ws/install/vesc_ackermann/lib:/home/cav330/f1tenth_ws/install/vesc_msgs/lib:/opt/ros/foxy/opt/yaml_cpp_vendor/lib:/opt/ros/foxy/opt/rviz_ogre_vendor/lib:/opt/ros/foxy/lib/aarch64-linux-gnu:/opt/ros/foxy/lib:/usr/local/cuda-11.4/lib64 PYTHONPATH=/home/cav330/f1tenth_ws/install/joy_teleop/lib/python3.8/site-packages:/home/cav330/f1tenth_ws/install/teleop_tools_msgs/lib/python3.8/site-packages:/home/cav330/f1tenth_ws/install/key_teleop/lib/python3.8/site-packages:/home/cav330/f1tenth_ws/install/f1tenth_stack/lib/python3.8/site-packages:/home/cav330/f1tenth_ws/install/vesc_msgs/lib/python3.8/site-packages:/home/cav330/f1tenth_ws/install/mouse_teleop/lib/python3.8/site-packages:/home/cav330/f1tenth_ws/install/f1tenth_gym_ros/lib/python3.8/site-packages:/opt/ros/foxy/lib/python3.8/site-packages /usr/bin/cmake --install /home/cav330/f1tenth_ws/build/teleop_tools
[14.902s] INFO:colcon.colcon_core.shell:Creating environment descriptor '/home/cav330/f1tenth_ws/install/teleop_tools/share/teleop_tools/hook/cmake_prefix_path.dsv'
[14.904s] INFO:colcon.colcon_core.shell:Creating environment hook '/home/cav330/f1tenth_ws/install/teleop_tools/share/teleop_tools/hook/cmake_prefix_path.sh'
[14.908s] Level 1:colcon.colcon_core.environment:checking '/home/cav330/f1tenth_ws/install/teleop_tools/bin'
[14.911s] Level 1:colcon.colcon_core.environment:checking '/home/cav330/f1tenth_ws/install/teleop_tools/lib/pkgconfig/teleop_tools.pc'
[14.912s] Level 1:colcon.colcon_core.environment:checking '/home/cav330/f1tenth_ws/install/teleop_tools/lib/python3.8/site-packages'
[14.914s] Level 1:colcon.colcon_core.environment:checking '/home/cav330/f1tenth_ws/install/teleop_tools/bin'
[14.915s] INFO:colcon.colcon_core.shell:Creating package script '/home/cav330/f1tenth_ws/install/teleop_tools/share/teleop_tools/package.ps1'
[14.919s] INFO:colcon.colcon_core.shell:Creating package descriptor '/home/cav330/f1tenth_ws/install/teleop_tools/share/teleop_tools/package.dsv'
[14.921s] INFO:colcon.colcon_core.shell:Creating package script '/home/cav330/f1tenth_ws/install/teleop_tools/share/teleop_tools/package.sh'
[14.923s] INFO:colcon.colcon_core.shell:Creating package script '/home/cav330/f1tenth_ws/install/teleop_tools/share/teleop_tools/package.bash'
[14.926s] INFO:colcon.colcon_core.shell:Creating package script '/home/cav330/f1tenth_ws/install/teleop_tools/share/teleop_tools/package.zsh'
[14.927s] Level 1:colcon.colcon_core.environment:create_file_with_runtime_dependencies(/home/cav330/f1tenth_ws/install/teleop_tools/share/colcon-core/packages/teleop_tools)
[14.931s] Level 1:colcon.colcon_core.environment:create_environment_scripts_only(teleop_tools)
[14.932s] Level 1:colcon.colcon_core.environment:checking '/home/cav330/f1tenth_ws/install/teleop_tools' for CMake module files
[14.935s] Level 1:colcon.colcon_core.environment:checking '/home/cav330/f1tenth_ws/install/teleop_tools' for CMake config files
[14.937s] Level 1:colcon.colcon_core.shell:create_environment_hook('teleop_tools', 'cmake_prefix_path')
[14.939s] INFO:colcon.colcon_core.shell:Creating environment hook '/home/cav330/f1tenth_ws/install/teleop_tools/share/teleop_tools/hook/cmake_prefix_path.ps1'
[14.941s] INFO:colcon.colcon_core.shell:Creating environment descriptor '/home/cav330/f1tenth_ws/install/teleop_tools/share/teleop_tools/hook/cmake_prefix_path.dsv'
[14.943s] INFO:colcon.colcon_core.shell:Creating environment hook '/home/cav330/f1tenth_ws/install/teleop_tools/share/teleop_tools/hook/cmake_prefix_path.sh'
[14.947s] Level 1:colcon.colcon_core.environment:checking '/home/cav330/f1tenth_ws/install/teleop_tools/bin'
[14.947s] Level 1:colcon.colcon_core.environment:checking '/home/cav330/f1tenth_ws/install/teleop_tools/lib/pkgconfig/teleop_tools.pc'
[14.948s] Level 1:colcon.colcon_core.environment:checking '/home/cav330/f1tenth_ws/install/teleop_tools/lib/python3.8/site-packages'
[14.949s] Level 1:colcon.colcon_core.environment:checking '/home/cav330/f1tenth_ws/install/teleop_tools/bin'
[14.950s] INFO:colcon.colcon_core.shell:Creating package script '/home/cav330/f1tenth_ws/install/teleop_tools/share/teleop_tools/package.ps1'
[14.953s] INFO:colcon.colcon_core.shell:Creating package descriptor '/home/cav330/f1tenth_ws/install/teleop_tools/share/teleop_tools/package.dsv'
[14.956s] INFO:colcon.colcon_core.shell:Creating package script '/home/cav330/f1tenth_ws/install/teleop_tools/share/teleop_tools/package.sh'
[14.958s] INFO:colcon.colcon_core.shell:Creating package script '/home/cav330/f1tenth_ws/install/teleop_tools/share/teleop_tools/package.bash'
[14.961s] INFO:colcon.colcon_core.shell:Creating package script '/home/cav330/f1tenth_ws/install/teleop_tools/share/teleop_tools/package.zsh'
[14.965s] Level 1:colcon.colcon_core.environment:create_file_with_runtime_dependencies(/home/cav330/f1tenth_ws/install/teleop_tools/share/colcon-core/packages/teleop_tools)
[16.577s] DEBUG:colcon.colcon_core.event_handler.log_command:Invoking command in '/home/cav330/f1tenth_ws/src/f1tenth_system/f1tenth_stack': AMENT_PREFIX_PATH=/home/cav330/f1tenth_ws/install/joy_teleop:/home/cav330/f1tenth_ws/install/wall_follow:/home/cav330/f1tenth_ws/install/f1tenth_stack:/home/cav330/f1tenth_ws/install/vesc:/home/cav330/f1tenth_ws/install/vesc_driver:/home/cav330/f1tenth_ws/install/vesc_ackermann:/home/cav330/f1tenth_ws/install/vesc_msgs:/home/cav330/f1tenth_ws/install/teleop_tools:/home/cav330/f1tenth_ws/install/teleop_tools_msgs:/home/cav330/f1tenth_ws/install/safety_node:/home/cav330/f1tenth_ws/install/mouse_teleop:/home/cav330/f1tenth_ws/install/key_teleop:/home/cav330/f1tenth_ws/install/f1tenth_gym_ros:/home/cav330/f1tenth_ws/install/ackermann_mux:/opt/ros/foxy CMAKE_PREFIX_PATH=/home/cav330/f1tenth_ws/install/vesc:/home/cav330/f1tenth_ws/install/vesc_driver:/home/cav330/f1tenth_ws/install/vesc_ackermann:/home/cav330/f1tenth_ws/install/vesc_msgs:/home/cav330/f1tenth_ws/install/teleop_tools_msgs:/home/cav330/f1tenth_ws/install/ackermann_mux:/home/cav330/f1tenth_ws/install/wall_follow:/home/cav330/f1tenth_ws/install/teleop_tools:/home/cav330/f1tenth_ws/install/safety_node LD_LIBRARY_PATH=/home/cav330/f1tenth_ws/install/vesc_driver/lib:/home/cav330/f1tenth_ws/install/vesc_ackermann/lib:/home/cav330/f1tenth_ws/install/vesc_msgs/lib:/home/cav330/f1tenth_ws/install/teleop_tools_msgs/lib:/opt/ros/foxy/opt/yaml_cpp_vendor/lib:/opt/ros/foxy/opt/rviz_ogre_vendor/lib:/opt/ros/foxy/lib/aarch64-linux-gnu:/opt/ros/foxy/lib:/usr/local/cuda-11.4/lib64 PYTHONPATH=/home/cav330/f1tenth_ws/build/f1tenth_stack/prefix_override:/usr/lib/python3/dist-packages/colcon_core/task/python/colcon_distutils_commands:/home/cav330/f1tenth_ws/install/f1tenth_stack/lib/python3.8/site-packages:/home/cav330/f1tenth_ws/install/joy_teleop/lib/python3.8/site-packages:/home/cav330/f1tenth_ws/install/vesc_msgs/lib/python3.8/site-packages:/home/cav330/f1tenth_ws/install/teleop_tools_msgs/lib/python3.8/site-packages:/home/cav330/f1tenth_ws/install/f1tenth_stack/lib/python3.8/site-packages:/home/cav330/f1tenth_ws/install/mouse_teleop/lib/python3.8/site-packages:/home/cav330/f1tenth_ws/install/key_teleop/lib/python3.8/site-packages:/home/cav330/f1tenth_ws/install/f1tenth_gym_ros/lib/python3.8/site-packages:/opt/ros/foxy/lib/python3.8/site-packages /usr/bin/python3 -W ignore:setup.py install is deprecated -W ignore:easy_install command is deprecated setup.py egg_info --egg-base ../../../build/f1tenth_stack build --build-base /home/cav330/f1tenth_ws/build/f1tenth_stack/build install --record /home/cav330/f1tenth_ws/build/f1tenth_stack/install.log --install-scripts $base/lib/f1tenth_stack --single-version-externally-managed install_data
[18.046s] Level 1:colcon.colcon_core.environment:checking '/home/cav330/f1tenth_ws/install/f1tenth_stack' for CMake module files
[18.052s] DEBUG:colcon.colcon_core.event_handler.log_command:Invoked command in '/home/cav330/f1tenth_ws/src/f1tenth_system/f1tenth_stack' returned '0': AMENT_PREFIX_PATH=/home/cav330/f1tenth_ws/install/joy_teleop:/home/cav330/f1tenth_ws/install/wall_follow:/home/cav330/f1tenth_ws/install/f1tenth_stack:/home/cav330/f1tenth_ws/install/vesc:/home/cav330/f1tenth_ws/install/vesc_driver:/home/cav330/f1tenth_ws/install/vesc_ackermann:/home/cav330/f1tenth_ws/install/vesc_msgs:/home/cav330/f1tenth_ws/install/teleop_tools:/home/cav330/f1tenth_ws/install/teleop_tools_msgs:/home/cav330/f1tenth_ws/install/safety_node:/home/cav330/f1tenth_ws/install/mouse_teleop:/home/cav330/f1tenth_ws/install/key_teleop:/home/cav330/f1tenth_ws/install/f1tenth_gym_ros:/home/cav330/f1tenth_ws/install/ackermann_mux:/opt/ros/foxy CMAKE_PREFIX_PATH=/home/cav330/f1tenth_ws/install/vesc:/home/cav330/f1tenth_ws/install/vesc_driver:/home/cav330/f1tenth_ws/install/vesc_ackermann:/home/cav330/f1tenth_ws/install/vesc_msgs:/home/cav330/f1tenth_ws/install/teleop_tools_msgs:/home/cav330/f1tenth_ws/install/ackermann_mux:/home/cav330/f1tenth_ws/install/wall_follow:/home/cav330/f1tenth_ws/install/teleop_tools:/home/cav330/f1tenth_ws/install/safety_node LD_LIBRARY_PATH=/home/cav330/f1tenth_ws/install/vesc_driver/lib:/home/cav330/f1tenth_ws/install/vesc_ackermann/lib:/home/cav330/f1tenth_ws/install/vesc_msgs/lib:/home/cav330/f1tenth_ws/install/teleop_tools_msgs/lib:/opt/ros/foxy/opt/yaml_cpp_vendor/lib:/opt/ros/foxy/opt/rviz_ogre_vendor/lib:/opt/ros/foxy/lib/aarch64-linux-gnu:/opt/ros/foxy/lib:/usr/local/cuda-11.4/lib64 PYTHONPATH=/home/cav330/f1tenth_ws/build/f1tenth_stack/prefix_override:/usr/lib/python3/dist-packages/colcon_core/task/python/colcon_distutils_commands:/home/cav330/f1tenth_ws/install/f1tenth_stack/lib/python3.8/site-packages:/home/cav330/f1tenth_ws/install/joy_teleop/lib/python3.8/site-packages:/home/cav330/f1tenth_ws/install/vesc_msgs/lib/python3.8/site-packages:/home/cav330/f1tenth_ws/install/teleop_tools_msgs/lib/python3.8/site-packages:/home/cav330/f1tenth_ws/install/f1tenth_stack/lib/python3.8/site-packages:/home/cav330/f1tenth_ws/install/mouse_teleop/lib/python3.8/site-packages:/home/cav330/f1tenth_ws/install/key_teleop/lib/python3.8/site-packages:/home/cav330/f1tenth_ws/install/f1tenth_gym_ros/lib/python3.8/site-packages:/opt/ros/foxy/lib/python3.8/site-packages /usr/bin/python3 -W ignore:setup.py install is deprecated -W ignore:easy_install command is deprecated setup.py egg_info --egg-base ../../../build/f1tenth_stack build --build-base /home/cav330/f1tenth_ws/build/f1tenth_stack/build install --record /home/cav330/f1tenth_ws/build/f1tenth_stack/install.log --install-scripts $base/lib/f1tenth_stack --single-version-externally-managed install_data
[18.056s] Level 1:colcon.colcon_core.environment:checking '/home/cav330/f1tenth_ws/install/f1tenth_stack' for CMake config files
[18.065s] Level 1:colcon.colcon_core.environment:checking '/home/cav330/f1tenth_ws/install/f1tenth_stack/lib'
[18.066s] Level 1:colcon.colcon_core.environment:checking '/home/cav330/f1tenth_ws/install/f1tenth_stack/bin'
[18.066s] Level 1:colcon.colcon_core.environment:checking '/home/cav330/f1tenth_ws/install/f1tenth_stack/lib/pkgconfig/f1tenth_stack.pc'
[18.068s] Level 1:colcon.colcon_core.environment:checking '/home/cav330/f1tenth_ws/install/f1tenth_stack/lib/python3.8/site-packages'
[18.068s] Level 1:colcon.colcon_core.shell:create_environment_hook('f1tenth_stack', 'pythonpath')
[18.070s] INFO:colcon.colcon_core.shell:Creating environment hook '/home/cav330/f1tenth_ws/install/f1tenth_stack/share/f1tenth_stack/hook/pythonpath.ps1'
[18.072s] INFO:colcon.colcon_core.shell:Creating environment descriptor '/home/cav330/f1tenth_ws/install/f1tenth_stack/share/f1tenth_stack/hook/pythonpath.dsv'
[18.074s] INFO:colcon.colcon_core.shell:Creating environment hook '/home/cav330/f1tenth_ws/install/f1tenth_stack/share/f1tenth_stack/hook/pythonpath.sh'
[18.077s] Level 1:colcon.colcon_core.environment:checking '/home/cav330/f1tenth_ws/install/f1tenth_stack/bin'
[18.077s] Level 1:colcon.colcon_core.environment:create_environment_scripts_only(f1tenth_stack)
[18.079s] INFO:colcon.colcon_core.shell:Creating package script '/home/cav330/f1tenth_ws/install/f1tenth_stack/share/f1tenth_stack/package.ps1'
[18.082s] INFO:colcon.colcon_core.shell:Creating package descriptor '/home/cav330/f1tenth_ws/install/f1tenth_stack/share/f1tenth_stack/package.dsv'
[18.084s] INFO:colcon.colcon_core.shell:Creating package script '/home/cav330/f1tenth_ws/install/f1tenth_stack/share/f1tenth_stack/package.sh'
[18.086s] INFO:colcon.colcon_core.shell:Creating package script '/home/cav330/f1tenth_ws/install/f1tenth_stack/share/f1tenth_stack/package.bash'
[18.088s] INFO:colcon.colcon_core.shell:Creating package script '/home/cav330/f1tenth_ws/install/f1tenth_stack/share/f1tenth_stack/package.zsh'
[18.089s] Level 1:colcon.colcon_core.environment:create_file_with_runtime_dependencies(/home/cav330/f1tenth_ws/install/f1tenth_stack/share/colcon-core/packages/f1tenth_stack)
[18.091s] DEBUG:colcon.colcon_parallel_executor.executor.parallel:closing loop
[18.092s] DEBUG:colcon.colcon_parallel_executor.executor.parallel:loop closed
[18.093s] DEBUG:colcon.colcon_parallel_executor.executor.parallel:run_until_complete finished with '0'
[18.093s] DEBUG:colcon.colcon_core.event_reactor:joining thread
[18.148s] INFO:colcon.colcon_core.plugin_system:Skipping extension 'colcon_notification.desktop_notification.terminal_notifier': Not used on non-Darwin systems
[18.149s] INFO:colcon.colcon_core.plugin_system:Skipping extension 'colcon_notification.desktop_notification.win32': Not used on non-Windows systems
[18.149s] INFO:colcon.colcon_notification.desktop_notification:Sending desktop notification using 'notify2'
[18.257s] DEBUG:colcon.colcon_core.event_reactor:joined thread
[18.258s] INFO:colcon.colcon_core.shell:Creating prefix script '/home/cav330/f1tenth_ws/install/local_setup.ps1'
[18.264s] INFO:colcon.colcon_core.shell:Creating prefix util module '/home/cav330/f1tenth_ws/install/_local_setup_util_ps1.py'
[18.269s] INFO:colcon.colcon_core.shell:Creating prefix chain script '/home/cav330/f1tenth_ws/install/setup.ps1'
[18.277s] INFO:colcon.colcon_core.shell:Creating prefix script '/home/cav330/f1tenth_ws/install/local_setup.sh'
[18.283s] INFO:colcon.colcon_core.shell:Creating prefix util module '/home/cav330/f1tenth_ws/install/_local_setup_util_sh.py'
[18.293s] INFO:colcon.colcon_core.shell:Creating prefix chain script '/home/cav330/f1tenth_ws/install/setup.sh'
[18.302s] INFO:colcon.colcon_core.shell:Creating prefix script '/home/cav330/f1tenth_ws/install/local_setup.bash'
[18.305s] INFO:colcon.colcon_core.shell:Creating prefix chain script '/home/cav330/f1tenth_ws/install/setup.bash'
[18.321s] INFO:colcon.colcon_core.shell:Creating prefix script '/home/cav330/f1tenth_ws/install/local_setup.zsh'
[18.325s] INFO:colcon.colcon_core.shell:Creating prefix chain script '/home/cav330/f1tenth_ws/install/setup.zsh'
